breakdown_type,group_value,source_scope,indicator,window_days,outcome_horizon,direction,cost_bps,n_events,raw_hit_rate,excess_hit_rate,excess_hit_ci_low,excess_hit_ci_high,avg_directional_return_pct,median_directional_return_pct,avg_win_pct,avg_loss_pct,payoff_ratio,profit_factor,avg_directional_excess_pct,median_directional_excess_pct,excess_profit_factor
direction,bear,all,author_net,1,1D,bear,0,16,0.5,0.5,0.27999563610326017,0.7200043638967398,0.0027767962873297067,-0.0002426431776720861,0.023306477355437352,-0.01775288478077794,1.3128276132717656,1.3128276132717656,0.004640747872553336,-6.96996331139843e-05,1.7328286102785284
direction,bear,all,author_net,1,20D,bear,0,14,0.42857142857142855,0.5714285714285714,0.3259064457965074,0.7861920109552588,-0.0061770316042495865,-0.017104271859456288,0.15683877304988392,-0.12843888509484971,1.221115964484287,0.9158369733632152,0.008741854672864932,0.015644115661362146,1.1565555136086039
direction,bear,all,author_net,1,5D,bear,0,15,0.4666666666666667,0.4666666666666667,0.24809535365737387,0.698830199745016,-0.007738428616925471,-0.007281995266703145,0.03834001756616266,-0.048057069027127586,0.7978018289987728,0.6980766003739262,-0.0010661644566273129,-0.0019309377287528573,0.9401693053354725
direction,bear,all,author_net,1,60D,bear,0,10,0.6,0.7,0.39677814746114537,0.8922087325936989,0.007754453170856546,0.05815400983880048,0.12890174658316592,-0.17396648694760752,0.7409573466985426,1.111436020047814,0.0310103409851194,0.06292645450989648,1.7316396178148257
direction,bear,all,author_net,1,90D,bear,0,8,1.0,1.0,0.6755924351161198,1.0,0.09826285759830211,0.07043500258519175,0.09826285759830211,,,,0.12767689849739325,0.09342940056872479,
direction,bear,all,author_net,3,1D,bear,0,34,0.4411764705882353,0.35294117647058826,0.21487920594879492,0.5208603688021826,-0.007424267400262974,-0.009022581341509794,0.022183274747119484,-0.03079864277977544,0.720267932120911,0.568632577990193,-0.007767139169500409,-0.0060900097004849,0.4988796134137067
direction,bear,all,author_net,3,20D,bear,0,28,0.25,0.35714285714285715,0.2070582950773768,0.5416969348557219,-0.058234982427358924,-0.03873046038651129,0.13673089741497294,-0.12322360904146953,1.1096160750246948,0.3698720250082316,-0.03600493350002411,-0.01833786129995052,0.49463658291561047
direction,bear,all,author_net,3,5D,bear,0,30,0.43333333333333335,0.5,0.33154125640533766,0.6684587435946623,-0.0252297119490809,-0.007047706228739514,0.03851756068601962,-0.07397762631709894,0.52066499837285,0.3981555869910029,-0.01933456839726191,-0.00018187897527427443,0.4404545897306744
direction,bear,all,author_net,3,60D,bear,0,22,0.4090909090909091,0.5909090909090909,0.3873481847631513,0.7674418380352814,-0.06886688596294771,-0.026931746984286353,0.10551818280086575,-0.18959501049174163,0.5565451460309495,0.38530048571373426,-0.016150825707137162,0.019023606362456813,0.7581534487791579
direction,bear,all,author_net,3,90D,bear,0,16,0.8125,0.9375,0.7167126242970107,0.9888806552353576,-0.05665468842402201,0.041385789459963906,0.08436827905781624,-0.6677542141786544,0.1263463071687091,0.5475006643977394,-0.019207634108077486,0.06670126366412171,0.8325242586948163
direction,bear,all,author_net,30,1D,bear,0,62,0.4838709677419355,0.5161290322580645,0.39447459605660673,0.6359014016175426,-0.0015279466413319234,0.0,0.015919560301023032,-0.019077316693109008,0.8344758624662031,0.8344758624662031,-0.000982077243391501,0.00122411115593285,0.881817816086854
direction,bear,all,author_net,30,20D,bear,0,53,0.3584905660377358,0.41509433962264153,0.29260908779813966,0.549055778186556,-0.026070215949008144,-0.015215792748458634,0.10301433967680895,-0.09820570291637652,1.0489649441695565,0.5861862923300463,-0.009156378506801932,-0.01758949962943157,0.8231470398138214
direction,bear,all,author_net,30,5D,bear,0,60,0.4666666666666667,0.5166666666666667,0.39307810032592494,0.6382495046026722,-0.011121506289602217,-0.007084391401586898,0.048879718294114784,-0.0636225778003546,0.7682762941089499,0.6722417573453312,-0.006964201258301356,0.003053948582364352,0.7593258810651905
direction,bear,all,author_net,30,60D,bear,0,40,0.5,0.55,0.39829091798932054,0.6929469218909508,-0.05221327161430537,-0.008855574888669615,0.15404089096059667,-0.2584674341892074,0.5959779476428478,0.5959779476428478,-0.005606837554024699,0.03521997460986498,0.9427957945014668
direction,bear,all,author_net,30,90D,bear,0,30,0.7666666666666667,0.8,0.6269430358685175,0.9049489282271013,-0.047119465885131634,0.06646496829238335,0.12570827247107336,-0.6149820347698052,0.20440966624029497,0.6716317605038264,-0.002241476023710983,0.12511348165746672,0.9828710563345463
direction,bear,all,author_net,7,1D,bear,0,58,0.43103448275862066,0.3793103448275862,0.2656427267728758,0.5079719280723111,-0.005487947696068594,-0.0038774198278549443,0.018845051525090178,-0.02546539530642687,0.740025878189848,0.5967950630563291,-0.005512465391049778,-0.00391493506493934,0.5617015876043391
direction,bear,all,author_net,7,20D,bear,0,48,0.5208333333333334,0.5416666666666666,0.40291074545649797,0.6742475770713254,0.01140038211006912,0.010623917277658268,0.10068083485108092,-0.08564358826059588,1.1755793620501955,1.2778036544023865,0.021001130721136713,0.016950180020986527,1.6302859941817018
direction,bear,all,author_net,7,5D,bear,0,54,0.46296296296296297,0.48148148148148145,0.3539397274661188,0.6114829980187293,-0.010752632147245426,-0.007857204733444312,0.05052299259291854,-0.06357644657842126,0.7946809756125431,0.6850698065625372,-0.005194086205659581,-0.0003875553000397547,0.8230254096181179
direction,bear,all,author_net,7,60D,bear,0,38,0.5263157894736842,0.6052631578947368,0.4471786799604255,0.744019242518399,-0.05299664870962218,0.007486905458408466,0.12614592082151957,-0.2520439481886686,0.5004917663291503,0.5561019625879446,-0.018833988039067336,0.028648303173355982,0.7973958966756728
direction,bear,all,author_net,7,90D,bear,0,33,0.7575757575757576,0.7878787878787878,0.6224835500784931,0.8932397846697919,-0.08861710058149647,0.06346340174403253,0.13135882332421553,-0.7760418627868464,0.1692677027145062,0.5289615709828318,-0.05382713298015199,0.0995538056303591,0.6927782706710918
direction,bear,all,author_net,90,1D,bear,0,61,0.4918032786885246,0.5081967213114754,0.3860261849109117,0.6293960467628898,0.00043439732080719667,0.0,0.021082132915118217,-0.02019885836281025,1.0437289344002845,1.0437289344002845,0.001975468362459395,0.0013320964959364634,1.2250614312510095
direction,bear,all,author_net,90,20D,bear,0,53,0.4716981132075472,0.49056603773584906,0.3612424984784323,0.6211647088532004,-0.04230244935228016,-0.0004416094210009103,0.07816131180011954,-0.14985937895263704,0.5215643648491455,0.4656824686153085,-0.0240424188725124,-0.0020248362345782756,0.658752594701195
direction,bear,all,author_net,90,5D,bear,0,58,0.46551724137931033,0.5,0.3753827301422442,0.6246172698577558,-0.01070775625218151,-0.006871287959373529,0.04704470010003635,-0.06100828275250029,0.7711198869649929,0.6716205467114454,-0.0008384679170565149,0.0004939605163251648,0.9671216572147424
direction,bear,all,author_net,90,60D,bear,0,35,0.5142857142857142,0.5428571428571428,0.3818972506848375,0.6953398071159278,-0.11376508601073107,0.0019486474094452255,0.1458627409138292,-0.3886651380485007,0.3752915469759145,0.39736752032743883,-0.06726428496869805,0.009620252803544727,0.59841646877727
direction,bear,all,author_net,90,90D,bear,0,26,0.6153846153846154,0.6538461538461539,0.46220571188810816,0.8058776967705947,-0.16360310709245615,0.029128676683145283,0.10663746343533459,-0.5959880199369214,0.17892551505753582,0.28628082409205735,-0.13303416747402444,0.05532458443993421,0.3871066245951114
direction,bear,all,author_net_shift,1,1D,bear,0,3,0.3333333333333333,0.3333333333333333,0.06149194472039621,0.7923403991979522,0.007553294114342764,-0.008611410118406937,0.045960758218500763,-0.011650437937736235,3.9449811641528107,1.9724905820764054,0.008456762911362622,-0.008613636694915439,2.173974085661236
direction,bear,all,author_net_shift,1,5D,bear,0,3,1.0,1.0,0.20654931437723745,1.0,0.11227249691153322,0.12311346475540896,0.11227249691153322,,,,0.07396810057749803,0.07396810057749803,
direction,bear,all,author_net_shift,3,1D,bear,0,8,0.625,0.7142857142857143,0.35893445183261935,0.9177810759959433,0.010056626984513053,0.007540527815810827,0.029944482882804314,-0.023089799512639047,1.29687063183087,2.16145105305145,0.015614610496268586,0.007265606033090344,3.6879713297924703
direction,bear,all,author_net_shift,3,20D,bear,0,2,0.5,0.5,0.09453120573423074,0.9054687942657693,-0.11441758692570825,-0.11441758692570825,0.11111868721305518,-0.3399538610644717,0.3268640246212168,0.3268640246212168,-0.13180133692290213,-0.13180133692290213,0.22471576910333924
direction,bear,all,author_net_shift,3,5D,bear,0,5,0.2,0.25,0.04558726080970055,0.6993581574175981,-0.06198766239081956,-0.04031014101041541,0.0478456786998126,-0.0894459976634776,0.5349113425937988,0.1337278356484497,-0.06132009999782245,-0.0388606511245439,0.15814649264508646
direction,bear,all,author_net_shift,3,60D,bear,0,1,0.0,0.0,0.0,0.7934506856227626,-0.021319150870494186,-0.021319150870494186,,-0.021319150870494186,,,-0.012164726720390817,-0.012164726720390817,
direction,bear,all,author_net_shift,3,90D,bear,0,1,1.0,1.0,0.20654931437723745,1.0,0.0982999227237602,0.0982999227237602,0.0982999227237602,,,,0.08314019633118919,0.08314019633118919,
direction,bear,all,author_net_shift,30,1D,bear,0,65,0.5692307692307692,0.5692307692307692,0.4483297467424586,0.6824054258436073,0.008696307010970676,0.002235294117647002,0.027493203759607548,-0.016142449406870905,1.7031618353968814,2.2506067110601644,0.0068780609249083705,0.0026382419281282266,1.9759712504077984
direction,bear,all,author_net_shift,30,20D,bear,0,51,0.5490196078431373,0.58,0.4423344176857823,0.7062499664528802,0.002381734166434898,0.006232364463194751,0.12449475571896472,-0.14627759641925359,0.8510855986595789,1.036104207063835,0.010289451295948531,0.009609189851556676,1.173925979747525
direction,bear,all,author_net_shift,30,5D,bear,0,60,0.5,0.5,0.3773502424155577,0.6226497575844423,-0.005743398599822402,-0.000534046866848048,0.042563412180763344,-0.05405020938040815,0.7874791359493145,0.7874791359493145,-0.0055587579643287255,-0.00034789074184782276,0.7675182666769076
direction,bear,all,author_net_shift,30,60D,bear,0,36,0.3333333333333333,0.4722222222222222,0.31986041515179053,0.629940619770124,-0.21247114448522375,-0.041515059550950584,0.07200907024974305,-0.35471125185270713,0.203007572704924,0.101503786352462,-0.15367218414021996,-0.0014757522393047395,0.20474648905929382
direction,bear,all,author_net_shift,30,90D,bear,0,24,0.6666666666666666,0.7083333333333334,0.5083230633550337,0.8508535180303913,-0.2181055584887385,0.03571684800691799,0.09412076063063744,-0.8425581967274904,0.11170831996674413,0.22341663993348826,-0.18501158147004212,0.03224541964853367,0.27228702316778824
direction,bear,all,author_net_shift,7,1D,bear,0,34,0.4117647058823529,0.3333333333333333,0.19750227679220683,0.5039210557219438,-0.009180019026941558,-0.003558844713969167,0.023197939929730165,-0.03184459029661176,0.7284734931005976,0.5099314451704183,-0.008896861059434496,-0.002654475582738458,0.4674977747952035
direction,bear,all,author_net_shift,7,20D,bear,0,26,0.5384615384615384,0.56,0.3706733186979878,0.7333436111893266,-0.0016801382262782076,0.007939337541122138,0.09814362436991746,-0.11814119458850648,0.8307316064625733,0.9691868742063354,0.018704389794027887,0.017113639447464468,1.4793462107618531
direction,bear,all,author_net_shift,7,5D,bear,0,32,0.4375,0.5161290322580645,0.348403954480288,0.6802974843758269,-0.006704246996404761,-0.007799633648730486,0.07902051750247954,-0.07337906382887033,1.0768809709369669,0.8375740885065297,-0.0013135832026095436,0.00032584081056885594,0.9597457918192769
direction,bear,all,author_net_shift,7,60D,bear,0,14,0.42857142857142855,0.5,0.26799202452413634,0.7320079754758637,-0.1940832775239833,-0.03745398405379596,0.09820953890608235,-0.4133028898465325,0.2376212248178315,0.1782159186133736,-0.1263087475223695,0.011137411605135816,0.3436224356752136
direction,bear,all,author_net_shift,7,90D,bear,0,7,0.42857142857142855,0.5714285714285714,0.2504583645276572,0.8417801447485302,-0.16077384302893252,-0.0335104112317981,0.19163251456806185,-0.4250786112266783,0.450816647807931,0.3381124858559483,-0.09382839386418469,0.059326859803445875,0.5150156653231404
direction,bear,all,author_net_shift,90,1D,bear,0,33,0.42424242424242425,0.42424242424242425,0.2723559663341021,0.5919273666268755,-0.008355874218238472,-0.007656549083948638,0.01965696787476669,-0.0289969157604528,0.6778985750469255,0.4995042131924714,-0.006783521494860319,-0.005235635948595885,0.5247382508716778
direction,bear,all,author_net_shift,90,20D,bear,0,28,0.4642857142857143,0.6071428571428571,0.42409044296597176,0.764343134584204,-0.06672937711736229,-0.011319973234487857,0.13975315816242256,-0.24568090769317583,0.5688401246748749,0.4929947747182249,-0.034092794278450064,0.021920565627832178,0.6850887099536559
direction,bear,all,author_net_shift,90,5D,bear,0,30,0.43333333333333335,0.4,0.24590628116801852,0.5767963974667752,-0.02974213039929913,-0.01774672435653557,0.05861950544147838,-0.09731279310107016,0.602382313501119,0.46064529855967923,-0.019702054909914248,-0.0056774290877395495,0.5641642953761048
direction,bear,all,author_net_shift,90,60D,bear,0,12,0.5833333333333334,0.5833333333333334,0.31951131254954973,0.8067396863412435,-0.10800072452168795,0.09059544551858328,0.14069208699769092,-0.45617066064881834,0.3084198505830745,0.4317877908163043,0.00027863257660661517,0.1563985157427477,1.0019563391564446
direction,bear,all,author_net_shift,90,90D,bear,0,3,1.0,1.0,0.4385029682449546,1.0,0.14622923280719372,0.1846011583199494,0.14622923280719372,,,,0.22401960001104967,0.25002563684667,
direction,bear,all,high_low_divergence,1,1D,bear,0,7,0.14285714285714285,0.3333333333333333,0.09677141110578041,0.700006684861608,-0.013289716056467196,-0.014782475490196179,0.004034260600989215,-0.016177045499376597,0.24938179231459046,0.04156363205243174,-0.011440191016667082,-0.010020126392941697,0.15043762729229626
direction,bear,all,high_low_divergence,1,20D,bear,0,1,0.0,0.0,0.0,0.7934506856227626,-0.41939302406269774,-0.41939302406269774,,-0.41939302406269774,,,-0.41225706016387886,-0.41225706016387886,
direction,bear,all,high_low_divergence,1,5D,bear,0,4,0.25,0.5,0.09453120573423074,0.9054687942657693,-0.07010010675742254,-0.02776195234399137,0.03834367481322032,-0.10624803394763682,0.36088832318645614,0.12029610772881871,-0.11492563348653723,-0.11492563348653723,0.05477725677202202
direction,bear,all,high_low_divergence,3,1D,bear,0,23,0.43478260869565216,0.45454545454545453,0.2692029418081331,0.6534020467926505,-0.0033204871301947946,-0.0051978093950753035,0.021783881771795542,-0.022631540131725823,0.9625452640431661,0.7404194338793586,-0.0018841921197668597,-0.001087076312684676,0.8450308858149228
direction,bear,all,high_low_divergence,3,20D,bear,0,9,0.3333333333333333,0.3333333333333333,0.1205838183869109,0.6457978644196036,-0.08020858714609581,-0.045619360823003774,0.028226242080609604,-0.13442600175944852,0.20997605903000563,0.10498802951500283,-0.06456983502763597,-0.018868346896646848,0.15536161309884192
direction,bear,all,high_low_divergence,3,5D,bear,0,15,0.4,0.3076923076923077,0.12680703655710515,0.5763065681945096,-0.04257453255086208,-0.01740578174663243,0.025833335264449458,-0.08817977776106978,0.29296212714945785,0.1953080847663052,-0.03354172285647443,-0.016372834040480733,0.21970452657659909
direction,bear,all,high_low_divergence,3,60D,bear,0,4,0.5,0.5,0.15003898915214947,0.8499610108478506,-0.06855394945752508,0.002526880225453776,0.05056010648994602,-0.18766800540499617,0.2694124999135308,0.2694124999135308,-0.03153908930397811,0.004005782546792458,0.537374547528465
direction,bear,all,high_low_divergence,3,90D,bear,0,3,1.0,1.0,0.4385029682449546,1.0,0.08463135952290284,0.11581421376608847,0.08463135952290284,,,,0.10021143121521874,0.10197708661252436,
direction,bear,all,high_low_divergence,30,1D,bear,0,46,0.45652173913043476,0.43478260869565216,0.3020926277801995,0.5775256630570501,-0.005179129221560632,-0.0020871439277642123,0.018122825181767215,-0.024752770920356024,0.7321533916375997,0.6150088489755838,-0.004943816455601732,-0.003373779954724432,0.6070685621570213
direction,bear,all,high_low_divergence,30,20D,bear,0,34,0.4411764705882353,0.5588235294117647,0.3945389925620307,0.7111651775375785,-0.00933034220025536,-0.00803215309216998,0.11602326192618273,-0.10829371387902227,1.0713757776909871,0.8458229823876214,0.0095969343680148,0.01014219699183394,1.190108114129436
direction,bear,all,high_low_divergence,30,5D,bear,0,40,0.5,0.48717948717948717,0.33865175329862,0.6380063711554202,-0.009606013628759796,-0.0010420295852193728,0.04396774742348373,-0.06317977468100332,0.6959149133639408,0.6959149133639408,-9.41576459758732e-05,-0.0010171598981039143,0.9958736253546657
direction,bear,all,high_low_divergence,30,60D,bear,0,31,0.6129032258064516,0.6451612903225806,0.46947954064368874,0.788833409061346,0.015202604819473556,0.04766803039158385,0.13948315680121842,-0.18157493581828918,0.7681850811215815,1.2162930451091707,0.033333802849065904,0.05891152492901419,1.5828924949247754
direction,bear,all,high_low_divergence,30,90D,bear,0,25,0.6,0.68,0.48410269273102247,0.8279480969309202,-0.09290285177008965,0.02312746386333764,0.12983152920347793,-0.4270044232304411,0.3040519538913813,0.456077930837072,-0.0412555680686755,0.06896586528652626,0.724202273511167
direction,bear,all,high_low_divergence,7,1D,bear,0,26,0.5,0.5,0.3206059352575905,0.6793940647424095,-0.0002682840477908813,0.0004744357946273037,0.02353139575499066,-0.024067963850572423,0.9777061284073267,0.9777061284073267,0.0006465003602329361,0.0007456429086489802,1.061607977806602
direction,bear,all,high_low_divergence,7,20D,bear,0,15,0.4666666666666667,0.4666666666666667,0.24809535365737387,0.698830199745016,0.00481619173601305,-0.022728378838759777,0.10405812329047402,-0.0820204983741403,1.268684357607876,1.1100988129068914,0.027024372371015855,-0.017279524765418497,1.9137388138063667
direction,bear,all,high_low_divergence,7,5D,bear,0,20,0.35,0.35,0.18119182410108206,0.5671457233147638,0.007890365316088815,-0.01318012133021429,0.07361579558564105,-0.02750025098290085,2.676913590040105,1.4414150100215952,0.01832304651754385,-0.009018910227264754,3.090572992169386
direction,bear,all,high_low_divergence,7,60D,bear,0,11,0.6363636363636364,0.7272727272727273,0.43435469882387084,0.902539407099751,-0.02717655561726048,0.0447990846862486,0.10756443083734783,-0.26297328191282504,0.409031784730911,0.7158056232790944,0.0362403280941661,0.06410518843068658,1.6281634466275463
direction,bear,all,high_low_divergence,7,90D,bear,0,8,0.75,0.75,0.40927543031016883,0.9285207872478909,0.08976101617988905,0.1379791449359094,0.1795747547199529,-0.17968019944030256,0.9994131533653785,2.9982394600961357,0.12477782219005036,0.12703955027450875,6.4381073525803405
direction,bear,all,high_low_divergence,90,1D,bear,0,52,0.5576923076923077,0.5961538461538461,0.4606757548486152,0.7184026612814113,0.0019389090982758228,0.002645269448851295,0.019904103993700743,-0.02071285837856429,0.9609539943699645,1.2116376450751725,0.0029803397024282916,0.0031684929090601277,1.3912866099525993
direction,bear,all,high_low_divergence,90,20D,bear,0,44,0.5,0.5227272727272727,0.3793546556062164,0.662450089677489,0.00014175840816910398,0.00426935363700115,0.1233919733979968,-0.1231084565816586,1.0023029840858264,1.0023029840858264,0.008659018061270517,0.009515189687907433,1.1636983064517816
direction,bear,all,high_low_divergence,90,5D,bear,0,47,0.48936170212765956,0.5531914893617021,0.41245459838218734,0.6858903373450472,-0.005476457769349343,-0.0021818181818182847,0.049352841980212274,-0.05802120336267922,0.8506001103030781,0.8151584390404498,0.0013429059842006554,0.0045407173865243955,1.0556043890345768
direction,bear,all,high_low_divergence,90,60D,bear,0,42,0.40476190476190477,0.47619047619047616,0.3335960123070547,0.6227753586865502,-0.04728970163227627,-0.03411235545286251,0.18121829602313574,-0.20267514003795642,0.8941318406845442,0.60800965166549,-0.021742059877241673,-0.006496285010290648,0.7862236054884824
direction,bear,all,high_low_divergence,90,90D,bear,0,37,0.6756756756756757,0.7567567567567568,0.5988270787855735,0.8663864701088361,-0.15133877149703834,0.03504770770304866,0.1413380019856535,-0.7610820495859797,0.18570665549468657,0.3868888656139303,-0.10057918373018863,0.10722922048894912,0.5624023068398479
direction,bear,all,weighted_net,1,1D,bear,0,30,0.4,0.4666666666666667,0.30232388907699753,0.638577003801267,-0.003850774537731405,-0.003452181688951228,0.01993414581335398,-0.019707388105121664,1.0115062283760163,0.674337485584011,-0.0017874298266973769,-0.0011130841751563203,0.809725248948863
direction,bear,all,weighted_net,1,20D,bear,0,22,0.4090909090909091,0.5454545454545454,0.3465979532073494,0.7307970581918668,-0.02727977931554305,-0.017104271859456288,0.11169521141673806,-0.12349323443789152,0.9044642155916076,0.626167533871113,-0.014287153375022576,0.0006267610771831245,0.7457051377500556
direction,bear,all,weighted_net,1,5D,bear,0,24,0.4166666666666667,0.43478260869565216,0.25634635325674215,0.6318862491498354,-0.026145500706455452,-0.008558507512673286,0.039393181717035,-0.07295884529466291,0.539937022823423,0.3856693020167307,-0.013833339811861701,-0.002179919140414377,0.5154641334426454
direction,bear,all,weighted_net,1,60D,bear,0,13,0.6153846153846154,0.6923076923076923,0.42369343180549035,0.8731929634428948,0.0013155300889422944,0.035368060492470765,0.11315088892750473,-0.1776210440527576,0.6370353779358277,1.0192566046973242,0.027279538561188792,0.047658488218671136,1.6923061889345727
direction,bear,all,weighted_net,1,90D,bear,0,10,1.0,1.0,0.7224672001371107,0.9999999999999999,0.1008624548304908,0.07055763855163438,0.1008624548304908,,,,0.11592838377780865,0.09342940056872479,
direction,bear,all,weighted_net,3,1D,bear,0,57,0.38596491228070173,0.39285714285714285,0.2758041573011051,0.5236659719957729,-0.007515226771834502,-0.005831836413297653,0.02551026630733827,-0.028274108135885958,0.9022483108834201,0.5671275096981497,-0.006194650182469512,-0.003908442475584417,0.5973104565908246
direction,bear,all,weighted_net,3,20D,bear,0,43,0.37209302325581395,0.4418604651162791,0.30433309839170514,0.5889238554717591,-0.03647904076151114,-0.0261844062035268,0.08762626612147095,-0.11002292632179682,0.7964364251245258,0.471962325999719,-0.02137033912598889,-0.009389208941170457,0.5790983352850827
direction,bear,all,weighted_net,3,5D,bear,0,48,0.3333333333333333,0.41304347826086957,0.2828860322481277,0.5566050222015385,-0.027497856925387767,-0.01020336326644089,0.04047218170077202,-0.06148287623846766,0.6582675401163163,0.32913377005815814,-0.02017946647322667,-0.004446073244613491,0.3700084728928086
direction,bear,all,weighted_net,3,60D,bear,0,32,0.375,0.53125,0.3644951711897464,0.6913061289193116,-0.08329333182075875,-0.026931746984286353,0.11781023636533323,-0.20395547273241393,0.5776272378819579,0.3465763427291747,-0.029450110381628994,0.011182662485479278,0.6516422662181744
direction,bear,all,weighted_net,3,90D,bear,0,22,0.7727272727272727,0.9090909090909091,0.7218505315839417,0.9747045710090046,0.05038124476671882,0.03576366966968092,0.08898592419355641,-0.08087466528452905,1.1002941883034787,3.741000240231828,0.08934748478053751,0.06106772346727002,22.378308441128784
direction,bear,all,weighted_net,30,1D,bear,0,82,0.4146341463414634,0.43902439024390244,0.33673538463356234,0.5467707889871817,-0.008574629321330109,-0.006712229640942757,0.023099470734162436,-0.031010450193970664,0.7448931115051547,0.5276326206494847,-0.007888403005872497,-0.003873451180590237,0.5230566420683446
direction,bear,all,weighted_net,30,20D,bear,0,61,0.47540983606557374,0.5409836065573771,0.41724048130756475,0.6598706770614424,-0.03108368715206632,-0.0035371399696815242,0.09076635428088213,-0.14151028720067585,0.6414117028267089,0.581279355686705,-0.01448769429094323,0.005205208058648436,0.7585275350355958
direction,bear,all,weighted_net,30,5D,bear,0,75,0.4533333333333333,0.47297297297297297,0.36338706920848024,0.5852264323805136,-0.016780771955042642,-0.007355365612397913,0.05114473227725204,-0.07310923887938457,0.6995659243783194,0.5801278397283625,-0.00921892531444637,-0.0024355220990531223,0.7137027352779792
direction,bear,all,weighted_net,30,60D,bear,0,50,0.5,0.54,0.40398871399157477,0.6703034780777566,-0.07051583717053689,0.0004115108985230931,0.16539427793984235,-0.3064259522809161,0.5397528398254502,0.5397528398254502,-0.036756576997313835,0.01935765501547493,0.7083525100558122
direction,bear,all,weighted_net,30,90D,bear,0,39,0.6666666666666666,0.6923076923076923,0.5357874562585069,0.8143406769308886,-0.06957973162583987,0.04538285694033406,0.14770872060801693,-0.5041566360935534,0.29298180373570937,0.5859636074714187,-0.029848941030100214,0.10205476783456957,0.8041757710481576
direction,bear,all,weighted_net,7,1D,bear,0,76,0.47368421052631576,0.42105263157894735,0.31648619118038757,0.5332159538298973,-0.00688021606718937,-0.0023168898497919477,0.017707226029021875,-0.029752732260286657,0.595146216290768,0.5493657381145551,-0.007308996889107744,-0.0035062672520205784,0.4757806166639538
direction,bear,all,weighted_net,7,20D,bear,0,62,0.5645161290322581,0.5645161290322581,0.44092987972148767,0.6805741109751094,0.0012705490107044525,0.0151042382944504,0.09732071198874946,-0.12323892151639093,0.7896913636639191,1.02367398993471,0.01279398302625975,0.039444266699946495,1.2908886859676083
direction,bear,all,weighted_net,7,5D,bear,0,69,0.4782608695652174,0.4927536231884058,0.3783242300928733,0.6079473243736349,-0.011339815029489112,-0.007734883397790604,0.04462293557430243,-0.06263900308296469,0.712382595157203,0.6530173788941028,-0.00632001593459342,-0.0005792587455539788,0.7755684525555688
direction,bear,all,weighted_net,7,60D,bear,0,49,0.5102040816326531,0.5918367346938775,0.4524731939184714,0.7178476147961312,-0.11526963920679412,0.0019486474094452255,0.146881178018905,-0.3883434071502307,0.3782249815871961,0.3939843558199959,-0.07325720239058514,0.06484942219487455,0.5395446953569811
direction,bear,all,weighted_net,7,90D,bear,0,40,0.775,0.8,0.652426936536005,0.895000102745623,-0.025493481640790107,0.08244662797406915,0.13473977684252855,-0.5774080386388877,0.23335279009995757,0.8037707214554094,0.01349443123812094,0.1110441181332058,1.1135609061858414
direction,bear,all,weighted_net,90,1D,bear,0,76,0.5394736842105263,0.6052631578947368,0.49286296638958565,0.7075341735967013,0.00542814454168695,0.0025237006207838864,0.02721643474895745,-0.020095281129687066,1.3543694449116312,1.5865470640393395,0.0060703536853762815,0.004575258957579154,1.6947881638867641
direction,bear,all,weighted_net,90,20D,bear,0,67,0.5522388059701493,0.6268656716417911,0.5071540719064641,0.7328184001882802,0.008286707920674515,0.022354420287633014,0.1091434071468724,-0.11610322112496953,0.9400549449820533,1.1594010988111991,0.01585933378493017,0.017713914472499148,1.3479337261758488
direction,bear,all,weighted_net,90,5D,bear,0,69,0.5217391304347826,0.5362318840579711,0.4197840683642111,0.648858159303249,-0.004827186331606307,0.002462811545660637,0.05494587598845757,-0.07003416340803963,0.7845581829588902,0.8558816541369711,-0.001971837895872395,0.010659955574653823,0.935899853797806
direction,bear,all,weighted_net,90,60D,bear,0,52,0.5384615384615384,0.5576923076923077,0.42339761787202884,0.6840494318059871,-0.08087049444976098,0.016506789937567545,0.1395089166920705,-0.33797980744856443,0.4127729338188398,0.4815684227886465,-0.04765986184606551,0.04910708386848445,0.6711963200510802
direction,bear,all,weighted_net,90,90D,bear,0,42,0.5952380952380952,0.6666666666666666,0.5155250737683379,0.7898753292764273,-0.2701893575273435,0.04041729642351993,0.13672423855844815,-0.8685917047123312,0.1574091000601138,0.23148397067663795,-0.22354764241812722,0.09780300553702342,0.3235502318710703
direction,bull,all,author_net,1,1D,bull,0,214,0.4485981308411215,0.4549763033175355,0.38918922310629506,0.522373470126684,-0.004391639218235047,-0.004500238839910908,0.027866039813689885,-0.030635174701834994,0.9096092999274052,0.7400211253646687,-0.003963327688640894,-0.0026769807507786014,0.7457603769220579
direction,bull,all,author_net,1,20D,bull,0,153,0.49019607843137253,0.46710526315789475,0.389580731981444,0.5462514908707197,0.041711498566363275,-0.006492238601972122,0.2002347442085627,-0.11071469916652077,1.8085651292553218,1.7390049319762708,0.030491505641819683,-0.008922818454794978,1.5365423192892222
direction,bull,all,author_net,1,5D,bull,0,183,0.4207650273224044,0.3977272727272727,0.32834779418634086,0.47147589365477716,-0.0035708549223736215,-0.013811942136041977,0.09129012718328387,-0.07247930418780406,1.2595337138824945,0.9149443015938874,-0.0022836638162105336,-0.010813088474778632,0.93948687357324
direction,bull,all,author_net,1,60D,bull,0,83,0.4939759036144578,0.42168674698795183,0.32123014901825364,0.5290717669497665,0.16104540684703786,-0.0009954651034177475,0.4512367605668191,-0.12223662892703425,3.6915020033493584,3.6036090985077074,0.12232532898673362,-0.021919497617376105,2.6554688318257664
direction,bull,all,author_net,1,90D,bull,0,63,0.5079365079365079,0.4444444444444444,0.3284709601189181,0.5668036176131765,0.20978671745295968,0.014088910600879467,0.5453981511429037,-0.13665089151730514,3.991178872578638,4.119926578145691,0.16252491887178774,-0.020501108534518586,2.9836217511837213
direction,bull,all,author_net,3,1D,bull,0,420,0.4738095238095238,0.4606205250596659,0.41346768689702923,0.5084888778825054,-0.0011500239490084374,-0.0019859131728111046,0.026044921232643316,-0.025637780017554585,1.0158805175334977,0.9147521402224708,-0.0016358743864237097,-0.0017270835225405845,0.8708959055285953
direction,bull,all,author_net,3,20D,bull,0,347,0.5072046109510087,0.4753623188405797,0.4232275133535901,0.528039746973004,0.03250244796133788,0.0018402213014518942,0.1629432456228026,-0.10175240811128079,1.6013699198607751,1.6481936017280492,0.018782478996375987,-0.0020637193020014433,1.3661405466581837
direction,bull,all,author_net,3,5D,bull,0,380,0.5105263157894737,0.4708994708994709,0.42112573902810657,0.5212587258020186,0.007008680491268726,0.0015937862947047465,0.07749934942676429,-0.06651384517263524,1.1651611664551405,1.2152756252274044,0.0030886400213031213,-0.0030037603485834063,1.09770916085651
direction,bull,all,author_net,3,60D,bull,0,191,0.5130890052356021,0.39790575916230364,0.3311617861795685,0.46867547517100283,0.15519831719471347,0.0022863331428055744,0.41329418452015354,-0.1167736720299438,3.5392753977469695,3.729559021281753,0.10867948895859318,-0.015057692955967594,2.462705957561634
direction,bull,all,author_net,3,90D,bull,0,136,0.5147058823529411,0.44776119402985076,0.3661914968022998,0.5322425438718391,0.2210090239956272,0.01246678613899177,0.5592877483288079,-0.13777144120623105,4.059533263440324,4.3055655824367065,0.16848444360418294,-0.021194142992465248,2.9783818036587846
direction,bull,all,author_net,30,1D,bull,0,487,0.5400410677618069,0.5288065843621399,0.4843754081479377,0.5727859437462254,0.0002707427142476424,0.0022425073870830925,0.022981204311190617,-0.026631554198218606,0.8629313986011314,1.0223016118562953,-0.0003471413701782082,0.0009530195770725558,0.9701956900102622
direction,bull,all,author_net,30,20D,bull,0,421,0.47268408551068886,0.44047619047619047,0.39375008115652504,0.48828127995873466,-0.008991635276894465,-0.005775275970465565,0.12595534470427286,-0.12995762183658952,0.969203213511023,0.8687902679670884,-0.02130678503106214,-0.012887012534476772,0.7025010292391031
direction,bull,all,author_net,30,5D,bull,0,456,0.5153508771929824,0.4857142857142857,0.44010286362594797,0.5315649101767673,0.008207672854033328,0.001461270962645922,0.07942101369414407,-0.0675169203469894,1.1763127418427266,1.2508302910997318,0.00359245289487055,-0.002532619564505678,1.1094590597025022
direction,bull,all,author_net,30,60D,bull,0,273,0.4945054945054945,0.3956043956043956,0.3394346137063344,0.4546713693974536,0.06641613070075708,-0.0010032412409324287,0.3106893994228765,-0.17254684957088154,1.8006089371990912,1.7614652646512852,0.022298461330117578,-0.035936548535764445,1.2144310928434023
direction,bull,all,author_net,30,90D,bull,0,206,0.5,0.4368932038834951,0.37092879744459456,0.5051681371358281,0.09127303707171369,-0.0008512052088449629,0.4034520248331531,-0.22090595068972574,1.8263519999052589,1.8263519999052589,0.04826830691503427,-0.02937070950380427,1.3820769663271835
direction,bull,all,author_net,7,1D,bull,0,520,0.4576923076923077,0.4555984555984556,0.41319438516789525,0.49865623685060984,-0.0025634235865878096,-0.0024926542258977835,0.025875713324021953,-0.026565248355116616,0.9740437197545773,0.8220652670269127,-0.0029483544881185333,-0.001753145669539713,0.7850114016174814
direction,bull,all,author_net,7,20D,bull,0,444,0.5180180180180181,0.4864864864864865,0.440311180889289,0.5328936223649704,0.024390321761147478,0.008152058316408972,0.15869426747197946,-0.11995504045142896,1.3229478884318864,1.4218598800903453,0.010610509731876414,-0.0018527531192539248,1.1792657030641684
direction,bull,all,author_net,7,5D,bull,0,483,0.5196687370600414,0.49480249480249483,0.4503400960028182,0.5393472545546986,0.009960444217539086,0.002279981760145766,0.07888326669781677,-0.06460691975896825,1.2209724127401507,1.32096584309387,0.005578327666823324,-0.0008416769832813031,1.1832919795593357
direction,bull,all,author_net,7,60D,bull,0,262,0.5458015267175572,0.4389312977099237,0.38015274979091823,0.49947475397784685,0.16236678428827567,0.01619582488098026,0.4015316029833996,-0.1250329558243523,3.2114061475718105,3.8590846983425955,0.11344630951356678,-0.012269883914460933,2.5320336412834177
direction,bull,all,author_net,7,90D,bull,0,185,0.5621621621621622,0.4972677595628415,0.4256312041708546,0.5690166646356094,0.19359929784983773,0.03631559861161482,0.4740116873648879,-0.1664363627620786,2.848005565000777,3.6566985032108743,0.143290488432722,-0.005715753689951253,2.6473327472720505
direction,bull,all,author_net,90,1D,bull,0,453,0.5342163355408388,0.5298013245033113,0.48378198149198137,0.5753194846264807,0.00357664007866978,0.0016983695652172948,0.02659489976052278,-0.023264482059947356,1.143154603313054,1.336441613535068,0.0029314012720282273,0.0010454974987581522,1.2811584111543153
direction,bull,all,author_net,90,20D,bull,0,411,0.4744525547445255,0.43795620437956206,0.3907845266982716,0.48627694120567877,0.004245831752730136,-0.006431852986217512,0.14701539866120977,-0.12464336059520287,1.1794884056332795,1.0648159217522661,-0.010061473647257147,-0.015600224102926052,0.855764691146592
direction,bull,all,author_net,90,5D,bull,0,430,0.5325581395348837,0.5034965034965035,0.4563630603758837,0.5505678838275061,0.010342817434396199,0.0034155001616696934,0.07517482394857891,-0.06352051337031944,1.1834731799208829,1.3483351154322496,0.005263569322812731,0.00016425331090941242,1.1742477239985933
direction,bull,all,author_net,90,60D,bull,0,270,0.5037037037037037,0.4148148148148148,0.357643339994239,0.47437625193278227,0.04183528392884189,0.001069210857830627,0.25542444549131543,-0.1749417755673999,1.4600540360521717,1.4818458873365326,-0.00039971951723958204,-0.027048332371241157,0.9962376399676981
direction,bull,all,author_net,90,90D,bull,0,197,0.5025380710659898,0.4467005076142132,0.37895653263991225,0.5164833823890449,0.0577157494443994,0.009888988133214038,0.33100647337645284,-0.21836365534410357,1.5158496630533298,1.5313175167579556,0.014953501616623198,-0.03723671998334033,1.1182582894148685
direction,bull,all,author_net_shift,1,1D,bull,0,5,0.2,0.0,5.551115123125783e-17,0.5614970317550454,-0.022894705507594714,-0.01317980682304809,0.005812159242876369,-0.030071421695212486,0.1932784988280648,0.0483196247070162,-0.0292298467391738,-0.010469779722777184,
direction,bull,all,author_net_shift,1,5D,bull,0,2,0.5,,,,-0.012666812697895213,-0.012666812697895213,0.08507355210369316,-0.11040717749948359,0.7705436732506913,0.7705436732506913,,,
direction,bull,all,author_net_shift,3,1D,bull,0,12,0.8333333333333334,0.8,0.49016247153664183,0.9433178485456247,0.008518398560668447,0.008912615424751857,0.012230033651190197,-0.0100397768919403,1.218157911557595,6.090789557787975,0.010263721637443846,0.012858136716242807,11.321121153667084
direction,bull,all,author_net_shift,3,20D,bull,0,4,0.25,0.25,0.04558726080970055,0.6993581574175981,-0.0668627032318943,-0.08286993299736606,0.024415488664237373,-0.09728876719727153,0.25095896851822896,0.08365298950607632,-0.06178549347596768,-0.07797659703639459,0.0653484109740635
direction,bull,all,author_net_shift,3,5D,bull,0,8,0.375,0.2,0.03622410863243014,0.6244653702374747,-0.022377544433698132,-0.03522759097521827,0.03839949109235633,-0.05884376574933081,0.6525668539966448,0.3915401123979869,-0.03349941159421514,-0.027581294616256247,0.07818631968664529
direction,bull,all,author_net_shift,30,1D,bull,0,96,0.5416666666666666,0.5416666666666666,0.442315529177278,0.6378115051679158,-0.0009494274993321443,0.002922044630746745,0.017072166651931696,-0.022247675132643956,0.7673685699806786,0.9068901281589838,-0.0023031946119629067,0.0014982737982883743,0.7665261784397712
direction,bull,all,author_net_shift,30,20D,bull,0,78,0.4230769230769231,0.4675324675324675,0.3603007569249538,0.577849790171308,0.04190253792123819,-0.010572668101677452,0.2070282882747913,-0.07918967900470075,2.614334227349273,1.9171784333894668,0.03556462250388708,-0.010459537444555744,1.8636455337967195
direction,bull,all,author_net_shift,30,5D,bull,0,89,0.5617977528089888,0.5227272727272727,0.41961959494387296,0.6239337202077226,0.01652735370554248,0.013601639649711172,0.07497434190503773,-0.05840468244765656,1.2837042984050333,1.6457747415449147,0.012818206848592056,0.005022886602245258,1.557884835231926
direction,bull,all,author_net_shift,30,60D,bull,0,48,0.4166666666666667,0.2553191489361702,0.152531540350547,0.3950817553041745,0.1309413298711706,-0.022151646396730285,0.44401938416005604,-0.09268585176374763,4.790584277003171,3.4218459121451223,0.06424619793496972,-0.042253768720737495,1.9121011015327742
direction,bull,all,author_net_shift,30,90D,bull,0,38,0.5526315789473685,0.40540540540540543,0.26346518192014284,0.5651403526977063,0.15754322417076705,0.023595487434650453,0.40319885821045237,-0.14591373552531486,2.763268699542687,3.4134495700233187,0.10662770317540353,-0.04839911482237891,2.161953542294728
direction,bull,all,author_net_shift,7,1D,bull,0,36,0.4166666666666667,0.34285714285714286,0.20831694987048957,0.5084805048600374,-0.014160721631865424,-0.005658690097307406,0.013870801561846531,-0.034183238198802535,0.40577786929303955,0.289841335209314,-0.015089640492429281,-0.003469697548972084,0.1829319984367587
direction,bull,all,author_net_shift,7,20D,bull,0,26,0.4230769230769231,0.38461538461538464,0.22428594435712798,0.5746514991488447,0.0025909608986291978,-0.030617148794971516,0.12128563559415168,-0.08445180054475394,1.4361521579386363,1.053178249155,-0.009285697190028162,-0.020892667734264236,0.8110349160885797
direction,bull,all,author_net_shift,7,5D,bull,0,35,0.34285714285714286,0.3333333333333333,0.19750227679220683,0.5039210557219438,-0.03541517649675848,-0.02285604857332746,0.03572029093100606,-0.07252933341559213,0.4924944053508566,0.2569536027917512,-0.03057331647312864,-0.018480984290393465,0.24754065162356423
direction,bull,all,author_net_shift,7,60D,bull,0,11,0.45454545454545453,0.2727272727272727,0.09746059290024889,0.5656453011761291,0.010525565410696118,-0.010509952350376883,0.12003214082079405,-0.08072991409771883,1.4868359784887444,1.2390299820739537,-0.049409977715066236,-0.03242584262121295,0.2242021475090733
direction,bull,all,author_net_shift,7,90D,bull,0,8,0.125,0.125,0.02241749145005667,0.4708881822128535,-0.050983802689981594,-0.060486717283313784,0.16906772644477575,-0.08241973542351835,2.0513014944298464,0.2930430706328352,-0.08956288825701163,-0.12014024972716175,0.08528805451733058
direction,bull,all,author_net_shift,90,1D,bull,0,100,0.48,0.46,0.36560808309024106,0.5573513967663177,-0.0008517425969756586,-0.0013012908573449278,0.023501157227380512,-0.023331342434842892,1.0072783978466673,0.9297954441661546,-0.0009922947160972539,-0.0011380762433388925,0.9118777918979478
direction,bull,all,author_net_shift,90,20D,bull,0,81,0.5555555555555556,0.5555555555555556,0.4472757377643103,0.6588044749654215,0.05148520228688318,0.016531722054380582,0.1794025514014785,-0.108411484106361,1.6548297708522204,2.0685372135652753,0.039445525681187914,0.004212349477596744,1.8168845604501516
direction,bull,all,author_net_shift,90,5D,bull,0,95,0.5052631578947369,0.5212765957446809,0.42145414630705824,0.6194283185315994,0.005344952895248049,0.0021621250600589725,0.07277634141343027,-0.06352114601693806,1.1457025884580907,1.170079239276348,0.005328820784932546,0.0022287934248643726,1.19101359713771
direction,bull,all,author_net_shift,90,60D,bull,0,47,0.6382978723404256,0.5957446808510638,0.4534212295011096,0.7235996548079124,0.29489116734060455,0.09974700498549005,0.5346168726165265,-0.1281541949110225,4.171668925763305,7.36176869252348,0.23169959513503302,0.05388741397344443,4.683362887311558
direction,bull,all,author_net_shift,90,90D,bull,0,27,0.7037037037037037,0.5925925925925926,0.4072670096806468,0.7548524292560443,0.3942896292742142,0.14337456814889116,0.6239729445056849,-0.15120824440052852,4.1265801807266,9.800627929225675,0.31643032556798373,0.0689195815478918,5.2289590124611705
direction,bull,all,high_low_divergence,1,1D,bull,0,2,0.5,0.5,0.09453120573423074,0.9054687942657693,-0.00240406296919482,-0.00240406296919482,0.003505864354921062,-0.008313990293310702,0.4216825172073898,0.4216825172073898,-0.001661639476456478,-0.001661639476456478,0.40697701993465685
direction,bull,all,high_low_divergence,3,1D,bull,0,17,0.35294117647058826,0.35294117647058826,0.17309720397243744,0.5869963651478132,-0.0033316684968930105,-0.0073270530021887215,0.04088198528056678,-0.02744820692096199,1.4894228026729686,0.8124124378216193,-0.002323793757355148,-0.0050731312226547365,0.8500423457681439
direction,bull,all,high_low_divergence,3,20D,bull,0,11,0.5454545454545454,0.6,0.31267376973365824,0.8318196702937638,0.0782825554220432,0.0003621160746618557,0.17164994550365711,-0.033758312675893534,5.084671948851003,6.101606338621205,0.08293973923200379,0.011129388810298013,10.634341692973328
direction,bull,all,high_low_divergence,3,5D,bull,0,15,0.4666666666666667,0.5333333333333333,0.30116980025498397,0.7519046463426261,0.020044304176266237,-0.009250419725450154,0.11148850611192504,-0.05996937251743521,1.859090756360864,1.6267044118157559,0.024334597858113642,0.0018748739997100916,2.1320677842178264
direction,bull,all,high_low_divergence,3,60D,bull,0,5,0.8,0.6,0.2307242812760128,0.882379225767352,0.5040243674464123,0.12191789840998135,0.6358628417094354,-0.023329529605680244,27.255707785664754,109.02283114265902,0.42387508767364074,0.07209340825883981,18.917490440459453
direction,bull,all,high_low_divergence,3,90D,bull,0,3,1.0,1.0,0.4385029682449546,1.0,0.2518953389963911,0.25733118105999453,0.2518953389963911,,,,0.18154352583819833,0.17770051678499232,
direction,bull,all,high_low_divergence,30,1D,bull,0,52,0.40384615384615385,0.4230769230769231,0.2986805208350091,0.5580567462609698,-0.0030462916342759096,-0.004814120473716932,0.026337554845777007,-0.022951477959473048,1.1475319756001325,0.7773603705678318,-0.0017455162666891967,-0.001702463040387514,0.8429490930369016
direction,bull,all,high_low_divergence,30,20D,bull,0,37,0.3783783783783784,0.4166666666666667,0.2714056205144606,0.5779974842512834,0.004448763539686079,-0.01878716998034191,0.13169931762509687,-0.07300809546882484,1.8039001946206603,1.0980262054212715,8.019131264599349e-05,-0.005930684667441288,1.0019138819338471
direction,bull,all,high_low_divergence,30,5D,bull,0,47,0.5106382978723404,0.48936170212765956,0.3527555503368215,0.6275754625177314,0.0012276354011379739,0.0007497625751844428,0.05401617484973533,-0.05385605793652883,1.0029730529738214,1.0465805770161616,0.0010331087105688356,-0.001452326545239746,1.046190728716312
direction,bull,all,high_low_divergence,30,60D,bull,0,28,0.7142857142857143,0.4642857142857143,0.2953156998279538,0.6418731076553209,0.18009280224314164,0.04333812306784668,0.325199114625858,-0.18267297871364918,1.7802256081652177,4.4505640204130446,0.12350791432200219,-0.004976300615546991,2.7896461555272674
direction,bull,all,high_low_divergence,30,90D,bull,0,20,0.65,0.45,0.2581978582556243,0.6579146575496577,0.08511936886770023,0.0437024471970604,0.21252066381530987,-0.15148303603500343,1.4029337500616397,2.6054483929716166,0.01796165064460843,-0.025922519439470104,1.2165737000582082
direction,bull,all,high_low_divergence,7,1D,bull,0,42,0.5476190476190477,0.5,0.3552598959637448,0.6447401040362553,0.0036539223884608984,0.005232690363881409,0.033070619379808215,-0.03195576344317006,1.0348874762019318,1.252758523823391,0.0032316311593713885,-0.0003589187376717984,1.2636417507430961
direction,bull,all,high_low_divergence,7,20D,bull,0,30,0.5666666666666667,0.6206896551724138,0.4400254420598852,0.7731197789919015,0.08169952901029895,0.022514765660030633,0.1776399919752547,-0.04376107640541239,4.059314956733654,5.308334943420931,0.07305960021471701,0.012591231865003771,6.416896981304562
direction,bull,all,high_low_divergence,7,5D,bull,0,41,0.6341463414634146,0.5853658536585366,0.4336710313403013,0.7224345054574786,0.03726152646832438,0.015522834190995649,0.09165182030096473,-0.05701498284158557,1.60750412844316,2.7863404893014776,0.032839804655327084,0.006566236666764036,2.9006419851567737
direction,bull,all,high_low_divergence,7,60D,bull,0,21,0.6666666666666666,0.5714285714285714,0.3654655436930671,0.7553003107462404,0.29090085754182493,0.05755195275502811,0.4941392312412434,-0.11557588985701209,4.275452534716207,8.550905069432412,0.2336662219844982,0.057945394431487274,5.818120228026198
direction,bull,all,high_low_divergence,7,90D,bull,0,16,0.5625,0.4375,0.23098652405492354,0.6682144360118811,0.21722107037184063,0.019789672378080936,0.4558975588533424,-0.08964870053294738,5.0853783283316245,6.5383435649978034,0.1546344502970764,-0.02977113005502091,3.278509060423673
direction,bull,all,high_low_divergence,90,1D,bull,0,34,0.6176470588235294,0.5294117647058824,0.3673671298006892,0.6854849552491152,-0.00498911382845724,0.003880451109233962,0.012324818052714839,-0.03295777302111983,0.3739578534270781,0.6040857632283569,-0.007254473151996007,0.002023286139280045,0.4402176249815217
direction,bull,all,high_low_divergence,90,20D,bull,0,17,0.8235294117647058,0.6470588235294118,0.41300363485218694,0.8269027960275627,0.12512234054565852,0.049132947976878505,0.15657863222172047,-0.021673687275963933,7.224365205055155,33.71370429025739,0.08571203313598823,0.021334531034940207,7.948950691720788
direction,bull,all,high_low_divergence,90,5D,bull,0,30,0.6333333333333333,0.5333333333333333,0.36142299619873297,0.6976761109230025,0.005498870849922084,0.007212002740116463,0.04043332615118164,-0.05484246103407169,0.7372631604927765,1.2734545499420684,-0.003540713088834191,0.003337342774028307,0.8209593857092903
direction,bull,all,high_low_divergence,90,60D,bull,0,11,0.5454545454545454,0.6363636363636364,0.35380117450784887,0.8483352890463243,0.10014723726955084,0.050863865325610824,0.2599568746627719,-0.09162432760231443,2.837203627742698,3.4046443532912374,0.0439322636108656,0.025798922647453315,1.7863047800005591
direction,bull,all,high_low_divergence,90,90D,bull,0,7,0.8571428571428571,0.7142857142857143,0.35893445183261935,0.9177810759959433,0.20185220990150718,0.211396787372635,0.2918526263879819,-0.3381502890173411,0.8630855447029205,5.1785132682175234,0.14423293194153447,0.10766316086354655,3.4168557707858556
direction,bull,all,weighted_net,1,1D,bull,0,230,0.43043478260869567,0.4342105263157895,0.37148991159345646,0.4991113167088467,-0.004527648406918112,-0.004847595967348406,0.028183511050072555,-0.029248295630140066,0.9635949870880592,0.7282130055092967,-0.004234823839772507,-0.003357888842754675,0.7266814907086973
direction,bull,all,weighted_net,1,20D,bull,0,166,0.4879518072289157,0.4666666666666667,0.3921704102345302,0.542679714392255,0.038508916370122624,-0.005521424288675858,0.19150703731679566,-0.10728929300258933,1.7849594489561398,1.7009613572405569,0.025724597921361905,-0.010459537444555744,1.4622115281306276
direction,bull,all,weighted_net,1,5D,bull,0,194,0.4329896907216495,0.4074074074074074,0.3398783143866667,0.4786254440165336,-0.0030506328551064043,-0.009830960978243208,0.08758199764142206,-0.0722610052342736,1.2120229625574275,0.9255448077711265,-0.0032989530190621406,-0.010874339112096454,0.912375462449401
direction,bull,all,weighted_net,1,60D,bull,0,91,0.5164835164835165,0.42857142857142855,0.33182663627211473,0.5311025071462968,0.15138530484307894,0.018192614985963917,0.41293551821663044,-0.12799787762412385,3.2261122284327954,3.446074425825941,0.1071461962314472,-0.021150371022265024,2.4194845440429393
direction,bull,all,weighted_net,1,90D,bull,0,66,0.5151515151515151,0.45454545454545453,0.34024125498057733,0.5738498865661081,0.19821579376207868,0.016604700545105988,0.5232060840598062,-0.14708638967925675,3.557134587372313,3.7794554990830824,0.14726346248329147,-0.022142084088009883,2.6664277546355963
direction,bull,all,weighted_net,3,1D,bull,0,447,0.46756152125279643,0.452914798206278,0.4073155251491267,0.49931824731349284,-0.0016779246902535385,-0.0021368948247078023,0.025528631950212148,-0.02556939669805744,0.9984057211702462,0.8767512425402582,-0.0019646816318934055,-0.0018329959472910273,0.8442442842072483
direction,bull,all,weighted_net,3,20D,bull,0,368,0.5217391304347826,0.4890710382513661,0.43823884645230754,0.54013026331297,0.03258043307188128,0.0047798641827854205,0.15882901579892117,-0.10514529353943497,1.510567049197994,1.6478913263978117,0.018726286446253158,-0.0007281076118168528,1.363447596482627
direction,bull,all,weighted_net,3,5D,bull,0,402,0.5199004975124378,0.49,0.441339288394901,0.5388509574917849,0.006837778590812419,0.001891669260608686,0.07536382200356029,-0.06736918033801817,1.118669124745615,1.211408534050951,0.0030025285561684923,-0.0009646652346462226,1.0962276081065854
direction,bull,all,weighted_net,3,60D,bull,0,208,0.5288461538461539,0.4230769230769231,0.357928160803059,0.491015477622858,0.14702128406217735,0.006520236717735384,0.3828424855847943,-0.1176759829530049,3.2533612720081235,3.6517320400091178,0.09992586447392167,-0.012608850083837497,2.3516959953772907
direction,bull,all,weighted_net,3,90D,bull,0,149,0.5503355704697986,0.48299319727891155,0.4036795981203771,0.5631730162795969,0.22000304601445336,0.025912329950334545,0.5157334644440055,-0.14193567504858065,3.63357178713163,4.447058008131249,0.16489383901804527,-0.00930878025938442,3.0070461850707004
direction,bull,all,weighted_net,30,1D,bull,0,434,0.5483870967741935,0.535796766743649,0.4887138368646034,0.5822501235701232,-0.00024065690857481432,0.0024151688662465975,0.023622682325819024,-0.029367402522391776,0.804384463617694,0.9817615504667239,-0.0005159885060182979,0.0015225734577770655,0.9589739738239228
direction,bull,all,weighted_net,30,20D,bull,0,372,0.48655913978494625,0.4381720430107527,0.38863859122905664,0.48896937638490057,-0.007867640456839626,-0.004600760405406801,0.1266325272823028,-0.13532591459707405,0.9357596263756622,0.8867669757800778,-0.021559373106361863,-0.014506112853352127,0.7074998777653684
direction,bull,all,weighted_net,30,5D,bull,0,404,0.48267326732673266,0.46153846153846156,0.41345884921756004,0.5103443932301017,0.004533777914690694,-0.001484405072611772,0.07972863595929733,-0.06562410399295665,1.2149291359140613,1.133546322982019,0.0003650868450408129,-0.006423122276717708,1.010691233628116
direction,bull,all,weighted_net,30,60D,bull,0,241,0.49377593360995853,0.4107883817427386,0.350548116016937,0.47382803250335764,0.05246839733324328,-0.004669779853235467,0.29026550493597436,-0.17948124041040422,1.6172470408174657,1.5774786709612985,0.008639561815462883,-0.042253768720737495,1.0782452274927266
direction,bull,all,weighted_net,30,90D,bull,0,175,0.5085714285714286,0.44,0.3685271417178468,0.5140504208983554,0.09048868587803792,0.009888988133214038,0.4121193035293218,-0.24236160448201163,1.7004314871166393,1.7597488645741965,0.04741315931157931,-0.03851793916397406,1.3486217716582396
direction,bull,all,weighted_net,7,1D,bull,0,518,0.47104247104247104,0.4564796905222437,0.414022113898588,0.4995792340012307,-0.0017327019950533359,-0.0019607327762213855,0.026062980729290055,-0.02648506179337373,0.9840634291369004,0.8763192580635172,-0.0020214681279501334,-0.0015401961745895587,0.8486701900297691
direction,bull,all,weighted_net,7,20D,bull,0,439,0.5261958997722096,0.48519362186788156,0.43877362316505986,0.5318704984702098,0.023389709704333968,0.010220254686560626,0.15801864487574163,-0.12612607887545052,1.252862582303736,1.3914002716930916,0.008543638486235659,-0.0020637193020014433,1.1387247986376652
direction,bull,all,weighted_net,7,5D,bull,0,473,0.5116279069767442,0.4936440677966102,0.44877409654112316,0.5386166616856397,0.011568362174407406,0.0012052730696798797,0.08414859534655077,-0.06446807257736183,1.3052754950223193,1.3674314709757631,0.007390624495847675,-0.0008357225405875024,1.2426985034130515
direction,bull,all,weighted_net,7,60D,bull,0,268,0.5447761194029851,0.4216417910447761,0.3640356173720023,0.48146256314025315,0.16352762849342026,0.014098535069727136,0.4066710872651287,-0.12744733036452588,3.190895298488911,3.818612406388369,0.1133728066851814,-0.01624570377806822,2.4911510987123187
direction,bull,all,weighted_net,7,90D,bull,0,186,0.5483870967741935,0.4918918918918919,0.4207528978579792,0.563360760134631,0.18406999109399036,0.031428309346755556,0.4772465462639133,-0.17193011161234462,2.7758171142235617,3.3706350672714676,0.1333790893791934,-0.00930878025938442,2.4475029731835676
direction,bull,all,weighted_net,90,1D,bull,0,384,0.5286458333333334,0.5052083333333334,0.45539820390710983,0.5549152886528728,0.0021756384096769874,0.0016363019371794518,0.026173452310623707,-0.025155986908655333,1.0404462526420817,1.1865763443052955,0.001816755458743712,0.0004008068585318325,1.1587847721541387
direction,bull,all,weighted_net,90,20D,bull,0,344,0.5058139534883721,0.47674418604651164,0.4245127351260394,0.5294892977131579,0.0007978940141793314,0.0016715422422565185,0.13216351893296932,-0.1336586867850528,0.9888135377651287,1.0120797386537201,-0.011254842716506728,-0.006181723574296083,0.8383980341299829
direction,bull,all,weighted_net,90,5D,bull,0,360,0.5305555555555556,0.5333333333333333,0.48171828362303853,0.584244512584382,0.00707624513833833,0.005603106411103731,0.0769213360608257,-0.07186110614092255,1.0704168108681744,1.2097610110995345,0.003907720315744265,0.00278343313716245,1.117270995224513
direction,bull,all,weighted_net,90,60D,bull,0,233,0.51931330472103,0.44206008583690987,0.37974387330870574,0.5062558155361391,0.06918327881166042,0.012124826078314443,0.3012781194579751,-0.18156204010087604,1.6593673396189244,1.7927093579811593,0.022295985780516576,-0.04477594412609709,1.1990892744789847
direction,bull,all,weighted_net,90,90D,bull,0,169,0.4970414201183432,0.44970414201183434,0.3766508323337421,0.5249931359827034,0.11079867739222043,-0.0028286542677321558,0.4551686110741605,-0.22951984530522626,1.983134009474675,1.9598030211279143,0.065318495561135,-0.047291401859752114,1.4794658355722372
evidence_quality,bear_short_put_conflict,all,author_net,3,1D,all,0,5,0.4,0.2,0.03622410863243014,0.6244653702374747,-0.027050470999074407,-0.017181856809007856,0.0015615768751951475,-0.046125169581920776,0.03385520073637243,0.02257013382424829,-0.027395260746001182,-0.014326117694594132,0.0302652313453824
evidence_quality,bear_short_put_conflict,all,author_net,3,20D,all,0,5,0.0,0.2,0.03622410863243014,0.6244653702374747,-0.14877908027449696,-0.06652297882849512,,-0.14877908027449696,,,-0.10730253021235492,-0.02077191654788213,0.09270635173655604
evidence_quality,bear_short_put_conflict,all,author_net,3,5D,all,0,5,0.4,0.4,0.11762077423264783,0.769275718723987,-0.06382079658160889,-0.006153716168642909,0.0509383699172784,-0.14032690758086708,0.362997879704032,0.24199858646935465,-0.06980959077379079,-0.0048999920688301835,0.10845004919501862
evidence_quality,bear_short_put_conflict,all,author_net,3,60D,all,0,3,0.3333333333333333,0.6666666666666666,0.2076596008020477,0.9385080552796037,-0.06679284310131199,-0.05263437433609508,0.08771693495880206,-0.144047732131369,0.608943533236648,0.304471766618324,0.03858115799690257,0.08499382685533163,2.1830732536577377
evidence_quality,bear_short_put_conflict,all,author_net,3,90D,all,0,1,1.0,1.0,0.20654931437723745,1.0,0.03980602141846845,0.03980602141846845,0.03980602141846845,,,,0.07059394019714926,0.07059394019714926,
evidence_quality,bear_short_put_conflict,all,author_net,30,1D,all,0,18,0.5555555555555556,0.6111111111111112,0.3861904160223791,0.7969475342783638,-0.005022445752520082,0.0017083619821441909,0.014461825685180129,-0.029377785049645347,0.4922707978406532,0.6153384973008166,-0.006490699033090784,0.002211882582520197,0.498992521888991
evidence_quality,bear_short_put_conflict,all,author_net,30,20D,all,0,17,0.35294117647058826,0.47058823529411764,0.26165106442409436,0.6903676493999558,-0.01003620637128122,-0.0261844062035268,0.09779455898865348,-0.06885298747670016,1.420338645752258,0.7747301704103227,0.013688852210066098,-0.006955322474030745,1.5140153587518932
evidence_quality,bear_short_put_conflict,all,author_net,30,5D,all,0,18,0.5555555555555556,0.5,0.29031021505169974,0.7096897849483003,-0.0030696227677364488,0.009674704508226495,0.03810614465635953,-0.05453933204785642,0.6986910771646905,0.8733638464558632,0.004998688509562211,0.00979134621428851,1.2780842968605857
evidence_quality,bear_short_put_conflict,all,author_net,30,60D,all,0,14,0.5,0.6428571428571429,0.38764423103907397,0.8365526824644587,-0.01709838054139956,-0.00022424988566782655,0.27700996545481354,-0.31120672653761267,0.890115610728401,0.890115610728401,-0.003395636764981526,0.09219592839346968,0.9744239546891696
evidence_quality,bear_short_put_conflict,all,author_net,30,90D,all,0,10,0.6,0.6,0.31267376973365824,0.8318196702937638,0.02412574396967513,0.08140331474964363,0.37183974556201177,-0.4974452584188299,0.7474988237779863,1.1212482356669795,0.010779385578084355,0.0494747418208939,1.0507699705655553
evidence_quality,bear_short_put_conflict,all,author_net,7,1D,all,0,8,0.625,0.625,0.30574239460262737,0.8631557141764026,-0.0065253502230227245,0.0026467908045015864,0.010193257103046393,-0.03438969576647125,0.29640439892999754,0.49400733154999593,-0.005148066651681604,0.005194778323309335,0.5454275330586312
evidence_quality,bear_short_put_conflict,all,author_net,7,20D,all,0,7,0.14285714285714285,0.14285714285714285,0.02567962434474355,0.5131278292743189,-0.03710812097488379,-0.045619360823003774,0.03768844221105527,-0.049574214839206966,0.760242846675374,0.12670714111256234,-0.026827116490593075,-0.042027085642358575,0.19190733768628174
evidence_quality,bear_short_put_conflict,all,author_net,7,5D,all,0,8,0.375,0.5,0.21521606221387757,0.7847839377861224,-0.01695000777343275,-0.004317819347755658,0.04400529036264781,-0.05352318665508109,0.8221724660422527,0.49330347962535165,-0.006948810798109467,0.004569854342850677,0.7481947985497918
evidence_quality,bear_short_put_conflict,all,author_net,7,60D,all,0,5,0.6,0.6,0.2307242812760128,0.882379225767352,-0.1288268699860447,0.013025163507371706,0.0601528176885903,-0.4122964014979972,0.14589702328236911,0.2188455349235537,-0.11139568970121098,0.027184296597235758,0.31418699011993634
evidence_quality,bear_short_put_conflict,all,author_net,7,90D,all,0,5,0.4,0.6,0.2307242812760128,0.882379225767352,-0.16489018302940966,-0.014521671655027157,0.08300554295140389,-0.330154000349952,0.2514146212477233,0.1676097474984822,-0.14151608905945273,0.010937826638692583,0.2977865832993624
evidence_quality,bear_short_put_conflict,all,author_net,90,1D,all,0,25,0.52,0.48,0.30031285954112974,0.6650148304964322,-0.003890730265045486,0.0008375209380234727,0.015258621226071937,-0.02463586104708936,0.6193662643617927,0.6709801197252753,-0.0026243425422007903,-0.0014329719192929247,0.7631347178488899
evidence_quality,bear_short_put_conflict,all,author_net,90,20D,all,0,21,0.3333333333333333,0.2857142857142857,0.1381386295212213,0.49956380716085597,-0.04313471433573191,-0.03106388448519648,0.08969563599702299,-0.10954988950210935,0.8187651891268766,0.40938259456343823,-0.03958718340468763,-0.03555657441778515,0.44105222157878315
evidence_quality,bear_short_put_conflict,all,author_net,90,5D,all,0,24,0.4166666666666667,0.4583333333333333,0.2789133373121099,0.6492513464108051,-0.0032818246068348814,-0.012633326893225216,0.06724870866401647,-0.053660776943157275,1.253219064182631,0.8951564744161651,-0.0005342272772118628,-0.004317045398351649,0.9808563456106444
evidence_quality,bear_short_put_conflict,all,author_net,90,60D,all,0,14,0.5714285714285714,0.5,0.26799202452413634,0.7320079754758637,-0.06348047866308919,0.04793303833324919,0.17972170749365768,-0.3877500602054183,0.4634988512921095,0.6179984683894792,-0.06062637587301167,0.04814522076969718,0.6206894808320068
evidence_quality,bear_short_put_conflict,all,author_net,90,90D,all,0,8,0.5,0.5,0.21521606221387757,0.7847839377861224,-0.2000705240931045,0.03235191240045465,0.11576818620507454,-0.5159092343912836,0.22439642186608333,0.22439642186608333,-0.2089909984198614,-0.04643730721326511,0.22659909121381175
evidence_quality,bear_short_put_conflict,all,author_net_shift,3,1D,all,0,2,1.0,1.0,0.34238022750665303,1.0,0.005767618906870053,0.005767618906870053,0.005767618906870053,,,,0.0037685468939082645,0.0037685468939082645,
evidence_quality,bear_short_put_conflict,all,author_net_shift,3,20D,all,0,2,0.5,0.5,0.09453120573423074,0.9054687942657693,-0.026074638117106863,-0.026074638117106863,0.024415488664237373,-0.0765647648984511,0.31888674505328884,0.31888674505328884,-0.02961565825791823,-0.02961565825791823,0.22584413497557443
evidence_quality,bear_short_put_conflict,all,author_net_shift,3,5D,all,0,2,0.5,0.5,0.09453120573423074,0.9054687942657693,0.011744882509072685,0.011744882509072685,0.03425541266712995,-0.010765647648984578,3.1819184301801795,3.1819184301801795,0.0010936902203493304,0.0010936902203493304,1.1819879180388557
evidence_quality,bear_short_put_conflict,all,author_net_shift,30,1D,all,0,25,0.72,0.72,0.5242339480963842,0.8571614614904344,0.006846034591055319,0.010419757395933371,0.016590906851892254,-0.01821220836538251,0.9109772147911507,2.3425128380343874,0.0019368754976031655,0.0037850744105325518,1.3739796546393015
evidence_quality,bear_short_put_conflict,all,author_net_shift,30,20D,all,0,19,0.3684210526315789,0.3888888888888889,0.2030524657216362,0.613809583977621,-0.04859213769283608,-0.03754463854840262,0.05007809637001789,-0.10614977422950089,0.4717682796173136,0.2751981631100996,-0.05597156718751801,-0.028204373723244414,0.1508720201608328
evidence_quality,bear_short_put_conflict,all,author_net_shift,30,5D,all,0,24,0.4583333333333333,0.43478260869565216,0.25634635325674215,0.6318862491498354,-0.01068357074734833,-0.0044204624481153365,0.05700859103856944,-0.06796155379697105,0.8388358984386585,0.7097842217557879,-0.0081740148777102,-0.002841507417315814,0.7090684952674273
evidence_quality,bear_short_put_conflict,all,author_net_shift,30,60D,all,0,11,0.36363636363636365,0.2727272727272727,0.09746059290024889,0.5656453011761291,0.05930040320591028,-0.024196550440501285,0.48844140500752065,-0.18592302639500996,2.6271162560025436,1.5012092891443107,0.029621590214911942,-0.04477594412609709,1.2200676573096843
evidence_quality,bear_short_put_conflict,all,author_net_shift,30,90D,all,0,10,0.6,0.4,0.16818032970623614,0.6873262302663417,0.10621319322684449,0.02173733953013901,0.5604921955722272,-0.5752053102912296,0.9744211076362402,1.4616316614543605,0.09410525484560531,-0.01872729851676569,1.421380434002349
evidence_quality,bear_short_put_conflict,all,author_net_shift,7,1D,all,0,8,0.375,0.25,0.071479212752109,0.5907245696898311,-0.010085824963700502,-0.001939132261224219,0.003524895076693624,-0.018252256987936977,0.19312105231825563,0.11587263139095338,-0.011504102660374674,-0.003678253341087956,0.07798321932401069
evidence_quality,bear_short_put_conflict,all,author_net_shift,7,20D,all,0,7,0.42857142857142855,0.5714285714285714,0.2504583645276572,0.8417801447485302,-0.03480678766260862,-0.01577153800659037,0.1218869803520199,-0.15232711367358,0.8001660204315962,0.6001245153236971,-0.030194718093996036,0.004949517454557739,0.6157594265235014
evidence_quality,bear_short_put_conflict,all,author_net_shift,7,5D,all,0,8,0.5,0.5,0.21521606221387757,0.7847839377861224,-0.02484066047219033,0.008480252500283725,0.052158775179039885,-0.10184009612342054,0.5121634519652102,0.5121634519652102,-0.028337086402384942,-0.0005605771694925377,0.3583000037774828
evidence_quality,bear_short_put_conflict,all,author_net_shift,7,60D,all,0,2,1.0,0.5,0.09453120573423074,0.9054687942657693,0.06477720521000147,0.06477720521000147,0.06477720521000147,,,,0.0468015645845416,0.0468015645845416,5.475702359370358
evidence_quality,bear_short_put_conflict,all,author_net_shift,90,1D,all,0,35,0.5428571428571428,0.5142857142857142,0.35568804595868564,0.6700576399749026,0.0025605471725915954,0.0010027804366654625,0.017405411628596868,-0.015067729368914665,1.155144959299902,1.3717346391686336,0.0013935223673954087,0.0002347845791732528,1.2230042999606707
evidence_quality,bear_short_put_conflict,all,author_net_shift,90,20D,all,0,29,0.5862068965517241,0.6206896551724138,0.4400254420598852,0.7731197789919015,0.03710333753255174,0.015178449336797462,0.14138359274599932,-0.11062702401983233,1.2780203932870253,1.8105288904899524,0.03986918909672828,0.009741556152790931,2.0119667203620075
evidence_quality,bear_short_put_conflict,all,author_net_shift,90,5D,all,0,33,0.5454545454545454,0.5,0.33630882869327483,0.6636911713067252,-0.0006878507622125237,0.003244322435737468,0.05277193829042836,-0.06483959762538158,0.8138844197541826,0.976661303705019,0.005115173232244211,0.0015596076635885914,1.2419473081975108
evidence_quality,bear_short_put_conflict,all,author_net_shift,90,60D,all,0,15,0.6666666666666666,0.6,0.357468301206246,0.8017550385865841,0.2821346984919561,0.10472099590343253,0.4677923320130832,-0.0891805685502981,5.245451331129908,10.490902662259817,0.2623679329654839,0.12398648016790981,5.364401637747344
evidence_quality,bear_short_put_conflict,all,author_net_shift,90,90D,all,0,6,0.6666666666666666,0.5,0.1876163064826506,0.8123836935173494,0.5064275702397466,0.12010793749579873,0.828059045190171,-0.13683537966110226,6.051498137696625,12.10299627539325,0.41878324923523014,0.013800012962740249,5.832658516738755
evidence_quality,bear_short_put_conflict,all,high_low_divergence,1,1D,all,0,1,0.0,1.0,0.20654931437723745,1.0,-0.0006348400203148863,-0.0006348400203148863,,-0.0006348400203148863,,,0.0005903400944793358,0.0005903400944793358,
evidence_quality,bear_short_put_conflict,all,high_low_divergence,3,1D,all,0,5,0.8,0.8,0.37553462976252533,0.9637758913675698,0.019231617870543616,0.007192081192832989,0.025338974686948346,-0.0051978093950753035,4.874933411555244,19.499733646220974,0.020402496116676327,0.00841726130762721,27.88960798365834
evidence_quality,bear_short_put_conflict,all,high_low_divergence,3,20D,all,0,2,0.0,0.0,0.0,0.6576197724933469,-0.23250619244285076,-0.23250619244285076,,-0.23250619244285076,,,-0.21880074648143844,-0.21880074648143844,
evidence_quality,bear_short_put_conflict,all,high_low_divergence,3,5D,all,0,3,0.0,0.0,5.551115123125783e-17,0.5614970317550454,-0.10123912730431235,-0.03206477055782386,,-0.10123912730431235,,,-0.08922490937863377,-0.023923932713053597,
evidence_quality,bear_short_put_conflict,all,high_low_divergence,30,1D,all,0,16,0.5,0.5,0.27999563610326017,0.7200043638967398,-0.0009268678464591021,0.0014153356288038599,0.015784459415327273,-0.017638195108245477,0.8949021891672112,0.8949021891672112,0.0021404925662232357,0.001298279335612329,1.38200054951668
evidence_quality,bear_short_put_conflict,all,high_low_divergence,30,20D,all,0,12,0.5833333333333334,0.4166666666666667,0.19326031365875665,0.6804886874504503,0.019778263965754567,0.02076316885670515,0.07671669299084448,-0.059935536669371306,1.2799867533354181,1.7919814546695854,0.003786010873490888,-0.00018176910988626505,1.132324472631656
evidence_quality,bear_short_put_conflict,all,high_low_divergence,30,5D,all,0,14,0.42857142857142855,0.5,0.26799202452413634,0.7320079754758637,0.0009983056664442103,-0.00936510937207169,0.04420667028840899,-0.03140796780002937,1.4074985866601546,1.055623939995116,-0.0013190800994957491,-0.004330099547947275,0.9199952059027959
evidence_quality,bear_short_put_conflict,all,high_low_divergence,30,60D,all,0,10,0.7,0.5,0.236593090512564,0.7634069094874361,0.06773843951208235,0.01903857527911884,0.11171319424486625,-0.0348693215310801,3.2037673616704256,7.475457177230994,0.04365667966760357,0.0067462202634650525,3.0071017529248385
evidence_quality,bear_short_put_conflict,all,high_low_divergence,30,90D,all,0,8,0.75,0.625,0.30574239460262737,0.8631557141764026,0.04120468036929148,0.02300507801699536,0.07377307520453587,-0.0565005041364417,1.3057064946957475,3.9171194840872423,0.05254117009167898,0.044761091453504376,7.3379153298416515
evidence_quality,bear_short_put_conflict,all,high_low_divergence,7,1D,all,0,4,0.5,0.5,0.15003898915214947,0.8499610108478506,-0.003478579426589884,-0.0033441456488570442,0.005824070931906344,-0.012781229785086112,0.45567375204397087,0.45567375204397087,0.0027936426434274353,0.0031857601412494385,3.2607662231667045
evidence_quality,bear_short_put_conflict,all,high_low_divergence,7,20D,all,0,3,0.3333333333333333,0.3333333333333333,0.06149194472039621,0.7923403991979522,0.03585654246455139,-0.024415488664237373,0.16304900054308802,-0.027739686574716926,5.87782418175184,2.93891209087592,-0.0027386233509625324,-0.017279524765418497,0.8632379822623218
evidence_quality,bear_short_put_conflict,all,high_low_divergence,7,5D,all,0,3,0.6666666666666666,0.6666666666666666,0.2076596008020477,0.9385080552796037,0.012445391130884387,0.024824372383104754,0.035795793029891554,-0.03425541266712995,1.0449675027339458,2.0899350054678916,0.012927052521992962,0.004077290671042455,3.729769411664158
evidence_quality,bear_short_put_conflict,all,high_low_divergence,7,60D,all,0,2,1.0,1.0,0.34238022750665303,1.0,0.1649786201792156,0.1649786201792156,0.1649786201792156,,,,0.10394008041331426,0.10394008041331426,
evidence_quality,bear_short_put_conflict,all,high_low_divergence,7,90D,all,0,1,1.0,1.0,0.20654931437723745,1.0,0.12620506448433932,0.12620506448433932,0.12620506448433932,,,,0.218530804176442,0.218530804176442,
evidence_quality,bear_short_put_conflict,all,high_low_divergence,90,1D,all,0,27,0.6296296296296297,0.5555555555555556,0.3731302451322448,0.72414141822977,-0.0017470706074973722,0.004463811244553195,0.009227867907376267,-0.020404466082782558,0.4522474574898488,0.768820677732743,-0.0019045391637198847,0.001787727937645034,0.7246676521346571
evidence_quality,bear_short_put_conflict,all,high_low_divergence,90,20D,all,0,24,0.625,0.5416666666666666,0.3507486535891948,0.72108666268789,0.019571734268222705,0.06538686507627889,0.10860915576875814,-0.12882396823266967,0.8430818989568661,1.4051364982614434,0.010973956542484564,0.03384032057990671,1.2212548998725319
evidence_quality,bear_short_put_conflict,all,high_low_divergence,90,5D,all,0,27,0.7037037037037037,0.7037037037037037,0.5151931703585185,0.8414695953022023,0.013965271394519772,0.020195930670685813,0.044360825305179596,-0.05822416914329731,0.7618970945897363,1.8095055996506237,0.01358933565127981,0.014848954125840641,1.81705607374319
evidence_quality,bear_short_put_conflict,all,high_low_divergence,90,60D,all,0,21,0.47619047619047616,0.5238095238095238,0.3236953458284443,0.7165599389846583,0.02401471670959881,-0.012456832757770098,0.20821192789268803,-0.14343729345684594,1.451588515613828,1.3196259232852983,0.020618800070193795,0.00925827832439241,1.2629379263514726
evidence_quality,bear_short_put_conflict,all,high_low_divergence,90,90D,all,0,18,0.7777777777777778,0.7777777777777778,0.5478541568378739,0.9099907189139831,-0.23558686228835976,0.058036642202449085,0.1367652384204067,-1.5388192147690423,0.08887674205506556,0.31106859719272945,-0.20040727358805088,0.10397508297811503,0.3910289579298082
evidence_quality,bear_short_put_conflict,all,weighted_net,1,1D,all,0,4,0.5,0.5,0.15003898915214947,0.8499610108478506,0.013609141261733293,0.0002784199805112575,0.041380290510494744,-0.014162007987028158,2.921922551406373,2.921922551406373,0.008383979709101097,-0.0016852444787486265,1.797981436145778
evidence_quality,bear_short_put_conflict,all,weighted_net,1,20D,all,0,4,0.0,0.0,0.0,0.4898908364545973,-0.06298430891139387,-0.06285804450149768,,-0.06298430891139387,,,-0.05555722435172247,-0.052087334601241764,
evidence_quality,bear_short_put_conflict,all,weighted_net,1,5D,all,0,4,0.5,0.5,0.15003898915214947,0.8499610108478506,-0.001979589817671018,-0.014001275855273332,0.06319826262507389,-0.06715744226041592,0.9410463010191848,0.9410463010191848,-0.004596747976072013,-0.015056077377782529,0.8380756504861241
evidence_quality,bear_short_put_conflict,all,weighted_net,1,60D,all,0,3,0.3333333333333333,0.3333333333333333,0.06149194472039621,0.7923403991979522,0.03413294603956041,-0.0017857142857142794,0.1713735558408216,-0.03448735886107018,4.969170197439227,2.4845850987196134,0.00026949296529040395,-0.01594484737557833,1.0069141988985315
evidence_quality,bear_short_put_conflict,all,weighted_net,1,90D,all,0,3,0.3333333333333333,0.3333333333333333,0.06149194472039621,0.7923403991979522,-0.02970223753163818,-0.03347619047619044,0.1408093404242312,-0.11495802650957287,1.2248761108690887,0.6124380554345443,-0.09368437140305996,-0.05893568876991018,0.1238993514130326
evidence_quality,bear_short_put_conflict,all,weighted_net,3,1D,all,0,16,0.4375,0.4375,0.23098652405492354,0.6682144360118811,-0.008303027271224887,-0.0016852423680543405,0.009658846737201807,-0.022273373722223426,0.43364992019887044,0.3372832712657881,-0.009167069653441676,-0.0005173980017948443,0.2979112108746703
evidence_quality,bear_short_put_conflict,all,weighted_net,3,20D,all,0,14,0.35714285714285715,0.42857142857142855,0.21380798904474121,0.6740935542034926,-0.01882823743368494,-0.021687312505527634,0.16748006214859396,-0.12233284831272877,1.3690522574971191,0.7605845874983995,-0.004454474381099162,-0.01661640458754471,0.926279823893825
evidence_quality,bear_short_put_conflict,all,weighted_net,3,5D,all,0,15,0.4,0.4666666666666667,0.24809535365737387,0.698830199745016,-0.005260918480445853,-0.005681057403546408,0.0893801794961769,-0.06835498379819435,1.3075883356223974,0.8717255570815983,-0.008731345392438205,-0.0006992402968437617,0.7643461703025655
evidence_quality,bear_short_put_conflict,all,weighted_net,3,60D,all,0,10,0.4,0.6,0.31267376973365824,0.8318196702937638,0.0009263018189779148,-0.010894968866958621,0.13922577900243766,-0.09127334963666191,1.5253716397684898,1.0169144265123264,0.038175594769865415,0.04886944951137273,2.565083533589032
evidence_quality,bear_short_put_conflict,all,weighted_net,3,90D,all,0,7,0.8571428571428571,0.8571428571428571,0.4868721707256811,0.9743203756552565,0.27415634222036644,0.0982999227237602,0.3525890430142535,-0.1964398625429553,1.7948955901817187,10.769373541090312,0.2404289526685344,0.07059394019714926,7.427002095073088
evidence_quality,bear_short_put_conflict,all,weighted_net,30,1D,all,0,43,0.5813953488372093,0.6744186046511628,0.5251621096752948,0.7950670287343129,-0.0016755544830683363,0.004348497891971892,0.013860566156780725,-0.02325349981619203,0.5960636577866547,0.8278661913703537,-0.001562284905412638,0.0033076393491111578,0.8185656227280477
evidence_quality,bear_short_put_conflict,all,weighted_net,30,20D,all,0,39,0.4358974358974359,0.4358974358974359,0.2930475387568963,0.5902430835133052,-0.014286336634841018,-0.02821587988637897,0.0819893803763795,-0.08868120887078415,0.9245406261414952,0.7144177565638827,-0.015443724970963616,-0.028679047431301896,0.6662689549215647
evidence_quality,bear_short_put_conflict,all,weighted_net,30,5D,all,0,41,0.5853658536585366,0.5365853658536586,0.38746471267669474,0.6794376602366394,-7.091139504348173e-05,0.010102056675128201,0.03232369640976499,-0.0458044753547731,0.7056886070499806,0.9962662687764433,0.0017585892377571962,0.0009165494994680667,1.1103733890570748
evidence_quality,bear_short_put_conflict,all,weighted_net,30,60D,all,0,37,0.4594594594594595,0.4594594594594595,0.3103856980437303,0.6161595310782052,-0.01939780286739822,-0.03520582983446752,0.17677292025995855,-0.18614291752565149,0.9496623487466199,0.807212996434627,-0.014042621447371994,-0.01957975284308877,0.8553817440443356
evidence_quality,bear_short_put_conflict,all,weighted_net,30,90D,all,0,30,0.5666666666666667,0.4666666666666667,0.30232388907699753,0.638577003801267,-0.005058229111772775,0.01639888956592439,0.17904977341682263,-0.2458148478030129,0.7283928331306765,0.9525137048631923,-0.007934157478779158,-0.02340963152432618,0.9259326843796143
evidence_quality,bear_short_put_conflict,all,weighted_net,7,1D,all,0,19,0.5263157894736842,0.5263157894736842,0.3170780924511316,0.7267019483882042,-0.0019267356055456878,0.0008375209380234727,0.014652619155103897,-0.020348240895156338,0.7200926719219145,0.8001029688021273,-0.002533375821066906,0.0002094219437231981,0.7199615795776834
evidence_quality,bear_short_put_conflict,all,weighted_net,7,20D,all,0,18,0.5555555555555556,0.6111111111111112,0.3861904160223791,0.7969475342783638,0.026739429319173193,0.02767880757169311,0.0818294035242886,-0.04212303843722105,1.9426282281665115,2.428285285208139,0.03268547746611453,0.047036881120295415,2.7219085650811388
evidence_quality,bear_short_put_conflict,all,weighted_net,7,5D,all,0,18,0.5555555555555556,0.5555555555555556,0.33716415642042774,0.7544048187299437,0.008000527976807578,0.015279188832687751,0.04391516665480932,-0.036892770370694605,1.1903461359381373,1.4879326699226716,0.01183694476882938,0.011786129454385064,2.034073025638906
evidence_quality,bear_short_put_conflict,all,weighted_net,7,60D,all,0,15,0.6,0.6,0.357468301206246,0.8017550385865841,0.01134602146057584,0.026923767276084032,0.12878019447618744,-0.16480523806284159,0.7814083823420861,1.1721125735131293,0.02232957071259604,0.08499382685533163,1.3195053997632658
evidence_quality,bear_short_put_conflict,all,weighted_net,7,90D,all,0,10,0.6,0.6,0.31267376973365824,0.8318196702937638,-0.026932117736691595,0.07052073974041889,0.1605671556879551,-0.30818102787366164,0.5210157055929457,0.7815235583894187,-0.02293517558576409,0.09531370431449565,0.815009478289121
evidence_quality,bear_short_put_conflict,all,weighted_net,90,1D,all,0,60,0.45,0.45,0.3309365440675524,0.5750806411466566,-0.004343439702443603,-0.0012736553266836093,0.01616598235176279,-0.021123875928612472,0.7652943241285483,0.6261499015597214,-0.004406409977676334,-0.001612651650628405,0.60944565290619
evidence_quality,bear_short_put_conflict,all,weighted_net,90,20D,all,0,56,0.5178571428571429,0.48214285714285715,0.3566821941245828,0.6098961607582303,0.012675915007321547,0.005213119719822856,0.13423705484622614,-0.11788975370853892,1.138666004664858,1.2230116346400326,0.009397566268746655,-0.004670103448021767,1.1665474996213827
evidence_quality,bear_short_put_conflict,all,weighted_net,90,5D,all,0,56,0.5535714285714286,0.5892857142857143,0.4587759684643971,0.708332257121538,-0.0007570001221010453,0.012485680128258458,0.048355318337684604,-0.06165627501223526,0.7842724577196535,0.9724978475723703,0.002030250736709211,0.013724412522592211,1.081746570087503
evidence_quality,bear_short_put_conflict,all,weighted_net,90,60D,all,0,51,0.5490196078431373,0.5098039215686274,0.37680923894569696,0.6414251410562926,0.02876288445838731,0.023853658536585387,0.19886310947275923,-0.17831565034171762,1.1152308229348642,1.3576723061815736,0.025276997330058962,0.01781073072559236,1.260593325440313
evidence_quality,bear_short_put_conflict,all,weighted_net,90,90D,all,0,43,0.5813953488372093,0.5813953488372093,0.4332857738696422,0.7161544907215082,0.03681265599391619,0.04027564711325393,0.43447814177396343,-0.5155005187005939,0.8428277489790679,1.170594095804261,0.03689782786683105,0.0752746379660969,1.169294683978316
evidence_quality,conditional_entry,all,author_net,1,1D,all,0,20,0.55,0.6111111111111112,0.3861904160223791,0.7969475342783638,-0.005762714993787932,0.003184252707472246,0.01585310459335807,-0.03218205004474416,0.49260704558338525,0.6020752779352486,-0.0022484030233328334,0.004161402447679818,0.7932588148324765
evidence_quality,conditional_entry,all,author_net,1,20D,all,0,5,0.6,0.6,0.2307242812760128,0.882379225767352,0.025102549453905176,0.04472787116492305,0.05651560878096159,-0.02201703953667944,2.566903179094947,3.85035476864242,0.014166777387640207,0.009641176840829324,2.278246054482713
evidence_quality,conditional_entry,all,author_net,1,5D,all,0,10,0.3,0.3333333333333333,0.09677141110578041,0.700006684861608,-0.035093604549710444,-0.026163567164665946,0.04668311171333084,-0.07014076866244243,0.6655631611053013,0.28524135475941487,-0.0038742614341704304,-0.019006831466921004,0.833004874824875
evidence_quality,conditional_entry,all,author_net,1,60D,all,0,3,0.3333333333333333,0.3333333333333333,0.06149194472039621,0.7923403991979522,-0.0963731613222204,-0.14676149053720466,0.07086918155746735,-0.17999433276206428,0.39373007177481417,0.19686503588740709,-0.11952347912347705,-0.1552984522016917,0.07682351907275589
evidence_quality,conditional_entry,all,author_net,1,90D,all,0,3,0.0,0.0,5.551115123125783e-17,0.5614970317550454,-0.1876391310590617,-0.20242153520630068,,-0.1876391310590617,,,-0.20116037024025665,-0.2228308979463568,
evidence_quality,conditional_entry,all,author_net,3,1D,all,0,35,0.4,0.38235294117647056,0.23900183324508897,0.549589826555693,-0.013416820380598105,-0.005432877672625347,0.017611337765456463,-0.03410225914463448,0.516427304442303,0.344284869628202,-0.012875224544127333,-0.004387097751723024,0.34289297172443894
evidence_quality,conditional_entry,all,author_net,3,20D,all,0,6,0.6666666666666666,0.6666666666666666,0.299993315138392,0.9032285888942195,0.026938046928260295,0.04396706592759614,0.0531882717582885,-0.025562402731796108,2.0807227049955523,4.161445409991105,0.017715480771797926,0.007958177124877786,5.0521722772058215
evidence_quality,conditional_entry,all,author_net,3,5D,all,0,11,0.7272727272727273,0.6,0.31267376973365824,0.8318196702937638,0.03545654320657805,0.022344900105152554,0.06279138463102324,-0.037436367258609105,1.6772830600058646,4.472754826682306,0.022066221320027578,0.005790828598599473,2.4343878416483413
evidence_quality,conditional_entry,all,author_net,3,60D,all,0,5,0.4,0.2,0.03622410863243014,0.6244653702374747,-0.0679374416753185,-0.07167880948690131,0.045990133317218684,-0.14388915833700996,0.31962194962252055,0.21308129974834705,-0.10857194545617102,-0.1552984522016917,0.05210240194028289
evidence_quality,conditional_entry,all,author_net,3,90D,all,0,5,0.0,0.0,0.0,0.43448246478317476,-0.1523232017218719,-0.14866042889521702,,-0.1523232017218719,,,-0.18323545705833813,-0.2111502586833972,
evidence_quality,conditional_entry,all,author_net,30,1D,all,0,26,0.6153846153846154,0.5,0.3206059352575905,0.6793940647424095,-0.00632221746798666,0.003184252707472246,0.017100542529391416,-0.04379863346379158,0.390435526796252,0.6246968428740032,-0.007391915957173747,0.00023169913126019903,0.5638769062491257
evidence_quality,conditional_entry,all,author_net,30,20D,all,0,12,0.5833333333333334,0.5833333333333334,0.31951131254954973,0.8067396863412435,0.06378490143396662,0.028168901851734596,0.19104096385603753,-0.11437358595693266,1.670324159705668,2.338453823587935,0.03891308137849941,0.007431134312099963,1.7197998309146652
evidence_quality,conditional_entry,all,author_net,30,5D,all,0,12,0.6666666666666666,0.5,0.2537815976337061,0.7462184023662939,0.034130041145211294,0.022388927263006897,0.09815006378998367,-0.09391000414433345,1.0451502444737786,2.090300488947557,0.028436176382412442,0.0037346758793579404,2.055005399350639
evidence_quality,conditional_entry,all,author_net,30,60D,all,0,8,0.125,0.0,0.0,0.32440756488388023,-0.14960244153647195,-0.07542722221497417,0.021111085076970015,-0.17399008819553505,0.121334986928938,0.017333569561276855,-0.18046721269794413,-0.09781328546190438,
evidence_quality,conditional_entry,all,author_net,30,90D,all,0,7,0.0,0.0,5.551115123125783e-17,0.35433043506668743,-0.27999653994452506,-0.16352975242507606,,-0.27999653994452506,,,-0.27212075941392094,-0.1494561990397958,
evidence_quality,conditional_entry,all,author_net,7,1D,all,0,34,0.35294117647058826,0.30303030303030304,0.17375531424053606,0.47338135145800575,-0.014693654624893086,-0.006824821894123534,0.0167994525497506,-0.03187171308378964,0.5270960022006165,0.2875069102912453,-0.014253484618342069,-0.006119934824002415,0.2786630744296999
evidence_quality,conditional_entry,all,author_net,7,20D,all,0,11,0.5454545454545454,0.45454545454545453,0.21271271622459764,0.719908462590678,0.014350058635958922,0.04320626069026923,0.07899815271080175,-0.06322765425385249,1.249424063616726,1.4993088763400715,-0.007598388770047613,-0.006030648217795309,0.753736362920011
evidence_quality,conditional_entry,all,author_net,7,5D,all,0,13,0.5384615384615384,0.4166666666666667,0.19326031365875665,0.6804886874504503,0.001301574639759918,0.008596156667155519,0.053272235276542804,-0.059330862769820115,0.8978840486985272,1.047531390148282,-0.010032981895050372,-0.010522803426247562,0.6673535843594467
evidence_quality,conditional_entry,all,author_net,7,60D,all,0,7,0.2857142857142857,0.0,5.551115123125783e-17,0.35433043506668743,-0.14734720958452532,-0.14676149053720466,0.016626526349194815,-0.2129367039580133,0.07808201235458787,0.031232804941835147,-0.1836500736322244,-0.20131108836177003,
evidence_quality,conditional_entry,all,author_net,7,90D,all,0,5,0.0,0.0,0.0,0.43448246478317476,-0.21913280621927464,-0.15153164744890368,,-0.21913280621927464,,,-0.22016479398843752,-0.12240134521389268,
evidence_quality,conditional_entry,all,author_net,90,1D,all,0,26,0.5384615384615384,0.46153846153846156,0.2875585353039122,0.6454206125314121,0.002806926895460633,0.0005728266612106125,0.023255287214737335,-0.021049493477028853,1.1047908226445282,1.2889226264186162,0.002732711459598102,-0.00103591170920464,1.2829092867656116
evidence_quality,conditional_entry,all,author_net,90,20D,all,0,15,0.5333333333333333,0.5333333333333333,0.30116980025498397,0.7519046463426261,0.041285245771541475,0.013131543013199964,0.19011209586613098,-0.1288025829079894,1.4759959899401882,1.6868525599316435,0.017894192261154036,0.008587091215273679,1.280823414147913
evidence_quality,conditional_entry,all,author_net,90,5D,all,0,16,0.5,0.3125,0.14164643854782039,0.5559564416525933,-0.009768538317636584,-0.00670280263604589,0.05119204439985335,-0.07072912103512652,0.7237760578762122,0.7237760578762122,-0.012179717202821287,-0.008817545272103877,0.6085565743554333
evidence_quality,conditional_entry,all,author_net,90,60D,all,0,13,0.23076923076923078,0.15384615384615385,0.043258178358081184,0.4223463101948254,-0.13246163577139325,-0.1355703975008079,0.10039471325093197,-0.2023185404780908,0.49622102360808484,0.14886630708242546,-0.13172557931637074,-0.09867823291496802,0.14473162772980488
evidence_quality,conditional_entry,all,author_net,90,90D,all,0,10,0.1,0.1,0.017876213095072896,0.4041500267952385,-0.17838349363131503,-0.13766816773635215,0.023357189329863193,-0.20079912507144593,0.11632117082956671,0.012924574536618522,-0.17963946604774955,-0.1259908657303126,0.05222090145588169
evidence_quality,conditional_entry,all,author_net_shift,1,1D,all,0,5,0.4,0.3333333333333333,0.06149194472039621,0.7923403991979522,0.0013665308824390987,-0.008611410118406937,0.025886458730688566,-0.014980087683060547,1.7280578911404452,1.1520385940936302,0.008277054953671778,-0.009152760567987972,2.1210596051337607
evidence_quality,conditional_entry,all,author_net_shift,1,5D,all,0,4,0.75,1.0,0.20654931437723745,1.0,0.04598694046423185,0.08562073730050102,0.09811831311880366,-0.11040717749948359,0.8886950589717103,2.6660851769151312,0.07396810057749803,0.07396810057749803,
evidence_quality,conditional_entry,all,author_net_shift,3,1D,all,0,10,0.6,0.5714285714285714,0.2504583645276572,0.8417801447485302,0.007955847689625983,0.0014282055216802148,0.02343890279382434,-0.015268734966671554,1.5350913382795988,2.3026370074193983,0.016931938528220756,0.006547019893017203,5.556798456915964
evidence_quality,conditional_entry,all,author_net_shift,3,5D,all,0,5,0.6,0.5,0.09453120573423074,0.9054687942657693,-0.0030784773819102496,0.03932309498190345,0.042929579769917216,-0.07209056310965145,0.5954951372015268,0.8932427058022903,-0.01394546065628166,-0.01394546065628166,0.6229331144803241
evidence_quality,conditional_entry,all,author_net_shift,30,1D,all,0,30,0.6,0.5666666666666667,0.3919730700081361,0.7262251442353347,0.012054945533538919,0.0067412831546058705,0.03223210999405397,-0.01821080115723366,1.769944645255258,2.654916967882887,0.009523852964241223,0.0023523730186777447,2.3504390490889433
evidence_quality,conditional_entry,all,author_net_shift,30,20D,all,0,23,0.6086956521739131,0.5217391304347826,0.32962737336427406,0.7076284258335335,0.06240596957193987,0.03711247901510906,0.1631759451152732,-0.09434732571768975,1.7295237980940286,2.690370352590711,0.05633556673861831,0.03470386054027552,2.5786533922191466
evidence_quality,conditional_entry,all,author_net_shift,30,5D,all,0,28,0.5,0.4444444444444444,0.27585858177023004,0.6268697548677552,0.009654804112755282,0.00024598931321390127,0.06573726170208681,-0.04642765347657625,1.4159074771085012,1.4159074771085012,0.008053954711060293,-0.003956477021987315,1.4544217793896888
evidence_quality,conditional_entry,all,author_net_shift,30,60D,all,0,17,0.47058823529411764,0.35294117647058826,0.17309720397243744,0.5869963651478132,0.00014660740334207338,-0.004915746933566556,0.09930622668005573,-0.08799527639818118,1.1285404256325324,1.0031470450066955,-0.012798306797663354,-0.009076950336414757,0.7502712471575663
evidence_quality,conditional_entry,all,author_net_shift,30,90D,all,0,9,0.6666666666666666,0.5555555555555556,0.26665129349549305,0.8112214789023355,0.03080592256833529,0.08786897643750147,0.11684470257557485,-0.14127163744614382,0.8270924347438026,1.6541848694876051,0.01224175239815966,0.053071033748302465,1.201703733253902
evidence_quality,conditional_entry,all,author_net_shift,7,1D,all,0,12,0.3333333333333333,0.36363636363636365,0.15166471095367573,0.6461988254921511,-0.027762330693012916,-0.01641520074884062,0.015753529844790115,-0.049520260961914433,0.31812291653523406,0.15906145826761703,-0.022403440068404498,-0.008350301464178034,0.16754645787738134
evidence_quality,conditional_entry,all,author_net_shift,7,20D,all,0,6,0.3333333333333333,0.3333333333333333,0.09677141110578041,0.700006684861608,-0.025611366105151412,-0.06884196936032205,0.19637522251651707,-0.13660466041598565,1.437544091969625,0.7187720459848125,-0.023351699785146045,-0.0580667425447321,0.7344479966693604
evidence_quality,conditional_entry,all,author_net_shift,7,5D,all,0,9,0.2222222222222222,0.42857142857142855,0.15821985525146975,0.7495416354723428,-0.06730269268408069,-0.06273789649415695,0.015715605833078905,-0.09102220654612629,0.17265683210080043,0.04933052345737155,-0.0443896894560007,-0.037736465764479976,0.1064898021496827
evidence_quality,conditional_entry,all,author_net_shift,7,60D,all,0,3,0.3333333333333333,0.3333333333333333,0.06149194472039621,0.7923403991979522,-0.015915377549814647,-0.010509952350376883,0.03444262918783425,-0.041094380918639095,0.8381347624149796,0.4190673812074898,-0.05118899754282539,-0.045036116709305185,0.23684121920361048
evidence_quality,conditional_entry,all,author_net_shift,7,90D,all,0,3,0.3333333333333333,0.3333333333333333,0.06149194472039621,0.7923403991979522,-0.04543848925797608,-0.0931702206752053,0.09238412819192976,-0.11434979798292899,0.8079081014705559,0.40395405073527796,-0.07758141856597105,-0.12114780264487501,0.2995918941940844
evidence_quality,conditional_entry,all,author_net_shift,90,1D,all,0,15,0.4666666666666667,0.4666666666666667,0.24809535365737387,0.698830199745016,-0.006535142793169498,-0.005432877672625347,0.021641787835600685,-0.031189957093343407,0.6938703945899143,0.6071365952661749,-0.00510226058466916,-0.0007916257875555388,0.6338518297338921
evidence_quality,conditional_entry,all,author_net_shift,90,20D,all,0,10,0.6,0.5,0.236593090512564,0.7634069094874361,0.00895891642253136,0.02302757188656257,0.1293773809063999,-0.17166878030327146,0.7536453668386341,1.1304680502579512,-0.01810820720432913,-0.0024933522927834684,0.7471318625492652
evidence_quality,conditional_entry,all,author_net_shift,90,5D,all,0,14,0.5,0.46153846153846156,0.23206067809538303,0.7085620428549398,-0.024851299941759934,-0.002629148645170276,0.03852896942037149,-0.08823156930389135,0.4366800876868481,0.4366800876868481,-0.018576606913039313,-0.010516389495706102,0.4507366347922579
evidence_quality,conditional_entry,all,author_net_shift,90,60D,all,0,7,0.42857142857142855,0.2857142857142857,0.08221892400405678,0.6410655481673808,-0.06389157212528329,-0.06170959624292749,0.07955028995011677,-0.17147296868183334,0.4639232093643965,0.3479424070232974,-0.07981103906470126,-0.10878529520162838,0.3900367071813227
evidence_quality,conditional_entry,all,author_net_shift,90,90D,all,0,3,0.6666666666666666,0.6666666666666666,0.2076596008020477,0.9385080552796037,0.06992699910425744,0.023357189329863193,0.1270432700508159,-0.04430554278885945,2.8674351346116604,5.734870269223321,0.09271841653079071,0.09897807272260772,2.933272749402485
evidence_quality,conditional_entry,all,high_low_divergence,1,1D,all,0,5,0.2,0.5,0.15003898915214947,0.8499610108478506,-0.005825729141742553,-0.0070336391437308965,0.003505864354921062,-0.008158627515908456,0.4297125157491256,0.1074281289372814,-0.0021866109434941494,-0.00250681154928023,0.2471299518769598
evidence_quality,conditional_entry,all,high_low_divergence,1,5D,all,0,2,0.0,,,,-0.02776195234399137,-0.02776195234399137,,-0.02776195234399137,,,,,
evidence_quality,conditional_entry,all,high_low_divergence,3,1D,all,0,11,0.2727272727272727,0.3,0.10779126740630099,0.6032218525388546,-0.009257955846514837,-0.008313990293310702,0.03690478998923633,-0.026568985534921527,1.38901765521795,0.5208816207067313,-0.007631914163121534,-0.005338547207847266,0.5903524296107675
evidence_quality,conditional_entry,all,high_low_divergence,3,20D,all,0,2,0.0,0.0,0.0,0.7934506856227626,-0.05594695224050661,-0.05594695224050661,,-0.05594695224050661,,,-0.018868346896646848,-0.018868346896646848,
evidence_quality,conditional_entry,all,high_low_divergence,3,5D,all,0,3,0.3333333333333333,0.5,0.09453120573423074,0.9054687942657693,-0.014791679950955391,-0.023741554857740987,0.03737971872686885,-0.04087737928986751,0.9144353032469074,0.4572176516234537,0.01284044228857767,0.01284044228857767,2.190268161776102
evidence_quality,conditional_entry,all,high_low_divergence,30,1D,all,0,19,0.42105263157894735,0.42105263157894735,0.23141891282454238,0.6372409646574496,-0.00640355578255495,-0.004413167938931206,0.020668169338039277,-0.026092083142987114,0.7921241560045524,0.5760902952760381,-0.006501782650981634,-0.0017577460714957027,0.55054193218627
evidence_quality,conditional_entry,all,high_low_divergence,30,20D,all,0,10,0.4,0.5555555555555556,0.26665129349549305,0.8112214789023355,-0.02774363566685343,-0.02316195474050492,0.09070061873450319,-0.10670647193442451,0.850001101997285,0.5666674013315233,-0.0011250848879180955,0.008006651852227376,0.9803981314896236
evidence_quality,conditional_entry,all,high_low_divergence,30,5D,all,0,12,0.3333333333333333,0.3333333333333333,0.13812009109121315,0.6093779111272004,-0.009275749704935832,-0.01589464825618475,0.048133034530041696,-0.037980141822424596,1.2673210846627891,0.6336605423313946,-0.0063932244814806265,-0.013357783986638838,0.7056369155109037
evidence_quality,conditional_entry,all,high_low_divergence,30,60D,all,0,7,0.5714285714285714,0.7142857142857143,0.35893445183261935,0.9177810759959433,-0.00025878758022144865,0.0666049525572785,0.12971635253817182,-0.1735589744047458,0.7473906375804492,0.9965208501072655,0.025696080588897625,0.07514191422176553,1.3148588871090026
evidence_quality,conditional_entry,all,high_low_divergence,30,90D,all,0,4,0.75,0.75,0.30064184258240184,0.9544127391902995,0.00452510247677404,0.12095246299338497,0.15667778517030928,-0.4519329456038317,0.3466836987530765,1.0400510962592295,0.0020902281259464472,0.1232573895282183,1.0154975210154427
evidence_quality,conditional_entry,all,high_low_divergence,7,1D,all,0,16,0.4375,0.4375,0.23098652405492354,0.6682144360118811,-0.002267731928607443,-0.005317027648873984,0.030438921374647494,-0.027706240053361284,1.098630536515354,0.8544904172897198,-0.0014727557696577742,-0.002282690301539436,0.8991468847746872
evidence_quality,conditional_entry,all,high_low_divergence,7,20D,all,0,7,0.2857142857142857,0.3333333333333333,0.09677141110578041,0.700006684861608,0.0031882340438794676,-0.04156839622641517,0.16105861844443103,-0.05995991971634116,2.686104638004326,1.0744418552017305,0.004697590566609548,-0.03412630311555592,1.1129701845452018
evidence_quality,conditional_entry,all,high_low_divergence,7,5D,all,0,10,0.6,0.6,0.31267376973365824,0.8318196702937638,0.059266822886958115,0.0298623094160107,0.11899431762996458,-0.03032441922755158,3.9240427569953593,5.886064135493038,0.05139597026303083,0.021834581775473705,5.712262065611927
evidence_quality,conditional_entry,all,high_low_divergence,7,60D,all,0,3,0.0,0.0,5.551115123125783e-17,0.5614970317550454,-0.22073119467457566,-0.2098363987399654,,-0.22073119467457566,,,-0.19105902315422738,-0.18152043849544985,
evidence_quality,conditional_entry,all,high_low_divergence,7,90D,all,0,3,0.0,0.0,5.551115123125783e-17,0.5614970317550454,-0.12195461427508598,-0.126968803983335,,-0.12195461427508598,,,-0.11009249777576202,-0.09472526672676307,
evidence_quality,conditional_entry,all,high_low_divergence,90,1D,all,0,9,0.3333333333333333,0.3333333333333333,0.1205838183869109,0.6457978644196036,-0.0059430129161696715,-0.008313990293310702,0.035660392301829456,-0.026744715525169233,1.3333621839525551,0.6666810919762775,-0.005610580498480277,-0.005603963193039796,0.6783035315604322
evidence_quality,conditional_entry,all,high_low_divergence,90,20D,all,0,4,0.75,1.0,0.5101091635454027,1.0,0.1774357131684365,0.13942045681943366,0.2487693924141192,-0.0365653245686115,6.803423608269252,20.410270824807753,0.1793852596637345,0.1505852642429411,
evidence_quality,conditional_entry,all,high_low_divergence,90,5D,all,0,6,0.8333333333333334,0.8333333333333334,0.43649717781352987,0.9699466302516935,0.00849719788922428,0.01597706839743257,0.0232021232755212,-0.06502742904226033,0.35680517617331137,1.784025880866557,0.013100160405305502,0.021064977210556446,2.3213415287686145
evidence_quality,conditional_entry,all,high_low_divergence,90,60D,all,0,2,1.0,1.0,0.34238022750665303,1.0,0.3540033921932505,0.3540033921932505,0.3540033921932505,,,,0.32995151235788023,0.32995151235788023,
evidence_quality,conditional_entry,all,high_low_divergence,90,90D,all,0,2,1.0,1.0,0.34238022750665303,1.0,0.21700990655339886,0.21700990655339886,0.21700990655339886,,,,0.2521657250079672,0.2521657250079672,
evidence_quality,conditional_entry,all,weighted_net,1,1D,all,0,27,0.4444444444444444,0.46153846153846156,0.2875585353039122,0.6454206125314121,-0.009411360925957053,-0.005364207204146654,0.0179798569072612,-0.03132433519253165,0.5739900558702985,0.45919204469623875,-0.007392141986241496,-0.004691264637392389,0.519732126975293
evidence_quality,conditional_entry,all,weighted_net,1,20D,all,0,6,0.6666666666666666,0.6666666666666666,0.299993315138392,0.9032285888942195,0.020926373862482417,0.022386683535145835,0.042398080562063345,-0.02201703953667944,1.925693983127476,3.851387966254952,0.013387031788587614,0.009564740317076992,2.449469001744269
evidence_quality,conditional_entry,all,weighted_net,1,5D,all,0,9,0.4444444444444444,0.42857142857142855,0.15821985525146975,0.7495416354723428,0.002213168083387821,-0.0015716893125127251,0.05505896708800087,-0.04006347112030262,1.374293478532346,1.0994347828258768,0.007015377478299627,-0.0042842137520895385,1.352787106235977
evidence_quality,conditional_entry,all,weighted_net,1,60D,all,0,4,0.5,0.5,0.15003898915214947,0.8499610108478506,-0.04817272813452242,-0.037946154489868655,0.08364887649301944,-0.17999433276206428,0.46473061239986624,0.46473061239986624,-0.06539334447464148,-0.06272973703057311,0.3265524277920761
evidence_quality,conditional_entry,all,weighted_net,1,90D,all,0,4,0.25,0.25,0.04558726080970055,0.6993581574175981,-0.09998776503678941,-0.17554098205075885,0.1629663330300274,-0.1876391310590617,0.8685093141831475,0.28950310472771584,-0.12071032413762947,-0.17261612158012474,0.19990652901491057
evidence_quality,conditional_entry,all,weighted_net,3,1D,all,0,42,0.40476190476190477,0.38095238095238093,0.24999725763955144,0.5318595973284732,-0.011413846306673584,-0.004840805403472814,0.02219639770692019,-0.03426881223591735,0.6477142409872032,0.4404456838712982,-0.01134249446188588,-0.00416786283671855,0.42748238218733403
evidence_quality,conditional_entry,all,weighted_net,3,20D,all,0,6,0.6666666666666666,0.6666666666666666,0.299993315138392,0.9032285888942195,0.08579703062783846,0.045196496800198105,0.14147674730765575,-0.025562402731796108,5.534563741603138,11.069127483206277,0.08589811215093623,0.026192708318964253,20.648010302743515
evidence_quality,conditional_entry,all,weighted_net,3,5D,all,0,10,0.7,0.6,0.31267376973365824,0.8318196702937638,0.06269067601557521,0.019357227606443872,0.10560226599022562,-0.037436367258609105,2.820847045887997,6.5819764404053265,0.05419495402885098,0.005790828598599473,4.522876980623771
evidence_quality,conditional_entry,all,weighted_net,3,60D,all,0,4,0.25,0.25,0.04558726080970055,0.6993581574175981,-0.09019957336339063,-0.10922015001205299,0.07086918155746735,-0.14388915833700996,0.49252620820452025,0.1641754027348401,-0.12868995037706832,-0.1557439081697669,0.054790754690612724
evidence_quality,conditional_entry,all,weighted_net,3,90D,all,0,4,0.0,0.0,0.0,0.4898908364545973,-0.17461169211695943,-0.17554098205075885,,-0.17461169211695943,,,-0.20365784235104178,-0.216990578314877,
evidence_quality,conditional_entry,all,weighted_net,30,1D,all,0,29,0.5862068965517241,0.5172413793103449,0.34431021881994717,0.6861390984731652,-0.002270950770707997,0.004348497891971892,0.020267125188878337,-0.034199891713455305,0.5926078760332629,0.8395278243804558,-0.0036435484047044886,0.0017400904837483466,0.7389511661910995
evidence_quality,conditional_entry,all,weighted_net,30,20D,all,0,11,0.5454545454545454,0.45454545454545453,0.21271271622459764,0.719908462590678,0.08342966434953061,0.018322212055613685,0.22099840276344174,-0.08165282174716271,2.7065617333808927,3.247874080057071,0.06353404283359518,-0.006284428058893399,2.3980597726649546
evidence_quality,conditional_entry,all,weighted_net,30,5D,all,0,13,0.6153846153846154,0.5384615384615384,0.29143795714506004,0.7679393219046169,0.020115819522145695,0.017679025933823977,0.0637746149751383,-0.04973825320264247,1.2822045582362773,2.0515272931780437,0.015020822424889172,0.016467640773887293,1.9133934765122167
evidence_quality,conditional_entry,all,weighted_net,30,60D,all,0,8,0.25,0.375,0.13684428582359742,0.6942576053973727,-0.06014984158301022,-0.02308078187277074,0.1429199340552555,-0.12783976679576545,1.1179614734715673,0.3726538244905224,-0.06020458025759021,-0.07917457079091067,0.4876506031876848
evidence_quality,conditional_entry,all,weighted_net,30,90D,all,0,6,0.3333333333333333,0.3333333333333333,0.09677141110578041,0.700006684861608,-0.17852673312727463,-0.1525438533222217,0.12095246299338497,-0.3282663311876044,0.36845832637115794,0.18422916318557897,-0.17994575937344492,-0.15731649206716453,0.18588203998881495
evidence_quality,conditional_entry,all,weighted_net,7,1D,all,0,43,0.3953488372093023,0.32558139534883723,0.20493297126568708,0.47483789032470525,-0.012865259129392325,-0.004317403602798975,0.016247363016058388,-0.03190043514757164,0.5093147770836972,0.33301350809318664,-0.012950953029442512,-0.00564599266351129,0.3169233565356588
evidence_quality,conditional_entry,all,weighted_net,7,20D,all,0,10,0.6,0.5,0.236593090512564,0.7634069094874361,0.03216403082551861,0.05411174801234697,0.0823797134057187,-0.04315949304478153,1.908727549701359,2.8630913245520384,0.006497975351010821,0.010824336266494206,1.3061562930590138
evidence_quality,conditional_entry,all,weighted_net,7,5D,all,0,11,0.5454545454545454,0.45454545454545453,0.21271271622459764,0.719908462590678,0.009649097376284055,0.008596156667155519,0.05039135810292265,-0.03924161549568226,1.2841305707321655,1.5409566848785987,-0.0010857652023708335,-0.008140477703195259,0.9480691656516119
evidence_quality,conditional_entry,all,weighted_net,7,60D,all,0,6,0.16666666666666666,0.0,2.7755575615628914e-17,0.3903342879021653,-0.17542359202810784,-0.17999433276206428,0.012141967621419614,-0.2129367039580133,0.05702148758634752,0.011404297517269504,-0.20957509827549817,-0.21721102583552748,
evidence_quality,conditional_entry,all,weighted_net,7,90D,all,0,4,0.0,0.0,0.0,0.4898908364545973,-0.25812369773871285,-0.17697659132760218,,-0.25812369773871285,,,-0.249819513513666,-0.17261612158012474,
evidence_quality,conditional_entry,all,weighted_net,90,1D,all,0,17,0.4117647058823529,0.29411764705882354,0.1327998961029523,0.5313311006653985,0.0027123052490940686,-0.0014230534661515692,0.020767952689342808,-0.009926647959080048,2.092141554223857,1.4644990879566997,0.002096874766505957,-0.0032166358109676496,1.3627272878234056
evidence_quality,conditional_entry,all,weighted_net,90,20D,all,0,4,0.5,0.5,0.15003898915214947,0.8499610108478506,0.011160905810799288,-0.01374724660359894,0.07422630168938682,-0.051904490067788245,1.4300555037232014,1.4300555037232014,-0.01062505856356491,-0.0019693502618818304,0.6187981656746506
evidence_quality,conditional_entry,all,weighted_net,90,5D,all,0,7,0.5714285714285714,0.42857142857142855,0.15821985525146975,0.7495416354723428,0.020635177106392146,0.006573541495480506,0.06930634530645122,-0.04425971382701995,1.565901342636803,2.087868456849071,0.012176569099176178,-0.012905129149299865,1.6294756447874506
evidence_quality,conditional_entry,all,weighted_net,90,60D,all,0,3,0.0,0.0,5.551115123125783e-17,0.5614970317550454,-0.19303576642201534,-0.22886101908818424,,-0.19303576642201534,,,-0.23432146736544077,-0.2039210134936138,
evidence_quality,conditional_entry,all,weighted_net,90,90D,all,0,2,0.0,0.0,0.0,0.6576197724933469,-0.3771033914059538,-0.3771033914059538,,-0.3771033914059538,,,-0.4227481578819315,-0.4227481578819315,
evidence_quality,has_audit_flags,all,author_net,1,1D,all,0,157,0.4840764331210191,0.487012987012987,0.40935240799808725,0.5653057076206747,-0.0022201589597192223,-0.0027132847918670544,0.027080990904331404,-0.029712595869198825,0.9114313344935493,0.8551701410062931,-0.0019508374188040437,-0.0007881442551651019,0.8595176986573289
evidence_quality,has_audit_flags,all,author_net,1,20D,all,0,115,0.4260869565217391,0.42105263157894735,0.3344461555763685,0.5128062445539749,0.008026592586647,-0.023574561403508887,0.1753833883106337,-0.11622314969328251,1.509022847629559,1.1203351444522482,0.005162989610657788,-0.017059580974505772,1.0813831201309794
evidence_quality,has_audit_flags,all,author_net,1,5D,all,0,133,0.40601503759398494,0.36220472440944884,0.2837954420708089,0.4487052475770787,-0.008604378447549698,-0.016558102530953245,0.08026678527154558,-0.06935175617958951,1.1573864843983346,0.7911249387026591,-0.005805387424549288,-0.01579321513863774,0.8372898810709524
evidence_quality,has_audit_flags,all,author_net,1,60D,all,0,60,0.4166666666666667,0.38333333333333336,0.27088272374082023,0.5098240417590008,0.10692302595516226,-0.022973246163860928,0.4362339732242528,-0.12829907923704528,3.400133312089226,2.428666651492304,0.08839619396430393,-0.02642144402685015,2.1889457064314217
evidence_quality,has_audit_flags,all,author_net,1,90D,all,0,52,0.5576923076923077,0.5,0.36885862959780547,0.6311413704021945,0.1924970486643461,0.030708625986117455,0.4621075731864233,-0.14744665616783817,3.134066144303791,3.951648616730866,0.15869676017157322,0.0021904640099631445,3.1236031002227604
evidence_quality,has_audit_flags,all,author_net,3,1D,all,0,303,0.47854785478547857,0.45695364238410596,0.4016633949669555,0.5133252396666406,-0.0018858061336384986,-0.0017338813254560437,0.024199585218561068,-0.025824931108758355,0.9370629147720723,0.8599628015313322,-0.0023865711724177104,-0.0015998462668723734,0.808298641644594
evidence_quality,has_audit_flags,all,author_net,3,20D,all,0,245,0.4775510204081633,0.4672131147540984,0.4056043791236664,0.529838221657765,0.015386124952472604,-0.0045426642111725535,0.14481697082299963,-0.10292175760105601,1.407058859063963,1.2861397383631537,0.009493590915523412,-0.0026690602614091175,1.1828491030712056
evidence_quality,has_audit_flags,all,author_net,3,5D,all,0,265,0.5018867924528302,0.48484848484848486,0.4252132550800322,0.5449183293459785,0.0030362991246785003,0.0006279849944637039,0.07271294034640849,-0.06716819543964035,1.0825501544365717,1.090751291970182,0.001376944315065514,-0.0019100485088718866,1.0444861259716838
evidence_quality,has_audit_flags,all,author_net,3,60D,all,0,145,0.4689655172413793,0.3724137931034483,0.29797004755959333,0.4534432999501684,0.09213934094890541,-0.010509952350376883,0.3278475100594549,-0.1160185226811902,2.825820416282615,2.495529718275556,0.06695411177257997,-0.01635586381926002,1.9731697773895116
evidence_quality,has_audit_flags,all,author_net,3,90D,all,0,116,0.5603448275862069,0.5086206896551724,0.41883837571114535,0.5978503396940331,0.20226723490966572,0.02461749942131186,0.49497028130376824,-0.17078566735732767,2.8981956680718572,3.6937787926406025,0.16696747122943745,0.008567782182007933,2.9221339403255824
evidence_quality,has_audit_flags,all,author_net,30,1D,all,0,398,0.5226130653266332,0.5188916876574308,0.46979761286945787,0.5676236659676444,-4.93661196455036e-05,0.0010291368677909918,0.022412651210276177,-0.0250346479537773,0.8952652840039035,0.9958030966460533,-0.0004296256676084418,0.0007546725881482086,0.9615083489748174
evidence_quality,has_audit_flags,all,author_net,30,20D,all,0,351,0.4444444444444444,0.44571428571428573,0.39451112386756104,0.4980961468387919,-0.01530962382145507,-0.014306410720753338,0.12091812543904154,-0.12429182322985234,0.9728566392933843,0.7782853114347074,-0.021176736368678773,-0.01139799464993635,0.6926071697466122
evidence_quality,has_audit_flags,all,author_net,30,5D,all,0,373,0.517426273458445,0.5053763440860215,0.454774914557604,0.5558678708672692,0.003565372966238152,0.0019680481592960763,0.06919130985705886,-0.06680021492225295,1.0357947191874883,1.1106021155732515,0.0010065121171694235,0.0022619261244739564,1.0322161176759534
evidence_quality,has_audit_flags,all,author_net,30,60D,all,0,255,0.49019607843137253,0.403921568627451,0.3455538359528507,0.46514109590525043,0.050915864063890516,-0.0012878937982959693,0.29476163264362176,-0.183551221108928,1.6058821666389038,1.5441174679220226,0.02048123543435335,-0.031135522243614044,1.1986413985850035
evidence_quality,has_audit_flags,all,author_net,30,90D,all,0,199,0.5527638190954773,0.49246231155778897,0.42380460687754923,0.5614055172388825,0.09955702735412127,0.038694074969770176,0.38147333128835414,-0.2488788539129081,1.5327671487182506,1.894431307404579,0.06463671228754209,-0.002656799075552385,1.5289850874277127
evidence_quality,has_audit_flags,all,author_net,7,1D,all,0,405,0.454320987654321,0.45409429280397023,0.40614563665408326,0.5029098462673196,-0.0028703826778359548,-0.0022351918539675886,0.02476005475297407,-0.026111210315391736,0.9482538133584254,0.7967064002646131,-0.00314623875914639,-0.001516960315434357,0.7622531809150459
evidence_quality,has_audit_flags,all,author_net,7,20D,all,0,341,0.4838709677419355,0.4780058651026393,0.42552880318285546,0.5309729467769733,0.01221300993606551,-0.004550609975379594,0.1434316049113254,-0.11080442285324063,1.2944573981608942,1.2135538107758383,0.004533650983786673,-0.0038199312046720557,1.079489475580916
evidence_quality,has_audit_flags,all,author_net,7,5D,all,0,370,0.4918918918918919,0.483695652173913,0.43307030813228214,0.534657873555531,0.0013870974195110512,-0.0009326557465396679,0.07039247311678512,-0.06541597905338192,1.0760745942416026,1.0417317880424022,-0.0004198683763211486,-0.0020573617448721437,0.9866016792405666
evidence_quality,has_audit_flags,all,author_net,7,60D,all,0,220,0.5045454545454545,0.42727272727272725,0.36370444168271054,0.4933372334002182,0.11942681536351896,0.002405535434016226,0.36879038465512776,-0.1345122322637157,2.7416865994172332,2.791992775553329,0.08826478150762512,-0.014709385330176517,2.1387838049309016
evidence_quality,has_audit_flags,all,author_net,7,90D,all,0,174,0.5977011494252874,0.5523255813953488,0.47767716238044344,0.624687775448892,0.17794190950757996,0.07580374418628522,0.46172709888887437,-0.24368180043034313,1.8947951717094271,2.815124255111149,0.1404848468045256,0.01975042530936022,2.3348745929231924
evidence_quality,has_audit_flags,all,author_net,90,1D,all,0,387,0.5219638242894057,0.5219638242894057,0.4722254569486737,0.5712704404704358,0.0026241249340538107,0.0012207527975585108,0.025006032756930526,-0.022296587112823986,1.1215184023633908,1.251639321974613,0.002304856666753219,0.0007546725881482086,1.230950542237277
evidence_quality,has_audit_flags,all,author_net,90,20D,all,0,353,0.48158640226628896,0.4475920679886686,0.3965612565002461,0.4997512400289429,0.006366159777681252,-0.004550609975379594,0.1381943980279702,-0.11609723094663088,1.1903332827248674,1.105774087777199,-0.004171726225962279,-0.012992889937759156,0.9338595973802338
evidence_quality,has_audit_flags,all,author_net,90,5D,all,0,366,0.5273224043715847,0.5150684931506849,0.4639077040625722,0.5659154075669354,0.006896189495738008,0.004511780386300734,0.06711510887875441,-0.06028445467144213,1.1133070580888589,1.2420130763650277,0.004073782998359358,0.0023125859365784596,1.1464829831598724
evidence_quality,has_audit_flags,all,author_net,90,60D,all,0,250,0.516,0.42,0.3604822730348509,0.4819390548844201,0.029597572543860536,0.002574704820618723,0.24229909009572062,-0.1971668552593622,1.2289037616235723,1.3101535971028166,-0.0036523662807300596,-0.020939704203961462,0.9672850076957152
evidence_quality,has_audit_flags,all,author_net,90,90D,all,0,184,0.532608695652174,0.483695652173913,0.41256364438913473,0.5554945253159496,0.04695445776875553,0.02463475964009887,0.3105294635515513,-0.2533984557976862,1.225459178802094,1.3964534828209911,0.01276619527189916,-0.01354557252344113,1.0978420698772002
evidence_quality,has_audit_flags,all,author_net_shift,1,1D,all,0,8,0.25,0.16666666666666666,0.030053369748306635,0.5635028221864702,-0.01147670564936816,-0.012521297245653484,0.025886458730688566,-0.023931093776053736,1.081708131393118,0.36056937713103937,-0.01038654191390559,-0.009811270145382578,0.4298337656053272
evidence_quality,has_audit_flags,all,author_net_shift,1,5D,all,0,5,0.8,1.0,0.20654931437723745,1.0,0.062296773067761844,0.08616792249730887,0.1054727607095732,-0.11040717749948359,0.9553071013890065,3.821228405556026,0.07396810057749803,0.07396810057749803,
evidence_quality,has_audit_flags,all,author_net_shift,3,1D,all,0,19,0.7368421052631579,0.75,0.5050168346449122,0.8981793250878696,0.009100767513196165,0.008611410118406937,0.01873310964803749,-0.017869790464359547,1.0483116567818627,2.9352726389892156,0.012548513482906379,0.00999245622394529,4.967292492462588
evidence_quality,has_audit_flags,all,author_net_shift,3,20D,all,0,6,0.3333333333333333,0.3333333333333333,0.09677141110578041,0.700006684861608,-0.08271433112983229,-0.08286993299736606,0.06776708793864628,-0.15795504066407157,0.42902770088084036,0.21451385044042018,-0.08512410795827917,-0.07797659703639459,0.15499685104913224
evidence_quality,has_audit_flags,all,author_net_shift,3,5D,all,0,12,0.3333333333333333,0.25,0.071479212752109,0.5907245696898311,-0.022265129380981324,-0.0389968360400047,0.0407610379942204,-0.05377821306858219,0.7579470508296499,0.37897352541482493,-0.0248926476194036,-0.03312308997737068,0.23237508078722932
evidence_quality,has_audit_flags,all,author_net_shift,3,60D,all,0,1,0.0,0.0,0.0,0.7934506856227626,-0.021319150870494186,-0.021319150870494186,,-0.021319150870494186,,,-0.012164726720390817,-0.012164726720390817,
evidence_quality,has_audit_flags,all,author_net_shift,3,90D,all,0,1,1.0,1.0,0.20654931437723745,1.0,0.0982999227237602,0.0982999227237602,0.0982999227237602,,,,0.08314019633118919,0.08314019633118919,
evidence_quality,has_audit_flags,all,author_net_shift,30,1D,all,0,159,0.5534591194968553,0.5534591194968553,0.4758323313246307,0.6285636874970798,0.0032008778784768394,0.0028299459737586297,0.021350779227780305,-0.019294774498124636,1.1065575930859157,1.3715080026980364,0.001607460298181995,0.0020377517604304174,1.1892126014632545
evidence_quality,has_audit_flags,all,author_net_shift,30,20D,all,0,127,0.48031496062992124,0.52,0.4331350544138638,0.6056723298378032,0.03160545374157441,-0.0016211617791046518,0.16914404382293646,-0.0955135461821087,1.7708906284396757,1.636732247497276,0.03092435738967192,0.0015602480330358937,1.7007578904275649
evidence_quality,has_audit_flags,all,author_net_shift,30,5D,all,0,147,0.5374149659863946,0.5136986301369864,0.4333192080114407,0.5933756735752806,0.00773179421667495,0.003799574832385688,0.06327300746035638,-0.05679402705171967,1.1140785527100696,1.2942971421190514,0.005607287509848179,0.0021960410193532787,1.2419361520763263
evidence_quality,has_audit_flags,all,author_net_shift,30,60D,all,0,84,0.38095238095238093,0.3493975903614458,0.2555612557016784,0.45655781346759094,-0.016235444852998413,-0.02513261770648323,0.3045155164436887,-0.21362065180480586,1.4254966168811116,0.8772286873114533,-0.0302726183867993,-0.01762189198455899,0.755273628638366
evidence_quality,has_audit_flags,all,author_net_shift,30,90D,all,0,62,0.5967741935483871,0.5245901639344263,0.40157156924985693,0.6446951257715474,0.012130792173539077,0.026882928029150266,0.2695434646624243,-0.36883996311001105,0.7307870394240052,1.0815648183475277,-0.00811562193100131,0.0019860091810797176,0.947872849051463
evidence_quality,has_audit_flags,all,author_net_shift,7,1D,all,0,69,0.42028985507246375,0.34328358208955223,0.24089006272762914,0.4626733540965101,-0.011514049000913788,-0.003055095277547659,0.018373558015307597,-0.033182564087674296,0.5537112191439262,0.40144063387934653,-0.011820271065245401,-0.0033142942629522665,0.3219292589825601
evidence_quality,has_audit_flags,all,author_net_shift,7,20D,all,0,51,0.47058823529411764,0.46,0.3296965219222435,0.5960112860084253,-0.0038738800157827854,-0.01577153800659037,0.10362097760118605,-0.09942486456419954,1.0422038597224041,0.9264034308643593,0.00021054710311316116,-0.004505387914230052,1.0046722849576246
evidence_quality,has_audit_flags,all,author_net_shift,7,5D,all,0,66,0.3787878787878788,0.4126984126984127,0.29958465626751724,0.5358468230257742,-0.025837625321086622,-0.014743886794275962,0.05134858185146273,-0.0729023857921533,0.7043470703120601,0.42947992092198783,-0.020477276041258888,-0.007960890681635524,0.45160115095590925
evidence_quality,has_audit_flags,all,author_net_shift,7,60D,all,0,24,0.4166666666666667,0.375,0.21159367559548778,0.5729003755732572,-0.12233667216092027,-0.022017474402125925,0.08547224714964868,-0.2707716145256124,0.31566177015783103,0.22547269296987935,-0.11095343015097303,-0.02556360979997835,0.21556373753298794
evidence_quality,has_audit_flags,all,author_net_shift,7,90D,all,0,14,0.21428571428571427,0.2857142857142857,0.11721378644576919,0.5464908432989318,-0.13816005825855937,-0.060486717283313784,0.11433725908383681,-0.20702296298830378,0.5522926415186925,0.15062526586873431,-0.1308826683781423,-0.09414857676778599,0.14278810644028755
evidence_quality,has_audit_flags,all,author_net_shift,90,1D,all,0,133,0.46616541353383456,0.45112781954887216,0.3691156362217848,0.5358839149958461,-0.0027136699917250785,-0.0020691353969948256,0.02263311447033868,-0.024847481775499065,0.9108816207144231,0.7954177532999187,-0.002429215646166285,-0.0017247833851001815,0.7976997909097787
evidence_quality,has_audit_flags,all,author_net_shift,90,20D,all,0,109,0.5321100917431193,0.5688073394495413,0.4750589400331782,0.657870925964346,0.021118154366526545,0.00956899453429294,0.1705156184341039,-0.14878484398483593,1.1460550272948684,1.3033566977078896,0.020554948076877237,0.009741556152790931,1.3227146515254857
evidence_quality,has_audit_flags,all,author_net_shift,90,5D,all,0,125,0.488,0.49193548387096775,0.40551606493135967,0.5788395578967157,-0.003075947095443274,-0.0008498464386385018,0.0697593107964569,-0.07249705227366064,0.9622365131913315,0.9171316766354879,-0.0007270362380142596,-0.0008184317131196828,0.9773402580632216
evidence_quality,has_audit_flags,all,author_net_shift,90,60D,all,0,59,0.6271186440677966,0.5932203389830508,0.4659340125533739,0.7091096641280723,0.2129470537414942,0.09974700498549005,0.46009056182377384,-0.20270339166961246,2.269772390260141,3.817344474528419,0.18463092478416665,0.06023002500853436,3.334790563141429
evidence_quality,has_audit_flags,all,author_net_shift,90,90D,all,0,30,0.7333333333333333,0.6333333333333333,0.4551356365479487,0.7812607919389929,0.3694835896275121,0.14734432845186918,0.5588260747286178,-0.15120824440052852,3.695738132164072,10.163279863451198,0.30718925301229033,0.07347923427925351,5.561617712369339
evidence_quality,has_audit_flags,all,high_low_divergence,1,1D,all,0,9,0.2222222222222222,0.375,0.13684428582359742,0.6942576053973727,-0.010870682037073334,-0.008313990293310702,0.0037700624779551384,-0.01505375189851004,0.250440056629888,0.07155430189425371,-0.008995553131614431,-0.005808734054291387,0.16707697676198247
evidence_quality,has_audit_flags,all,high_low_divergence,1,20D,all,0,1,0.0,0.0,0.0,0.7934506856227626,-0.41939302406269774,-0.41939302406269774,,-0.41939302406269774,,,-0.41225706016387886,-0.41225706016387886,
evidence_quality,has_audit_flags,all,high_low_divergence,1,5D,all,0,4,0.25,0.5,0.09453120573423074,0.9054687942657693,-0.07010010675742254,-0.02776195234399137,0.03834367481322032,-0.10624803394763682,0.36088832318645614,0.12029610772881871,-0.11492563348653723,-0.11492563348653723,0.05477725677202202
evidence_quality,has_audit_flags,all,high_low_divergence,3,1D,all,0,39,0.41025641025641024,0.42105263157894735,0.27852501157758713,0.5780765465632945,-0.0031948559850664337,-0.0051978093950753035,0.02894567058758476,-0.025553483166041176,1.1327485337126786,0.7879989799740373,-0.0021036593140370805,-0.002920469303192341,0.8491451302320108
evidence_quality,has_audit_flags,all,high_low_divergence,3,20D,all,0,20,0.45,0.47368421052631576,0.2732980516117956,0.6829219075488682,0.006961541266380639,-0.005977319748418308,0.12384204436264129,-0.08866796126692353,1.396694393252493,1.142749958115676,0.013066783003753383,-0.011418755424061788,1.3207160338463315
evidence_quality,has_audit_flags,all,high_low_divergence,3,5D,all,0,29,0.4482758620689655,0.42857142857142855,0.26508547124123694,0.6092921437253123,-0.007191468234493367,-0.009250419725450154,0.07195535033616708,-0.07149825832315498,1.0063930510159584,0.8176943539504661,-0.002536551045087963,-0.005955190306825897,0.9194062790436307
evidence_quality,has_audit_flags,all,high_low_divergence,3,60D,all,0,9,0.6666666666666666,0.5555555555555556,0.26665129349549305,0.8112214789023355,0.24954511548910677,0.05286521388216303,0.44076192996960567,-0.13288851347189087,3.316779746075175,6.63355949215035,0.22146878679469903,0.049377357890080464,6.097984084465617
evidence_quality,has_audit_flags,all,high_low_divergence,3,90D,all,0,6,1.0,1.0,0.6096657120978346,1.0,0.16826334925964695,0.15299778228072408,0.16826334925964695,,,,0.14087747852670854,0.11251474028970809,
evidence_quality,has_audit_flags,all,high_low_divergence,30,1D,all,0,95,0.43157894736842106,0.43157894736842106,0.3365583329880693,0.5319179101278586,-0.00370406095789125,-0.002561027004246652,0.02268970340183557,-0.02374377093472087,0.9556065657901069,0.7255531332850812,-0.002923181913948259,-0.002694440468219761,0.7494599471571696
evidence_quality,has_audit_flags,all,high_low_divergence,30,20D,all,0,70,0.4,0.4782608695652174,0.36468721213563554,0.5941274512638886,-0.007145191837147967,-0.009377521430101343,0.11559297610300132,-0.08897063713058082,1.299226124832031,0.8661507498880205,0.0009079904328408262,-0.0002488070142654397,1.0194281992201863
evidence_quality,has_audit_flags,all,high_low_divergence,30,5D,all,0,85,0.5176470588235295,0.5,0.3954393376854136,0.6045606623145864,-0.00028802041960539416,0.0010648939946431568,0.04944870783780278,-0.05366402147633612,0.9214499114571176,0.9888730757100775,0.00347870955801858,-7.48204815378406e-05,1.1725181050170148
evidence_quality,has_audit_flags,all,high_low_divergence,30,60D,all,0,58,0.6551724137931034,0.5517241379310345,0.42452083125844636,0.6725014595221879,0.07061877777708837,0.042251441526086675,0.20358347817367864,-0.18201415297643317,1.1185035605447573,2.125156765035039,0.05536564809289673,0.040121161021522855,1.8666893334001273
evidence_quality,has_audit_flags,all,high_low_divergence,30,90D,all,0,45,0.6222222222222222,0.5777777777777777,0.4330078870920313,0.710312975327297,-0.013781864819960814,0.03504770770304866,0.16822291313039991,-0.3135544402676138,0.5365030486789608,0.883652080177112,-0.014936804196104868,0.04874206045530127,0.8754890094232819
evidence_quality,has_audit_flags,all,high_low_divergence,7,1D,all,0,67,0.5373134328358209,0.5074626865671642,0.3906377464811486,0.6234782812891306,0.0024989251228602935,0.0044560606709797,0.02962589973751299,-0.029003367978026707,1.0214641196138987,1.186216396970979,0.002563067846594293,0.0003402806942323089,1.2234636571318793
evidence_quality,has_audit_flags,all,high_low_divergence,7,20D,all,0,44,0.5227272727272727,0.5581395348837209,0.41107614452824104,0.6956669016082949,0.056779977251289686,0.00903831745969319,0.16188595562261868,-0.05833609429826111,2.77505646495508,3.0393475568555637,0.058115514319903215,0.007886825675577969,3.993609587254648
evidence_quality,has_audit_flags,all,high_low_divergence,7,5D,all,0,60,0.5333333333333333,0.5,0.3773502424155577,0.6226497575844423,0.026606003607213723,0.0015727196072756744,0.08778400693232244,-0.04331171447862481,2.0267959370586817,2.3163382137813504,0.02702224716579192,-0.00010798515666027297,2.8347094174726672
evidence_quality,has_audit_flags,all,high_low_divergence,7,60D,all,0,32,0.65625,0.625,0.4525440735307745,0.7706611269054578,0.1815617467683893,0.05117551872063836,0.3652809644399449,-0.16917494151367135,2.159190723943155,4.122091382073296,0.16580107095969654,0.06286282500710821,4.209578378647627
evidence_quality,has_audit_flags,all,high_low_divergence,7,90D,all,0,24,0.625,0.5416666666666666,0.3507486535891948,0.72108666268789,0.17473438564119012,0.11102404870375931,0.34536843719998667,-0.10965570029013742,3.1495712150501816,5.249285358416969,0.14468224092806772,0.07327122236875194,3.735391551268971
evidence_quality,has_audit_flags,all,high_low_divergence,90,1D,all,0,84,0.5833333333333334,0.5714285714285714,0.4647695274572077,0.6718402256264122,-0.0006530440202136398,0.003746312657102513,0.016992858241248222,-0.025357307186260246,0.6701365455104686,0.938191163714656,-0.0009056495285675989,0.002524269900493259,0.9064591636089641
evidence_quality,has_audit_flags,all,high_low_divergence,90,20D,all,0,60,0.5833333333333334,0.55,0.4249193588533434,0.6690634559324476,0.03473640352097928,0.023112608138314672,0.13878832336808966,-0.11093628426497522,1.2510633855068451,1.751488739709583,0.030465963335895258,0.016683811855306208,1.7204854354243844
evidence_quality,has_audit_flags,all,high_low_divergence,90,5D,all,0,75,0.5466666666666666,0.5466666666666666,0.4344837385429269,0.6543020361586779,-0.0016451775031693556,0.006502520640023324,0.04332148615511049,-0.05586968367933035,0.7754023882390046,0.9350440564058585,-0.0007443368880766155,0.0034434708813531056,0.9663134680539405
evidence_quality,has_audit_flags,all,high_low_divergence,90,60D,all,0,52,0.4423076923076923,0.5192307692307693,0.38685682768056057,0.6489588555454449,-0.01300875717387329,-0.026791881237127058,0.201758794798693,-0.183341643221081,1.1004526372407593,0.8727727812599125,-0.003401755028342766,0.005824477731524724,0.9618206512548074
evidence_quality,has_audit_flags,all,high_low_divergence,90,90D,all,0,43,0.7209302325581395,0.7674418604651163,0.6225547970219101,0.8684632152061551,-0.08949811132703551,0.07971745711402622,0.17046986477320092,-0.7610820495859797,0.2239835571814296,0.5786241893853598,-0.055173447363048723,0.10766316086354655,0.7235744701308957
evidence_quality,has_audit_flags,all,weighted_net,1,1D,all,0,186,0.44086021505376344,0.4486486486486487,0.3787495387837907,0.5206369618360729,-0.0034571895761857994,-0.004519126210436986,0.026980829229438945,-0.027456396711389927,0.9826791735656376,0.7748047330036758,-0.0028651873048811706,-0.001927678406716038,0.7944971800671942
evidence_quality,has_audit_flags,all,weighted_net,1,20D,all,0,137,0.4233576642335766,0.4338235294117647,0.3534798001050564,0.5178030072126235,0.004286061957141544,-0.02346760070052545,0.1613410647011957,-0.11102014258912604,1.4532593900397168,1.0669499319278932,0.00018969188071956428,-0.01522437683109612,1.0031555982188913
evidence_quality,has_audit_flags,all,weighted_net,1,5D,all,0,153,0.4117647058823529,0.37583892617449666,0.30211109774696193,0.45580798856975185,-0.011621262208338772,-0.020962882236040814,0.0749819084959461,-0.0722434817013382,1.03790552074897,0.726533864524279,-0.008984484489053472,-0.014206752189495964,0.7573490421816236
evidence_quality,has_audit_flags,all,weighted_net,1,60D,all,0,71,0.4647887323943662,0.4084507042253521,0.30168730269929867,0.5246121815057658,0.09743431913371478,-0.007575386524301675,0.3619669131960428,-0.13229135465725425,2.7361343009438612,2.3761166297670377,0.07316771871891202,-0.021150371022265024,2.0315750526337917
evidence_quality,has_audit_flags,all,weighted_net,1,90D,all,0,58,0.5689655172413793,0.5172413793103449,0.3916226178340948,0.6407181457594501,0.17352708993705226,0.03923523976167986,0.4230274948904623,-0.15581344460144902,2.714961446186578,3.583749108966283,0.13468074353319737,0.013808881811725904,2.6924248636303907
evidence_quality,has_audit_flags,all,weighted_net,3,1D,all,0,358,0.4581005586592179,0.4438202247191011,0.3930826383264307,0.4957572965407419,-0.003226191902154266,-0.002126618206839903,0.023477702655288767,-0.025800618229064872,0.9099666700560184,0.7692501746865309,-0.0032174088019465367,-0.001753145669539713,0.7469110995394161
evidence_quality,has_audit_flags,all,weighted_net,3,20D,all,0,289,0.5051903114186851,0.4965277777777778,0.43921016359081944,0.5539368004900145,0.01700165243233067,0.0004054821182384316,0.13683217854303426,-0.10534280079957647,1.29892292121005,1.3261730524242468,0.01058041205432305,-9.19314761093637e-05,1.211488200441888
evidence_quality,has_audit_flags,all,weighted_net,3,5D,all,0,314,0.4872611464968153,0.49517684887459806,0.4400086051809159,0.550462789497418,0.0015355391225459537,-0.0009326557465396679,0.07145420004906153,-0.0649089026274968,1.1008382079593502,1.0461381727812458,0.0007529532468580841,-0.0004082315101012757,1.0249780708997658
evidence_quality,has_audit_flags,all,weighted_net,3,60D,all,0,175,0.4857142857142857,0.4114285714285714,0.34118512539845625,0.4854769908445089,0.07308432507172793,-0.0030811179277435707,0.2891923668574756,-0.13101771439258936,2.207276841900342,2.0846503506836562,0.05042726693061002,-0.012720394461074314,1.6870469622692787
evidence_quality,has_audit_flags,all,weighted_net,3,90D,all,0,139,0.5971223021582733,0.5539568345323741,0.4709760059366673,0.6340355230958749,0.20145117145976385,0.035504922021900365,0.4349011343481221,-0.14455502353548147,3.0085508183074268,4.45910210570565,0.1663450689185466,0.018663370517862488,3.4129025100519064
evidence_quality,has_audit_flags,all,weighted_net,30,1D,all,0,384,0.5078125,0.5117493472584856,0.46182080305468365,0.5614445419459194,-0.0015838215135974768,0.0004915320947787016,0.024043590987777645,-0.028173870765096126,0.8534003434687655,0.8851758881723898,-0.001631009227437356,0.0004718546449276051,0.8734630473885193
evidence_quality,has_audit_flags,all,weighted_net,30,20D,all,0,331,0.4773413897280967,0.459214501510574,0.40630402070762067,0.5130608031851746,-0.008033739721206332,-0.00504959422903517,0.12241855668212166,-0.1271751433728007,0.9625981417081199,0.8791358750860286,-0.014473408990352252,-0.012457859599461552,0.7841032692774904
evidence_quality,has_audit_flags,all,weighted_net,30,5D,all,0,357,0.49019607843137253,0.48732394366197185,0.4357431970419811,0.5391760889580876,-0.0001536138058559153,-0.0010804597701148388,0.06616276889904053,-0.06391936640671789,1.035097383131865,0.9952859453191011,-0.0009179753358323356,-0.0017622293043249027,0.9696863780803987
evidence_quality,has_audit_flags,all,weighted_net,30,60D,all,0,247,0.4898785425101215,0.4331983805668016,0.37289212719453896,0.4955506726713756,0.03227479870521606,-0.004961800828702567,0.27050286452998795,-0.19649977244396966,1.3766065027231504,1.321979260551597,0.005170723634672848,-0.03705409530972037,1.046739977657085
evidence_quality,has_audit_flags,all,weighted_net,30,90D,all,0,187,0.5561497326203209,0.49732620320855614,0.4264425621421027,0.5683174862971645,0.08168899661408652,0.035504922021900365,0.36660553453884026,-0.2753148581350025,1.3315864498641508,1.66849386489002,0.05298453864461287,-0.0009311302822051504,1.4012064327381093
evidence_quality,has_audit_flags,all,weighted_net,7,1D,all,0,430,0.4720930232558139,0.46386946386946387,0.4172086144675725,0.5111716287640681,-0.0015761238958365803,-0.0013872861070953202,0.02509628402855077,-0.025541057225688214,0.9825859519749985,0.8825882665970121,-0.0018273275094787364,-0.0009367457592183159,0.8540758114694902
evidence_quality,has_audit_flags,all,weighted_net,7,20D,all,0,362,0.5082872928176796,0.4889502762430939,0.4378431061044471,0.540289498041107,0.011780830868672177,0.004495118511615215,0.13550965370714857,-0.11611862644750567,1.1669932538205583,1.2063301050729367,0.00405324329471527,-0.001414050854978477,1.0716984944978905
evidence_quality,has_audit_flags,all,weighted_net,7,5D,all,0,387,0.4935400516795866,0.4948186528497409,0.44523894155093896,0.5445004771037616,0.004316388492717405,-0.0013195639701665263,0.07342404422150273,-0.06302831683482339,1.1649374108136688,1.1352196197214832,0.002912173047769372,-0.0006392495211988702,1.0990840509200048
evidence_quality,has_audit_flags,all,weighted_net,7,60D,all,0,246,0.5203252032520326,0.44308943089430897,0.3823620006380301,0.5055669278425909,0.1120111867028337,0.009507580144930361,0.35523614726698005,-0.15182605865488435,2.3397574198673428,2.5380419469747446,0.0810187402637595,-0.014709385330176517,1.972865695279875
evidence_quality,has_audit_flags,all,weighted_net,7,90D,all,0,189,0.6031746031746031,0.5585106382978723,0.48706203751845484,0.6276159895109497,0.1695402661334964,0.06837755545889523,0.4295597966163255,-0.22568942020040386,1.9033226999958273,2.8930505039936576,0.1338958996345471,0.01975042530936022,2.3751110131443327
evidence_quality,has_audit_flags,all,weighted_net,90,1D,all,0,361,0.5152354570637119,0.5096952908587258,0.4582970070472228,0.5608894089446074,0.0013306537434388036,0.0010291595197255976,0.024349159363565534,-0.02340218289157099,1.0404653051547437,1.11865055929932,0.0011865512238353785,0.0005922666892292927,1.1093612699417643
evidence_quality,has_audit_flags,all,weighted_net,90,20D,all,0,327,0.5229357798165137,0.5107033639143731,0.4567137015831737,0.5644444689343666,0.00621051773141333,0.007712872199858722,0.12709317784416485,-0.12629547508448735,1.0063161626269181,1.1030773321102754,-0.001267687840534579,0.0033766701377015984,0.9793192458845041
evidence_quality,has_audit_flags,all,weighted_net,90,5D,all,0,335,0.5402985074626866,0.5522388059701493,0.4986968519464079,0.6045962932366351,0.0014432889194423621,0.006573541495480506,0.06324246116613247,-0.07119080313673239,0.888351561994125,1.0441015111749132,0.000291266232154227,0.005581592002829483,1.0093596905750999
evidence_quality,has_audit_flags,all,weighted_net,90,60D,all,0,244,0.5286885245901639,0.46311475409836067,0.4016046241377411,0.5257683017413691,0.044653369895266415,0.012741962406549678,0.27157437458439815,-0.2098928005821074,1.2938717947029426,1.4513866218841704,0.01395488128901378,-0.02160819380249801,1.1192695172269391
evidence_quality,has_audit_flags,all,weighted_net,90,90D,all,0,184,0.532608695652174,0.5054347826086957,0.4338250879497816,0.5768221888151903,0.051489173644238224,0.03046727443779318,0.39660606014346406,-0.3417835574827865,1.1604012289661962,1.322317679519619,0.024173978891682588,0.003786405496868761,1.1416177184357736
evidence_quality,no_audit_flags,all,author_net,1,1D,all,0,73,0.3835616438356164,0.3972602739726027,0.29286701857646835,0.5119258597705996,-0.007490645142864479,-0.009319986192613094,0.028694154722447882,-0.030005631725725505,0.9562923048824458,0.5950263230379663,-0.006323030326665104,-0.004113130012717625,0.6313355524512235
evidence_quality,no_audit_flags,all,author_net,1,20D,all,0,52,0.6153846153846154,0.5961538461538461,0.4606757548486152,0.7184026612814113,0.10331389789864773,0.05446332885945304,0.23015163833501417,-0.09962648679953857,2.3101450801744035,3.6962321282790453,0.08016373091080217,0.027474228639125353,2.905498131934954
evidence_quality,no_audit_flags,all,author_net,1,5D,all,0,65,0.46153846153846156,0.484375,0.3663355166543264,0.6041839852141988,0.0057667608227054655,-0.0010804597701148388,0.0987771170470845,-0.07395640165533372,1.3356128047903844,1.1448109755346152,0.004990107881488999,-0.0009188086410475416,1.1343025816741539
evidence_quality,no_audit_flags,all,author_net,1,60D,all,0,33,0.6666666666666666,0.5757575757575758,0.4080726333731245,0.7276440336658979,0.21299793159705982,0.06124587618862809,0.38037583327873903,-0.1217578717662986,3.124034838657745,6.248069677315489,0.15634345690581364,0.041396529175845354,3.4615715544244563
evidence_quality,no_audit_flags,all,author_net,1,90D,all,0,19,0.5789473684210527,0.5263157894736842,0.3170780924511316,0.7267019483882042,0.21014839630404625,0.04538285694033406,0.4397930977230055,-0.10561306814702266,4.164192040238571,5.7257640553280345,0.15832913410420876,0.04142349816581414,3.3578462571246632
evidence_quality,no_audit_flags,all,author_net,3,1D,all,0,151,0.45695364238410596,0.44370860927152317,0.3668390385787192,0.5233712440582718,-0.0010863304086094023,-0.00382043935052534,0.02908331289581822,-0.026472981481847277,1.0986036051799026,0.9244347409440643,-0.001515030500691389,-0.003134351308576533,0.8898237322608199
evidence_quality,no_audit_flags,all,author_net,3,20D,all,0,130,0.5076923076923077,0.46511627906976744,0.38130031118129837,0.550949755327321,0.04521668708663391,0.002979160469768316,0.19229608977616836,-0.10645894693694849,1.8062933676213975,1.8627400353595662,0.024460317305126565,-0.0045536161509556194,1.4492086807791003
evidence_quality,no_audit_flags,all,author_net,3,5D,all,0,145,0.5103448275862069,0.4513888888888889,0.3724266477481908,0.5328773169740489,0.007598537656344045,0.0002824539600043696,0.07925379745457026,-0.06708440917561004,1.1814041209948474,1.231322604980545,0.001555247062204353,-0.004598183308233195,1.0465215023444923
evidence_quality,no_audit_flags,all,author_net,3,60D,all,0,68,0.5735294117647058,0.5147058823529411,0.39834753306325144,0.6294915452743935,0.217170627285502,0.04257044384183106,0.4912528985676899,-0.1514227720250265,3.2442471630786005,4.3629530813815665,0.15726644144867916,0.016038724252852465,2.8812633008417636
evidence_quality,no_audit_flags,all,author_net,3,90D,all,0,36,0.5,0.47058823529411764,0.3145150447508847,0.6326328701993107,0.1579931388638811,-0.0042791832274475805,0.4485478736679569,-0.13256159594019465,3.383693976272886,3.383693976272886,0.08533431278283907,-0.04159181429631026,1.9151377848745097
evidence_quality,no_audit_flags,all,author_net,30,1D,all,0,151,0.5629139072847682,0.5496688741721855,0.4700621544641578,0.6268111255620267,0.0003759385807611458,0.0033901411031702633,0.021880142248663283,-0.02773915946832994,0.7887817319643029,1.0314838033379345,-0.0003909808275253701,0.0023985121239016305,0.966161432933659
evidence_quality,no_audit_flags,all,author_net,30,20D,all,0,123,0.5040650406504065,0.4146341463414634,0.3314444281869028,0.5029945620671744,0.0016786834509002243,0.0004533091568450498,0.13159933034708374,-0.13037181011571256,1.0094155341578956,1.0259633297998285,-0.016441301177797008,-0.02101651462703058,0.7678817927527294
evidence_quality,no_audit_flags,all,author_net,30,5D,all,0,143,0.48951048951048953,0.44755244755244755,0.3684877717153971,0.5293612409512758,0.012206463829763873,-0.0003566333808844302,0.09540925039923868,-0.0675770301409654,1.411859180556106,1.353837570396266,0.0058901502383286244,-0.007297850139045492,1.1668865509771438
evidence_quality,no_audit_flags,all,author_net,30,60D,all,0,58,0.5172413793103449,0.46551724137931033,0.3433202232528626,0.5919982495600479,0.052750473800730786,0.00938321519346208,0.27262275536158487,-0.18282697072875576,1.4911517391274354,1.5976625776365379,0.011042955262086315,-0.04309500255078352,1.1064402677972816
evidence_quality,no_audit_flags,all,author_net,30,90D,all,0,37,0.43243243243243246,0.43243243243243246,0.28671719277157315,0.5908581890983192,-0.06549153468246124,-0.03358551123337916,0.1552988989331564,-0.23371281743721756,0.6644860159408008,0.5062750597644197,-0.08072104868743636,-0.0916677592747488,0.46990305713599306
evidence_quality,no_audit_flags,all,author_net,7,1D,all,0,173,0.45664739884393063,0.43352601156069365,0.36191693056862867,0.5080230701903532,-0.0028252962247056522,-0.002702702702702786,0.02624931626199052,-0.02726034288905669,0.9629121823162382,0.8092559830104554,-0.0033470311999438877,-0.004125531634188495,0.7684030627344597
evidence_quality,no_audit_flags,all,author_net,7,20D,all,0,151,0.5960264900662252,0.5231788079470199,0.4439319969642876,0.6012755337145986,0.047760826589632176,0.0245798899534746,0.17056097310515125,-0.13341971744965825,1.278379060947323,1.8861330407419516,0.027636725894678374,0.010294321493836911,1.4950141391600615
evidence_quality,no_audit_flags,all,author_net,7,5D,all,0,167,0.562874251497006,0.5149700598802395,0.43969044583488387,0.5895764548022016,0.022257642969467282,0.005646173149310041,0.08778026222042642,-0.062113948942726684,1.413213355688685,1.8197541840374847,0.015312613863009484,0.0015671797782043084,1.545071037843398
evidence_quality,no_audit_flags,all,author_net,7,60D,all,0,80,0.65,0.55,0.44119507889355963,0.6542231081528878,0.17815406815735507,0.05799338408746291,0.36550394127571845,-0.169781410491034,2.152791287447929,3.9980409624032966,0.11986237019240516,0.02229444953156179,2.6303136922013963
evidence_quality,no_audit_flags,all,author_net,7,90D,all,0,44,0.5681818181818182,0.5,0.35831760539989393,0.641682394600106,0.043854852925265544,0.022058562515272495,0.182462711384432,-0.13852390820521665,1.317192921774356,1.7331485812820475,0.0064197805560160396,-0.005754342634134546,1.078504735968992
evidence_quality,no_audit_flags,all,author_net,90,1D,all,0,127,0.5511811023622047,0.5433070866141733,0.45667481947198496,0.6273963923529648,0.004969920021478932,0.0016983695652172948,0.028817301608572748,-0.024750558390576216,1.164309150275371,1.4553864378442138,0.00438148674256153,0.0017921290439666393,1.398527094197439
evidence_quality,no_audit_flags,all,author_net,90,20D,all,0,111,0.45045045045045046,0.43243243243243246,0.34405636717040633,0.5253287821124847,-0.024722949250632828,-0.012423337002673507,0.14257975738367923,-0.16185631534433123,0.8809032695471705,0.7220518602845659,-0.035467518121632076,-0.02101651462703058,0.6117197652190333
evidence_quality,no_audit_flags,all,author_net,90,5D,all,0,122,0.5163934426229508,0.4672131147540984,0.381037535373078,0.5553904107507917,0.010675051464948578,0.0012875038532806915,0.08780992973533258,-0.07168931007800385,1.2248678309191172,1.3079097177610914,0.005922207425378837,-0.0037586320290924347,1.1685263873579288
evidence_quality,no_audit_flags,all,author_net,90,60D,all,0,55,0.45454545454545453,0.4727272727272727,0.3469309836131932,0.6020845564477388,-0.00155717246460744,-0.04380586693090571,0.24426685203679446,-0.2064105262157757,1.1834030779101101,0.9861692315917585,-0.028165139515938253,-0.04650279765187881,0.7666053582025848
evidence_quality,no_audit_flags,all,author_net,90,90D,all,0,39,0.4358974358974359,0.41025641025641024,0.27079310000725176,0.5658137711710304,-0.03905893264892811,-0.03358551123337916,0.23787957948130323,-0.25305687384047054,0.9400241766649847,0.7263823183320337,-0.07338534527895668,-0.10072408544562861,0.5627744797561458
evidence_quality,no_audit_flags,all,author_net_shift,3,1D,all,0,1,1.0,1.0,0.20654931437723745,1.0,0.009759215853398673,0.009759215853398673,0.009759215853398673,,,,0.011163274121816502,0.011163274121816502,
evidence_quality,no_audit_flags,all,author_net_shift,3,5D,all,0,1,0.0,0.0,0.0,0.7934506856227626,-0.221777114851907,-0.221777114851907,,-0.221777114851907,,,-0.21363627700713672,-0.21363627700713672,
evidence_quality,no_audit_flags,all,author_net_shift,30,1D,all,0,2,0.5,0.5,0.09453120573423074,0.9054687942657693,-0.017412333450304684,-0.017412333450304684,0.026132632961260782,-0.06095729986187015,0.42870391274675207,0.42870391274675207,-0.014809455020166062,-0.014809455020166062,0.45475841255454125
evidence_quality,no_audit_flags,all,author_net_shift,30,20D,all,0,2,0.0,0.0,0.0,0.6576197724933469,-0.3120131124175963,-0.3120131124175963,,-0.3120131124175963,,,-0.30629808805612885,-0.30629808805612885,
evidence_quality,no_audit_flags,all,author_net_shift,30,5D,all,0,2,0.5,0.5,0.09453120573423074,0.9054687942657693,-0.005121593023640569,-0.005121593023640569,0.02705187130663167,-0.03729505735391281,0.7253473576919844,0.7253473576919844,-0.01209362581072837,-0.01209362581072837,0.6675555423692783
evidence_quality,no_audit_flags,all,author_net_shift,7,1D,all,0,1,0.0,0.0,0.0,0.7934506856227626,-0.02743724460011676,-0.02743724460011676,,-0.02743724460011676,,,-0.029775670824921274,-0.029775670824921274,
evidence_quality,no_audit_flags,all,author_net_shift,7,20D,all,0,1,1.0,1.0,0.20654931437723745,1.0,0.2212492702860478,0.2212492702860478,0.2212492702860478,,,,0.21565426275430688,0.21565426275430688,
evidence_quality,no_audit_flags,all,author_net_shift,7,5D,all,0,1,1.0,1.0,0.20654931437723745,1.0,0.251216189920218,0.251216189920218,0.251216189920218,,,,0.24042786770516889,0.24042786770516889,
evidence_quality,no_audit_flags,all,author_net_shift,7,60D,all,0,1,1.0,1.0,0.20654931437723745,1.0,0.3346954660439775,0.3346954660439775,0.3346954660439775,,,,0.351050103444451,0.351050103444451,
evidence_quality,no_audit_flags,all,author_net_shift,7,90D,all,0,1,1.0,1.0,0.20654931437723745,1.0,0.40095349289745086,0.40095349289745086,0.40095349289745086,,,,0.45905549418860636,0.45905549418860636,
evidence_quality,no_audit_flags,all,high_low_divergence,3,1D,all,0,1,0.0,0.0,0.0,0.7934506856227626,-0.008410185024070538,-0.008410185024070538,,-0.008410185024070538,,,-0.0010176665764993764,-0.0010176665764993764,
evidence_quality,no_audit_flags,all,high_low_divergence,3,5D,all,0,1,0.0,,,,-0.12940084681863007,-0.12940084681863007,,-0.12940084681863007,,,,,
evidence_quality,no_audit_flags,all,high_low_divergence,30,1D,all,0,3,0.3333333333333333,0.3333333333333333,0.06149194472039621,0.7923403991979522,-0.014920439391489201,-0.010888745427157343,0.0033901411031702633,-0.024075729638818932,0.1408115622674259,0.07040578113371294,-0.0134933736668111,-0.013744484541571067,0.16185317032589247
evidence_quality,no_audit_flags,all,high_low_divergence,30,20D,all,0,1,1.0,1.0,0.20654931437723745,1.0,0.3475360447600604,0.3475360447600604,0.3475360447600604,,,,0.26653131590174195,0.26653131590174195,
evidence_quality,no_audit_flags,all,high_low_divergence,30,5D,all,0,2,0.0,0.0,0.0,0.6576197724933469,-0.1510299728152243,-0.1510299728152243,,-0.1510299728152243,,,-0.12366382083494226,-0.12366382083494226,
evidence_quality,no_audit_flags,all,high_low_divergence,30,60D,all,0,1,1.0,1.0,0.20654931437723745,1.0,1.417990101140521,1.417990101140521,1.417990101140521,,,,1.2803618999490942,1.2803618999490942,
evidence_quality,no_audit_flags,all,high_low_divergence,7,1D,all,0,1,0.0,0.0,0.0,0.7934506856227626,-0.02093862815884484,-0.02093862815884484,,-0.02093862815884484,,,-0.019188027662162987,-0.019188027662162987,
evidence_quality,no_audit_flags,all,high_low_divergence,7,20D,all,0,1,1.0,1.0,0.20654931437723745,1.0,0.024909747292418682,0.024909747292418682,0.024909747292418682,,,,0.025126876036193124,0.025126876036193124,
evidence_quality,no_audit_flags,all,high_low_divergence,7,5D,all,0,1,1.0,1.0,0.20654931437723745,1.0,0.08916967509025264,0.08916967509025264,0.08916967509025264,,,,0.09155809127177217,0.09155809127177217,
evidence_quality,no_audit_flags,all,high_low_divergence,90,1D,all,0,2,0.5,0.5,0.09453120573423074,0.9054687942657693,-0.00697544967962882,-0.00697544967962882,0.0033901411031702633,-0.017341040462427904,0.1954981369494834,0.1954981369494834,-0.007799931120957393,-0.007799931120957393,0.33382070673252856
evidence_quality,no_audit_flags,all,high_low_divergence,90,20D,all,0,1,1.0,1.0,0.20654931437723745,1.0,0.049132947976878505,0.049132947976878505,0.049132947976878505,,,,0.010143557853987017,0.010143557853987017,
evidence_quality,no_audit_flags,all,high_low_divergence,90,5D,all,0,2,0.5,0.5,0.09453120573423074,0.9054687942657693,0.015480461537972556,0.015480461537972556,0.1271676300578033,-0.09620670698185818,1.3218166804293952,1.3218166804293952,0.0063602275990756185,0.0063602275990756185,1.178699988107768
evidence_quality,no_audit_flags,all,high_low_divergence,90,60D,all,0,1,0.0,0.0,0.0,0.7934506856227626,-0.20809248554913296,-0.20809248554913296,,-0.20809248554913296,,,-0.2530203536508048,-0.2530203536508048,
evidence_quality,no_audit_flags,all,high_low_divergence,90,90D,all,0,1,0.0,0.0,0.0,0.7934506856227626,-0.3381502890173411,-0.3381502890173411,,-0.3381502890173411,,,-0.3393410378151429,-0.3393410378151429,
evidence_quality,no_audit_flags,all,weighted_net,1,1D,all,0,74,0.3918918918918919,0.410958904109589,0.30531272700930645,0.5255077675581524,-0.006943852818277688,-0.007093663958043839,0.028170667134601278,-0.02957321012124413,0.9525738673315237,0.6138809367247596,-0.006700042176247074,-0.003974423037773067,0.6040107562843248
evidence_quality,no_audit_flags,all,weighted_net,1,20D,all,0,51,0.6274509803921569,0.5882352941176471,0.4516533720637157,0.7124560479541906,0.1020614604778435,0.051641153693048114,0.22373578664817942,-0.10286372044061705,2.175069943900595,3.663275694990476,0.07655770954894817,0.02417205103685094,2.740068442520667
evidence_quality,no_audit_flags,all,weighted_net,1,5D,all,0,65,0.47692307692307695,0.49206349206349204,0.37266808813984664,0.6123711372504527,0.008595974262003984,-0.0008498464386385018,0.09764385109049029,-0.07259473696396881,1.3450541344196092,1.226372887264938,0.0063018928983079965,-0.0007499637960839411,1.176036454112268
evidence_quality,no_audit_flags,all,weighted_net,1,60D,all,0,33,0.6666666666666666,0.5757575757575758,0.4080726333731245,0.7276440336658979,0.20834327192068736,0.06124587618862809,0.38037583327873903,-0.135721850795416,2.802613072615027,5.605226145230054,0.1487887827064968,0.041396529175845354,3.0936012072133496
evidence_quality,no_audit_flags,all,weighted_net,1,90D,all,0,18,0.6111111111111112,0.5555555555555556,0.33716415642042774,0.7544048187299437,0.22368309556961494,0.06438674445709092,0.4397930977230055,-0.11591833638571299,3.7939907648399473,5.961985487605632,0.17039940204165982,0.08373028641179248,3.5204684708079204
evidence_quality,no_audit_flags,all,weighted_net,3,1D,all,0,146,0.4589041095890411,0.4520547945205479,0.37358587754894446,0.5329820368975312,-0.00016043535319637612,-0.003578698547445913,0.03054278658042423,-0.026199876739937903,1.165760697410694,0.9886831231204619,-0.0005325403051355096,-0.0026692052027555424,0.9603629301786729
evidence_quality,no_audit_flags,all,weighted_net,3,20D,all,0,122,0.5081967213114754,0.45454545454545453,0.3685882130623515,0.543300032205601,0.04514363167839151,0.002634243883903431,0.19225311651699026,-0.10686950265482721,1.798952102714837,1.8589171728053315,0.02386559987823219,-0.006986717481060278,1.4353689285741307
evidence_quality,no_audit_flags,all,weighted_net,3,5D,all,0,136,0.5294117647058824,0.45185185185185184,0.37039137039232417,0.5359766546167708,0.006961254239768752,0.0018760151885801601,0.0759180708118061,-0.07061516440377327,1.0750958586984394,1.2094828410357443,0.00028583336982300716,-0.002415711754362171,1.0084262795713343
evidence_quality,no_audit_flags,all,weighted_net,3,60D,all,0,65,0.5692307692307692,0.5076923076923077,0.3891645248727548,0.6253616054145856,0.2326966704479419,0.04422253922967201,0.5120282450763768,-0.13642005316820421,3.7533209611423652,4.959745555795267,0.16949853177702812,0.009620252803544727,3.103583022337958
evidence_quality,no_audit_flags,all,weighted_net,3,90D,all,0,32,0.5,0.4666666666666667,0.30232388907699753,0.638577003801267,0.1839727627535684,-0.0042791832274475805,0.4816319153002985,-0.11368638979316169,4.236495821325386,4.236495821325386,0.10276914737155002,-0.04159181429631026,2.192006010471952
evidence_quality,no_audit_flags,all,weighted_net,30,1D,all,0,132,0.5833333333333334,0.5454545454545454,0.4604256517486356,0.6279126221787636,-0.001510433647341722,0.003858045253781417,0.022325716310257263,-0.0348810435879803,0.6400529919337192,0.8960741887072069,-0.0018605722384769736,0.003182270091380779,0.8683424314062673
evidence_quality,no_audit_flags,all,weighted_net,30,20D,all,0,102,0.5098039215686274,0.43137254901960786,0.33947646820687183,0.528250222675976,-0.02121273841667735,0.00391405209624307,0.11943422608590691,-0.167485581499365,0.7131015399457519,0.7416256015435819,-0.04032488011281915,-0.016967127791812087,0.5372858814828501
evidence_quality,no_audit_flags,all,weighted_net,30,5D,all,0,122,0.4426229508196721,0.39344262295081966,0.31128161661288445,0.48210920828969206,0.005146954996700032,-0.010162466651655988,0.10569482133624918,-0.07469988003764783,1.4149262526657376,1.1236179065286742,-0.001714665823746759,-0.01409397524097411,0.9612200179153145
evidence_quality,no_audit_flags,all,weighted_net,30,60D,all,0,44,0.5227272727272727,0.4318181818181818,0.2968272340851781,0.5777585300637057,0.026073104968100426,0.014561016768381618,0.25850458381515046,-0.22849470519771625,1.1313373042559856,1.239083714185127,-0.023474163411439333,-0.03308770660122751,0.8151288573809272
evidence_quality,no_audit_flags,all,weighted_net,30,90D,all,0,27,0.4074074074074074,0.4074074074074074,0.24514757074395552,0.592732990319353,-0.07977525450315914,-0.07167119565217406,0.21746083253442638,-0.2841250643414992,0.7653701127650361,0.5261919525259624,-0.1027746128588939,-0.11630703874200643,0.4504221107508291
evidence_quality,no_audit_flags,all,weighted_net,7,1D,all,0,164,0.4695121951219512,0.42073170731707316,0.34783761820670867,0.4972542906536883,-0.004528675483745675,-0.0028839874855021708,0.024704958145399403,-0.0304021213394258,0.8126063924809663,0.7192033588624644,-0.004979629781439205,-0.003879680618751491,0.6851267500516494
evidence_quality,no_audit_flags,all,weighted_net,7,20D,all,0,139,0.5899280575539568,0.5107913669064749,0.4285240616338751,0.5924782441726334,0.04375680449213641,0.02239434248189931,0.1826189707778928,-0.1560098206908816,1.1705607375816083,1.6839645698542434,0.022133886117975763,0.0022748147105084993,1.330851003445172
evidence_quality,no_audit_flags,all,weighted_net,7,5D,all,0,155,0.5419354838709678,0.49032258064516127,0.41281443186368394,0.5682988113520782,0.019477069192118186,0.0030729690468209725,0.09300624406559817,-0.06751519403847785,1.3775601979695506,1.6297895299921443,0.012439966878155994,-0.0014376306749310785,1.3878551174942833
evidence_quality,no_audit_flags,all,weighted_net,7,60D,all,0,71,0.6056338028169014,0.4647887323943662,0.3535844784547986,0.5796076308548415,0.14961183360854405,0.0350844011537188,0.40873910095367366,-0.2483336126714764,1.645927414161206,2.5276742431761376,0.09667181929021278,-0.014591211336772547,1.8930808761585936
evidence_quality,no_audit_flags,all,weighted_net,7,90D,all,0,37,0.5135135135135135,0.4864864864864865,0.3344640430301664,0.6410510333438121,0.03173429131404826,0.00927029532512258,0.20454020983033847,-0.15067195600870253,1.3575201069170735,1.4329378906346888,0.0011480987400206302,-0.029652054454722743,1.0121573960625874
evidence_quality,no_audit_flags,all,weighted_net,90,1D,all,0,99,0.5858585858585859,0.5656565656565656,0.46737456653572673,0.6590335975361747,0.007753718516189528,0.003517526279193328,0.032761051761046184,-0.02831307172594789,1.1570998752149482,1.6777948190616752,0.007380161459006173,0.004681722759737772,1.6404563766551035
evidence_quality,no_audit_flags,all,weighted_net,90,20D,all,0,84,0.47619047619047616,0.4642857142857143,0.3615422828345619,0.5701528406236281,-0.014299456269158052,-0.006427300437633177,0.13254562368546885,-0.14779498350063705,0.896820856473099,0.8152916877028172,-0.02850662627420459,-0.01597481876864143,0.6563281252200327
evidence_quality,no_audit_flags,all,weighted_net,90,5D,all,0,94,0.48936170212765956,0.46808510638297873,0.3704589402235772,0.5682173625184362,0.018413517073486936,-0.000109521714440175,0.1135465489593957,-0.0727556384838423,1.560656346718919,1.4956289989389637,0.012480301181713555,-0.004205758797850123,1.317616604763519
evidence_quality,no_audit_flags,all,weighted_net,90,60D,all,0,41,0.4878048780487805,0.4634146341463415,0.32056233976336046,0.6125352873233052,0.02485404871425119,-0.057065217391304324,0.26639039002028037,-0.2051805620533957,1.2983217676875043,1.236496921607147,-0.016788760089131865,-0.045447153929821904,0.864561380783978
evidence_quality,no_audit_flags,all,weighted_net,90,90D,all,0,27,0.4074074074074074,0.4074074074074074,0.24514757074395552,0.592732990319353,-0.07766609212603727,-0.10505780346820814,0.2531704909210195,-0.3051162429708888,0.8297509449379742,0.5704537746448574,-0.10363656843700458,-0.15797066067416177,0.4907210490962918
evidence_quality,option_direction_unresolved,all,author_net,1,1D,all,0,149,0.48322147651006714,0.48299319727891155,0.4036795981203771,0.5631730162795969,-0.0016720774005632905,-0.002960725075528803,0.027931275759272536,-0.029353134900669518,0.9515602287044117,0.8897706034638655,-0.0018583305659214716,-0.001372690971192192,0.8674907199794752
evidence_quality,option_direction_unresolved,all,author_net,1,20D,all,0,112,0.41964285714285715,0.4144144144144144,0.32713457628753195,0.5074199461374632,0.007506650355209004,-0.025327114093752545,0.1802107302832689,-0.11737168436200354,1.5353850569908674,1.1102015027472425,0.004696914029728116,-0.017573724761422493,1.0725837691061444
evidence_quality,option_direction_unresolved,all,author_net,1,5D,all,0,129,0.4108527131782946,0.3629032258064516,0.28357014182263524,0.45047544625464736,-0.007985408473477836,-0.01625412008013949,0.08048376427952135,-0.06968101578806936,1.1550314439202194,0.8054824543127844,-0.00565513200071184,-0.014705963242662712,0.8417105468212104
evidence_quality,option_direction_unresolved,all,author_net,1,60D,all,0,58,0.43103448275862066,0.39655172413793105,0.2808875779487437,0.525067840489988,0.1168167279798942,-0.017566422052502972,0.4362339732242528,-0.1251660335688623,3.4852424478582757,2.640335187771421,0.09814105264429676,-0.02237854302416703,2.397713891100461
evidence_quality,option_direction_unresolved,all,author_net,1,90D,all,0,50,0.58,0.52,0.38511744890044614,0.6520286471342196,0.20721856989295032,0.03923523976167986,0.4621075731864233,-0.14477100608375051,3.191989789164638,4.407985899322595,0.17194927544164113,0.013808881811725904,3.428164569274009
evidence_quality,option_direction_unresolved,all,author_net,3,1D,all,0,291,0.48109965635738833,0.4586206896551724,0.40218606782409577,0.5161372344889209,-0.001675251602355206,-0.0015513764156309673,0.02435272982279818,-0.02580715491044444,0.9436425637505033,0.8749003902322546,-0.0022146782659576494,-0.0015467230385980413,0.8210153618148393
evidence_quality,option_direction_unresolved,all,author_net,3,20D,all,0,243,0.4773662551440329,0.4669421487603306,0.4050918057277778,0.5298255996734418,0.015528937715257256,-0.0045426642111725535,0.14567980788901755,-0.10334902244345293,1.4095905741994392,1.2875000520246846,0.009478894143146356,-0.0026690602614091175,1.1813587787735282
evidence_quality,option_direction_unresolved,all,author_net,3,5D,all,0,260,0.49615384615384617,0.47876447876447875,0.418682081679496,0.5394675951281342,0.0020047565821294153,-0.0006973840671596898,0.07230586466619905,-0.06722305214187808,1.075611153649992,1.0591896093194577,0.0005244760614090791,-0.002532619564505678,1.01676565564016
evidence_quality,option_direction_unresolved,all,author_net,3,60D,all,0,143,0.4755244755244755,0.3776223776223776,0.30234704948670676,0.45930064673552995,0.09495555760570204,-0.008943332651036973,0.3278475100594549,-0.11619981261903387,2.821411693100721,2.5580799350779873,0.07006876939415126,-0.015057692955967594,2.036765129019105
evidence_quality,option_direction_unresolved,all,author_net,3,90D,all,0,114,0.5701754385964912,0.5175438596491229,0.4267504103946124,0.6071935006875335,0.20878026456156296,0.0269845009724361,0.49497028130376824,-0.1708595535658522,2.8969423773719405,3.8428827454933905,0.17370357736179384,0.009545498598977464,3.0536516237144666
evidence_quality,option_direction_unresolved,all,author_net,30,1D,all,0,392,0.5204081632653061,0.5191815856777494,0.4697127736982317,0.5682771578677234,0.0001326387806190222,0.0007380161472020919,0.02261287151438388,-0.024654223713144078,0.917200710818898,1.0113997027408388,-0.0002453037071351236,0.0007546725881482086,0.9777102984707379
evidence_quality,option_direction_unresolved,all,author_net,30,20D,all,0,349,0.44412607449856734,0.4454022988505747,0.3940624103339818,0.4979343994582216,-0.016578135840449253,-0.014306410720753338,0.11860575784475777,-0.12458588594976414,0.951999955216294,0.7606185209202349,-0.02229032683315084,-0.01139799464993635,0.6768956889979565
evidence_quality,option_direction_unresolved,all,author_net,30,5D,all,0,371,0.5148247978436657,0.5054054054054054,0.4546683865759817,0.5560313362761017,0.0031373338035016003,0.0017172688556119642,0.06904706558693521,-0.06680021492225295,1.033635380773809,1.096801987376653,0.0006482902627557115,0.0022619261244739564,1.0206616490316487
evidence_quality,option_direction_unresolved,all,author_net,30,60D,all,0,254,0.4921259842519685,0.40551181102362205,0.3469729034042106,0.4668661889607618,0.052216626426928925,-0.001145567519614199,0.29476163264362176,-0.1828076044031998,1.6124145032473407,1.5624171543094387,0.02185592056203749,-0.030881393360358556,1.2138157837428645
evidence_quality,option_direction_unresolved,all,author_net,30,90D,all,0,198,0.5555555555555556,0.494949494949495,0.42607070175955697,0.5640205311730356,0.10273600819633617,0.039484861041512054,0.38147333128835414,-0.24568564566868625,1.5526887224123027,1.9408609030153783,0.06783314949682479,-0.0017939646788787678,1.565572329954773
evidence_quality,option_direction_unresolved,all,author_net,7,1D,all,0,395,0.4531645569620253,0.455470737913486,0.4069016553408402,0.5049019145179883,-0.00290278358754762,-0.002303309492059591,0.024934915579162314,-0.026214716849305437,0.9511800460214762,0.7956132160646927,-0.003162164843502185,-0.001516960315434357,0.7620708176595893
evidence_quality,option_direction_unresolved,all,author_net,7,20D,all,0,337,0.4807121661721068,0.47774480712166173,0.424966307965462,0.5310249612542518,0.011836285803051464,-0.00485838329543109,0.14458742643352918,-0.11105334152344791,1.3019637630894776,1.2052464549742592,0.004535250180800937,-0.0038199312046720557,1.0790368207572456
evidence_quality,option_direction_unresolved,all,author_net,7,5D,all,0,365,0.4876712328767123,0.4820936639118457,0.431147955490064,0.5334143923923378,0.0010771859311883435,-0.0013006503251626889,0.07078975533158592,-0.06528023307025962,1.0843980176265076,1.0322077387033068,-0.0005325434898117436,-0.00218378576099143,0.9830693744265968
evidence_quality,option_direction_unresolved,all,author_net,7,60D,all,0,217,0.5069124423963134,0.43317972350230416,0.3689788526473374,0.4997052243603875,0.1229861598112342,0.0025247377252268777,0.37203264299179784,-0.13304293504728915,2.7963352045680705,2.8747371261914743,0.09211835622502539,-0.012720394461074314,2.2129430793265135
evidence_quality,option_direction_unresolved,all,author_net,7,90D,all,0,172,0.6046511627906976,0.5588235294117647,0.4837022802241812,0.6313450746224476,0.18426857540075373,0.08109839993092582,0.46172709888887437,-0.24007975463990133,1.923223803612365,2.9414011114071466,0.14679107296161875,0.02408778358889252,2.441578016541078
evidence_quality,option_direction_unresolved,all,author_net,90,1D,all,0,384,0.5182291666666666,0.5234375,0.4734983001275933,0.5729124163923281,0.002590023776404615,0.0010291368677909918,0.02527764521387193,-0.022296587112823986,1.1337001975218608,1.2464438635737585,0.00229224856224847,0.0007806347370319933,1.2282468773510833
evidence_quality,option_direction_unresolved,all,author_net,90,20D,all,0,352,0.48295454545454547,0.44886363636363635,0.39773462360597234,0.5010967264022341,0.0065752785712739955,-0.004463506463716516,0.1381943980279702,-0.1163656571849807,1.1875874838938902,1.1092850124283589,-0.0038876267582851607,-0.012079603754801327,0.9382495223914658
evidence_quality,option_direction_unresolved,all,author_net,90,5D,all,0,365,0.5260273972602739,0.5164835164835165,0.46524275827234185,0.5673799918615671,0.0068915320514327544,0.0040369088811995635,0.06741989508818981,-0.06028445467144213,1.1183628591423234,1.2411888378920584,0.004120428361402377,0.0024890962499897196,1.1479423983819652
evidence_quality,option_direction_unresolved,all,author_net,90,60D,all,0,249,0.5180722891566265,0.42168674698795183,0.36199533773940573,0.4837578066147512,0.030838839004469876,0.002624671916010568,0.24229909009572062,-0.19648093091862467,1.233193923516538,1.3256834677802782,-0.0023469991292574192,-0.0207290373856579,0.9788120177173315
evidence_quality,option_direction_unresolved,all,author_net,90,90D,all,0,183,0.5355191256830601,0.48633879781420764,0.4149521081759828,0.5582872358563374,0.05010656507571283,0.025912329950334545,0.3105294635515513,-0.25014571787290096,1.241394280870046,1.4312545826501706,0.015941190082950148,-0.009862309418193771,1.1244575834744364
evidence_quality,option_direction_unresolved,all,author_net_shift,1,1D,all,0,8,0.25,0.16666666666666666,0.030053369748306635,0.5635028221864702,-0.01147670564936816,-0.012521297245653484,0.025886458730688566,-0.023931093776053736,1.081708131393118,0.36056937713103937,-0.01038654191390559,-0.009811270145382578,0.4298337656053272
evidence_quality,option_direction_unresolved,all,author_net_shift,1,5D,all,0,5,0.8,1.0,0.20654931437723745,1.0,0.062296773067761844,0.08616792249730887,0.1054727607095732,-0.11040717749948359,0.9553071013890065,3.821228405556026,0.07396810057749803,0.07396810057749803,
evidence_quality,option_direction_unresolved,all,author_net_shift,3,1D,all,0,18,0.7222222222222222,0.7333333333333333,0.4804956594401943,0.8910254667430761,0.0050410890662369034,0.006966624948314959,0.013852965808774,-0.017869790464359547,0.775217025426408,2.015564266108661,0.008087417551220673,0.007265606033090344,3.397083052263105
evidence_quality,option_direction_unresolved,all,author_net_shift,3,20D,all,0,6,0.3333333333333333,0.3333333333333333,0.09677141110578041,0.700006684861608,-0.08271433112983229,-0.08286993299736606,0.06776708793864628,-0.15795504066407157,0.42902770088084036,0.21451385044042018,-0.08512410795827917,-0.07797659703639459,0.15499685104913224
evidence_quality,option_direction_unresolved,all,author_net_shift,3,5D,all,0,12,0.3333333333333333,0.25,0.071479212752109,0.5907245696898311,-0.022265129380981324,-0.0389968360400047,0.0407610379942204,-0.05377821306858219,0.7579470508296499,0.37897352541482493,-0.0248926476194036,-0.03312308997737068,0.23237508078722932
evidence_quality,option_direction_unresolved,all,author_net_shift,3,60D,all,0,1,0.0,0.0,0.0,0.7934506856227626,-0.021319150870494186,-0.021319150870494186,,-0.021319150870494186,,,-0.012164726720390817,-0.012164726720390817,
evidence_quality,option_direction_unresolved,all,author_net_shift,3,90D,all,0,1,1.0,1.0,0.20654931437723745,1.0,0.0982999227237602,0.0982999227237602,0.0982999227237602,,,,0.08314019633118919,0.08314019633118919,
evidence_quality,option_direction_unresolved,all,author_net_shift,30,1D,all,0,159,0.5534591194968553,0.5534591194968553,0.4758323313246307,0.6285636874970798,0.0032008778784768394,0.0028299459737586297,0.021350779227780305,-0.019294774498124636,1.1065575930859157,1.3715080026980364,0.001607460298181995,0.0020377517604304174,1.1892126014632545
evidence_quality,option_direction_unresolved,all,author_net_shift,30,20D,all,0,127,0.48031496062992124,0.52,0.4331350544138638,0.6056723298378032,0.03160545374157441,-0.0016211617791046518,0.16914404382293646,-0.0955135461821087,1.7708906284396757,1.636732247497276,0.03092435738967192,0.0015602480330358937,1.7007578904275649
evidence_quality,option_direction_unresolved,all,author_net_shift,30,5D,all,0,147,0.5374149659863946,0.5136986301369864,0.4333192080114407,0.5933756735752806,0.00773179421667495,0.003799574832385688,0.06327300746035638,-0.05679402705171967,1.1140785527100696,1.2942971421190514,0.005607287509848179,0.0021960410193532787,1.2419361520763263
evidence_quality,option_direction_unresolved,all,author_net_shift,30,60D,all,0,84,0.38095238095238093,0.3493975903614458,0.2555612557016784,0.45655781346759094,-0.016235444852998413,-0.02513261770648323,0.3045155164436887,-0.21362065180480586,1.4254966168811116,0.8772286873114533,-0.0302726183867993,-0.01762189198455899,0.755273628638366
evidence_quality,option_direction_unresolved,all,author_net_shift,30,90D,all,0,62,0.5967741935483871,0.5245901639344263,0.40157156924985693,0.6446951257715474,0.012130792173539077,0.026882928029150266,0.2695434646624243,-0.36883996311001105,0.7307870394240052,1.0815648183475277,-0.00811562193100131,0.0019860091810797176,0.947872849051463
evidence_quality,option_direction_unresolved,all,author_net_shift,7,1D,all,0,69,0.42028985507246375,0.34328358208955223,0.24089006272762914,0.4626733540965101,-0.011514049000913788,-0.003055095277547659,0.018373558015307597,-0.033182564087674296,0.5537112191439262,0.40144063387934653,-0.011820271065245401,-0.0033142942629522665,0.3219292589825601
evidence_quality,option_direction_unresolved,all,author_net_shift,7,20D,all,0,51,0.47058823529411764,0.46,0.3296965219222435,0.5960112860084253,-0.0038738800157827854,-0.01577153800659037,0.10362097760118605,-0.09942486456419954,1.0422038597224041,0.9264034308643593,0.00021054710311316116,-0.004505387914230052,1.0046722849576246
evidence_quality,option_direction_unresolved,all,author_net_shift,7,5D,all,0,66,0.3787878787878788,0.4126984126984127,0.29958465626751724,0.5358468230257742,-0.025837625321086622,-0.014743886794275962,0.05134858185146273,-0.0729023857921533,0.7043470703120601,0.42947992092198783,-0.020477276041258888,-0.007960890681635524,0.45160115095590925
evidence_quality,option_direction_unresolved,all,author_net_shift,7,60D,all,0,24,0.4166666666666667,0.375,0.21159367559548778,0.5729003755732572,-0.12233667216092027,-0.022017474402125925,0.08547224714964868,-0.2707716145256124,0.31566177015783103,0.22547269296987935,-0.11095343015097303,-0.02556360979997835,0.21556373753298794
evidence_quality,option_direction_unresolved,all,author_net_shift,7,90D,all,0,14,0.21428571428571427,0.2857142857142857,0.11721378644576919,0.5464908432989318,-0.13816005825855937,-0.060486717283313784,0.11433725908383681,-0.20702296298830378,0.5522926415186925,0.15062526586873431,-0.1308826683781423,-0.09414857676778599,0.14278810644028755
evidence_quality,option_direction_unresolved,all,author_net_shift,90,1D,all,0,133,0.46616541353383456,0.45112781954887216,0.3691156362217848,0.5358839149958461,-0.0027136699917250785,-0.0020691353969948256,0.02263311447033868,-0.024847481775499065,0.9108816207144231,0.7954177532999187,-0.002429215646166285,-0.0017247833851001815,0.7976997909097787
evidence_quality,option_direction_unresolved,all,author_net_shift,90,20D,all,0,109,0.5321100917431193,0.5688073394495413,0.4750589400331782,0.657870925964346,0.021118154366526545,0.00956899453429294,0.1705156184341039,-0.14878484398483593,1.1460550272948684,1.3033566977078896,0.020554948076877237,0.009741556152790931,1.3227146515254857
evidence_quality,option_direction_unresolved,all,author_net_shift,90,5D,all,0,125,0.488,0.49193548387096775,0.40551606493135967,0.5788395578967157,-0.003075947095443274,-0.0008498464386385018,0.0697593107964569,-0.07249705227366064,0.9622365131913315,0.9171316766354879,-0.0007270362380142596,-0.0008184317131196828,0.9773402580632216
evidence_quality,option_direction_unresolved,all,author_net_shift,90,60D,all,0,59,0.6271186440677966,0.5932203389830508,0.4659340125533739,0.7091096641280723,0.2129470537414942,0.09974700498549005,0.46009056182377384,-0.20270339166961246,2.269772390260141,3.817344474528419,0.18463092478416665,0.06023002500853436,3.334790563141429
evidence_quality,option_direction_unresolved,all,author_net_shift,90,90D,all,0,30,0.7333333333333333,0.6333333333333333,0.4551356365479487,0.7812607919389929,0.3694835896275121,0.14734432845186918,0.5588260747286178,-0.15120824440052852,3.695738132164072,10.163279863451198,0.30718925301229033,0.07347923427925351,5.561617712369339
evidence_quality,option_direction_unresolved,all,high_low_divergence,1,1D,all,0,8,0.25,0.42857142857142855,0.15821985525146975,0.7495416354723428,-0.011350312398741139,-0.01154823289175344,0.0037700624779551384,-0.016390437357639898,0.2300159779566736,0.07667199265222453,-0.00942156001962464,-0.005603963193039796,0.17957559463319048
evidence_quality,option_direction_unresolved,all,high_low_divergence,1,20D,all,0,1,0.0,0.0,0.0,0.7934506856227626,-0.41939302406269774,-0.41939302406269774,,-0.41939302406269774,,,-0.41225706016387886,-0.41225706016387886,
evidence_quality,option_direction_unresolved,all,high_low_divergence,1,5D,all,0,3,0.3333333333333333,0.5,0.09453120573423074,0.9054687942657693,-0.08001115151754201,-0.015156932210918628,0.03834367481322032,-0.13918856468292318,0.2754800647637158,0.1377400323818579,-0.11492563348653723,-0.11492563348653723,0.05477725677202202
evidence_quality,option_direction_unresolved,all,high_low_divergence,3,1D,all,0,39,0.41025641025641024,0.42105263157894735,0.27852501157758713,0.5780765465632945,-0.0031948559850664337,-0.0051978093950753035,0.02894567058758476,-0.025553483166041176,1.1327485337126786,0.7879989799740373,-0.0021036593140370805,-0.002920469303192341,0.8491451302320108
evidence_quality,option_direction_unresolved,all,high_low_divergence,3,20D,all,0,20,0.45,0.47368421052631576,0.2732980516117956,0.6829219075488682,0.006961541266380639,-0.005977319748418308,0.12384204436264129,-0.08866796126692353,1.396694393252493,1.142749958115676,0.013066783003753383,-0.011418755424061788,1.3207160338463315
evidence_quality,option_direction_unresolved,all,high_low_divergence,3,5D,all,0,29,0.4482758620689655,0.42857142857142855,0.26508547124123694,0.6092921437253123,-0.007191468234493367,-0.009250419725450154,0.07195535033616708,-0.07149825832315498,1.0063930510159584,0.8176943539504661,-0.002536551045087963,-0.005955190306825897,0.9194062790436307
evidence_quality,option_direction_unresolved,all,high_low_divergence,3,60D,all,0,9,0.6666666666666666,0.5555555555555556,0.26665129349549305,0.8112214789023355,0.24954511548910677,0.05286521388216303,0.44076192996960567,-0.13288851347189087,3.316779746075175,6.63355949215035,0.22146878679469903,0.049377357890080464,6.097984084465617
evidence_quality,option_direction_unresolved,all,high_low_divergence,3,90D,all,0,6,1.0,1.0,0.6096657120978346,1.0,0.16826334925964695,0.15299778228072408,0.16826334925964695,,,,0.14087747852670854,0.11251474028970809,
evidence_quality,option_direction_unresolved,all,high_low_divergence,30,1D,all,0,95,0.43157894736842106,0.43157894736842106,0.3365583329880693,0.5319179101278586,-0.00370406095789125,-0.002561027004246652,0.02268970340183557,-0.02374377093472087,0.9556065657901069,0.7255531332850812,-0.002923181913948259,-0.002694440468219761,0.7494599471571696
evidence_quality,option_direction_unresolved,all,high_low_divergence,30,20D,all,0,70,0.4,0.4782608695652174,0.36468721213563554,0.5941274512638886,-0.007145191837147967,-0.009377521430101343,0.11559297610300132,-0.08897063713058082,1.299226124832031,0.8661507498880205,0.0009079904328408262,-0.0002488070142654397,1.0194281992201863
evidence_quality,option_direction_unresolved,all,high_low_divergence,30,5D,all,0,85,0.5176470588235295,0.5,0.3954393376854136,0.6045606623145864,-0.00028802041960539416,0.0010648939946431568,0.04944870783780278,-0.05366402147633612,0.9214499114571176,0.9888730757100775,0.00347870955801858,-7.48204815378406e-05,1.1725181050170148
evidence_quality,option_direction_unresolved,all,high_low_divergence,30,60D,all,0,58,0.6551724137931034,0.5517241379310345,0.42452083125844636,0.6725014595221879,0.07061877777708837,0.042251441526086675,0.20358347817367864,-0.18201415297643317,1.1185035605447573,2.125156765035039,0.05536564809289673,0.040121161021522855,1.8666893334001273
evidence_quality,option_direction_unresolved,all,high_low_divergence,30,90D,all,0,45,0.6222222222222222,0.5777777777777777,0.4330078870920313,0.710312975327297,-0.013781864819960814,0.03504770770304866,0.16822291313039991,-0.3135544402676138,0.5365030486789608,0.883652080177112,-0.014936804196104868,0.04874206045530127,0.8754890094232819
evidence_quality,option_direction_unresolved,all,high_low_divergence,7,1D,all,0,67,0.5373134328358209,0.5074626865671642,0.3906377464811486,0.6234782812891306,0.0024989251228602935,0.0044560606709797,0.02962589973751299,-0.029003367978026707,1.0214641196138987,1.186216396970979,0.002563067846594293,0.0003402806942323089,1.2234636571318793
evidence_quality,option_direction_unresolved,all,high_low_divergence,7,20D,all,0,44,0.5227272727272727,0.5581395348837209,0.41107614452824104,0.6956669016082949,0.056779977251289686,0.00903831745969319,0.16188595562261868,-0.05833609429826111,2.77505646495508,3.0393475568555637,0.058115514319903215,0.007886825675577969,3.993609587254648
evidence_quality,option_direction_unresolved,all,high_low_divergence,7,5D,all,0,60,0.5333333333333333,0.5,0.3773502424155577,0.6226497575844423,0.026606003607213723,0.0015727196072756744,0.08778400693232244,-0.04331171447862481,2.0267959370586817,2.3163382137813504,0.02702224716579192,-0.00010798515666027297,2.8347094174726672
evidence_quality,option_direction_unresolved,all,high_low_divergence,7,60D,all,0,32,0.65625,0.625,0.4525440735307745,0.7706611269054578,0.1815617467683893,0.05117551872063836,0.3652809644399449,-0.16917494151367135,2.159190723943155,4.122091382073296,0.16580107095969654,0.06286282500710821,4.209578378647627
evidence_quality,option_direction_unresolved,all,high_low_divergence,7,90D,all,0,24,0.625,0.5416666666666666,0.3507486535891948,0.72108666268789,0.17473438564119012,0.11102404870375931,0.34536843719998667,-0.10965570029013742,3.1495712150501816,5.249285358416969,0.14468224092806772,0.07327122236875194,3.735391551268971
evidence_quality,option_direction_unresolved,all,high_low_divergence,90,1D,all,0,84,0.5833333333333334,0.5714285714285714,0.4647695274572077,0.6718402256264122,-0.0006530440202136398,0.003746312657102513,0.016992858241248222,-0.025357307186260246,0.6701365455104686,0.938191163714656,-0.0009056495285675989,0.002524269900493259,0.9064591636089641
evidence_quality,option_direction_unresolved,all,high_low_divergence,90,20D,all,0,60,0.5833333333333334,0.55,0.4249193588533434,0.6690634559324476,0.03473640352097928,0.023112608138314672,0.13878832336808966,-0.11093628426497522,1.2510633855068451,1.751488739709583,0.030465963335895258,0.016683811855306208,1.7204854354243844
evidence_quality,option_direction_unresolved,all,high_low_divergence,90,5D,all,0,75,0.5466666666666666,0.5466666666666666,0.4344837385429269,0.6543020361586779,-0.0016451775031693556,0.006502520640023324,0.04332148615511049,-0.05586968367933035,0.7754023882390046,0.9350440564058585,-0.0007443368880766155,0.0034434708813531056,0.9663134680539405
evidence_quality,option_direction_unresolved,all,high_low_divergence,90,60D,all,0,52,0.4423076923076923,0.5192307692307693,0.38685682768056057,0.6489588555454449,-0.01300875717387329,-0.026791881237127058,0.201758794798693,-0.183341643221081,1.1004526372407593,0.8727727812599125,-0.003401755028342766,0.005824477731524724,0.9618206512548074
evidence_quality,option_direction_unresolved,all,high_low_divergence,90,90D,all,0,43,0.7209302325581395,0.7674418604651163,0.6225547970219101,0.8684632152061551,-0.08949811132703551,0.07971745711402622,0.17046986477320092,-0.7610820495859797,0.2239835571814296,0.5786241893853598,-0.055173447363048723,0.10766316086354655,0.7235744701308957
evidence_quality,option_direction_unresolved,all,weighted_net,1,1D,all,0,178,0.4438202247191011,0.449438202247191,0.37819821873158815,0.5228144539738755,-0.0028346018598229767,-0.004519126210436986,0.027449402816150322,-0.027000625793175408,1.0166209859879747,0.811243009020707,-0.0026027141768125307,-0.0018534431116274397,0.8120728747379313
evidence_quality,option_direction_unresolved,all,weighted_net,1,20D,all,0,134,0.417910447761194,0.42857142857142855,0.34763759685784285,0.5135155933833102,0.0037677401525925,-0.023521081052017168,0.16489107229932035,-0.11191054959377619,1.473418483760986,1.0578389114181437,-0.00031146813937824264,-0.015577599203893788,0.9949021072907586
evidence_quality,option_direction_unresolved,all,weighted_net,1,5D,all,0,149,0.4161073825503356,0.3767123287671233,0.3022230507316628,0.457523014987846,-0.011166365620338008,-0.016558102530953245,0.07508215060315765,-0.07263082545777169,1.033750478945213,0.7366957436161288,-0.008922194205749837,-0.013912731768091824,0.7594715751976838
evidence_quality,option_direction_unresolved,all,weighted_net,1,60D,all,0,69,0.4782608695652174,0.42028985507246375,0.3110611534112484,0.5379259457203395,0.10547572933359244,-0.0017857142857142794,0.3619669131960428,-0.129641189206987,2.7920672080392688,2.5593949407026626,0.08091764412396711,-0.01957975284308877,2.201361950003656
evidence_quality,option_direction_unresolved,all,weighted_net,1,90D,all,0,56,0.5892857142857143,0.5357142857142857,0.40704181935661177,0.6598014708777623,0.18599380679375982,0.051137820028518965,0.4230274948904623,-0.1540980065623786,2.745184732284136,3.938743311538108,0.14565563157295888,0.01606481147717459,2.9100925977960057
evidence_quality,option_direction_unresolved,all,weighted_net,3,1D,all,0,345,0.4579710144927536,0.446064139941691,0.39434493485235844,0.4989780833191001,-0.0032524467141845075,-0.0023507750982230124,0.022987403012466483,-0.02542301493242438,0.9041965743861664,0.7639735762193277,-0.003218348592173547,-0.0017270835225405845,0.7419924871927844
evidence_quality,option_direction_unresolved,all,weighted_net,3,20D,all,0,286,0.5034965034965035,0.49473684210526314,0.4371481739193065,0.5524655054595172,0.015807862382893535,0.00038379909645014365,0.13566951411965514,-0.10574198163185063,1.283024131248076,1.3010948936600206,0.00915524177268417,-0.0001709842650494675,1.1813489576161285
evidence_quality,option_direction_unresolved,all,weighted_net,3,5D,all,0,308,0.4805194805194805,0.4885245901639344,0.4329182951765792,0.5444163540420542,-0.0004084161451769237,-0.0017523604703634788,0.06935512961395944,-0.06493969597237806,1.0679928289695024,0.9878933667967896,-0.0011201724636515711,-0.0008416769832813031,0.9632861054168024
evidence_quality,option_direction_unresolved,all,weighted_net,3,60D,all,0,173,0.4913294797687861,0.4161849710982659,0.3453326314865663,0.490678673818237,0.07519189125766759,-0.0009954651034177475,0.2891923668574756,-0.1315131135830561,2.1989622097635033,2.123997588976111,0.052810748723677955,-0.012497305706600681,1.7289758098085792
evidence_quality,option_direction_unresolved,all,weighted_net,3,90D,all,0,137,0.6058394160583942,0.5620437956204379,0.47839647165220356,0.6423066234615922,0.20685885944090604,0.03980602141846845,0.4349011343481221,-0.14365056310166682,3.02749341845828,4.653369513556244,0.17194120975407104,0.019045220637336158,3.5747990434895445
evidence_quality,option_direction_unresolved,all,weighted_net,30,1D,all,0,377,0.506631299734748,0.5132978723404256,0.4628984873269038,0.5634282860354546,-0.0016836688273755892,0.00047519217330549424,0.024199319918444713,-0.028415206769424526,0.8516327230982457,0.879253243847378,-0.0016834314872752282,0.0005320606670784489,0.8704876704926053
evidence_quality,option_direction_unresolved,all,weighted_net,30,20D,all,0,329,0.47720364741641336,0.45896656534954405,0.4059037750407502,0.5129765228173804,-0.009765495151092736,-0.00504959422903517,0.11924336460648435,-0.12752358225539276,0.9350691260199582,0.8535223999135664,-0.01597287567025801,-0.012457859599461552,0.7620586405205564
evidence_quality,option_direction_unresolved,all,weighted_net,30,5D,all,0,354,0.4887005649717514,0.48863636363636365,0.4368218018833634,0.540696275896238,-0.0005425301040668894,-0.0011777816861412993,0.06605098532245231,-0.06419268573272888,1.0289487745918686,0.9834703757148799,-0.001190558155041254,-0.001684995915544718,0.9609243175884671
evidence_quality,option_direction_unresolved,all,weighted_net,30,60D,all,0,246,0.491869918699187,0.4349593495934959,0.3744788750886059,0.49743990031781815,0.03354208559486273,-0.004815790340969017,0.27050286452998795,-0.1958359484143385,1.3812727781605934,1.3370720492594543,0.006527876116917118,-0.03409480877666721,1.0594843857681433
evidence_quality,option_direction_unresolved,all,weighted_net,30,90D,all,0,186,0.5591397849462365,0.5,0.4288749533755384,0.5711250466244616,0.0849770083131108,0.036191547931030965,0.36660553453884026,-0.27221039080244847,1.3467727424295763,1.708102014788731,0.056324551514478696,0.0014558958878415074,1.4342080114488593
evidence_quality,option_direction_unresolved,all,weighted_net,7,1D,all,0,418,0.47368421052631576,0.47002398081534774,0.42261234926207963,0.5179828571368895,-0.0013317945888852356,-0.001201204377863696,0.02518399913180227,-0.025311059206625013,0.9949800569867306,0.8995710104263592,-0.0015567811410150813,-0.0009351333069154144,0.87367109223779
evidence_quality,option_direction_unresolved,all,weighted_net,7,20D,all,0,358,0.505586592178771,0.4888268156424581,0.437440170210425,0.5404506993818173,0.011421376262260703,0.0032447254293032635,0.13641284283965954,-0.11639475622649177,1.1719844369467531,1.1984699609455498,0.004049381000406671,-0.001414050854978477,1.0712258473687164
evidence_quality,option_direction_unresolved,all,weighted_net,7,5D,all,0,382,0.4895287958115183,0.49343832020997375,0.44355328368862584,0.5434543531306453,0.004058610383105477,-0.003306881000187556,0.07386705234264397,-0.0628858954960417,1.1746203462633917,1.1264307935961757,0.0028485487457309638,-0.0006992402968437617,1.0966365718794373
evidence_quality,option_direction_unresolved,all,weighted_net,7,60D,all,0,243,0.522633744855967,0.448559670781893,0.38731124071474055,0.5114091763519888,0.11509814497103187,0.010738532713971516,0.35793767624056716,-0.1507692728844076,2.374075760881279,2.5992036347579517,0.08437054104542313,-0.013370831804462524,2.0294739620463664
evidence_quality,option_direction_unresolved,all,weighted_net,7,90D,all,0,187,0.6096256684491979,0.5645161290322581,0.4926680889672008,0.6337531898677249,0.17526958830931308,0.07264478065106017,0.4295597966163255,-0.2218411479509529,1.936339586158729,3.0238727783848645,0.13958880583006258,0.02308227363142601,2.4823882427009814
evidence_quality,option_direction_unresolved,all,weighted_net,90,1D,all,0,359,0.5125348189415042,0.5097493036211699,0.45820881234769817,0.5610833601144878,0.0013154904446777567,0.0006449705732176625,0.024569775597179867,-0.02340218289157099,1.0498924699041396,1.1166486385107612,0.001195445465590335,0.0005922666892292927,1.109728779736028
evidence_quality,option_direction_unresolved,all,weighted_net,90,20D,all,0,326,0.5245398773006135,0.5122699386503068,0.45818390221567723,0.5660701743597872,0.006435837281408356,0.008014738365487162,0.12709317784416485,-0.12667645456524557,1.003289666421037,1.106855051341918,-0.0009520220398972374,0.0034758826085739547,0.9844355458732337
evidence_quality,option_direction_unresolved,all,weighted_net,90,5D,all,0,334,0.5389221556886228,0.5538922155688623,0.5002699945196819,0.6062888633708371,0.001421873147742622,0.006436377046952824,0.06354605174668235,-0.07119080313673239,0.8926160254806064,1.0433174323799295,0.0003307763979669638,0.005699074112421709,1.0106107352223492
evidence_quality,option_direction_unresolved,all,weighted_net,90,60D,all,0,243,0.5308641975308642,0.46502057613168724,0.4033406040513641,0.5277892795540117,0.0459872429242505,0.012861736334405238,0.27157437458439815,-0.20928240605960075,1.2976455101871178,1.4683883404748963,0.015364937537106091,-0.016110415951036572,1.1323060531669893
evidence_quality,option_direction_unresolved,all,weighted_net,90,90D,all,0,183,0.5355191256830601,0.5081967213114754,0.43634385437363493,0.5797125392069731,0.05466606081936756,0.035504922021900365,0.39660606014346406,-0.33957064428370837,1.1679633290447307,1.3465930146633363,0.027411311318142225,0.003842922057888165,1.1626529440877833
position_policy,non_overlapping_same_ticker,all,author_net,1,1D,all,0,230,0.45217391304347826,0.4581497797356828,0.3945685556180855,0.5231238723492917,-0.0038929654439348906,-0.004230540221348111,0.02751530423997815,-0.029817251532244068,0.9227981395342016,0.7616746548536268,-0.003356873023534693,-0.002357867196503438,0.7752573494240292
position_policy,non_overlapping_same_ticker,all,author_net,1,20D,all,0,102,0.45098039215686275,0.46534653465346537,0.37112922730014125,0.5621032927473737,0.013159256419417443,-0.018712250416361043,0.17636187198767814,-0.12090003494022528,1.4587412822078505,1.1982517675278772,0.0056897302611343984,-0.00977677292161161,1.087867584016991
position_policy,non_overlapping_same_ticker,all,author_net,1,5D,all,0,161,0.40993788819875776,0.4050632911392405,0.33165210857864863,0.48298129735698797,-0.0003937149989487965,-0.010411502231036263,0.09297459834257471,-0.06526012216253355,1.4246770502668826,0.9897756349222553,0.0005220892160119676,-0.00970066862972685,1.0152394370885836
position_policy,non_overlapping_same_ticker,all,author_net,1,60D,all,0,42,0.5952380952380952,0.5476190476190477,0.3994911903473349,0.6877660676654553,0.19732400131181188,0.06605752887304772,0.43667282504268107,-0.15465956299828984,2.8234453568675195,4.152125524805176,0.16032027831687565,0.03330743784413581,3.278273604408122
position_policy,non_overlapping_same_ticker,all,author_net,1,90D,all,0,27,0.6296296296296297,0.5185185185185185,0.3398561575495229,0.6925677302378153,0.21104065133984926,0.04538285694033406,0.44485035615151797,-0.18643584683998754,2.3860773756310936,4.056331538572858,0.1724701559877635,0.03281885706726251,3.0405920146680767
position_policy,non_overlapping_same_ticker,all,author_net,3,1D,all,0,454,0.4713656387665198,0.45253863134657835,0.40729342613456504,0.49858201671381036,-0.00161990121187772,-0.0023602722345286153,0.025774245077115943,-0.026046348319563737,0.9895531135839333,0.8823515262790071,-0.0020960576151756033,-0.001927678406716038,0.837303930808834
position_policy,non_overlapping_same_ticker,all,author_net,3,20D,all,0,196,0.45918367346938777,0.413265306122449,0.3466405215129304,0.4832246115748631,0.010550949051479047,-0.012061737277438367,0.17887446907476875,-0.13236524719471032,1.351370339766321,1.1473899111223478,-0.0023937494581559252,-0.013397846495500743,0.9674425979077256
position_policy,non_overlapping_same_ticker,all,author_net,3,5D,all,0,345,0.5159420289855072,0.4897959183673469,0.43729955990627123,0.5425183083964371,0.008020081979465752,0.0023985872057779023,0.07763642218885419,-0.06618176566886444,1.173078738595496,1.2503473980239417,0.004509706194520093,-0.001889159288990916,1.1465240039871736
position_policy,non_overlapping_same_ticker,all,author_net,3,60D,all,0,81,0.5061728395061729,0.4444444444444444,0.3411955250345785,0.5527242622356897,0.12343737708613689,0.0022863331428055744,0.39967542067376893,-0.15970661759118596,2.502560173785977,2.5651241781306267,0.08493699788215095,-0.015057692955967594,1.925146599496189
position_policy,non_overlapping_same_ticker,all,author_net,3,90D,all,0,52,0.5961538461538461,0.5,0.36885862959780547,0.6311413704021945,0.12126027416541467,0.03789028456757715,0.3273663982272451,-0.18299162325919213,1.7889693112539822,2.640859459470164,0.0837166739370725,0.00014698091451809114,1.9017361268790944
position_policy,non_overlapping_same_ticker,all,author_net,30,1D,all,0,549,0.5336976320582878,0.5273722627737226,0.4855270481489522,0.5688363917856101,6.76120402113344e-05,0.001591946268022948,0.022258169088306565,-0.025732240209515082,0.8649915012092922,1.0057242454536612,-0.000418977180651245,0.0009800786709449616,0.962822866282354
position_policy,non_overlapping_same_ticker,all,author_net,30,20D,all,0,357,0.48739495798319327,0.453781512605042,0.4029027392362451,0.5056443548037499,-9.325337228386165e-05,-0.0043764029520534375,0.13318357548841678,-0.1268154840922943,1.0502154089597442,0.9985654708141829,-0.011549697538846973,-0.011584196977797112,0.8300322979173316
position_policy,non_overlapping_same_ticker,all,author_net,30,5D,all,0,498,0.5100401606425703,0.49295774647887325,0.4492267752152577,0.536796746047374,0.006025078590575371,0.0010602693687914444,0.0759079202536924,-0.06672181396037433,1.1376777061063366,1.1843038416024978,0.0024571874073643766,-0.0016077625267645335,1.0764614029477357
position_policy,non_overlapping_same_ticker,all,author_net,30,60D,all,0,166,0.5301204819277109,0.4397590361445783,0.36646063291194464,0.5157824887682894,0.04350326767260507,0.014505729200653239,0.27003316383550524,-0.21206892287015408,1.2733273700873258,1.43657446881647,0.00913268771595293,-0.03409480877666721,1.0806369222990484
position_policy,non_overlapping_same_ticker,all,author_net,30,90D,all,0,103,0.5242718446601942,0.4563106796116505,0.36342238345230693,0.5523406536744683,0.01641979583435081,0.013333333333333197,0.30853679027143316,-0.305505055177944,1.0099236822504403,1.1129771192147708,-0.018978900147247412,-0.027669641402492617,0.8814112812999698
position_policy,non_overlapping_same_ticker,all,author_net,7,1D,all,0,578,0.45501730103806226,0.4479166666666667,0.4077845469484197,0.48873889219642763,-0.002856887943594532,-0.002577951989804761,0.025207399464807906,-0.026456317222498783,0.9527932120261704,0.8005898235235872,-0.0032065462109831383,-0.0019434161238929826,0.7642160622803106
position_policy,non_overlapping_same_ticker,all,author_net,7,20D,all,0,288,0.53125,0.5034722222222222,0.4460631995099853,0.5607898364091803,0.021301753015313993,0.014414369526581705,0.15701942911552141,-0.13251161323158775,1.1849484379991804,1.3429415630657378,0.009485577420487026,0.0005628357604415268,1.1499185045339835
position_policy,non_overlapping_same_ticker,all,author_net,7,5D,all,0,474,0.5063291139240507,0.4872881355932203,0.4424802791295814,0.5323012373239442,0.008053153640397716,0.0010602693687914444,0.07975373730585951,-0.06548590652930669,1.2178763574139053,1.2491039563219541,0.0047650733659680535,-0.001684284201841968,1.1524259934801646
position_policy,non_overlapping_same_ticker,all,author_net,7,60D,all,0,110,0.509090909090909,0.41818181818181815,0.33029106092011495,0.5115943103104936,0.07345235070834048,0.004885897037228859,0.32408155717288617,-0.1864594189585958,1.738080913170978,1.8024542803254588,0.039288170453324105,-0.02419685226478907,1.3772647507919973
position_policy,non_overlapping_same_ticker,all,author_net,7,90D,all,0,72,0.5694444444444444,0.5138888888888888,0.40069754605192803,0.6256732547092813,0.06894456674246291,0.04387867794525768,0.35183376116153925,-0.3051992065214768,1.1528003796981718,1.5246714699233888,0.0348195822483914,0.009222370381060219,1.2446817172474463
position_policy,non_overlapping_same_ticker,all,author_net,90,1D,all,0,514,0.5291828793774319,0.5272373540856031,0.48403424368378645,0.5700363594381918,0.0032037280004020416,0.0013940384542813766,0.025986874005514922,-0.02287642842739835,1.1359672725131906,1.3037261524202017,0.002817953981203911,0.0010859283998222446,1.2754465371434949
position_policy,non_overlapping_same_ticker,all,author_net,90,20D,all,0,375,0.4826666666666667,0.4613333333333333,0.4115258371261664,0.5119249908527067,0.003097719825312918,-0.004787941480715263,0.14725769906915998,-0.13140205462384336,1.120665118142221,1.0455690019780515,-0.009025389268669226,-0.014550350133893941,0.8739568568063275
position_policy,non_overlapping_same_ticker,all,author_net,90,5D,all,0,474,0.5210970464135021,0.5095137420718816,0.4645674063491166,0.554306791423574,0.00808178069471304,0.003034077397691015,0.07386731685580211,-0.06349983794752927,1.163267801042888,1.2657583562008519,0.0047069997508962826,0.0015671797782043084,1.1566064322056475
position_policy,non_overlapping_same_ticker,all,author_net,90,60D,all,0,202,0.5247524752475248,0.45544554455445546,0.3882388030289294,0.524315256279018,0.02511687719524229,0.012741962406549678,0.25660522394295365,-0.23048483900535566,1.1133279961073321,1.2292996623685124,-0.012795741718634856,-0.02123371851720013,0.8982276140554926
position_policy,non_overlapping_same_ticker,all,author_net,90,90D,all,0,128,0.5,0.46875,0.3844747677270395,0.5548462920400548,-0.005954297737176904,0.0035301669327409413,0.2996865241113001,-0.3115951195856539,0.9617818292847804,0.9617818292847804,-0.043212971107665414,-0.04434851586603239,0.7509843456752856
position_policy,non_overlapping_same_ticker,all,author_net_shift,1,1D,all,0,8,0.25,0.16666666666666666,0.030053369748306635,0.5635028221864702,-0.01147670564936816,-0.012521297245653484,0.025886458730688566,-0.023931093776053736,1.081708131393118,0.36056937713103937,-0.01038654191390559,-0.009811270145382578,0.4298337656053272
position_policy,non_overlapping_same_ticker,all,author_net_shift,1,5D,all,0,3,0.6666666666666666,,,,0.0340674926953638,0.08507355210369316,0.10630482779278749,-0.11040717749948359,0.962843450945793,1.925686901891586,,,
position_policy,non_overlapping_same_ticker,all,author_net_shift,3,1D,all,0,20,0.75,0.7647058823529411,0.5273820188043501,0.9044495567791988,0.00913368993020629,0.008912615424751857,0.018134850061728235,-0.017869790464359547,1.0148328318620936,3.044498495586281,0.012467028814606974,0.011163274121816502,5.187876257598961
position_policy,non_overlapping_same_ticker,all,author_net_shift,3,20D,all,0,6,0.3333333333333333,0.3333333333333333,0.09677141110578041,0.700006684861608,-0.08271433112983229,-0.08286993299736606,0.06776708793864628,-0.15795504066407157,0.42902770088084036,0.21451385044042018,-0.08512410795827917,-0.07797659703639459,0.15499685104913224
position_policy,non_overlapping_same_ticker,all,author_net_shift,3,5D,all,0,11,0.18181818181818182,0.2222222222222222,0.06322510711784671,0.5474110308930111,-0.051809248003056536,-0.05801320372199403,0.04105054568347127,-0.07244475771117383,0.5666461864243307,0.12592137476096238,-0.045864161995818394,-0.03866488533848511,0.1274336329345129
position_policy,non_overlapping_same_ticker,all,author_net_shift,3,60D,all,0,1,0.0,0.0,0.0,0.7934506856227626,-0.021319150870494186,-0.021319150870494186,,-0.021319150870494186,,,-0.012164726720390817,-0.012164726720390817,
position_policy,non_overlapping_same_ticker,all,author_net_shift,3,90D,all,0,1,1.0,1.0,0.20654931437723745,1.0,0.0982999227237602,0.0982999227237602,0.0982999227237602,,,,0.08314019633118919,0.08314019633118919,
position_policy,non_overlapping_same_ticker,all,author_net_shift,30,1D,all,0,161,0.5527950310559007,0.5527950310559007,0.4756532472081219,0.6274761482826796,0.0029448131414733423,0.0028299459737586297,0.021404507921414916,-0.019873420683732212,1.077041957801256,1.331343531170997,0.001403523461929224,0.0020377517604304174,1.1608181034906362
position_policy,non_overlapping_same_ticker,all,author_net_shift,30,20D,all,0,79,0.4050632911392405,0.44871794871794873,0.3433437231709858,0.5589063085943674,0.0001412074409489501,-0.011510938458392905,0.17312682728209391,-0.11763623585514975,1.4717134225144026,1.002017649371508,0.001202082483916127,-0.01324121389894628,1.0190684166664252
position_policy,non_overlapping_same_ticker,all,author_net_shift,30,5D,all,0,128,0.5546875,0.5078125,0.422247229254785,0.5929225058034415,0.009256117976581485,0.009216855391784962,0.0651761214049502,-0.060398623135947974,1.0790994565927243,1.3441414283874284,0.004750342961351689,0.001663323644025827,1.1843813445155456
position_policy,non_overlapping_same_ticker,all,author_net_shift,30,60D,all,0,30,0.36666666666666664,0.3448275862068966,0.19940718526674994,0.5265489590952386,-0.08799661160252122,-0.05587658059050549,0.43631210004622933,-0.3915437604517978,1.1143380232717126,0.6451430661046758,-0.1496651115903361,-0.12393477656556817,0.410754406059746
position_policy,non_overlapping_same_ticker,all,author_net_shift,30,90D,all,0,19,0.3684210526315789,0.3684210526315789,0.19149512745135072,0.5896046683519693,-0.19104465551645702,-0.09519803479489852,0.11395874335279288,-0.3689633048568528,0.3088619975284686,0.18016949855827336,-0.199365194551947,-0.07354870993335139,0.1768439607117442
position_policy,non_overlapping_same_ticker,all,author_net_shift,7,1D,all,0,70,0.4142857142857143,0.3382352941176471,0.23714253215255424,0.45662760613335107,-0.011741523223759546,-0.0038574873642460705,0.018373558015307597,-0.033042434344075326,0.5560594544572975,0.39331034583564944,-0.012084321061711223,-0.003391995905962175,0.3139260945873504
position_policy,non_overlapping_same_ticker,all,author_net_shift,7,20D,all,0,26,0.46153846153846156,0.46153846153846156,0.2875585353039122,0.6454206125314121,0.004317425348717959,-0.015767307097396044,0.13318048318158004,-0.1061366242223067,1.2548023282013292,1.0755448527439966,0.008959390655750845,-0.010797425944595374,1.1835832322262143
position_policy,non_overlapping_same_ticker,all,author_net_shift,7,5D,all,0,52,0.4230769230769231,0.46,0.3296965219222435,0.5960112860084253,-0.005089101514393344,-0.010548913547475558,0.06476910874206737,-0.05631845570246453,1.150051220939871,0.8433708953559054,-0.002308017289144395,-0.0023648860869742716,0.9149311471148811
position_policy,non_overlapping_same_ticker,all,author_net_shift,7,60D,all,0,9,0.4444444444444444,0.4444444444444444,0.18877852109766452,0.733348706504507,-0.2335146638232619,-0.010509952350376883,0.16491963092010134,-0.5522620996179525,0.29862565443869954,0.23890052355095964,-0.22896077835565315,-0.016937910160957248,0.23089881857362338
position_policy,non_overlapping_same_ticker,all,author_net_shift,7,90D,all,0,6,0.3333333333333333,0.3333333333333333,0.09677141110578041,0.700006684861608,-0.205009214528281,-0.11434979798292899,0.2412567077561279,-0.4281421756704854,0.5634967108258175,0.28174835541290877,-0.17957694975433838,-0.10936148183474087,0.3248327135562505
position_policy,non_overlapping_same_ticker,all,author_net_shift,90,1D,all,0,133,0.46616541353383456,0.45112781954887216,0.3691156362217848,0.5358839149958461,-0.0027136699917250785,-0.0020691353969948256,0.02263311447033868,-0.024847481775499065,0.9108816207144231,0.7954177532999187,-0.002429215646166285,-0.0017247833851001815,0.7976997909097787
position_policy,non_overlapping_same_ticker,all,author_net_shift,90,20D,all,0,80,0.5125,0.55,0.44119507889355963,0.6542231081528878,0.010482957023038348,0.008195354063838312,0.1695541006083729,-0.15674568110513387,1.0817146565885158,1.1371872030802346,0.012514951305693222,0.007637221650241721,1.1820640831146574
position_policy,non_overlapping_same_ticker,all,author_net_shift,90,5D,all,0,119,0.4957983193277311,0.4830508474576271,0.394853534727032,0.572316917443222,-0.0032263726434249656,-0.0006091370558375386,0.06965559139552209,-0.0748936372817229,0.9300602016898023,0.9145591983283056,-0.0011439533640415066,-0.0010867003782283335,0.9652352098646453
position_policy,non_overlapping_same_ticker,all,author_net_shift,90,60D,all,0,30,0.5666666666666667,0.5666666666666667,0.3919730700081361,0.7262251442353347,0.09579003334618452,0.06892661145653917,0.32068297728715994,-0.1983007394997064,1.6171547221468368,2.1147407904997095,0.09213071396115426,0.04156512961474296,2.1485885315266735
position_policy,non_overlapping_same_ticker,all,author_net_shift,90,90D,all,0,21,0.7619047619047619,0.6190476190476191,0.4087865377511576,0.7924898863143551,0.4202537328496279,0.1513140887548472,0.5972191979035826,-0.14603575532302698,4.089540924977931,13.08653095992938,0.35782502316968834,0.07116990928485323,6.755544228911777
position_policy,non_overlapping_same_ticker,all,high_low_divergence,1,1D,all,0,9,0.2222222222222222,0.375,0.13684428582359742,0.6942576053973727,-0.010870682037073334,-0.008313990293310702,0.0037700624779551384,-0.01505375189851004,0.250440056629888,0.07155430189425371,-0.008995553131614431,-0.005808734054291387,0.16707697676198247
position_policy,non_overlapping_same_ticker,all,high_low_divergence,1,20D,all,0,1,0.0,0.0,0.0,0.7934506856227626,-0.41939302406269774,-0.41939302406269774,,-0.41939302406269774,,,-0.41225706016387886,-0.41225706016387886,
position_policy,non_overlapping_same_ticker,all,high_low_divergence,1,5D,all,0,4,0.25,0.5,0.09453120573423074,0.9054687942657693,-0.07010010675742254,-0.02776195234399137,0.03834367481322032,-0.10624803394763682,0.36088832318645614,0.12029610772881871,-0.11492563348653723,-0.11492563348653723,0.05477725677202202
position_policy,non_overlapping_same_ticker,all,high_low_divergence,3,1D,all,0,40,0.4,0.41025641025641024,0.27079310000725176,0.5658137711710304,-0.0033252392110415365,-0.00621621179781473,0.02894567058758476,-0.024839179076792398,1.1653231573433567,0.776882104895571,-0.0020758133464079086,-0.0020471874797272083,0.8475175046092032
position_policy,non_overlapping_same_ticker,all,high_low_divergence,3,20D,all,0,12,0.5,0.5454545454545454,0.280091537409322,0.7872872837754024,0.003446413729477534,-0.015373409793201509,0.08473664493081341,-0.07784381747185835,1.088546883783634,1.088546883783634,0.012757421084066039,0.005723646547819872,1.4885674804879931
position_policy,non_overlapping_same_ticker,all,high_low_divergence,3,5D,all,0,24,0.4166666666666667,0.4090909090909091,0.2325581619647187,0.6126518152368488,-0.016482373959400082,-0.02057366830218671,0.0796395725259021,-0.08514090716318735,0.9353855294642212,0.6681325210458723,-0.007238745555048629,-0.017773557610995527,0.8086342813414356
position_policy,non_overlapping_same_ticker,all,high_low_divergence,3,60D,all,0,6,0.5,0.5,0.1876163064826506,0.8123836935173494,0.1921353728727985,0.005447714212269028,0.5171592592174878,-0.13288851347189087,3.8916776605141234,3.8916776605141234,0.16968269619411128,0.004005782546792458,3.83978540691476
position_policy,non_overlapping_same_ticker,all,high_low_divergence,3,90D,all,0,4,1.0,1.0,0.5101091635454027,1.0,0.1588729796475887,0.1525263912100021,0.1588729796475887,,,,0.13925373745094152,0.10822858131022389,
position_policy,non_overlapping_same_ticker,all,high_low_divergence,30,1D,all,0,98,0.42857142857142855,0.42857142857142855,0.33511579016394677,0.5274156369962931,-0.004047419481368738,-0.002682093183089651,0.022230190013772112,-0.023755626602724376,0.9357863038318122,0.7018397278738591,-0.0032467592125052847,-0.0027510374999014653,0.7249251036627838
position_policy,non_overlapping_same_ticker,all,high_low_divergence,30,20D,all,0,56,0.4107142857142857,0.4642857142857143,0.34019852912223775,0.5929581806433883,0.00733509927770449,-0.008222016517645703,0.14661071818809712,-0.08973578662953886,1.633804346011454,1.138712119947377,0.009788668220890527,-0.001078294127337509,1.2047116008673138
position_policy,non_overlapping_same_ticker,all,high_low_divergence,30,5D,all,0,83,0.5060240963855421,0.4819277108433735,0.3776318592215551,0.5878224290787573,-0.002820678040404966,0.0007497625751844428,0.04730807359182256,-0.054172082151467314,0.8732925099601542,0.8945923272762555,-0.0005419909069270772,-0.001452326545239746,0.9756478962768721
position_policy,non_overlapping_same_ticker,all,high_low_divergence,30,60D,all,0,36,0.5555555555555556,0.5555555555555556,0.395810617556973,0.7045873125991978,0.10276660967992152,0.01581913071045349,0.3406922418287185,-0.19464043050607469,1.7503672846535632,2.1879591058169536,0.10067172011301843,0.03077525413451576,2.2358192920039963
position_policy,non_overlapping_same_ticker,all,high_low_divergence,30,90D,all,0,23,0.7391304347826086,0.6956521739130435,0.49134243731240795,0.8439597554678597,0.0483392661060734,0.036355827290871945,0.19315997953840722,-0.36198608861887244,0.5336116099803528,1.5118995616109998,0.06328037686478369,0.08626254267610378,1.6675194412343193
position_policy,non_overlapping_same_ticker,all,high_low_divergence,7,1D,all,0,68,0.5294117647058824,0.5,0.38438064984606757,0.6156193501539324,0.0021542552216587472,0.004024077528696435,0.02962589973751299,-0.028751344858677273,1.0304178772552886,1.1592201119121994,0.0022431987949949215,-0.0003589187376717984,1.1936591018078322
position_policy,non_overlapping_same_ticker,all,high_low_divergence,7,20D,all,0,32,0.53125,0.5806451612903226,0.4076626249536972,0.7358445693268778,0.05329705039315523,0.022514765660030633,0.15344943189510116,-0.06020898197571682,2.5486136264019477,2.888428776588874,0.06127234959706696,0.012591231865003771,4.888351168810782
position_policy,non_overlapping_same_ticker,all,high_low_divergence,7,5D,all,0,54,0.5370370370370371,0.5,0.3711458304022563,0.6288541695977437,0.02342393273989095,0.0015727196072756744,0.0789660708602541,-0.041004947479730304,1.9257693452549565,2.233892440495749,0.024900307267571416,-0.00010798515666027297,2.7954439905354485
position_policy,non_overlapping_same_ticker,all,high_low_divergence,7,60D,all,0,19,0.631578947368421,0.631578947368421,0.41039533164803066,0.8085048725486492,0.17966255174757578,0.0447990846862486,0.3676613753931634,-0.14262114593057446,2.5778882436699444,4.419236989148476,0.174175445018909,0.06162046158352985,4.607797649230425
position_policy,non_overlapping_same_ticker,all,high_low_divergence,7,90D,all,0,14,0.6428571428571429,0.6428571428571429,0.38764423103907397,0.8365526824644587,0.28707036442851613,0.13136591933122554,0.4972501843286292,-0.09125331139168744,5.449119344220591,9.808414819597063,0.2603785611802362,0.0998799948993101,7.021279507415587
position_policy,non_overlapping_same_ticker,all,high_low_divergence,90,1D,all,0,86,0.5813953488372093,0.5697674418604651,0.46436203379906343,0.6692065898354842,-0.0008000767099674811,0.003256002651038814,0.016720803898486663,-0.025134633110598235,0.6652495711758049,0.9239577377441734,-0.0010659816586231754,0.002524269900493259,0.8904324744077549
position_policy,non_overlapping_same_ticker,all,high_low_divergence,90,20D,all,0,47,0.5957446808510638,0.5531914893617021,0.41245459838218734,0.6858903373450472,0.04040385824588638,0.02387079598899633,0.13808164153617428,-0.10354234870822208,1.3335764859389316,1.9652706108573728,0.0357582721925513,0.010143557853987017,2.005016395097558
position_policy,non_overlapping_same_ticker,all,high_low_divergence,90,5D,all,0,76,0.5526315789473685,0.5526315789473685,0.4410051506448649,0.6591934193482787,0.0006258498404650967,0.006538031067751915,0.045317822914698415,-0.054581881604176055,0.8302722731938789,1.0256304551218502,0.001228108102811937,0.003992094133938751,1.058630461368356
position_policy,non_overlapping_same_ticker,all,high_low_divergence,90,60D,all,0,31,0.4838709677419355,0.5806451612903226,0.4076626249536972,0.7358445693268778,0.027982563244570186,-0.009844433641225114,0.21503504051581576,-0.14737913419722254,1.4590602780177564,1.3678690106416467,0.03503963699018196,0.017158668758445184,1.585833987649915
position_policy,non_overlapping_same_ticker,all,high_low_divergence,90,90D,all,0,24,0.8333333333333334,0.7916666666666666,0.5952954674681133,0.9075517464714814,0.09794260105020887,0.1141781323537116,0.19823256212865276,-0.40350720434201043,0.49127391034295376,2.4563695517147686,0.11696909013043566,0.15237099952334066,2.7419015729859098
position_policy,non_overlapping_same_ticker,all,weighted_net,1,1D,all,0,260,0.4269230769230769,0.437984496124031,0.3787932561201849,0.49899538688491996,-0.004449547575858107,-0.004847595967348406,0.027291687781238114,-0.028095702774768715,0.9713829904887574,0.723647731169477,-0.003950243140577725,-0.0031897113904461594,0.7328168723749567
position_policy,non_overlapping_same_ticker,all,weighted_net,1,20D,all,0,110,0.4636363636363636,0.46788990825688076,0.37691328555456316,0.5610527769799256,0.010273614662951281,-0.01725012544181309,0.16087852142264378,-0.11991028779034225,1.34165737058302,1.1597377271141358,0.0019428436423620035,-0.00977677292161161,1.030776475716676
position_policy,non_overlapping_same_ticker,all,weighted_net,1,5D,all,0,176,0.42045454545454547,0.4161849710982659,0.3453326314865663,0.490678673818237,-0.005594371484659994,-0.01211172218353912,0.08344405590643053,-0.07019087763113745,1.1888162496690855,0.8624745340736505,-0.0042734743053386565,-0.01005173886114974,0.8802837371606955
position_policy,non_overlapping_same_ticker,all,weighted_net,1,60D,all,0,44,0.5909090909090909,0.5454545454545454,0.40066183198961974,0.6829476585777909,0.19171572526417344,0.07204426347047777,0.42814974946273016,-0.14980008746707518,2.8581408509313047,4.12842567356744,0.15444239143806274,0.03330743784413581,3.2567064569326005
position_policy,non_overlapping_same_ticker,all,weighted_net,1,90D,all,0,28,0.6428571428571429,0.5357142857142857,0.358126892344679,0.7046843001720462,0.20853239023572004,0.0828843814903013,0.42795918861111315,-0.18643584683998754,2.2954769475122347,4.131858505522023,0.167730040260715,0.036282886348834364,3.0580093573056586
position_policy,non_overlapping_same_ticker,all,weighted_net,3,1D,all,0,504,0.4583333333333333,0.44621513944223107,0.4033021531295222,0.4899450312236656,-0.0023380957590037666,-0.0026484672181082414,0.02552688284136702,-0.02591615457470212,0.9849795720189489,0.8334442532468028,-0.002436550633551298,-0.001928285842454358,0.8114532657365955
position_policy,non_overlapping_same_ticker,all,weighted_net,3,20D,all,0,211,0.4786729857819905,0.4265402843601896,0.36170738252125556,0.49400016959571047,0.007854823868340537,-0.010695278969957145,0.1647632457241299,-0.1362156361992479,1.2095765972353152,1.1106112392796985,-0.004470947192083455,-0.012997900382133887,0.9385925917629998
position_policy,non_overlapping_same_ticker,all,weighted_net,3,5D,all,0,370,0.5081081081081081,0.4945652173913043,0.44380380480753234,0.5454389224217387,0.005942247375513527,0.0016663381417774126,0.07630304200496495,-0.06673813389007366,1.1433199815063144,1.1810118490285006,0.0033821523290586365,-0.0003020416823134031,1.1098696228521727
position_policy,non_overlapping_same_ticker,all,weighted_net,3,60D,all,0,87,0.5057471264367817,0.45977011494252873,0.358970941640143,0.5639717313323724,0.12364189981646981,0.0022863331428055744,0.39011074590121503,-0.14902389617722292,2.6177730948416866,2.678651538907772,0.08381480286209982,-0.01466058892182387,1.9340442024758229
position_policy,non_overlapping_same_ticker,all,weighted_net,3,90D,all,0,53,0.6226415094339622,0.5660377358490566,0.4326535142760728,0.6904960344024968,0.13631959129997304,0.07264478065106017,0.32864776541477503,-0.18102189598945026,1.815513883657081,2.995597908034184,0.10032438337022105,0.02838640841160389,2.214391309958999
position_policy,non_overlapping_same_ticker,all,weighted_net,30,1D,all,0,516,0.5271317829457365,0.5203883495145631,0.4772499069045537,0.5632248848511634,-0.0015650478733925163,0.0016451579166201213,0.02355728087686195,-0.029691955148876494,0.7933893459943924,0.8880736712365214,-0.0016898486788106172,0.0009430185520961087,0.8720587719032458
position_policy,non_overlapping_same_ticker,all,weighted_net,30,20D,all,0,344,0.49709302325581395,0.45930232558139533,0.4073796790939471,0.5121238783746481,-0.006609607293657552,-0.00036999402631004985,0.12835353400832522,-0.14001248106613765,0.9167292303583628,0.9061312045738732,-0.017090858522454414,-0.011858763020239138,0.7649977491687555
position_policy,non_overlapping_same_ticker,all,weighted_net,30,5D,all,0,441,0.47392290249433106,0.4659090909090909,0.41979526506940207,0.5126130320741066,0.002704430194776687,-0.0036482885837261225,0.07871007502455533,-0.06576617225963598,1.1968170310082602,1.078167066727269,5.3585082190218955e-05,-0.005411216033684441,1.0015789439677756
position_policy,non_overlapping_same_ticker,all,weighted_net,30,60D,all,0,168,0.5238095238095238,0.4166666666666667,0.34479424061158126,0.49226487078006353,0.03216434081518243,0.009376698753442936,0.2660774577867148,-0.22514008785350317,1.1818306562971996,1.3000137219269194,-0.01011725843314686,-0.048089944064013734,0.9191622539372235
position_policy,non_overlapping_same_ticker,all,weighted_net,30,90D,all,0,100,0.51,0.44,0.34672026630160796,0.5377189534832302,0.007817643973702085,0.005439604847644275,0.29958275644864235,-0.2958562486022562,1.0125956705798567,1.0539261061137284,-0.02361044093791178,-0.03593732248859438,0.8533511554451961
position_policy,non_overlapping_same_ticker,all,weighted_net,7,1D,all,0,594,0.4713804713804714,0.45193929173693087,0.4123198477417614,0.49217740331612087,-0.0023913064891313467,-0.0019607327762213855,0.024988669410684144,-0.026892215621519427,0.9292157166361538,0.8312472864476775,-0.002699127800543689,-0.0015428513670612265,0.7990666885879079
position_policy,non_overlapping_same_ticker,all,weighted_net,7,20D,all,0,298,0.5369127516778524,0.5,0.44359356532984634,0.5564064346701536,0.02179575851741072,0.014414369526581705,0.15193266558595667,-0.12908761199684543,1.1769732450366308,1.3646066609120355,0.01000601365910259,0.0002718301922681188,1.1636345722960761
position_policy,non_overlapping_same_ticker,all,weighted_net,7,5D,all,0,479,0.5093945720250522,0.49372384937238495,0.4491330753880426,0.5384146959999053,0.009131416371944654,0.0012052730696798797,0.08165413142073721,-0.06616876435956763,1.234028354784148,1.2812890151801368,0.005630507215179226,-0.0007645041973687317,1.1792586987042868
position_policy,non_overlapping_same_ticker,all,weighted_net,7,60D,all,0,117,0.5213675213675214,0.41025641025641024,0.32536293772432145,0.5008556448305281,0.07762923039373534,0.0077313894411308315,0.3196351192186028,-0.18598432707620957,1.718613198453158,1.8720608054579044,0.04249501503719538,-0.02239275172076427,1.4194978636009912
position_policy,non_overlapping_same_ticker,all,weighted_net,7,90D,all,0,74,0.5675675675675675,0.5135135135135135,0.40181114568899073,0.6238821035165123,0.04807649272398332,0.04387867794525768,0.3172823152722717,-0.3052561493706452,1.0393969652255037,1.3642085168584737,0.013243362535139042,0.007786318961000349,1.0917100009084826
position_policy,non_overlapping_same_ticker,all,weighted_net,90,1D,all,0,460,0.5304347826086957,0.5217391304347826,0.47609946596788244,0.5670187150822753,0.002713008988009068,0.001689520917062426,0.026348707556409293,-0.024324415536524396,1.083220582087381,1.2408724038935257,0.002519523861404745,0.001343654428593799,1.2291565872379595
position_policy,non_overlapping_same_ticker,all,weighted_net,90,20D,all,0,344,0.5116279069767442,0.502906976744186,0.4503312318827275,0.5554185140123729,0.0016815634733362535,0.0046976538360632425,0.1294245510169535,-0.13214442347711988,0.9794174253547875,1.0260563503716822,-0.008186817797194362,0.0012932052037715747,0.8778079526566722
position_policy,non_overlapping_same_ticker,all,weighted_net,90,5D,all,0,408,0.5343137254901961,0.5392156862745098,0.4907077273233261,0.5869920751483139,0.005803969969357799,0.005603106411103731,0.07366180903537795,-0.07205397169586533,1.0223143471715783,1.1729711983337057,0.003511614096241454,0.003514407884783577,1.1068358605187114
position_policy,non_overlapping_same_ticker,all,weighted_net,90,60D,all,0,206,0.529126213592233,0.45145631067961167,0.38500797827613664,0.5196819714011115,0.025092820027707945,0.01246321951898921,0.24164737033340725,-0.21825198392405726,1.1071943814150649,1.244166882208681,-0.012693090193394204,-0.029120746948786747,0.8961553742827122
position_policy,non_overlapping_same_ticker,all,weighted_net,90,90D,all,0,137,0.5255474452554745,0.48905109489051096,0.406793178139353,0.5719062756640947,0.023500068457307455,0.035504922021900365,0.3322842046777363,-0.3185377439714752,1.043154888129967,1.155494645313194,-0.01133012323516578,-0.023209129445495025,0.9321658562771409
signal_month,2025-08,all,author_net,1,1D,all,0,2,0.0,0.0,0.0,0.6576197724933469,-0.008821960748373436,-0.008821960748373436,,-0.008821960748373436,,,-0.011417597606416752,-0.011417597606416752,
signal_month,2025-08,all,author_net,1,20D,all,0,2,0.5,0.5,0.09453120573423074,0.9054687942657693,0.09461932781080118,0.09461932781080118,0.20654868769770007,-0.017310032076097714,11.932311089296569,11.932311089296569,0.07791764064684359,0.07791764064684359,5.581811351369775
signal_month,2025-08,all,author_net,1,5D,all,0,2,0.0,0.0,0.0,0.6576197724933469,-0.0429689071942585,-0.0429689071942585,,-0.0429689071942585,,,-0.045873548440164225,-0.045873548440164225,
signal_month,2025-08,all,author_net,1,60D,all,0,2,0.5,0.5,0.09453120573423074,0.9054687942657693,0.06265236291436499,0.06265236291436499,0.12630019093214773,-0.0009954651034177475,126.87555846861844,126.87555846861844,0.054479196855407086,0.054479196855407086,12.883823417167799
signal_month,2025-08,all,author_net,1,90D,all,0,2,1.0,0.5,0.09453120573423074,0.9054687942657693,0.1346627798961344,0.1346627798961344,0.1346627798961344,,,,0.06580115206101933,0.06580115206101933,4.945302778366761
signal_month,2025-08,all,author_net,3,1D,all,0,2,0.0,0.0,0.0,0.6576197724933469,-0.005121797848457066,-0.005121797848457066,,-0.005121797848457066,,,-0.008017580811974512,-0.008017580811974512,
signal_month,2025-08,all,author_net,3,20D,all,0,2,0.5,0.5,0.09453120573423074,0.9054687942657693,0.12041528003514546,0.12041528003514546,0.2581405921463886,-0.017310032076097714,14.91277376099366,14.91277376099366,0.099241934630246,0.099241934630246,6.835749373902254
signal_month,2025-08,all,author_net,3,5D,all,0,2,0.0,0.0,0.0,0.6576197724933469,-0.05068849278784204,-0.05068849278784204,,-0.05068849278784204,,,-0.05149697333136205,-0.05149697333136205,
signal_month,2025-08,all,author_net,3,60D,all,0,2,0.5,0.5,0.09453120573423074,0.9054687942657693,0.07344953118642833,0.07344953118642833,0.1478945274762744,-0.0009954651034177475,148.5682692125576,148.5682692125576,0.055353608597242976,0.055353608597242976,13.074563283642986
signal_month,2025-08,all,author_net,3,90D,all,0,2,1.0,0.5,0.09453120573423074,0.9054687942657693,0.15943854386598233,0.15943854386598233,0.15943854386598233,,,,0.09153580292731,0.09153580292731,6.488299920254528
signal_month,2025-08,all,author_net,30,1D,all,0,2,0.0,0.0,0.0,0.6576197724933469,-0.005121797848457066,-0.005121797848457066,,-0.005121797848457066,,,-0.008017580811974512,-0.008017580811974512,
signal_month,2025-08,all,author_net,30,20D,all,0,2,0.5,0.5,0.09453120573423074,0.9054687942657693,0.12041528003514546,0.12041528003514546,0.2581405921463886,-0.017310032076097714,14.91277376099366,14.91277376099366,0.099241934630246,0.099241934630246,6.835749373902254
signal_month,2025-08,all,author_net,30,5D,all,0,2,0.0,0.0,0.0,0.6576197724933469,-0.05068849278784204,-0.05068849278784204,,-0.05068849278784204,,,-0.05149697333136205,-0.05149697333136205,
signal_month,2025-08,all,author_net,30,60D,all,0,2,0.5,0.5,0.09453120573423074,0.9054687942657693,0.07344953118642833,0.07344953118642833,0.1478945274762744,-0.0009954651034177475,148.5682692125576,148.5682692125576,0.055353608597242976,0.055353608597242976,13.074563283642986
signal_month,2025-08,all,author_net,30,90D,all,0,2,1.0,0.5,0.09453120573423074,0.9054687942657693,0.15943854386598233,0.15943854386598233,0.15943854386598233,,,,0.09153580292731,0.09153580292731,6.488299920254528
signal_month,2025-08,all,author_net,7,1D,all,0,2,0.0,0.0,0.0,0.6576197724933469,-0.005121797848457066,-0.005121797848457066,,-0.005121797848457066,,,-0.008017580811974512,-0.008017580811974512,
signal_month,2025-08,all,author_net,7,20D,all,0,2,0.5,0.5,0.09453120573423074,0.9054687942657693,0.12041528003514546,0.12041528003514546,0.2581405921463886,-0.017310032076097714,14.91277376099366,14.91277376099366,0.099241934630246,0.099241934630246,6.835749373902254
signal_month,2025-08,all,author_net,7,5D,all,0,2,0.0,0.0,0.0,0.6576197724933469,-0.05068849278784204,-0.05068849278784204,,-0.05068849278784204,,,-0.05149697333136205,-0.05149697333136205,
signal_month,2025-08,all,author_net,7,60D,all,0,2,0.5,0.5,0.09453120573423074,0.9054687942657693,0.07344953118642833,0.07344953118642833,0.1478945274762744,-0.0009954651034177475,148.5682692125576,148.5682692125576,0.055353608597242976,0.055353608597242976,13.074563283642986
signal_month,2025-08,all,author_net,7,90D,all,0,2,1.0,0.5,0.09453120573423074,0.9054687942657693,0.15943854386598233,0.15943854386598233,0.15943854386598233,,,,0.09153580292731,0.09153580292731,6.488299920254528
signal_month,2025-08,all,author_net,90,1D,all,0,2,0.0,0.0,0.0,0.6576197724933469,-0.005121797848457066,-0.005121797848457066,,-0.005121797848457066,,,-0.008017580811974512,-0.008017580811974512,
signal_month,2025-08,all,author_net,90,20D,all,0,2,0.5,0.5,0.09453120573423074,0.9054687942657693,0.12041528003514546,0.12041528003514546,0.2581405921463886,-0.017310032076097714,14.91277376099366,14.91277376099366,0.099241934630246,0.099241934630246,6.835749373902254
signal_month,2025-08,all,author_net,90,5D,all,0,2,0.0,0.0,0.0,0.6576197724933469,-0.05068849278784204,-0.05068849278784204,,-0.05068849278784204,,,-0.05149697333136205,-0.05149697333136205,
signal_month,2025-08,all,author_net,90,60D,all,0,2,0.5,0.5,0.09453120573423074,0.9054687942657693,0.07344953118642833,0.07344953118642833,0.1478945274762744,-0.0009954651034177475,148.5682692125576,148.5682692125576,0.055353608597242976,0.055353608597242976,13.074563283642986
signal_month,2025-08,all,author_net,90,90D,all,0,2,1.0,0.5,0.09453120573423074,0.9054687942657693,0.15943854386598233,0.15943854386598233,0.15943854386598233,,,,0.09153580292731,0.09153580292731,6.488299920254528
signal_month,2025-08,all,weighted_net,1,1D,all,0,2,0.0,0.0,0.0,0.6576197724933469,-0.008821960748373436,-0.008821960748373436,,-0.008821960748373436,,,-0.011417597606416752,-0.011417597606416752,
signal_month,2025-08,all,weighted_net,1,20D,all,0,2,0.5,0.5,0.09453120573423074,0.9054687942657693,0.09461932781080118,0.09461932781080118,0.20654868769770007,-0.017310032076097714,11.932311089296569,11.932311089296569,0.07791764064684359,0.07791764064684359,5.581811351369775
signal_month,2025-08,all,weighted_net,1,5D,all,0,2,0.0,0.0,0.0,0.6576197724933469,-0.0429689071942585,-0.0429689071942585,,-0.0429689071942585,,,-0.045873548440164225,-0.045873548440164225,
signal_month,2025-08,all,weighted_net,1,60D,all,0,2,0.5,0.5,0.09453120573423074,0.9054687942657693,0.06265236291436499,0.06265236291436499,0.12630019093214773,-0.0009954651034177475,126.87555846861844,126.87555846861844,0.054479196855407086,0.054479196855407086,12.883823417167799
signal_month,2025-08,all,weighted_net,1,90D,all,0,2,1.0,0.5,0.09453120573423074,0.9054687942657693,0.1346627798961344,0.1346627798961344,0.1346627798961344,,,,0.06580115206101933,0.06580115206101933,4.945302778366761
signal_month,2025-08,all,weighted_net,3,1D,all,0,2,0.0,0.0,0.0,0.6576197724933469,-0.005121797848457066,-0.005121797848457066,,-0.005121797848457066,,,-0.008017580811974512,-0.008017580811974512,
signal_month,2025-08,all,weighted_net,3,20D,all,0,2,0.5,0.5,0.09453120573423074,0.9054687942657693,0.12041528003514546,0.12041528003514546,0.2581405921463886,-0.017310032076097714,14.91277376099366,14.91277376099366,0.099241934630246,0.099241934630246,6.835749373902254
signal_month,2025-08,all,weighted_net,3,5D,all,0,2,0.0,0.0,0.0,0.6576197724933469,-0.05068849278784204,-0.05068849278784204,,-0.05068849278784204,,,-0.05149697333136205,-0.05149697333136205,
signal_month,2025-08,all,weighted_net,3,60D,all,0,2,0.5,0.5,0.09453120573423074,0.9054687942657693,0.07344953118642833,0.07344953118642833,0.1478945274762744,-0.0009954651034177475,148.5682692125576,148.5682692125576,0.055353608597242976,0.055353608597242976,13.074563283642986
signal_month,2025-08,all,weighted_net,3,90D,all,0,2,1.0,0.5,0.09453120573423074,0.9054687942657693,0.15943854386598233,0.15943854386598233,0.15943854386598233,,,,0.09153580292731,0.09153580292731,6.488299920254528
signal_month,2025-08,all,weighted_net,30,1D,all,0,2,0.0,0.0,0.0,0.6576197724933469,-0.005121797848457066,-0.005121797848457066,,-0.005121797848457066,,,-0.008017580811974512,-0.008017580811974512,
signal_month,2025-08,all,weighted_net,30,20D,all,0,2,0.5,0.5,0.09453120573423074,0.9054687942657693,0.12041528003514546,0.12041528003514546,0.2581405921463886,-0.017310032076097714,14.91277376099366,14.91277376099366,0.099241934630246,0.099241934630246,6.835749373902254
signal_month,2025-08,all,weighted_net,30,5D,all,0,2,0.0,0.0,0.0,0.6576197724933469,-0.05068849278784204,-0.05068849278784204,,-0.05068849278784204,,,-0.05149697333136205,-0.05149697333136205,
signal_month,2025-08,all,weighted_net,30,60D,all,0,2,0.5,0.5,0.09453120573423074,0.9054687942657693,0.07344953118642833,0.07344953118642833,0.1478945274762744,-0.0009954651034177475,148.5682692125576,148.5682692125576,0.055353608597242976,0.055353608597242976,13.074563283642986
signal_month,2025-08,all,weighted_net,30,90D,all,0,2,1.0,0.5,0.09453120573423074,0.9054687942657693,0.15943854386598233,0.15943854386598233,0.15943854386598233,,,,0.09153580292731,0.09153580292731,6.488299920254528
signal_month,2025-08,all,weighted_net,7,1D,all,0,2,0.0,0.0,0.0,0.6576197724933469,-0.005121797848457066,-0.005121797848457066,,-0.005121797848457066,,,-0.008017580811974512,-0.008017580811974512,
signal_month,2025-08,all,weighted_net,7,20D,all,0,2,0.5,0.5,0.09453120573423074,0.9054687942657693,0.12041528003514546,0.12041528003514546,0.2581405921463886,-0.017310032076097714,14.91277376099366,14.91277376099366,0.099241934630246,0.099241934630246,6.835749373902254
signal_month,2025-08,all,weighted_net,7,5D,all,0,2,0.0,0.0,0.0,0.6576197724933469,-0.05068849278784204,-0.05068849278784204,,-0.05068849278784204,,,-0.05149697333136205,-0.05149697333136205,
signal_month,2025-08,all,weighted_net,7,60D,all,0,2,0.5,0.5,0.09453120573423074,0.9054687942657693,0.07344953118642833,0.07344953118642833,0.1478945274762744,-0.0009954651034177475,148.5682692125576,148.5682692125576,0.055353608597242976,0.055353608597242976,13.074563283642986
signal_month,2025-08,all,weighted_net,7,90D,all,0,2,1.0,0.5,0.09453120573423074,0.9054687942657693,0.15943854386598233,0.15943854386598233,0.15943854386598233,,,,0.09153580292731,0.09153580292731,6.488299920254528
signal_month,2025-08,all,weighted_net,90,1D,all,0,2,0.0,0.0,0.0,0.6576197724933469,-0.005121797848457066,-0.005121797848457066,,-0.005121797848457066,,,-0.008017580811974512,-0.008017580811974512,
signal_month,2025-08,all,weighted_net,90,20D,all,0,2,0.5,0.5,0.09453120573423074,0.9054687942657693,0.12041528003514546,0.12041528003514546,0.2581405921463886,-0.017310032076097714,14.91277376099366,14.91277376099366,0.099241934630246,0.099241934630246,6.835749373902254
signal_month,2025-08,all,weighted_net,90,5D,all,0,2,0.0,0.0,0.0,0.6576197724933469,-0.05068849278784204,-0.05068849278784204,,-0.05068849278784204,,,-0.05149697333136205,-0.05149697333136205,
signal_month,2025-08,all,weighted_net,90,60D,all,0,2,0.5,0.5,0.09453120573423074,0.9054687942657693,0.07344953118642833,0.07344953118642833,0.1478945274762744,-0.0009954651034177475,148.5682692125576,148.5682692125576,0.055353608597242976,0.055353608597242976,13.074563283642986
signal_month,2025-08,all,weighted_net,90,90D,all,0,2,1.0,0.5,0.09453120573423074,0.9054687942657693,0.15943854386598233,0.15943854386598233,0.15943854386598233,,,,0.09153580292731,0.09153580292731,6.488299920254528
signal_month,2025-09,all,author_net,1,1D,all,0,6,0.6666666666666666,0.6666666666666666,0.299993315138392,0.9032285888942195,0.004933775946215431,0.01399319815014044,0.0167862516705502,-0.018771175502454107,0.8942568177659198,1.7885136355318396,0.00307814301132033,0.007006020635215826,1.683697696794272
signal_month,2025-09,all,author_net,1,20D,all,0,6,1.0,1.0,0.6096657120978346,1.0,0.13797164842657275,0.04865313806426064,0.13797164842657275,,,,0.11727427524063705,0.03361140007432939,
signal_month,2025-09,all,author_net,1,5D,all,0,6,0.6666666666666666,0.5,0.1876163064826506,0.8123836935173494,0.06123219451793634,0.006129045562653701,0.09353003405935212,-0.003363484564895214,27.807481275676956,55.61496255135391,0.05691299670301175,0.0055211140870076725,23.139957285000047
signal_month,2025-09,all,author_net,1,60D,all,0,6,1.0,0.8333333333333334,0.43649717781352987,0.9699466302516935,0.11436456140003037,0.07361253159233394,0.11436456140003037,,,,0.08234008088180352,0.04819616622135148,22.63277820617498
signal_month,2025-09,all,author_net,1,90D,all,0,6,0.6666666666666666,0.3333333333333333,0.09677141110578041,0.700006684861608,0.038704386020955016,0.020000620275607006,0.11639758597753402,-0.11668201389220301,0.9975623671105663,1.9951247342211327,-0.00412084560360404,-0.022142084088009883,0.9316861620435566
signal_month,2025-09,all,author_net,3,1D,all,0,9,0.6666666666666666,0.6666666666666666,0.3542021355803963,0.879416181613089,0.003147690954397042,0.00987639718493094,0.01404484894433474,-0.018646625025478352,0.7532113143876791,1.5064226287753582,0.0011516114032053733,0.0028350447177716287,1.2290825423696567
signal_month,2025-09,all,author_net,3,20D,all,0,9,0.8888888888888888,0.7777777777777778,0.45258896910698887,0.9367748928821533,0.10184013010386726,0.04566512243547316,0.11872535040169707,-0.033241632278771194,3.5715860582910537,28.57268846632843,0.08209149133110014,0.018005977010847607,28.14102420903362
signal_month,2025-09,all,author_net,3,5D,all,0,9,0.6666666666666666,0.5555555555555556,0.26665129349549305,0.8112214789023355,0.04133824645866678,0.007570246430844696,0.07531712971184805,-0.026619520047695744,2.8293947290145716,5.658789458029142,0.03673459540496912,0.012129881660026487,5.555061527996202
signal_month,2025-09,all,author_net,3,60D,all,0,9,1.0,0.8888888888888888,0.5650002944233439,0.9801091123614551,0.09567096155096018,0.07321934538348818,0.09567096155096018,,,,0.06768077739841856,0.041396529175845354,27.67212426685353
signal_month,2025-09,all,author_net,3,90D,all,0,9,0.5555555555555556,0.4444444444444444,0.18877852109766452,0.733348706504507,0.026220080843065447,0.014088910600879467,0.11436119374506468,-0.0839563102844336,1.3621512588824247,1.702689073603031,-0.00904457402226729,-0.020501108534518586,0.8277509884286407
signal_month,2025-09,all,author_net,30,1D,all,0,17,0.6470588235294118,0.5294117647058824,0.30963235060004424,0.7383489355759056,-0.002297274026590406,0.004698627119888332,0.010856402429951702,-0.02641234753025094,0.4110351197491061,0.7535643862066946,-0.0033868695246642645,0.0028350447177716287,0.608475235528483
signal_month,2025-09,all,author_net,30,20D,all,0,17,0.6470588235294118,0.6470588235294118,0.41300363485218694,0.8269027960275627,0.0540970027491513,0.034363088126528885,0.11894854452337347,-0.06479749050358935,1.835696777744572,3.3654440925317153,0.035567955908888386,0.015909394655918563,2.231806044108002
signal_month,2025-09,all,author_net,30,5D,all,0,17,0.6470588235294118,0.5882352941176471,0.3600544264299978,0.7838894320978518,0.03253546233720711,0.01092336576207531,0.07709256527681269,-0.049152559718736444,1.5684343952371174,2.875463057934715,0.026925582204083448,0.008064367626412716,2.4723849318834987
signal_month,2025-09,all,author_net,30,60D,all,0,17,0.6470588235294118,0.5882352941176471,0.3600544264299978,0.7838894320978518,-0.04671498249366041,0.039570208712798705,0.1091777124138865,-0.3325182564908298,0.3283359944385412,0.6019493231373255,-0.07771145697570703,0.022131703360963373,0.3995770204184431
signal_month,2025-09,all,author_net,30,90D,all,0,17,0.5294117647058824,0.47058823529411764,0.26165106442409436,0.6903676493999558,-0.09832750509643133,0.01874906004043919,0.11641650139377016,-0.33991451239790804,0.3424875877540986,0.3852985362233609,-0.13829039944607863,-0.020501108534518586,0.22014668662965994
signal_month,2025-09,all,author_net,7,1D,all,0,11,0.6363636363636364,0.5454545454545454,0.280091537409322,0.7872872837754024,0.00251961553434412,0.008239535054807678,0.01229552858153655,-0.014588232298242632,0.8428388258540226,1.4749679452445394,0.0003646925906095812,0.00027777562660658006,1.077461676561008
signal_month,2025-09,all,author_net,7,20D,all,0,11,0.8181818181818182,0.8181818181818182,0.523019438039156,0.9486323102539149,0.08777124150360728,0.051641153693048114,0.11189315457228154,-0.020777367305426897,5.38533842750404,24.23402292376818,0.06812258732239801,0.018712566325055136,12.971854867852565
signal_month,2025-09,all,author_net,7,5D,all,0,11,0.6363636363636364,0.45454545454545453,0.21271271622459764,0.719908462590678,0.028496189589093723,0.005646173149310041,0.06364991606977378,-0.03302283175209639,1.9274517869211232,3.3730406271119655,0.023175898685631403,-0.001087653486011142,2.7846582622252414
signal_month,2025-09,all,author_net,7,60D,all,0,11,0.9090909090909091,0.8181818181818182,0.523019438039156,0.9486323102539149,0.043966525201591986,0.07321934538348818,0.09034066613490502,-0.4197748841315383,0.21521217573988152,2.152121757398815,0.014370975254761912,0.032566095202902545,1.3268543816615312
signal_month,2025-09,all,author_net,7,90D,all,0,11,0.6363636363636364,0.5454545454545454,0.280091537409322,0.7872872837754024,0.010512150401257102,0.025912329950334545,0.09991248174619545,-0.145938429452385,0.6846207823470765,1.1980863691073838,-0.02637534651518666,0.008841998673699836,0.5973268098901964
signal_month,2025-09,all,author_net,90,1D,all,0,19,0.631578947368421,0.5263157894736842,0.3170780924511316,0.7267019483882042,-0.0017853512856697358,0.004698627119888332,0.010858699685690401,-0.02346086723657283,0.4628430644184764,0.7934452532888168,-0.0035631546008899734,0.0028350447177716287,0.5789060484209277
signal_month,2025-09,all,author_net,90,20D,all,0,19,0.6842105263157895,0.6842105263157895,0.46010407675327475,0.8463562091220773,0.054105611546204545,0.04151131685816867,0.1089839663384171,-0.06479749050358935,1.6819164676196854,3.644152346509318,0.033668396423202185,0.015909394655918563,2.303198391799447
signal_month,2025-09,all,author_net,90,5D,all,0,19,0.631578947368421,0.5789473684210527,0.3627590353425504,0.7685810871754576,0.03064790485479069,0.01092336576207531,0.0740734986473366,-0.04379597021814517,1.6913313777130825,2.899425218936713,0.02452009378798761,0.008064367626412716,2.4053392836641065
signal_month,2025-09,all,author_net,90,60D,all,0,19,0.631578947368421,0.5789473684210527,0.3627590353425504,0.7685810871754576,-0.025122774778296615,0.039570208712798705,0.13271156409332788,-0.29569592712965287,0.4488109301388458,0.769390165952307,-0.05789572941748916,0.022131703360963373,0.5250484982692264
signal_month,2025-09,all,author_net,90,90D,all,0,19,0.5263157894736842,0.47368421052631576,0.2732980516117956,0.6829219075488682,-0.06774993714342274,0.01874906004043919,0.14934264252549306,-0.30896391455332917,0.4833659708817405,0.5370733009797116,-0.11009310092137764,-0.020501108534518586,0.3300682065808936
signal_month,2025-09,all,weighted_net,1,1D,all,0,6,0.6666666666666666,0.6666666666666666,0.299993315138392,0.9032285888942195,0.004933775946215431,0.01399319815014044,0.0167862516705502,-0.018771175502454107,0.8942568177659198,1.7885136355318396,0.00307814301132033,0.007006020635215826,1.683697696794272
signal_month,2025-09,all,weighted_net,1,20D,all,0,6,1.0,1.0,0.6096657120978346,1.0,0.13797164842657275,0.04865313806426064,0.13797164842657275,,,,0.11727427524063705,0.03361140007432939,
signal_month,2025-09,all,weighted_net,1,5D,all,0,6,0.6666666666666666,0.5,0.1876163064826506,0.8123836935173494,0.06123219451793634,0.006129045562653701,0.09353003405935212,-0.003363484564895214,27.807481275676956,55.61496255135391,0.05691299670301175,0.0055211140870076725,23.139957285000047
signal_month,2025-09,all,weighted_net,1,60D,all,0,6,1.0,0.8333333333333334,0.43649717781352987,0.9699466302516935,0.11436456140003037,0.07361253159233394,0.11436456140003037,,,,0.08234008088180352,0.04819616622135148,22.63277820617498
signal_month,2025-09,all,weighted_net,1,90D,all,0,6,0.6666666666666666,0.3333333333333333,0.09677141110578041,0.700006684861608,0.038704386020955016,0.020000620275607006,0.11639758597753402,-0.11668201389220301,0.9975623671105663,1.9951247342211327,-0.00412084560360404,-0.022142084088009883,0.9316861620435566
signal_month,2025-09,all,weighted_net,3,1D,all,0,10,0.7,0.6,0.31267376973365824,0.8318196702937638,0.0029778318939772674,0.008562043491903815,0.012245456288029675,-0.018646625025478352,0.6567116714846651,1.5323272334642188,0.00097179745216458,0.0025901280626322576,1.2117664512306092
signal_month,2025-09,all,weighted_net,3,20D,all,0,10,0.9,0.8,0.49016247153664183,0.9433178485456247,0.09649335207200282,0.047018736110348014,0.11090835033319994,-0.033241632278771194,3.3364291320925403,30.02786218883286,0.07523097215624955,0.01574613829672089,28.636449736395186
signal_month,2025-09,all,weighted_net,3,5D,all,0,10,0.7,0.6,0.31267376973365824,0.8318196702937638,0.03927629028969213,0.014144465599882472,0.06751735186285836,-0.026619520047695744,2.536385019034287,5.918231711080003,0.03329316582802773,0.0072250906477908106,5.587029902121842
signal_month,2025-09,all,weighted_net,3,60D,all,0,10,1.0,0.9,0.5958499732047615,0.9821237869049271,0.09340629608918968,0.07318782633773147,0.09340629608918968,,,,0.06319794928035809,0.03575441946266078,28.67277704098075
signal_month,2025-09,all,weighted_net,3,90D,all,0,10,0.6,0.5,0.236593090512564,0.7634069094874361,0.03086255082386492,0.020000620275607006,0.10740845822939726,-0.0839563102844336,1.2793375252617782,1.9190062878926675,-0.007543127036682551,-0.007265606350469245,0.8403835919221398
signal_month,2025-09,all,weighted_net,30,1D,all,0,8,0.625,0.375,0.13684428582359742,0.6942576053973727,-0.007302941302094898,0.0027799944672889376,0.009468982857393771,-0.03525614823457601,0.26857678253427175,0.4476279708904529,-0.008804609100160107,-0.0004251896893490148,0.3025509762537405
signal_month,2025-09,all,weighted_net,30,20D,all,0,8,0.375,0.375,0.13684428582359742,0.6942576053973727,-0.02574668622351582,-0.006762288866948685,0.04985660698487945,-0.07110866214855298,0.7011326817079486,0.4206796090247691,-0.04924459671022417,-0.04041591745518586,0.16642913282428595
signal_month,2025-09,all,weighted_net,30,5D,all,0,8,0.5,0.375,0.13684428582359742,0.6942576053973727,0.01562163566815579,-0.004584368485883672,0.08641929305744267,-0.05517602172113109,1.566247263969489,1.566247263969489,0.007415433111097783,-0.015617091930269111,1.2434575396142538
signal_month,2025-09,all,weighted_net,30,60D,all,0,8,0.375,0.375,0.13684428582359742,0.6942576053973727,-0.2080623802778846,-0.30130842892553533,0.10878118565703043,-0.39816851983883356,0.2732038828711565,0.16392232972269388,-0.24225340085979308,-0.33279057334477835,0.09599904397160205
signal_month,2025-09,all,weighted_net,30,90D,all,0,8,0.25,0.25,0.071479212752109,0.5907245696898311,-0.31821839409052055,-0.3946894462461465,0.05922741825849098,-0.44403366487352436,0.13338497268075594,0.04446165756025198,-0.3627317372503825,-0.4364585621407357,0.0033701720866268674
signal_month,2025-09,all,weighted_net,7,1D,all,0,14,0.5714285714285714,0.35714285714285715,0.1634473175355414,0.612355768960926,-0.0007698983002382856,0.0007806763467335109,0.008805057576239339,-0.013536506135541785,0.6504675200582639,0.867290026744352,-0.0033944987900554812,-0.0010942659160620427,0.43365091585263676
signal_month,2025-09,all,weighted_net,7,20D,all,0,14,0.7142857142857143,0.6428571428571429,0.38764423103907397,0.8365526824644587,0.08638271261502524,0.03662388862001742,0.12976178911353944,-0.02206497863126028,5.880893486554347,14.70223371638587,0.06430406661947781,0.01574613829672089,8.388143873952183
signal_month,2025-09,all,weighted_net,7,5D,all,0,14,0.5714285714285714,0.5,0.26799202452413634,0.7320079754758637,0.03381621588282145,0.004359571098065507,0.07985684282227984,-0.02757128670312307,2.8963770781591505,3.861836104212201,0.026154673782712506,-0.00014715330861125864,3.002816912857035
signal_month,2025-09,all,weighted_net,7,60D,all,0,14,0.8571428571428571,0.7142857142857143,0.4535091567010681,0.8827862135542308,0.048382719304331905,0.073090307112615,0.09337403771260185,-0.22156519114528778,0.42142918402454893,2.528575104147294,0.015538480160595915,0.026548403163004775,1.401839484431358
signal_month,2025-09,all,weighted_net,7,90D,all,0,14,0.6428571428571429,0.5714285714285714,0.3259064457965074,0.7861920109552588,0.022726934602111417,0.03812514887361207,0.11209199593818248,-0.1381301758028165,0.811495354195422,1.4606916375517596,-0.017278073235272536,0.009217946694044521,0.7154016974706005
signal_month,2025-09,all,weighted_net,90,1D,all,0,11,0.5454545454545454,0.36363636363636365,0.15166471095367573,0.6461988254921511,-0.008681127372118357,0.001449100350199295,0.00970481396429749,-0.030744256975817376,0.31566266089731954,0.37879519307678344,-0.010681482196914479,-0.0006465281072025597,0.22517392362780694
signal_month,2025-09,all,weighted_net,90,20D,all,0,11,0.5454545454545454,0.5454545454545454,0.280091537409322,0.7872872837754024,0.012153409241600577,0.04151131685816867,0.08153846873339521,-0.07110866214855298,1.1466742063442754,1.3760090476131306,-0.012225320339327267,0.005487371263524832,0.715457666594568
signal_month,2025-09,all,weighted_net,90,5D,all,0,11,0.5454545454545454,0.45454545454545453,0.21271271622459764,0.719908462590678,0.014502027108693527,0.0030729690468209725,0.06531380304912511,-0.04647210401982438,1.4054410581725139,1.6865292698070167,0.007033805905653662,-0.010020419395397662,1.2927434985227846
signal_month,2025-09,all,weighted_net,90,60D,all,0,11,0.45454545454545453,0.45454545454545453,0.21271271622459764,0.719908462590678,-0.10508214148590737,-0.07476195096259142,0.18194019876235568,-0.34426742502612656,0.5284850832127036,0.4404042360105863,-0.14030921227879506,-0.11579215437951329,0.31696580851350137
signal_month,2025-09,all,weighted_net,90,90D,all,0,11,0.36363636363636365,0.36363636363636365,0.15166471095367573,0.6461988254921511,-0.18862635547921835,-0.24069728461280582,0.16266780269161069,-0.3893658744339778,0.41777621864802944,0.23872926779887396,-0.23581995760271066,-0.282466400507395,0.14089362700351846
signal_month,2025-10,all,author_net,1,1D,all,0,11,0.45454545454545453,0.5454545454545454,0.280091537409322,0.7872872837754024,0.002144082330945722,-0.00477082710081711,0.025101039909947654,-0.01698671565155589,1.4776864712896127,1.231405392741344,0.007404741655504663,0.0008065968859157779,2.7581464805307543
signal_month,2025-10,all,author_net,1,20D,all,0,11,0.36363636363636365,0.36363636363636365,0.15166471095367573,0.6461988254921511,-0.05412360833573076,-0.03811904761904761,0.05893321844588892,-0.11872750935379915,0.49637374494458825,0.28364213996833615,-0.052664969757802244,-0.029901960868164545,0.22915567011953855
signal_month,2025-10,all,author_net,1,5D,all,0,11,0.2727272727272727,0.2727272727272727,0.09746059290024889,0.5656453011761291,-0.025131781651116927,-0.0178448710312914,0.038174324962073215,-0.04887157163106323,0.7811151491148128,0.2929181809180548,-0.017677761164690917,-0.004570825013655799,0.34426493743320463
signal_month,2025-10,all,author_net,1,60D,all,0,11,0.2727272727272727,0.18181818181818182,0.05136768974608513,0.4769805619608442,-0.045095570763834796,-0.008943332651036973,0.038373783312740474,-0.07639657854255053,0.5022971453017031,0.18836142948813867,-0.06123397723129387,-0.03748090214591626,0.09512921998012838
signal_month,2025-10,all,author_net,1,90D,all,0,11,0.18181818181818182,0.09090909090909091,0.016232172885884855,0.37735843645159567,-0.1096666922595877,-0.09320009748964175,0.055752309340631134,-0.14642647039296966,0.38075294167104334,0.08461176481578742,-0.10765150624481899,-0.08213122777184689,0.0775510053603633
signal_month,2025-10,all,author_net,3,1D,all,0,30,0.5,0.5,0.33154125640533766,0.6684587435946623,-0.005249562772539666,-0.001114856162909128,0.01321016638176511,-0.023709291926844442,0.5571725390418819,0.5571725390418819,-0.0048245939850876775,-0.0005748298475277691,0.5163699712118356
signal_month,2025-10,all,author_net,3,20D,all,0,30,0.43333333333333335,0.4666666666666667,0.30232388907699753,0.638577003801267,-0.0394448438754871,-0.014379245966918808,0.06987254914514543,-0.12304049736185316,0.5678825317135654,0.4342631124868441,-0.042593913160830735,-0.010604525572007695,0.36573687847482217
signal_month,2025-10,all,author_net,3,5D,all,0,30,0.5,0.5,0.33154125640533766,0.6684587435946623,-0.023144295138037504,0.00013567580678963687,0.019647389290021397,-0.0659359795660964,0.2979767559277133,0.2979767559277132,-0.020729096387764375,0.0006914349802957243,0.3318844666795145
signal_month,2025-10,all,author_net,3,60D,all,0,30,0.5,0.36666666666666664,0.21873920806100708,0.5448643634520511,-0.0028583500752156913,-0.00374675626806259,0.09674807480082626,-0.10246477495125765,0.9442081422308221,0.9442081422308221,-0.01942417957932954,-0.013690491691449092,0.6804111291899093
signal_month,2025-10,all,author_net,3,90D,all,0,30,0.4,0.3333333333333333,0.19230498083676134,0.5121994835545616,-0.06614548005086304,-0.06337051211184491,0.07921825082383827,-0.16305463396733058,0.48583869649304373,0.32389246432869584,-0.07173294011551944,-0.05709498432315696,0.3076044274872947
signal_month,2025-10,all,author_net,30,1D,all,0,51,0.49019607843137253,0.49019607843137253,0.35857485894370744,0.623190761054303,-0.0033822955461785854,0.0,0.01259413122203879,-0.019494014136243104,0.6460511998205587,0.6460511998205587,-0.003249029334473041,-0.0009351333069154144,0.6516760654142807
signal_month,2025-10,all,author_net,30,20D,all,0,51,0.3333333333333333,0.3333333333333333,0.21969931853588517,0.47031622143029195,-0.09702454139207389,-0.05198562783661109,0.04135114582141981,-0.16621238499882077,0.2487849856778915,0.12439249283894577,-0.09857886130715343,-0.04557956785291073,0.10054493528456407
signal_month,2025-10,all,author_net,30,5D,all,0,51,0.47058823529411764,0.45098039215686275,0.3226751854937402,0.5861529144963119,-0.03247978176844931,-0.007211005103172852,0.03283730256653204,-0.09053941228843272,0.3626851747382871,0.3223868219895885,-0.03208856105582286,-0.00463622968684918,0.3042321547603129
signal_month,2025-10,all,author_net,30,60D,all,0,51,0.37254901960784315,0.23529411764705882,0.14004948834462844,0.3676222516016529,-0.094667616841331,-0.07556311092222678,0.13290804219572028,-0.2297906643945802,0.5783874751652227,0.343417563379351,-0.11459383514180267,-0.060653712128975634,0.2651904669056065
signal_month,2025-10,all,author_net,30,90D,all,0,51,0.21568627450980393,0.17647058823529413,0.09572403469126317,0.3025414252430807,-0.1950265128310761,-0.16039099022524428,0.17898639070287084,-0.2978800613029115,0.6008673085402021,0.16523850984855556,-0.20512179036356834,-0.14761171651881833,0.1463343202200479
signal_month,2025-10,all,author_net,7,1D,all,0,36,0.5277777777777778,0.5,0.34474325409626827,0.6552567459037317,-0.003253899869828365,0.0006037021096496065,0.013617474502758858,-0.022110141815661146,0.6158926802139855,0.6883506425921014,-0.003188955950234733,-0.00039002224072282043,0.6660962782263629
signal_month,2025-10,all,author_net,7,20D,all,0,36,0.3888888888888889,0.4166666666666667,0.2714056205144606,0.5779974842512834,-0.048018335060036485,-0.027266970756481046,0.05550547484108851,-0.11389712317893422,0.48732991046567975,0.3101190339327053,-0.05232461046919698,-0.017895358094000502,0.25336114279791566
signal_month,2025-10,all,author_net,7,5D,all,0,36,0.5555555555555556,0.4722222222222222,0.31986041515179053,0.629940619770124,-0.018799320075639735,0.005262840166022742,0.034626852996922766,-0.08558203641634285,0.40460421890954656,0.5057552736369332,-0.019603759379532338,-0.0005129934004470815,0.47079102142507034
signal_month,2025-10,all,author_net,7,60D,all,0,36,0.4722222222222222,0.3611111111111111,0.22475592946515371,0.5242492451444196,-0.034354765978975355,-0.011478692444351568,0.1292515771464186,-0.18073938877538048,0.7151267801787802,0.6398502770020665,-0.05359740362265867,-0.025530534135725036,0.497286197287583
signal_month,2025-10,all,author_net,7,90D,all,0,36,0.3611111111111111,0.3055555555555556,0.1800445159482992,0.4685627285051034,-0.11089966708090976,-0.07958380440718893,0.1433769981839031,-0.2546212604914561,0.5630990825635087,0.3182733944924179,-0.12084177578670285,-0.10126527764483684,0.2867354591210247
signal_month,2025-10,all,author_net,90,1D,all,0,43,0.4883720930232558,0.46511627906976744,0.32511057704121815,0.6108435952768602,-0.0028150648527934187,0.0,0.01278889395694159,-0.018553074369804304,0.6893140027377838,0.6893140027377838,-0.003247851375339672,-0.001372690971192192,0.6293484038246352
signal_month,2025-10,all,author_net,90,20D,all,0,43,0.32558139534883723,0.32558139534883723,0.20493297126568708,0.47483789032470525,-0.08956572387082887,-0.05198562783661109,0.046149179569535945,-0.1550832634627291,0.29757678900422996,0.14365776020893858,-0.08726440382575024,-0.04557956785291073,0.12344278928812488
signal_month,2025-10,all,author_net,90,5D,all,0,43,0.4883720930232558,0.4418604651162791,0.30433309839170514,0.5889238554717591,-0.029503208511727944,-0.0003566333808844302,0.03313459790723034,-0.08929384191164268,0.3710737179392216,0.3542067307601661,-0.029565720455168996,-0.00463622968684918,0.3224242993630612
signal_month,2025-10,all,author_net,90,60D,all,0,43,0.3953488372093023,0.27906976744186046,0.16746613786237488,0.42691028681878873,-0.10267112607662918,-0.07168197257516651,0.1040094382782818,-0.23780841815484016,0.43736651160330203,0.28597041143292823,-0.12022910569842103,-0.05310095708228879,0.2088257152819503
signal_month,2025-10,all,author_net,90,90D,all,0,43,0.23255813953488372,0.20930232558139536,0.11422834220995602,0.3520564271073644,-0.19586636461523224,-0.16295375803411982,0.11654999618085485,-0.29053798909889494,0.40115234686636075,0.12156131723223051,-0.20382392153040996,-0.17012343547254916,0.10310111599239606
signal_month,2025-10,all,author_net_shift,3,1D,all,0,1,0.0,0.0,0.0,0.7934506856227626,-0.02827401245511152,-0.02827401245511152,,-0.02827401245511152,,,-0.024597595716430165,-0.024597595716430165,
signal_month,2025-10,all,author_net_shift,3,20D,all,0,1,1.0,1.0,0.20654931437723745,1.0,0.11111868721305518,0.11111868721305518,0.11111868721305518,,,,0.07640511083586354,0.07640511083586354,
signal_month,2025-10,all,author_net_shift,3,5D,all,0,1,0.0,0.0,0.0,0.7934506856227626,-0.03768353106959399,-0.03768353106959399,,-0.03768353106959399,,,-0.03866488533848511,-0.03866488533848511,
signal_month,2025-10,all,author_net_shift,3,60D,all,0,1,0.0,0.0,0.0,0.7934506856227626,-0.021319150870494186,-0.021319150870494186,,-0.021319150870494186,,,-0.012164726720390817,-0.012164726720390817,
signal_month,2025-10,all,author_net_shift,3,90D,all,0,1,1.0,1.0,0.20654931437723745,1.0,0.0982999227237602,0.0982999227237602,0.0982999227237602,,,,0.08314019633118919,0.08314019633118919,
signal_month,2025-10,all,author_net_shift,30,1D,all,0,3,0.3333333333333333,0.3333333333333333,0.06149194472039621,0.7923403991979522,0.00010118284565940883,-0.007077879103992046,0.029340017456303213,-0.014518234459662493,2.0209080889154674,1.0104540444577337,-0.0008851058621435574,-0.006854478651233675,0.9199317546220979
signal_month,2025-10,all,author_net_shift,30,20D,all,0,3,0.6666666666666666,0.6666666666666666,0.2076596008020477,0.9385080552796037,0.023319186482202103,0.03711247901510906,0.0762963196275106,-0.08263507980841489,0.923292139420687,1.846584278841374,0.01358902513719836,0.03470386054027552,1.5505968323719233
signal_month,2025-10,all,author_net_shift,30,5D,all,0,3,1.0,0.3333333333333333,0.06149194472039621,0.7923403991979522,0.010631354199958901,0.014952159818734545,0.010631354199958901,,,,-0.0017264519893222714,-0.00560068183502449,0.7946560301397922
signal_month,2025-10,all,author_net_shift,30,60D,all,0,3,0.6666666666666666,0.6666666666666666,0.2076596008020477,0.9385080552796037,0.017516289097810073,0.0342249580302183,0.034333793609026275,-0.016118719924622327,2.1300570870134243,4.260114174026849,0.016646310022772875,0.047658488218671136,2.06034395172384
signal_month,2025-10,all,author_net_shift,30,90D,all,0,3,0.6666666666666666,0.6666666666666666,0.2076596008020477,0.9385080552796037,0.03766676905437324,0.09238412819192976,0.10409917097900911,-0.09519803479489852,1.0935012598031866,2.187002519606373,0.023404296067459307,0.08810780246163907,1.597817398677183
signal_month,2025-10,all,author_net_shift,7,1D,all,0,2,1.0,1.0,0.34238022750665303,1.0,0.01868586940651107,0.01868586940651107,0.01868586940651107,,,,0.016287714025653544,0.016287714025653544,
signal_month,2025-10,all,author_net_shift,7,20D,all,0,2,0.5,0.5,0.09453120573423074,0.9054687942657693,0.013227672067958274,0.013227672067958274,0.11548016023991214,-0.0890248161039956,1.2971681975171099,1.2971681975171099,-0.007914111054179607,-0.007914111054179607,0.8350076145608815
signal_month,2025-10,all,author_net_shift,7,5D,all,0,2,0.5,0.5,0.09453120573423074,0.9054687942657693,-0.0038971960074524192,-0.0038971960074524192,0.01506165655842262,-0.02285604857332746,0.6589790229969701,0.6589790229969701,-0.008846496049677355,-0.008846496049677355,0.5311433717778492
signal_month,2025-10,all,author_net_shift,7,60D,all,0,2,0.5,0.5,0.09453120573423074,0.9054687942657693,0.011966338418728684,0.011966338418728684,0.03444262918783425,-0.010509952350376883,3.2771441810199216,3.2771441810199216,0.0013111857546829753,0.0013111857546829753,1.058228188862121
signal_month,2025-10,all,author_net_shift,7,90D,all,0,2,0.5,0.5,0.09453120573423074,0.9054687942657693,-0.00039304624163777335,-0.00039304624163777335,0.09238412819192976,-0.0931702206752053,0.9915628354470052,0.9915628354470052,-0.01079699850725796,-0.01079699850725796,0.821754942779976
signal_month,2025-10,all,high_low_divergence,3,1D,all,0,1,0.0,0.0,0.0,0.7934506856227626,-0.02195858981533294,-0.02195858981533294,,-0.02195858981533294,,,-0.026308700757759707,-0.026308700757759707,
signal_month,2025-10,all,high_low_divergence,3,20D,all,0,1,1.0,1.0,0.20654931437723745,1.0,0.03711247901510906,0.03711247901510906,0.03711247901510906,,,,0.03470386054027552,0.03470386054027552,
signal_month,2025-10,all,high_low_divergence,3,5D,all,0,1,1.0,0.0,0.0,0.7934506856227626,0.0018802462227195393,0.0018802462227195393,0.0018802462227195393,,,,-0.01962214779806759,-0.01962214779806759,
signal_month,2025-10,all,high_low_divergence,3,60D,all,0,1,1.0,1.0,0.20654931437723745,1.0,0.0342249580302183,0.0342249580302183,0.0342249580302183,,,,0.049377357890080464,0.049377357890080464,
signal_month,2025-10,all,high_low_divergence,3,90D,all,0,1,1.0,1.0,0.20654931437723745,1.0,0.11581421376608847,0.11581421376608847,0.11581421376608847,,,,0.08810780246163907,0.08810780246163907,
signal_month,2025-10,all,high_low_divergence,30,1D,all,0,2,1.0,1.0,0.34238022750665303,1.0,0.012459512389857486,0.012459512389857486,0.012459512389857486,,,,0.007192851147355128,0.007192851147355128,
signal_month,2025-10,all,high_low_divergence,30,20D,all,0,2,0.0,0.0,0.0,0.6576197724933469,-0.1084246941771711,-0.1084246941771711,,-0.1084246941771711,,,-0.0962868886017117,-0.0962868886017117,
signal_month,2025-10,all,high_low_divergence,30,5D,all,0,2,0.5,0.5,0.09453120573423074,0.9054687942657693,0.021854214907010228,0.021854214907010228,0.05101585359805583,-0.007307423784035372,6.981373341109744,6.981373341109744,0.00037037588715393976,0.00037037588715393976,1.0345613095040262
signal_month,2025-10,all,high_low_divergence,30,60D,all,0,2,1.0,0.5,0.09453120573423074,0.9054687942657693,0.004209464579838229,0.004209464579838229,0.004209464579838229,,,,0.0041034609456624405,0.0041034609456624405,1.9167955722104746
signal_month,2025-10,all,high_low_divergence,30,90D,all,0,2,1.0,0.5,0.09453120573423074,0.9054687942657693,0.02235101822308372,0.02235101822308372,0.02235101822308372,,,,0.016468445452350156,0.016468445452350156,3.0839315136260557
signal_month,2025-10,all,high_low_divergence,7,1D,all,0,1,1.0,1.0,0.20654931437723745,1.0,0.024276687728633117,0.024276687728633117,0.024276687728633117,,,,0.01832552527798248,0.01832552527798248,
signal_month,2025-10,all,high_low_divergence,7,20D,all,0,1,1.0,1.0,0.20654931437723745,1.0,0.05425119166389536,0.05425119166389536,0.05425119166389536,,,,0.04808069890179556,0.04808069890179556,
signal_month,2025-10,all,high_low_divergence,7,5D,all,0,1,0.0,0.0,0.0,0.7934506856227626,-0.02443188116616768,-0.02443188116616768,,-0.02443188116616768,,,-0.03367299828855386,-0.03367299828855386,
signal_month,2025-10,all,high_low_divergence,7,60D,all,0,1,1.0,1.0,0.20654931437723745,1.0,0.04467353951890041,0.04467353951890041,0.04467353951890041,,,,0.06162046158352985,0.06162046158352985,
signal_month,2025-10,all,high_low_divergence,7,90D,all,0,1,1.0,1.0,0.20654931437723745,1.0,0.0958430329231793,0.0958430329231793,0.0958430329231793,,,,0.08477416320538445,0.08477416320538445,
signal_month,2025-10,all,high_low_divergence,90,1D,all,0,3,0.6666666666666666,0.6666666666666666,0.2076596008020477,0.9385080552796037,-0.007215126784676544,0.011811163368533162,0.013678446473654515,-0.04900227330133866,0.27913901850102213,0.5582780370020443,-0.0070893005580906126,0.01046053018543125,0.5658523727235141
signal_month,2025-10,all,high_low_divergence,90,20D,all,0,3,0.6666666666666666,0.6666666666666666,0.2076596008020477,0.9385080552796037,-0.029554313369121437,0.02387079598899633,0.05992731514529387,-0.20851757039795205,0.2873969566733569,0.5747939133467138,-0.03582874282022863,0.015653709238113267,0.4415111646046005
signal_month,2025-10,all,high_low_divergence,90,5D,all,0,3,0.6666666666666666,0.3333333333333333,0.06149194472039621,0.7923403991979522,0.006157614522547483,0.0022733013387219447,0.01289013367583891,-0.007307423784035372,1.7639778472955354,3.527955694591071,0.00926317191714062,-0.0031265967764078084,2.131514547602275
signal_month,2025-10,all,high_low_divergence,90,60D,all,0,3,0.6666666666666666,0.6666666666666666,0.2076596008020477,0.9385080552796037,0.030152024825389107,0.0032115429369327098,0.11443743355028368,-0.13841879262440004,0.8267478091707542,1.6534956183415084,0.04057843978066226,0.017158668758445184,1.9001042053677846
signal_month,2025-10,all,high_low_divergence,90,90D,all,0,3,0.6666666666666666,0.6666666666666666,0.2076596008020477,0.9385080552796037,0.0027492390599669716,0.03504770770304866,0.07977427536186243,-0.15130083354382395,0.5272560202965173,1.0545120405930346,0.011540764839815773,0.04874206045530127,1.2110084829883885
signal_month,2025-10,all,weighted_net,1,1D,all,0,11,0.45454545454545453,0.5454545454545454,0.280091537409322,0.7872872837754024,0.002144082330945722,-0.00477082710081711,0.025101039909947654,-0.01698671565155589,1.4776864712896127,1.231405392741344,0.007404741655504663,0.0008065968859157779,2.7581464805307543
signal_month,2025-10,all,weighted_net,1,20D,all,0,11,0.36363636363636365,0.36363636363636365,0.15166471095367573,0.6461988254921511,-0.05412360833573076,-0.03811904761904761,0.05893321844588892,-0.11872750935379915,0.49637374494458825,0.28364213996833615,-0.052664969757802244,-0.029901960868164545,0.22915567011953855
signal_month,2025-10,all,weighted_net,1,5D,all,0,11,0.2727272727272727,0.2727272727272727,0.09746059290024889,0.5656453011761291,-0.025131781651116927,-0.0178448710312914,0.038174324962073215,-0.04887157163106323,0.7811151491148128,0.2929181809180548,-0.017677761164690917,-0.004570825013655799,0.34426493743320463
signal_month,2025-10,all,weighted_net,1,60D,all,0,11,0.2727272727272727,0.18181818181818182,0.05136768974608513,0.4769805619608442,-0.045095570763834796,-0.008943332651036973,0.038373783312740474,-0.07639657854255053,0.5022971453017031,0.18836142948813867,-0.06123397723129387,-0.03748090214591626,0.09512921998012838
signal_month,2025-10,all,weighted_net,1,90D,all,0,11,0.18181818181818182,0.09090909090909091,0.016232172885884855,0.37735843645159567,-0.1096666922595877,-0.09320009748964175,0.055752309340631134,-0.14642647039296966,0.38075294167104334,0.08461176481578742,-0.10765150624481899,-0.08213122777184689,0.0775510053603633
signal_month,2025-10,all,weighted_net,3,1D,all,0,33,0.3939393939393939,0.45454545454545453,0.29842938513876116,0.6201406146378254,-0.008553635554238832,-0.00477082710081711,0.012727121330286981,-0.02238612752918061,0.5685271520809935,0.3695426488526458,-0.006361054763087954,-0.0006341329385668448,0.3956097409828925
signal_month,2025-10,all,weighted_net,3,20D,all,0,33,0.45454545454545453,0.48484848484848486,0.32504042108133696,0.6478162455108585,-0.04002332197294008,-0.0005114166240486329,0.06775424342548902,-0.12983795980496432,0.5218369383442704,0.434864115286892,-0.04411340221588257,-0.0031494189221391578,0.3587304288546725
signal_month,2025-10,all,weighted_net,3,5D,all,0,33,0.42424242424242425,0.42424242424242425,0.2723559663341021,0.5919273666268755,-0.027956747013270722,-0.007690933984165871,0.01809936796343928,-0.06189283173295177,0.29243076228168713,0.2154752985233484,-0.02341425434037055,-0.0007499637960839411,0.26782897331011535
signal_month,2025-10,all,weighted_net,3,60D,all,0,33,0.42424242424242425,0.36363636363636365,0.2218717823524236,0.5338382169773361,-0.01136356300162978,-0.008943332651036973,0.11044054347093238,-0.10111395724457033,1.0922383662999489,0.8048072172736467,-0.025753100578715056,-0.012720394461074314,0.6170610002989577
signal_month,2025-10,all,weighted_net,3,90D,all,0,33,0.42424242424242425,0.36363636363636365,0.2218717823524236,0.5338382169773361,-0.06078383019334052,-0.056879094699225696,0.08446243345547452,-0.1678073928819411,0.5033296328898755,0.3708744663399083,-0.06481479678527105,-0.03205874087446703,0.3555232019079911
signal_month,2025-10,all,weighted_net,30,1D,all,0,44,0.5227272727272727,0.5454545454545454,0.40066183198961974,0.6829476585777909,-0.002540628440230586,0.00024716224618792637,0.017902052912197573,-0.0261767434175345,0.6838915225874078,0.786475250975519,-0.0018302896623977403,0.0009260471923369651,0.8417391731104641
signal_month,2025-10,all,weighted_net,30,20D,all,0,44,0.38636363636363635,0.36363636363636365,0.23783529708820186,0.5113362312095656,-0.07913064234889598,-0.028634058238919236,0.05778876610857227,-0.16533915878507968,0.34951651219957197,0.2200659521256564,-0.08215036662608763,-0.038661945710718404,0.19667163095591877
signal_month,2025-10,all,weighted_net,30,5D,all,0,44,0.4772727272727273,0.4318181818181818,0.2968272340851781,0.5777585300637057,-0.03006132211584889,-0.0040237836825251505,0.037696173615488826,-0.09192686169663551,0.4100670132728842,0.3744090121187204,-0.03021894653511369,-0.005242823171248023,0.3501185544076681
signal_month,2025-10,all,weighted_net,30,60D,all,0,44,0.5,0.38636363636363635,0.2572120275052556,0.5337642460762172,-0.04291949709612309,-0.005289008316489652,0.15840248306940266,-0.24424147726164885,0.6485486611256885,0.6485486611256885,-0.062422115240149394,-0.03520930113233517,0.5337417841833223
signal_month,2025-10,all,weighted_net,30,90D,all,0,44,0.3409090909090909,0.29545454545454547,0.1815552911850489,0.44220200126160236,-0.1469329560322565,-0.18726606505394472,0.21071757336874203,-0.331924609170704,0.6348356450436402,0.3283632646777449,-0.16056616423468392,-0.1884590778745161,0.29717976143831076
signal_month,2025-10,all,weighted_net,7,1D,all,0,42,0.47619047619047616,0.42857142857142855,0.2911765117618606,0.5779376012189541,-0.0040107563422577715,-0.0013635205954780627,0.013282948521970811,-0.01973230621882921,0.6731574289727872,0.6119612990661701,-0.0032228703436889155,-0.001650184688954115,0.6431112320512314
signal_month,2025-10,all,weighted_net,7,20D,all,0,42,0.42857142857142855,0.4523809523809524,0.31223393233454466,0.6005088096526652,-0.043763886482735055,-0.027542081136729124,0.06297673239204356,-0.12381935063881903,0.5086178538905978,0.3814633904179484,-0.04603934664885202,-0.031315063164048806,0.3421475477680103
signal_month,2025-10,all,weighted_net,7,5D,all,0,42,0.5,0.42857142857142855,0.2911765117618606,0.5779376012189541,-0.01551764030297533,0.00013567580678963687,0.03570173831047246,-0.06673701891642311,0.5349615384406499,0.5349615384406499,-0.015794273322490043,-0.0007958203896826221,0.49847110907696707
signal_month,2025-10,all,weighted_net,7,60D,all,0,42,0.42857142857142855,0.3333333333333333,0.21012467072357258,0.484474926231662,-0.03409740844618416,-0.01683692471222531,0.13872506295517226,-0.16371426199720146,0.8473608912432053,0.635520668432404,-0.05046426611927082,-0.031040077364428487,0.5142043766698261
signal_month,2025-10,all,weighted_net,7,90D,all,0,42,0.40476190476190477,0.3333333333333333,0.21012467072357258,0.484474926231662,-0.09529479395953383,-0.07958380440718893,0.14995592817691783,-0.26206528501232096,0.5722082883655027,0.38910163608854187,-0.10195151657031497,-0.09843899927292205,0.3659747401267953
signal_month,2025-10,all,weighted_net,90,1D,all,0,37,0.5135135135135135,0.5135135135135135,0.358948966656188,0.6655359569698336,-0.0026885029474314017,0.00012444121110011253,0.018069406642052612,-0.026046666779644793,0.6937320154981854,0.775347546733266,-0.002252018676227323,0.00032873294571045264,0.8013747176689302
signal_month,2025-10,all,weighted_net,90,20D,all,0,37,0.4594594594594595,0.4594594594594595,0.3103856980437303,0.6161595310782052,-0.053608055218493364,-0.004773269689737458,0.06244316208344956,-0.15225158992514487,0.41013142860544183,0.34861171431462556,-0.05352522849021184,-0.01093312291025228,0.3336820400394893
signal_month,2025-10,all,weighted_net,90,5D,all,0,37,0.5405405405405406,0.5135135135135135,0.358948966656188,0.6655359569698336,-0.021265355941071897,0.0052010272568356886,0.03878859676111757,-0.09191706500247128,0.4219955974450958,0.49646540875893624,-0.022179437242886468,0.0009165494994680667,0.45097708417181087
signal_month,2025-10,all,weighted_net,90,60D,all,0,37,0.5675675675675675,0.4864864864864865,0.3344640430301664,0.6410510333438121,-0.0038193744405996574,0.03585319284350463,0.16812381513335797,-0.22949481075641906,0.7325822077598131,0.9615141476847547,-0.021697911884924953,-0.01466058892182387,0.8019322827002514
signal_month,2025-10,all,weighted_net,90,90D,all,0,37,0.3783783783783784,0.3783783783783784,0.24063999175798265,0.5389956956078235,-0.09992961764146732,-0.06357178408216813,0.22254516672691244,-0.29621861682222017,0.7512869012567029,0.45730507033016693,-0.11160963790251036,-0.0958933591436939,0.41806790138338756
signal_month,2025-11,all,author_net,1,1D,all,0,10,0.5,0.5,0.236593090512564,0.7634069094874361,-0.017521129072666806,0.0009058836216551125,0.016743090268342975,-0.05178534841367659,0.32331713083388464,0.32331713083388464,-0.013299624034140489,-1.545996921481496e-05,0.27937505488099373
signal_month,2025-11,all,author_net,1,20D,all,0,10,0.5,0.4,0.16818032970623614,0.6873262302663417,-0.00022539521172098008,-0.0019761446074095246,0.07712578651775961,-0.07757657694120157,0.9941890910734096,0.9941890910734096,-0.007848105586460851,-0.0004767726356703639,0.8110995799927455
signal_month,2025-11,all,author_net,1,5D,all,0,10,0.5,0.5,0.236593090512564,0.7634069094874361,-0.013602993832303423,-0.0014576781034034703,0.031016936882226665,-0.05822292454683351,0.5327272225440545,0.5327272225440545,-0.02230946445522943,-0.002291187075966483,0.3294768003051612
signal_month,2025-11,all,author_net,1,60D,all,0,10,0.2,0.3,0.10779126740630099,0.6032218525388546,0.010793573542418621,-0.048678024763657624,0.4150196665375622,-0.09026294970636728,4.597896123355762,1.1494740308389404,0.004223238971819277,-0.048678024763657624,1.0531387378417787
signal_month,2025-11,all,author_net,1,90D,all,0,10,0.4,0.4,0.16818032970623614,0.6873262302663417,-0.02171179857060369,-0.03501840800781125,0.1376014930121089,-0.12792065962574542,1.0756784198477904,0.7171189465651937,-0.01412894294287823,-0.012659805986834027,0.7799714955007324
signal_month,2025-11,all,author_net,3,1D,all,0,25,0.52,0.48,0.30031285954112974,0.6650148304964322,-0.008769526409452243,0.002873422474735099,0.01936715799970359,-0.03925093451937106,0.49341902904618845,0.5345372814667042,-0.00858581428834039,-0.0001518272928371367,0.43572034213345917
signal_month,2025-11,all,author_net,3,20D,all,0,25,0.44,0.4,0.23403302377747973,0.5926054264103301,-0.03916334259562422,-0.02346760070052545,0.0617385182694677,-0.11844337613248215,0.52124922714472,0.4095529641851371,-0.052055736075552035,-0.028679047431301896,0.272982503369476
signal_month,2025-11,all,author_net,3,5D,all,0,25,0.56,0.52,0.3349851695035678,0.6996871404588704,-0.003448344053734691,0.002995185748561058,0.03625815898629797,-0.05398389337741263,0.671647721530747,0.8548243728573144,-0.012138074365001632,0.00013457754312051762,0.5637399267338286
signal_month,2025-11,all,author_net,3,60D,all,0,25,0.36,0.24,0.11496313693401444,0.4342968335542908,0.01938683502937028,-0.024196550440501285,0.28001106436623224,-0.12721429397261458,2.2010974995192774,1.2381173434795936,0.0034846109669595783,-0.035936548535764445,1.0372734837599717
signal_month,2025-11,all,author_net,3,90D,all,0,25,0.36,0.36,0.20247880774458224,0.5548150225183514,-0.00030524151036450233,-0.039627405165519436,0.24137645805694655,-0.13625119751697698,1.771554763963604,0.9964995547295273,0.012177186394445117,-0.017228835628688488,1.160193826308096
signal_month,2025-11,all,author_net,30,1D,all,0,36,0.4444444444444444,0.5277777777777778,0.37005938022987594,0.6801395848482095,-0.00982964617197207,-0.0014119657649681594,0.019310270338261604,-0.033141579380159006,0.5826599304987304,0.4661279443989843,-0.008123746877567764,0.0010826590777520684,0.4876648662030573
signal_month,2025-11,all,author_net,30,20D,all,0,36,0.4166666666666667,0.3888888888888889,0.24784873065371,0.5513554090339485,-0.042218813051104205,-0.054305279065302026,0.09327084935168978,-0.1389971433388142,0.6710270953147308,0.4793050680819506,-0.051697425393206826,-0.06346839454633313,0.40043713850980095
signal_month,2025-11,all,author_net,30,5D,all,0,36,0.4166666666666667,0.4444444444444444,0.2954126874008022,0.6041893824430271,-0.01874557688619522,-0.020786585436000315,0.077237856493273,-0.08730517215724395,0.8846882101573676,0.6319201501124054,-0.016392161509450574,-0.019825894187440185,0.633690198871888
signal_month,2025-11,all,author_net,30,60D,all,0,36,0.4444444444444444,0.3888888888888889,0.24784873065371,0.5513554090339485,0.07659218685232243,-0.03528694516346914,0.4227967120537959,-0.20037143330885634,2.110064818481829,1.6880518547854633,0.0629136227863084,-0.04825656542223222,1.5266389997921073
signal_month,2025-11,all,author_net,30,90D,all,0,36,0.4444444444444444,0.4444444444444444,0.2954126874008022,0.6041893824430271,0.0769213693289459,-0.05637351411616637,0.4696727641587555,-0.23727974653490175,1.9794052000543196,1.5835241600434558,0.09728825216144765,-0.012460498231389283,1.8579637692797955
signal_month,2025-11,all,author_net,7,1D,all,0,42,0.40476190476190477,0.47619047619047616,0.3335960123070547,0.6227753586865502,-0.009481128926678371,-0.0059808647404908655,0.020277603405561655,-0.029717066912601592,0.6823554782576099,0.4640017252151748,-0.007682935976301499,-0.0026972284075945097,0.4916600017739044
signal_month,2025-11,all,author_net,7,20D,all,0,42,0.47619047619047616,0.4523809523809524,0.31223393233454466,0.6005088096526652,-0.032961894688599315,-0.009103260025731974,0.07538917663940901,-0.13146286862315235,0.5734636512117915,0.5213305920107196,-0.041425238821938035,-0.004503529707600484,0.44338920913466584
signal_month,2025-11,all,author_net,7,5D,all,0,42,0.5476190476190477,0.5476190476190477,0.3994911903473349,0.6877660676654553,-0.00043224188010261767,0.003915845423959841,0.05317073021679899,-0.06532005020793087,0.8140032049507401,0.9853723007298432,-0.0030678201217899446,0.00234310726560083,0.8970562606050883
signal_month,2025-11,all,author_net,7,60D,all,0,42,0.3333333333333333,0.30952380952380953,0.19071102858794878,0.4602599393608908,0.04509542505771339,-0.03528694516346914,0.41761680534033674,-0.14116526508359825,2.9583538492491304,1.479176924624565,0.033918270660835,-0.050280583823080205,1.324133204264203
signal_month,2025-11,all,author_net,7,90D,all,0,42,0.40476190476190477,0.38095238095238093,0.24999725763955144,0.5318595973284732,0.047760101434695494,-0.05783956108280219,0.36620490063079353,-0.1687823620186512,2.1696870232822447,1.4753871758319264,0.0622371493142701,-0.03801101892227793,1.7251287882908428
signal_month,2025-11,all,author_net,90,1D,all,0,38,0.4473684210526316,0.5789473684210527,0.42192345343670545,0.7214749884224129,0.0008469590819935474,-0.0012582446240446687,0.02569923346780838,-0.01927154875414227,1.333532338042345,1.0795261784152317,0.0020065057478767115,0.0014837869622411626,1.235041942257893
signal_month,2025-11,all,author_net,90,20D,all,0,38,0.5263157894736842,0.5263157894736842,0.3725897138449667,0.6752097667747392,-0.00697339534793511,0.010895894947432372,0.07236563968401977,-0.09512787871677388,0.760719577270039,0.8452439747444879,-0.013919433368125692,0.005875874603867293,0.7045951992681097
signal_month,2025-11,all,author_net,90,5D,all,0,38,0.42105263157894735,0.4473684210526316,0.3014640099805125,0.6029370287800753,-0.0040361206560412186,-0.012180469975891228,0.07190114219497087,-0.05926322091132274,1.2132506652407338,0.8823641201750791,-8.564901127042661e-05,-0.004747910527115429,0.9969878300117007
signal_month,2025-11,all,author_net,90,60D,all,0,38,0.5,0.4473684210526316,0.3014640099805125,0.6029370287800753,0.07816219655531474,-0.010835906357637204,0.34787859489308304,-0.19155420178245353,1.8160843858082831,1.816084385808283,0.06982724556348607,-0.026779220260161718,1.7020383252583169
signal_month,2025-11,all,author_net,90,90D,all,0,38,0.5,0.5,0.34849928364395105,0.6515007163560489,0.06123714834960143,0.0027686052589305787,0.33527344585766755,-0.2127991491584647,1.57553940973702,1.57553940973702,0.07990775335439905,0.005633905002925987,1.851485897248402
signal_month,2025-11,all,author_net_shift,30,1D,all,0,15,0.7333333333333333,0.7333333333333333,0.4804956594401943,0.8910254667430761,0.010665671590242365,0.009809932556713585,0.019128576278509724,-0.012607316302492871,1.517259963940731,4.17246490083701,0.006607582902934587,0.007144601870412881,3.219524928913259
signal_month,2025-11,all,author_net_shift,30,20D,all,0,15,0.3333333333333333,0.4666666666666667,0.24809535365737387,0.698830199745016,-0.012993714073517348,-0.006993237671119923,0.08940178496224924,-0.06419146359140064,1.3927363540317512,0.6963681770158756,-0.015723623071789244,-0.016609869490079365,0.6240505220783036
signal_month,2025-11,all,author_net_shift,30,5D,all,0,15,0.5333333333333333,0.6,0.357468301206246,0.8017550385865841,0.004708421496840742,0.013338763873332549,0.046442150336675286,-0.04298726860582731,1.0803698825930903,1.234708437249246,-0.003228972150571548,0.01024437025086078,0.8189682046733
signal_month,2025-11,all,author_net_shift,30,60D,all,0,15,0.26666666666666666,0.3333333333333333,0.1517632443971473,0.5828645226148023,-0.03453660006468892,-0.027300445625830783,0.035737638353518564,-0.06009086858040073,0.5947266065176293,0.21626422055186523,-0.036040543842934376,-0.01762189198455899,0.2784810999677031
signal_month,2025-11,all,author_net_shift,30,90D,all,0,15,0.6666666666666666,0.6666666666666666,0.41713547738519774,0.8482367556028526,0.015064556827023309,0.033312676905555616,0.06782207072059084,-0.09045047096011175,0.749825512246366,1.499651024492732,0.003828550477325569,0.01751316723516616,1.150703529024519
signal_month,2025-11,all,author_net_shift,7,1D,all,0,4,0.5,0.5,0.15003898915214947,0.8499610108478506,0.0018615905015109402,-0.006284726550190078,0.0259110065408652,-0.02218782553784332,1.1678028789559238,1.1678028789559238,0.002314838430139715,-0.0014685696867019482,1.3020322000259859
signal_month,2025-11,all,author_net_shift,7,20D,all,0,4,0.25,0.25,0.04558726080970055,0.6993581574175981,-0.029256612807583765,-0.05423242977164655,0.06638835149170141,-0.06113826757401216,1.0858723043032525,0.3619574347677509,-0.03553690222208836,-0.06461096922973053,0.3545897271481085
signal_month,2025-11,all,author_net_shift,7,5D,all,0,4,0.25,0.5,0.15003898915214947,0.8499610108478506,-0.017100154008316465,-0.022010444323124434,0.013338763873332549,-0.027246459968866137,0.48955952034041955,0.16318650678013985,-0.015339835830685905,-0.012822059187258816,0.29844513476517637
signal_month,2025-11,all,author_net_shift,7,60D,all,0,4,0.5,0.25,0.04558726080970055,0.6993581574175981,0.004195399553332618,-0.006081921663016854,0.04141973458683906,-0.03302893548017383,1.2540438856015192,1.2540438856015192,-0.009461405092843295,-0.031319722139238115,0.7277628694945257
signal_month,2025-11,all,author_net_shift,7,90D,all,0,4,0.25,0.25,0.04558726080970055,0.6993581574175981,-0.042254469393139815,-0.060486717283313784,0.08155992261480494,-0.08352593339578807,0.9764622710450037,0.32548742368166794,-0.03254545480326043,-0.035187991103519556,0.3130561624477596
signal_month,2025-11,all,high_low_divergence,3,1D,all,0,1,0.0,0.0,0.0,0.7934506856227626,-0.022165689636102215,-0.022165689636102215,,-0.022165689636102215,,,-0.01831372365192485,-0.01831372365192485,
signal_month,2025-11,all,high_low_divergence,3,20D,all,0,1,1.0,1.0,0.20654931437723745,1.0,0.011746488220329643,0.011746488220329643,0.011746488220329643,,,,0.024946879343029527,0.024946879343029527,
signal_month,2025-11,all,high_low_divergence,3,5D,all,0,1,1.0,1.0,0.20654931437723745,1.0,0.027496958301072905,0.027496958301072905,0.027496958301072905,,,,0.03937879183688131,0.03937879183688131,
signal_month,2025-11,all,high_low_divergence,3,60D,all,0,1,1.0,1.0,0.20654931437723745,1.0,0.06689525494967374,0.06689525494967374,0.06689525494967374,,,,0.0971628184330362,0.0971628184330362,
signal_month,2025-11,all,high_low_divergence,3,90D,all,0,1,1.0,1.0,0.20654931437723745,1.0,0.11675699590753241,0.11675699590753241,0.11675699590753241,,,,0.11054940457149276,0.11054940457149276,
signal_month,2025-11,all,high_low_divergence,30,1D,all,0,6,0.5,0.5,0.1876163064826506,0.8123836935173494,-0.004369379174732439,-0.0016792588075910664,0.012552867546595162,-0.02129162589606004,0.5895682935570475,0.5895682935570477,-0.002611047943567054,-0.004930157236999577,0.7461882943289256
signal_month,2025-11,all,high_low_divergence,30,20D,all,0,6,0.16666666666666666,0.3333333333333333,0.09677141110578041,0.700006684861608,-0.0419265312949326,-0.08013075600979541,0.16115044247787602,-0.08254192604949433,1.952346524858724,0.39046930497174476,-0.031671003267240615,-0.05905503321300487,0.4897994617848354
signal_month,2025-11,all,high_low_divergence,30,5D,all,0,6,0.3333333333333333,0.3333333333333333,0.09677141110578041,0.700006684861608,-0.02053616576812245,-0.025846922211389733,0.059986204247441166,-0.06079735077590426,0.9866581928634862,0.4933290964317431,-0.008071790578491425,-0.01000408569482869,0.7162154585346401
signal_month,2025-11,all,high_low_divergence,30,60D,all,0,6,0.5,0.6666666666666666,0.299993315138392,0.9032285888942195,0.05874248167910934,0.018356148240254944,0.24266969741731023,-0.12518473405909156,1.938492734287886,1.938492734287886,0.0780180280380302,0.04278286601189313,2.330692218413865
signal_month,2025-11,all,high_low_divergence,30,90D,all,0,6,0.6666666666666666,0.6666666666666666,0.299993315138392,0.9032285888942195,0.03623967102295942,0.06056060112389383,0.16273311577407387,-0.21674721847926948,0.7507967895312958,1.5015935790625916,0.028499509201028134,0.044761091453504376,1.4086309236405286
signal_month,2025-11,all,high_low_divergence,7,1D,all,0,5,1.0,1.0,0.5655175352168251,1.0,0.03435078115420755,0.03035498825173044,0.03435078115420755,,,,0.026453922342291068,0.024366039669359796,
signal_month,2025-11,all,high_low_divergence,7,20D,all,0,5,1.0,0.8,0.37553462976252533,0.9637758913675698,0.10716666716886684,0.11660613227468541,0.10716666716886684,,,,0.10355333577627579,0.14194237556303513,52.72673037582873
signal_month,2025-11,all,high_low_divergence,7,5D,all,0,5,0.8,0.6,0.2307242812760128,0.882379225767352,0.04085622280834642,0.06363116784149359,0.05642111590415602,-0.021403349574891983,2.6360881368934406,10.544352547573762,0.036335087125814326,0.037102926884183374,6.143535178832951
signal_month,2025-11,all,high_low_divergence,7,60D,all,0,5,0.8,0.8,0.37553462976252533,0.9637758913675698,0.03443763326667382,0.05755195275502811,0.07833947823794313,-0.14116974661840342,0.5549310678420563,2.219724271368225,0.03195701246170812,0.06410518843068658,1.8802593450794574
signal_month,2025-11,all,high_low_divergence,7,90D,all,0,5,0.6,0.6,0.2307242812760128,0.882379225767352,0.09279772401206629,0.14975322538747948,0.17829285637834932,-0.03544497453735823,5.030130750705789,7.545196126058682,0.07707413409850183,0.12655893797289708,7.472221070888041
signal_month,2025-11,all,high_low_divergence,90,1D,all,0,9,0.4444444444444444,0.4444444444444444,0.18877852109766452,0.733348706504507,-0.00888895994374365,-0.010810896370514689,0.014060058019222083,-0.027248174314116236,0.5160000026841469,0.4128000021473176,-0.009315030645396417,-0.006958930386337325,0.40415392288074875
signal_month,2025-11,all,high_low_divergence,90,20D,all,0,9,0.7777777777777778,0.7777777777777778,0.45258896910698887,0.9367748928821533,0.1544798898411494,0.1233518527312154,0.21768701059646237,-0.06674503280244581,3.261471325376072,11.415149638816253,0.16202857887436176,0.1365522438539153,17.060490993798872
signal_month,2025-11,all,high_low_divergence,90,5D,all,0,9,0.6666666666666666,0.6666666666666666,0.3542021355803963,0.879416181613089,0.028264277868776968,0.030102457158400653,0.06613837952615546,-0.04748392544598001,1.3928582968861252,2.7857165937722503,0.03165684447779474,0.04012367767811453,3.126028258109741
signal_month,2025-11,all,high_low_divergence,90,60D,all,0,9,0.5555555555555556,0.7777777777777778,0.45258896910698887,0.9367748928821533,0.1593163576682909,0.11804047598367051,0.35122744735154604,-0.08057250443577799,4.3591476994673695,5.448934624334211,0.1758240031311657,0.15144039728879488,6.339094409032075
signal_month,2025-11,all,high_low_divergence,90,90D,all,0,9,0.8888888888888888,0.8888888888888888,0.5650002944233439,0.9801091123614551,0.181080793132066,0.1929370169380037,0.24598467840074184,-0.3381502890173411,0.7274418694586039,5.819534955668831,0.16616159560386837,0.18247102516101132,5.406936367211409
signal_month,2025-11,all,weighted_net,1,1D,all,0,11,0.36363636363636365,0.36363636363636365,0.15166471095367573,0.6461988254921511,-0.018358715879768065,-0.006963743294771563,0.019187927011735828,-0.03981394038919887,0.4819399141146382,0.27539423663693613,-0.012827601106574134,-0.0007546725881482086,0.264738816329534
signal_month,2025-11,all,weighted_net,1,20D,all,0,11,0.45454545454545453,0.5454545454545454,0.280091537409322,0.7872872837754024,-0.0017753590886518853,-0.00866024688166478,0.07540283632250037,-0.06609052193127878,1.1409024186691186,0.9507520155575988,-0.006129784550791031,0.0007825610062912602,0.8373984109054631
signal_month,2025-11,all,weighted_net,1,5D,all,0,11,0.6363636363636364,0.6363636363636364,0.35380117450784887,0.8483352890463243,-0.0021213786318858437,0.01625412008013949,0.035932191100469114,-0.06871512566350702,0.5229153079982193,0.9151017889968837,-0.012172712541516124,0.008420797821248494,0.5871067006308586
signal_month,2025-11,all,weighted_net,1,60D,all,0,11,0.36363636363636365,0.45454545454545453,0.21271271622459764,0.719908462590678,0.025009129803427208,-0.02261696272204161,0.2404589912490417,-0.09810507673692392,2.451035147690169,1.4005915129658109,0.01919114056923517,-0.021919497617376105,1.2781982420767561
signal_month,2025-11,all,weighted_net,1,90D,all,0,11,0.5454545454545454,0.5454545454545454,0.280091537409322,0.7872872837754024,0.005905368754628922,0.04296555750145936,0.1288212765944878,-0.14159372065320172,0.9097951236835085,1.09175414842021,0.001255277818076974,0.012471704364905856,1.0220959779458996
signal_month,2025-11,all,weighted_net,3,1D,all,0,25,0.52,0.52,0.3349851695035678,0.6996871404588704,-0.009088593190011717,0.002873422474735099,0.0203676751471781,-0.04099955055530069,0.4967780102785745,0.5381761778017891,-0.007613109947992402,0.00012090735440750677,0.48741282018779236
signal_month,2025-11,all,weighted_net,3,20D,all,0,25,0.48,0.48,0.30031285954112974,0.6650148304964322,-0.02118978258893649,-0.012612536096483828,0.07827220694359678,-0.11300084984973643,0.692669188308581,0.6393869430540748,-0.03258766438057139,-0.0001709842650494675,0.4768940040750064
signal_month,2025-11,all,weighted_net,3,5D,all,0,25,0.56,0.56,0.3706733186979878,0.7333436111893266,-0.002320156569160159,0.002995185748561058,0.03774408515109293,-0.05331100966766409,0.7079979423834978,0.9010882903062698,-0.010534312791139549,0.0060355169521846275,0.6127902822413734
signal_month,2025-11,all,weighted_net,3,60D,all,0,25,0.44,0.32,0.17205190306907978,0.5158973072689775,0.03904706965802077,-0.007575386524301675,0.24445080257504692,-0.12234157763392836,1.9981007871787868,1.5699363327833327,0.02532087004866717,-0.02239275172076427,1.3185904960338288
signal_month,2025-11,all,weighted_net,3,90D,all,0,25,0.44,0.44,0.26665638881067344,0.6293266813020123,0.014287354137675607,-0.010481461527158675,0.20507430957499626,-0.13561668227736204,1.512161381116669,1.1881267994488114,0.026496717704481507,-0.008090776344979567,1.4000088090460778
signal_month,2025-11,all,weighted_net,30,1D,all,0,34,0.4411764705882353,0.47058823529411764,0.3145150447508847,0.6326328701993107,-0.011338795838137242,-0.004639781358542705,0.017117799218078152,-0.03380452877725466,0.5063759158091222,0.399770459849307,-0.009604513986629645,-0.004612748601741878,0.41974287336779126
signal_month,2025-11,all,weighted_net,30,20D,all,0,34,0.4411764705882353,0.4411764705882353,0.2888348224624216,0.6054610074379694,-0.03143614809762645,-0.024249549388943414,0.09043275408240754,-0.12764843929239014,0.7084517020632211,0.5593039753130693,-0.03771660585430976,-0.02161521766238461,0.49924904995376657
signal_month,2025-11,all,weighted_net,30,5D,all,0,34,0.47058823529411764,0.47058823529411764,0.3145150447508847,0.6326328701993107,-0.008433266081470736,-0.016149941617400854,0.0728853205334015,-0.08071645418357937,0.9029797117652498,0.802648632680222,-0.006838083283404393,-0.003639170548469073,0.8073057670177056
signal_month,2025-11,all,weighted_net,30,60D,all,0,34,0.4411764705882353,0.4411764705882353,0.2888348224624216,0.6054610074379694,0.04498469781918327,-0.02748634117166865,0.356378203727498,-0.20085228052948625,1.774329884569967,1.4007867509762897,0.03376829951715233,-0.054475998667028736,1.278234831125306
signal_month,2025-11,all,weighted_net,30,90D,all,0,34,0.4411764705882353,0.4117647058823529,0.2636596836387115,0.5777840612118749,0.04079583519426766,-0.07618850215841316,0.3881324492394927,-0.2334172811572258,1.6628265367295298,1.3127577921548919,0.055408134005059895,-0.0456847992926222,1.4706767933222116
signal_month,2025-11,all,weighted_net,7,1D,all,0,38,0.47368421052631576,0.5,0.34849928364395105,0.6515007163560489,-0.00938200834188641,-0.0059808647404908655,0.02187534742681751,-0.03751362853371994,0.5831306722876561,0.5248176050588905,-0.007313405901066228,-0.0003168826168703509,0.5683385720875441
signal_month,2025-11,all,weighted_net,7,20D,all,0,38,0.5263157894736842,0.5,0.34849928364395105,0.6515007163560489,-0.030169754291895935,0.009383527405651959,0.08191678855178981,-0.15471035745154676,0.5294848379976439,0.5883164866640488,-0.03907478573068852,0.0001438422237995951,0.502190463208073
signal_month,2025-11,all,weighted_net,7,5D,all,0,38,0.5526315789473685,0.5789473684210527,0.42192345343670545,0.7214749884224129,0.001424634818412657,0.006055626408384418,0.06196576798145083,-0.07336147085357568,0.8446636532837534,1.0434080422916954,-0.002396197317442041,0.008506971848047606,0.9273181207059137
signal_month,2025-11,all,weighted_net,7,60D,all,0,38,0.4473684210526316,0.3157894736842105,0.1908460367559618,0.4745575989060954,0.09431950227380322,-0.013503783126630642,0.46302024328411373,-0.20415252616311483,2.2680113343989063,1.8360091754657817,0.08176226062896462,-0.03828871340800538,1.6628892917750036
signal_month,2025-11,all,weighted_net,7,90D,all,0,38,0.42105263157894735,0.39473684210526316,0.25598075748160104,0.5528213200395746,0.11437117830303303,-0.047875586421329996,0.5436698457410886,-0.19784603437918913,2.7479441144577,1.998504810514691,0.12554815389475182,-0.03801101892227793,2.225134670377904
signal_month,2025-11,all,weighted_net,90,1D,all,0,33,0.3333333333333333,0.45454545454545453,0.29842938513876116,0.6201406146378254,-0.0038042281480771133,-0.00848977009069829,0.03277085705960821,-0.022091770751919773,1.4833965745711182,0.7416982872855591,-0.003397778302161975,-0.004798643023524618,0.7599173305170731
signal_month,2025-11,all,weighted_net,90,20D,all,0,33,0.5151515151515151,0.5151515151515151,0.3521837544891414,0.674959578918663,-0.004361020382204569,0.008990600735594878,0.0896066688650905,-0.10420169020745558,0.8599348886442457,0.913680819184511,-0.009959333869060349,0.004961465650795249,0.8192039511837008
signal_month,2025-11,all,weighted_net,90,5D,all,0,33,0.5454545454545454,0.6060606060606061,0.43683440819940234,0.7531689256552291,0.001202737836076068,0.00867148415786545,0.07289380059116508,-0.08482653747003077,0.8593277854458986,1.0311933425350783,0.006508542006723232,0.01114405927915807,1.1997558924736766
signal_month,2025-11,all,weighted_net,90,60D,all,0,33,0.48484848484848486,0.5151515151515151,0.3521837544891414,0.674959578918663,0.04167151521005097,-0.012456832757770098,0.3389653118405478,-0.23813441103041666,1.4234201196451701,1.339689524371925,0.033947211967591664,0.01781073072559236,1.2654887689766565
signal_month,2025-11,all,weighted_net,90,90D,all,0,33,0.5757575757575758,0.5757575757575758,0.4080726333731245,0.7276440336658979,0.05480406258034181,0.06010645203167586,0.3006258788613899,-0.27881125951536634,1.0782415293555292,1.4633277898396468,0.07053054325734444,0.08233951484303492,1.6526756927028006
signal_month,2025-12,all,author_net,1,1D,all,0,9,0.5555555555555556,0.6666666666666666,0.3542021355803963,0.879416181613089,0.0002464928636186883,0.014826839826839633,0.028177739621392472,-0.03466756558359854,0.8127983360540191,1.0159979200675238,-0.0009847665381339892,0.008944830310536389,0.9369905967749762
signal_month,2025-12,all,author_net,1,20D,all,0,9,0.5555555555555556,0.4444444444444444,0.18877852109766452,0.733348706504507,0.06714880150713963,0.0004054821182384316,0.161865269537262,-0.05124678353051332,3.158544954160573,3.948181192700716,0.058508734156267214,-0.00977677292161161,3.0316688180162976
signal_month,2025-12,all,author_net,1,5D,all,0,9,0.4444444444444444,0.4444444444444444,0.18877852109766452,0.733348706504507,-0.015368223433328986,-0.010411502231036263,0.03446748106542219,-0.055236787032329926,0.6239950387637224,0.4991960310109779,-0.010988974587491818,-0.0029013671944334574,0.5891062309795548
signal_month,2025-12,all,author_net,1,60D,all,0,9,0.2222222222222222,0.2222222222222222,0.06322510711784671,0.5474110308930111,-0.061980968496989225,-0.14676149053720466,0.24001468631738132,-0.1482654413010951,1.6188174682592644,0.4625192766455041,-0.04226803074995517,-0.14661502288851969,0.5937867343238903
signal_month,2025-12,all,author_net,1,90D,all,0,9,0.4444444444444444,0.4444444444444444,0.18877852109766452,0.733348706504507,0.08126958950112406,-0.17413419913419914,0.4251567874940702,-0.19384016889323286,2.1933368605773684,1.7546694884618947,0.041876556186728635,-0.21218481652626497,1.3235880263712134
signal_month,2025-12,all,author_net,3,1D,all,0,17,0.47058823529411764,0.5882352941176471,0.3600544264299978,0.7838894320978518,0.00276673084798472,-0.0011315185306657316,0.031204888567508943,-0.022511631569370145,1.386167345150009,1.2321487512444524,0.002333067639164129,0.0006743044638657381,1.2075338736443724
signal_month,2025-12,all,author_net,3,20D,all,0,17,0.5882352941176471,0.47058823529411764,0.26165106442409436,0.6903676493999558,0.026309488064219694,0.010220254686560626,0.092077316066782,-0.06764455193944074,1.3611933766552975,1.944561966650425,0.01742194071157664,-0.001956657939990558,1.5359011393635766
signal_month,2025-12,all,author_net,3,5D,all,0,17,0.47058823529411764,0.47058823529411764,0.26165106442409436,0.6903676493999558,-0.014563164909333848,-0.010411502231036263,0.04297144252953913,-0.06570503818833205,0.6540052896152191,0.5813380352135281,-0.013420850867980179,-0.0029013671944334574,0.5732470474275951
signal_month,2025-12,all,author_net,3,60D,all,0,17,0.23529411764705882,0.17647058823529413,0.06191126637620997,0.41029458568834126,-0.08005998442907011,-0.11462930273609873,0.12510687698335715,-0.1431882494790477,0.873723070423203,0.26883786782252395,-0.056891364038476736,-0.1069391237355306,0.36741360491580305
signal_month,2025-12,all,author_net,3,90D,all,0,17,0.5294117647058824,0.5294117647058824,0.30963235060004424,0.7383489355759056,0.052987015223215334,0.028056671994537652,0.24456001731771865,-0.16253261213310088,1.5046827470996653,1.6927680904871236,0.011032736631402414,0.007647309254481538,1.1145212719060966
signal_month,2025-12,all,author_net,30,1D,all,0,34,0.5588235294117647,0.5,0.34069325645682497,0.659306743543175,-0.00445086727184741,0.0021611645147838754,0.009948581592810249,-0.022690169167080443,0.4384533900806672,0.5553742941021784,-0.003244326832879935,-0.00038839610938057323,0.6296820358408584
signal_month,2025-12,all,author_net,30,20D,all,0,34,0.5294117647058824,0.5294117647058824,0.3673671298006892,0.6854849552491152,0.027877477358392196,0.015284103195472798,0.09598659560869875,-0.048745280673202676,1.9691464339329696,2.2152897381745906,0.019182897280314443,0.00833763972210999,1.7157145420041333
signal_month,2025-12,all,author_net,30,5D,all,0,34,0.47058823529411764,0.4117647058823529,0.2636596836387115,0.5777840612118749,-0.011612350101257222,-0.0055235127297234565,0.05530442053098724,-0.07109392399658564,0.777906428876303,0.6914723812233805,-0.012053963564152321,-0.006373628377552343,0.6606201907060978
signal_month,2025-12,all,author_net,30,60D,all,0,34,0.2647058823529412,0.2647058823529412,0.14601190677211745,0.43117141282944665,-0.06566401256030237,-0.1011444828033744,0.14722717311678568,-0.14230483940405406,1.0345900654773614,0.3724524235718501,-0.04754850704838025,-0.05032455000089042,0.45520477459496533
signal_month,2025-12,all,author_net,30,90D,all,0,34,0.6176470588235294,0.5588235294117647,0.3945389925620307,0.7111651775375785,0.056987429941738395,0.04012926074328438,0.18696173880171693,-0.15297106898591922,1.2222032573945503,1.9743283388681194,0.020598097505110304,0.007784632875578068,1.2725613296030938
signal_month,2025-12,all,author_net,7,1D,all,0,29,0.4482758620689655,0.4827586206896552,0.3138609015268349,0.6556897811800528,0.005676571394255289,-0.003444113623561562,0.026920498335890112,-0.011584119245823005,2.3239141245543626,1.8881802262004197,0.006080852509182888,-0.0010210629110869451,2.0569098573620406
signal_month,2025-12,all,author_net,7,20D,all,0,29,0.6551724137931034,0.5862068965517241,0.4073783598787858,0.744868226586776,0.07038863048912855,0.015783103364802598,0.13146381742810379,-0.04565422469492442,2.8795542648371644,5.471153103190613,0.06419616893314316,0.022348703636288603,4.400264689477368
signal_month,2025-12,all,author_net,7,5D,all,0,29,0.5172413793103449,0.4827586206896552,0.3138609015268349,0.6556897811800528,-0.005351653797437807,0.006896551724138167,0.04752960839736898,-0.062010149006159365,0.7664811189640577,0.8212297703186332,-0.0052814373459660205,-0.004973015411722015,0.8151187550995205
signal_month,2025-12,all,author_net,7,60D,all,0,29,0.3793103448275862,0.3448275862068966,0.19940718526674994,0.5265489590952386,-0.007035080131146161,-0.03204150137320738,0.16443734273850807,-0.11182378299593486,1.4705042016373733,0.8986414565561726,0.010267948901775308,-0.00916664081647367,1.1843898134306585
signal_month,2025-12,all,author_net,7,90D,all,0,29,0.7241379310344828,0.7241379310344828,0.5428286758313405,0.8530124489791204,0.1328819435402015,0.08521095648332211,0.2422187550783715,-0.15412718674749487,1.5715511337736685,4.12532172615588,0.10285689210635429,0.04910851344020184,2.9115140011515592
signal_month,2025-12,all,author_net,90,1D,all,0,33,0.5151515151515151,0.42424242424242425,0.2723559663341021,0.5919273666268755,-0.004375931806164461,0.0013245782859732103,0.012593628305790158,-0.022406089425116245,0.562062752979699,0.5971916750409302,-0.0036609640856483847,-0.002378381496534576,0.640131019085226
signal_month,2025-12,all,author_net,90,20D,all,0,33,0.45454545454545453,0.45454545454545453,0.29842938513876116,0.6201406146378254,0.04328563927788094,-0.00504959422903517,0.1712880141564467,-0.0633830064542572,2.702428044022546,2.2520233700187884,0.035659807975198556,-0.014461875572810312,1.9280887141925307
signal_month,2025-12,all,author_net,90,5D,all,0,33,0.45454545454545453,0.45454545454545453,0.29842938513876116,0.6201406146378254,-0.0013196819272119,-0.0031677393403057863,0.056633554201732966,-0.049614045367999286,1.1414822915903813,0.9512352429919844,-0.0013399815368185864,-0.007774241343382671,0.9447038114804525
signal_month,2025-12,all,author_net,90,60D,all,0,33,0.2727272727272727,0.2727272727272727,0.1506744088542064,0.44217559002872625,-0.0777919188174487,-0.10123296560674888,0.18142238019806053,-0.17499728094826464,1.0367154233196079,0.38876828374485295,-0.06089105694375874,-0.08737213313375325,0.47069000800660427
signal_month,2025-12,all,author_net,90,90D,all,0,33,0.48484848484848486,0.48484848484848486,0.32504042108133696,0.6478162455108585,0.03147662244730191,-0.07100566050011914,0.2693798806070942,-0.1924323264089732,1.399868128365219,1.3175229443437355,-0.0015909779592600689,-0.04810120021494768,0.9862933636766879
signal_month,2025-12,all,author_net_shift,30,1D,all,0,15,0.4666666666666667,0.6,0.357468301206246,0.8017550385865841,0.003935742995181232,-0.00136739834472821,0.017934482365773836,-0.008313153954087299,2.157361990987314,1.8876917421138997,0.004714348071427972,0.0024220143350874856,2.3970526787631212
signal_month,2025-12,all,author_net_shift,30,20D,all,0,15,0.3333333333333333,0.4,0.1982449614134158,0.6425316987937539,-0.027443589765590855,-0.0063567284908899735,0.054598263733398086,-0.06846451651508532,0.7974680391026792,0.3987340195513396,-0.031208520687486304,-0.015659437178431435,0.36456147393574645
signal_month,2025-12,all,author_net_shift,30,5D,all,0,15,0.5333333333333333,0.4666666666666667,0.24809535365737387,0.698830199745016,-0.002841188411515912,0.008669917885874012,0.026079092983035485,-0.035892938576717506,0.7265800465819781,0.8303771960936892,-0.004119259357994065,-0.0007667616044046976,0.7185284335251818
signal_month,2025-12,all,author_net_shift,30,60D,all,0,15,0.2,0.2,0.07047549346981563,0.45185448715169363,-0.11587667400198862,-0.027861753411226542,0.0419992088061939,-0.15534564470403425,0.27035974446667704,0.06758993611666926,-0.10630673933595268,-0.031111487820635664,0.06465876016518865
signal_month,2025-12,all,author_net_shift,30,90D,all,0,15,0.5333333333333333,0.4666666666666667,0.24809535365737387,0.698830199745016,-0.04441293269422885,0.016084922634040932,0.13868088952777932,-0.25366301523366674,0.5467130846805974,0.6248149539206828,-0.06734312328312504,-0.005600032763011464,0.4738041381779171
signal_month,2025-12,all,author_net_shift,90,1D,all,0,1,0.0,0.0,0.0,0.7934506856227626,-0.005188716516975389,-0.005188716516975389,,-0.005188716516975389,,,-0.001484526699122246,-0.001484526699122246,
signal_month,2025-12,all,author_net_shift,90,20D,all,0,1,1.0,0.0,0.0,0.7934506856227626,0.0068217135933836826,0.0068217135933836826,0.0068217135933836826,,,,-0.002307510130931334,-0.002307510130931334,
signal_month,2025-12,all,author_net_shift,90,5D,all,0,1,0.0,0.0,0.0,0.7934506856227626,-0.025258777359285833,-0.025258777359285833,,-0.025258777359285833,,,-0.03080047866158564,-0.03080047866158564,
signal_month,2025-12,all,author_net_shift,90,60D,all,0,1,0.0,0.0,0.0,0.7934506856227626,-0.12992862222456358,-0.12992862222456358,,-0.12992862222456358,,,-0.05155729907046058,-0.05155729907046058,
signal_month,2025-12,all,author_net_shift,90,90D,all,0,1,1.0,1.0,0.20654931437723745,1.0,0.16300998235309616,0.16300998235309616,0.16300998235309616,,,,0.08649075410791984,0.08649075410791984,
signal_month,2025-12,all,high_low_divergence,30,1D,all,0,11,0.2727272727272727,0.36363636363636365,0.15166471095367573,0.6461988254921511,-0.012201321481374185,-0.003047912037828171,0.017240806873205172,-0.023242119614341444,0.7417915043586133,0.27817181413448,-0.010826770100958238,-0.010109135387831647,0.30335153582157465
signal_month,2025-12,all,high_low_divergence,30,20D,all,0,11,0.7272727272727273,0.7272727272727273,0.43435469882387084,0.902539407099751,0.0138727421628608,0.026936460884134594,0.09016859961735878,-0.18958287771580049,0.47561573441525945,1.2683086251073588,0.013135092717194515,0.03185418779845306,1.266098101368674
signal_month,2025-12,all,high_low_divergence,30,5D,all,0,11,0.6363636363636364,0.5454545454545454,0.280091537409322,0.7872872837754024,0.019577106736761343,0.004253125402758129,0.05212619015676358,-0.037383789248242566,1.3943527717488955,2.440117350560567,0.02093550951734718,0.007565543321917834,2.732635744529283
signal_month,2025-12,all,high_low_divergence,30,60D,all,0,11,0.8181818181818182,0.7272727272727273,0.43435469882387084,0.902539407099751,0.027669209681363317,0.0933458668033954,0.11080640894421426,-0.3464481870014659,0.3198354417820793,1.4392594880193565,0.014862984148529036,0.07514191422176553,1.2219270204399304
signal_month,2025-12,all,high_low_divergence,30,90D,all,0,11,0.36363636363636365,0.45454545454545453,0.21271271622459764,0.719908462590678,-0.01609193464134834,-0.045423571317949385,0.3787086771597017,-0.24169228424194836,1.566904290501023,0.8953738802862989,-0.0026109903259662337,-0.004300113447619491,0.9804317731147573
signal_month,2025-12,all,high_low_divergence,7,1D,all,0,3,0.3333333333333333,0.3333333333333333,0.06149194472039621,0.7923403991979522,-0.00640747222592349,-0.009250517039834594,0.00792602377807139,-0.01357422022792093,0.5839026953289208,0.2919513476644604,-0.001970582788104062,-0.0019445410139355968,0.5284366583544043
signal_month,2025-12,all,high_low_divergence,7,20D,all,0,3,0.6666666666666666,0.6666666666666666,0.2076596008020477,0.9385080552796037,0.0006840203572321771,0.04425186583940288,0.059302628442565064,-0.1165531958134336,0.5088031094187295,1.017606218837459,-0.007834194730273877,0.032541888296894195,0.801979924112754
signal_month,2025-12,all,high_low_divergence,7,5D,all,0,3,0.6666666666666666,0.6666666666666666,0.2076596008020477,0.9385080552796037,0.009797154932803753,0.01716347450768807,0.01835389721985392,-0.007316329641296582,2.508620868619212,5.017241737238424,0.01289828637409407,0.024673609544290875,3.9689441670348824
signal_month,2025-12,all,high_low_divergence,7,60D,all,0,3,0.3333333333333333,0.3333333333333333,0.06149194472039621,0.7923403991979522,-0.11176603034632722,-0.15470816294014555,0.029246470641129285,-0.18227228084005548,0.16045484539030463,0.08022742269515232,-0.08086824990050108,-0.12600923914978757,0.19279775958399473
signal_month,2025-12,all,high_low_divergence,7,90D,all,0,3,0.3333333333333333,0.3333333333333333,0.06149194472039621,0.7923403991979522,-0.012069745216669814,-0.07971745711402622,0.17047702544735177,-0.1033431305486806,1.649621262121987,0.8248106310609935,-0.05737681676859285,-0.12084091498435612,0.42905613533154874
signal_month,2025-12,all,high_low_divergence,90,1D,all,0,10,0.6,0.7,0.39677814746114537,0.8922087325936989,0.0054907090126594445,0.0038337548826465895,0.017858140882962226,-0.013060438792794726,1.3673461639599986,2.0510192459399983,0.003556381396538677,0.005134395464049757,1.5810451331441637
signal_month,2025-12,all,high_low_divergence,90,20D,all,0,10,0.5,0.5,0.236593090512564,0.7634069094874361,-0.05675720960336654,-0.013266025950170846,0.08667456962873024,-0.20018898883546332,0.4329637215959398,0.43296372159593977,-0.05030096191480282,-0.002704896507028931,0.4785412726057752
signal_month,2025-12,all,high_low_divergence,90,5D,all,0,10,0.3,0.4,0.16818032970623614,0.6873262302663417,-0.02668629313492976,-0.040838369599782265,0.07151680738710997,-0.06877333621580393,1.0398914946149667,0.44566778340641433,-0.027691407025817738,-0.04173499924341634,0.42942645222805703
signal_month,2025-12,all,high_low_divergence,90,60D,all,0,10,0.5,0.5,0.236593090512564,0.7634069094874361,-0.020247033316428176,0.0035097120835043683,0.16958257589307174,-0.2100766425259281,0.8072414612783119,0.8072414612783119,-0.05724311439534965,0.0035097120835043683,0.5449190227366694
signal_month,2025-12,all,high_low_divergence,90,90D,all,0,10,0.5,0.5,0.236593090512564,0.7634069094874361,-0.5354021119333174,-0.07138532749995796,0.19389120431931955,-1.2646954281859544,0.15331059162397065,0.15331059162397065,-0.49137824667471597,-0.02590109300858756,0.18790202761705305
signal_month,2025-12,all,weighted_net,1,1D,all,0,9,0.5555555555555556,0.6666666666666666,0.3542021355803963,0.879416181613089,0.0002464928636186883,0.014826839826839633,0.028177739621392472,-0.03466756558359854,0.8127983360540191,1.0159979200675238,-0.0009847665381339892,0.008944830310536389,0.9369905967749762
signal_month,2025-12,all,weighted_net,1,20D,all,0,9,0.5555555555555556,0.4444444444444444,0.18877852109766452,0.733348706504507,0.06714880150713963,0.0004054821182384316,0.161865269537262,-0.05124678353051332,3.158544954160573,3.948181192700716,0.058508734156267214,-0.00977677292161161,3.0316688180162976
signal_month,2025-12,all,weighted_net,1,5D,all,0,9,0.4444444444444444,0.4444444444444444,0.18877852109766452,0.733348706504507,-0.015368223433328986,-0.010411502231036263,0.03446748106542219,-0.055236787032329926,0.6239950387637224,0.4991960310109779,-0.010988974587491818,-0.0029013671944334574,0.5891062309795548
signal_month,2025-12,all,weighted_net,1,60D,all,0,9,0.2222222222222222,0.2222222222222222,0.06322510711784671,0.5474110308930111,-0.061980968496989225,-0.14676149053720466,0.24001468631738132,-0.1482654413010951,1.6188174682592644,0.4625192766455041,-0.04226803074995517,-0.14661502288851969,0.5937867343238903
signal_month,2025-12,all,weighted_net,1,90D,all,0,9,0.4444444444444444,0.4444444444444444,0.18877852109766452,0.733348706504507,0.08126958950112406,-0.17413419913419914,0.4251567874940702,-0.19384016889323286,2.1933368605773684,1.7546694884618947,0.041876556186728635,-0.21218481652626497,1.3235880263712134
signal_month,2025-12,all,weighted_net,3,1D,all,0,18,0.4444444444444444,0.5555555555555556,0.33716415642042774,0.7544048187299437,0.0013335122694232487,-0.00238418751083197,0.031204888567508943,-0.022563588769045306,1.3829754161411825,1.106380332912946,0.0011297297843067544,0.0006052182322434652,1.096632109508595
signal_month,2025-12,all,weighted_net,3,20D,all,0,18,0.6111111111111112,0.5,0.29031021505169974,0.7096897849483003,0.031567347939800025,0.011619394774877834,0.0947021933174987,-0.06764455193944074,1.399997347935448,2.1999958324699893,0.022666374122064088,0.0004325353015807165,1.7382335619553422
signal_month,2025-12,all,weighted_net,3,5D,all,0,18,0.5,0.5,0.29031021505169974,0.7096897849483003,-0.01176466647908937,-0.0016795669793121526,0.042175705230153314,-0.06570503818833205,0.6418945394912335,0.6418945394912334,-0.010993686623494228,0.00030002538108836463,0.6298622156589712
signal_month,2025-12,all,weighted_net,3,60D,all,0,18,0.2222222222222222,0.2222222222222222,0.09000928108601694,0.45214584316212625,-0.07873256412852823,-0.10336484099122367,0.12510687698335715,-0.13697240444620978,0.9133728614108375,0.2609636746888107,-0.05249712691773988,-0.060917719881660615,0.3819371782489604
signal_month,2025-12,all,weighted_net,3,90D,all,0,18,0.5555555555555556,0.5555555555555556,0.33716415642042774,0.7544048187299437,0.05933006778675967,0.04491977465569785,0.2368202117226481,-0.16253261213310088,1.4570627310703146,1.8213284138378931,0.015455514214204344,0.01756512023042578,1.1698673666984838
signal_month,2025-12,all,weighted_net,30,1D,all,0,44,0.5454545454545454,0.5681818181818182,0.4222414699362943,0.703172765914822,-0.00286498643592563,0.0024179395159203976,0.0149089250466303,-0.024193680214992748,0.6162322108147601,0.7394786529777121,-0.0007704956310628382,0.002575062791391025,0.9157744981693089
signal_month,2025-12,all,weighted_net,30,20D,all,0,44,0.5454545454545454,0.5227272727272727,0.3793546556062164,0.662450089677489,0.040231694620097534,0.02076991329824085,0.13470819908691956,-0.0731401107400889,1.8417828155281217,2.210139378633746,0.033000608087942696,0.014050016664940101,1.9128624776984946
signal_month,2025-12,all,weighted_net,30,5D,all,0,44,0.5,0.45454545454545453,0.31705234142220895,0.5993381680103802,-0.008303879440410604,0.00026121479230389877,0.05240083083835265,-0.06900858971917384,0.7593378020271762,0.759337802027176,-0.005341369652470076,-0.003907261414518914,0.8283811503199556
signal_month,2025-12,all,weighted_net,30,60D,all,0,44,0.36363636363636365,0.38636363636363635,0.2572120275052556,0.5337642460762172,-0.03033272020906527,-0.06328728831713815,0.21448157185054562,-0.17022660138598575,1.2599768197463599,0.7199867541407771,-0.015930490131668425,-0.0438504613252797,0.8370564361042655
signal_month,2025-12,all,weighted_net,30,90D,all,0,44,0.5909090909090909,0.5,0.35831760539989393,0.641682394600106,0.07583870728550333,0.03291942678608861,0.2769220069120527,-0.2146149477306236,1.2903202215888268,1.8637958756283055,0.04941074599743947,-0.003579231604198818,1.4902303895395757
signal_month,2025-12,all,weighted_net,7,1D,all,0,35,0.4857142857142857,0.5428571428571428,0.3818972506848375,0.6953398071159278,0.0060319190971018155,-0.0011315185306657316,0.023576448187930678,-0.010537913933125444,2.2372974705951245,2.1130031666731734,0.006788187188470855,0.0006743044638657381,2.4866931858723236
signal_month,2025-12,all,weighted_net,7,20D,all,0,35,0.6,0.5142857142857142,0.35568804595868564,0.6700576399749026,0.05399371191202052,0.015783103364802598,0.12344382652975677,-0.050181460014583845,2.4599488833900263,3.689923325085039,0.047191886706566745,0.002821728543151991,3.057787369410233
signal_month,2025-12,all,weighted_net,7,5D,all,0,35,0.5142857142857142,0.4857142857142857,0.32994236002509725,0.6443119540413141,-0.003953818016430583,0.006896551724138167,0.044026763226678055,-0.05475678639148679,0.8040421311781554,0.8513387271298116,-0.0027906389552671343,-0.003545346364352886,0.8848427716528842
signal_month,2025-12,all,weighted_net,7,60D,all,0,35,0.3142857142857143,0.2857142857142857,0.16326536236434688,0.45054934863182616,-0.02627552870018148,-0.056129420123517626,0.16951686843445132,-0.11601371072022153,1.461179608703819,0.669707320655917,-0.009456111831995106,-0.019506294535531987,0.8560587151487234
signal_month,2025-12,all,weighted_net,7,90D,all,0,35,0.6285714285714286,0.6285714285714286,0.4633693684359532,0.7683418049663429,0.08611952207040137,0.08063687724704671,0.23239661516327387,-0.16142632777907517,1.4396450588984915,2.436322407366678,0.05491063826124998,0.021078685660681273,1.7324028127492679
signal_month,2025-12,all,weighted_net,90,1D,all,0,36,0.5555555555555556,0.4722222222222222,0.31986041515179053,0.629940619770124,-0.0021610684463390126,0.002700386038291369,0.015264628263392126,-0.023943189333502937,0.637535294516208,0.7969191181452601,-0.0027304600269925806,-0.0014923490446587806,0.7389085468478469
signal_month,2025-12,all,weighted_net,90,20D,all,0,36,0.5277777777777778,0.5,0.34474325409626827,0.6552567459037317,0.01882825529911928,0.008693717946264612,0.15051485646717708,-0.12835088718282767,1.1726826340730956,1.3106452969052245,0.01492580311423823,0.0036999124910297443,1.2421000498095343
signal_month,2025-12,all,weighted_net,90,5D,all,0,36,0.5,0.5555555555555556,0.395810617556973,0.7045873125991978,-0.006292041632853502,-0.00043879299503235547,0.05423951550503438,-0.06682359877074139,0.8116820480010285,0.8116820480010285,-0.006073912758085094,0.0014696016730375017,0.8050148509337123
signal_month,2025-12,all,weighted_net,90,60D,all,0,36,0.3333333333333333,0.3055555555555556,0.1800445159482992,0.4685627285051034,-0.04763931811288306,-0.09901175307364474,0.24881628458279817,-0.19586711946072366,1.270332076500937,0.6351660382504685,-0.04006948540210067,-0.09115996849823982,0.6870255183439091
signal_month,2025-12,all,weighted_net,90,90D,all,0,36,0.4166666666666667,0.4444444444444444,0.2954126874008022,0.6041893824430271,-0.036015184948849,-0.09514425535086818,0.5807690135502995,-0.4765753267339551,1.2186300485390211,0.8704500346707295,-0.05410221802796612,-0.13818099311516346,0.8103979783130887
signal_month,2026-01,all,author_net,1,1D,all,0,23,0.4782608695652174,0.4782608695652174,0.29237157416646653,0.6703726266357259,0.0021381972788382725,-0.004696293421307951,0.03201510280662234,-0.025248966121630457,1.2679767817976286,1.1623120499811597,0.0002532155266827432,-0.002357867196503438,1.017890035068874
signal_month,2026-01,all,author_net,1,20D,all,0,23,0.4782608695652174,0.4782608695652174,0.29237157416646653,0.6703726266357259,0.003249828546542167,-0.012839260175796507,0.129763251970525,-0.11272080959210877,1.1511916250432015,1.055258989622935,0.005304517010078536,-0.014872436950194468,1.0932755754890342
signal_month,2026-01,all,author_net,1,5D,all,0,23,0.5217391304347826,0.4782608695652174,0.29237157416646653,0.6703726266357259,0.013782602450832434,0.00577982884537831,0.06347561713478536,-0.040427959022570764,1.5700920518729917,1.7128276929523547,0.012985288825353204,-0.0031061535027333553,1.6783799214753277
signal_month,2026-01,all,author_net,1,60D,all,0,23,0.5217391304347826,0.5217391304347826,0.32962737336427406,0.7076284258335335,0.059434647595031545,0.06124587618862809,0.2705028011072231,-0.1708215198728138,1.5835405358097012,1.727498766337856,0.062415905900498087,0.0448912387881546,1.874600139043964
signal_month,2026-01,all,author_net,1,90D,all,0,23,0.7391304347826086,0.7391304347826086,0.5352999516257462,0.8745138395501366,0.49816572824438515,0.17677345537757438,0.712989093120486,-0.11050047223790022,6.452362407877023,18.2816934889849,0.4461209650944085,0.1347565277210705,9.924289011755151
signal_month,2026-01,all,author_net,3,1D,all,0,39,0.5641025641025641,0.5384615384615384,0.3856944827051576,0.6843311439327215,0.0021331476721988198,0.0026550672240424067,0.02264419681626338,-0.024410562984825905,0.9276392695383334,1.2004743488143137,0.00017711186157934108,0.001126359300886337,1.0155661463163541
signal_month,2026-01,all,author_net,3,20D,all,0,39,0.38461538461538464,0.38461538461538464,0.24891373465561348,0.5410093854307493,-0.014645941593390091,-0.013483146067415852,0.13863819889559634,-0.11044852939900662,1.255229016175957,0.7845181351099731,-0.011551589950877256,-0.017573724761422493,0.8209285190215285
signal_month,2026-01,all,author_net,3,5D,all,0,39,0.5897435897435898,0.5384615384615384,0.3856944827051576,0.6843311439327215,0.019709151881628178,0.0066519341949599076,0.06567997103668911,-0.046373900653771914,1.4163132734305994,2.0359503305564868,0.02119518108649793,0.010649796376637877,2.2156766771964165
signal_month,2026-01,all,author_net,3,60D,all,0,39,0.41025641025641024,0.4358974358974359,0.2930475387568963,0.5902430835133052,0.03947346163462171,-0.03267527381196356,0.29261316806387583,-0.13662372544659854,2.1417449063650964,1.489909500080067,0.05243607001501962,-0.00887324693347824,1.7653834969107671
signal_month,2026-01,all,author_net,3,90D,all,0,39,0.717948717948718,0.6923076923076923,0.5357874562585069,0.8143406769308886,0.45229567960632583,0.1513140887548472,0.6783664066398094,-0.12315708011526848,5.508139735083802,14.020719325667857,0.3922311614496964,0.08142590075232081,7.939269664529569
signal_month,2026-01,all,author_net,30,1D,all,0,45,0.4888888888888889,0.4444444444444444,0.30938930034997586,0.5882386550647896,-0.009051344486534142,-0.010628134702651115,0.021507854083038014,-0.03828188224873359,0.5618285418489191,0.5374012139424443,-0.011793272867024375,-0.00897787262190608,0.43074300851293396
signal_month,2026-01,all,author_net,30,20D,all,0,45,0.35555555555555557,0.35555555555555557,0.23219082604215874,0.5016418580362314,-0.039521914980483006,-0.03106388448519648,0.17370411993185814,-0.1571638652769471,1.1052420963671552,0.6097887428232579,-0.03961978880968357,-0.04279468435195777,0.6039834413828199
signal_month,2026-01,all,author_net,30,5D,all,0,45,0.5111111111111111,0.5333333333333333,0.3907745474012537,0.670648679349887,-0.004418785348591061,0.00022436616558207945,0.060524681312545146,-0.07231422776705164,0.8369678164512165,0.87501180810809,-0.007717540528264112,0.005074520949909456,0.7870908686546414
signal_month,2026-01,all,author_net,30,60D,all,0,45,0.35555555555555557,0.4,0.27024886565009165,0.5454814540964862,-0.03654825725781006,-0.05302873682034315,0.21935952083358096,-0.17773875551512924,1.2341682048905138,0.6809203889051111,-0.02641972691643012,-0.04770346218360233,0.7544370113044191
signal_month,2026-01,all,author_net,30,90D,all,0,45,0.7111111111111111,0.6666666666666666,0.5207048830990042,0.7864112506566996,0.2017641899228296,0.13275517011340887,0.4073111703530406,-0.30419760805922835,1.3389690108073948,3.2959237189105104,0.14378887338924598,0.09368340909322614,2.3150590742113155
signal_month,2026-01,all,author_net,7,1D,all,0,48,0.5833333333333334,0.5833333333333334,0.4428133228397628,0.7115033222158844,0.004678550958103565,0.006439215704900025,0.030933551264873016,-0.032078449471373664,0.9643094281248743,1.350033199374824,0.0031807204417306453,0.0038562819267601856,1.2343237757892456
signal_month,2026-01,all,author_net,7,20D,all,0,48,0.4166666666666667,0.4166666666666667,0.2884966777841157,0.5571866771602373,-0.008154814369854832,-0.017267044682454324,0.1627462814772423,-0.1302270256892099,1.249712036468071,0.8926514546200505,-0.006562373254158251,-0.010952141910830493,0.9106505217347762
signal_month,2026-01,all,author_net,7,5D,all,0,48,0.5416666666666666,0.5833333333333334,0.4428133228397628,0.7115033222158844,0.011452854054791161,0.012856860279960802,0.06781728971273705,-0.055159660813690344,1.2294725658629349,1.4530130323834685,0.009237934168405902,0.012315744305816168,1.3630442521706478
signal_month,2026-01,all,author_net,7,60D,all,0,48,0.4166666666666667,0.4375,0.30701269040654244,0.5772498258017222,0.024070389031280642,-0.02215975465525505,0.2538961942925177,-0.14009090044103156,1.8123674949137054,1.294548210652647,0.029813149447670953,-0.008117258519638404,1.3981105434032934
signal_month,2026-01,all,author_net,7,90D,all,0,48,0.75,0.7083333333333334,0.5682074019042831,0.8175842107348348,0.2952501714761903,0.1640001641652551,0.5129127830520827,-0.35773766325148665,1.4337679135884251,4.301303740765276,0.23677935004730874,0.08968440364506902,3.302797047704045
signal_month,2026-01,all,author_net,90,1D,all,0,51,0.5686274509803921,0.5686274509803921,0.43265302109302245,0.6949876389209046,-0.001337838752011368,0.0035299168402473935,0.02440851616560066,-0.036956035483571376,0.6604744217342076,0.9120837252520009,-0.002538063801429341,0.0017921290439666393,0.8370610422040937
signal_month,2026-01,all,author_net,90,20D,all,0,51,0.3137254901960784,0.3137254901960784,0.2032767846552545,0.4502699953069435,-0.03595643762261199,-0.03345470735081324,0.18933419075424576,-0.13894643916631838,1.362641546557472,0.6229218498548442,-0.03321100206908992,-0.030407272539777153,0.6433552679633701
signal_month,2026-01,all,author_net,90,5D,all,0,51,0.5098039215686274,0.5294117647058824,0.39523304210096466,0.6594700979050041,-0.009362944094671399,0.00577982884537831,0.0575779652600555,-0.07898148982358738,0.7290058137503018,0.7581660463003139,-0.010136122534463766,0.0023125859365784596,0.7322405672814016
signal_month,2026-01,all,author_net,90,60D,all,0,51,0.47058823529411764,0.5098039215686274,0.37680923894569696,0.6414251410562926,-0.015367393272173895,-0.009921313718782132,0.18929712844824895,-0.1972914125792164,0.9594798170561144,0.8528709484943239,-0.002084030944160172,0.006779120434618702,0.9786098746039852
signal_month,2026-01,all,author_net,90,90D,all,0,51,0.7254901960784313,0.6078431372549019,0.4708515898394834,0.7297265901824019,0.19835372378967453,0.12769584522676802,0.3973489635707323,-0.3275622670602639,1.213048643046634,3.2059142709089614,0.1288230638053822,0.0748281838161029,2.125980995081476
signal_month,2026-01,all,author_net_shift,30,1D,all,0,11,0.45454545454545453,0.5454545454545454,0.280091537409322,0.7872872837754024,-0.016268697628841252,-0.0004871447902570214,0.0168476307718338,-0.043865637962737125,0.384073538065159,0.3200612817209658,-0.014495663414293081,0.0008310404111727676,0.3528784412554153
signal_month,2026-01,all,author_net_shift,30,20D,all,0,11,0.45454545454545453,0.45454545454545453,0.21271271622459764,0.719908462590678,0.025200312898373597,-0.017050067658998636,0.1041788606819402,-0.04061514358793191,2.5650250492502296,2.1375208743751917,0.02900447744306608,-0.020343010704123476,2.3730485893408186
signal_month,2026-01,all,author_net_shift,30,5D,all,0,11,0.45454545454545453,0.36363636363636365,0.15166471095367573,0.6461988254921511,-0.018765113425889764,-0.014924519670631353,0.04872958474654736,-0.07501069523625403,0.6496351566009145,0.541362630500762,-0.010372831587739141,-0.003956477021987315,0.6630418037765082
signal_month,2026-01,all,author_net_shift,30,60D,all,0,11,0.45454545454545453,0.45454545454545453,0.21271271622459764,0.719908462590678,-0.018266364096015283,-0.027229103894654494,0.118941914484466,-0.13260659624641635,0.896953227450632,0.7474610228755266,-0.01275386174167793,-0.004827631551414413,0.8075332395821307
signal_month,2026-01,all,author_net_shift,30,90D,all,0,11,0.6363636363636364,0.5454545454545454,0.280091537409322,0.7872872837754024,0.16939544546123922,0.13907886556028504,0.5208505201001137,-0.445650935156791,1.1687410011085595,2.045296751939979,0.15182418704543632,0.07116990928485323,1.935422033898211
signal_month,2026-01,all,author_net_shift,7,1D,all,0,6,0.3333333333333333,0.16666666666666666,0.030053369748306635,0.5635028221864702,-0.020339684051242517,-0.019038552125978492,0.010788201763565264,-0.035903626958646406,0.3004766559097512,0.1502383279548756,-0.020261160820510993,-0.01575199299004637,0.08328380405939642
signal_month,2026-01,all,author_net_shift,7,20D,all,0,6,0.6666666666666666,0.6666666666666666,0.299993315138392,0.9032285888942195,0.039868470726819094,0.01982006952546833,0.08936782133265628,-0.05913023048485527,1.5113727885019086,3.022745577003817,0.043375899164545074,0.025702750350819148,3.2999703378735727
signal_month,2026-01,all,author_net_shift,7,5D,all,0,6,0.3333333333333333,0.5,0.1876163064826506,0.8123836935173494,0.04795483906479048,-0.015177897301919208,0.18910173565963206,-0.022618609232630316,8.360449297069422,4.180224648534711,0.056142574148842904,-0.003284083587956288,7.095988743752662
signal_month,2026-01,all,author_net_shift,7,60D,all,0,6,0.3333333333333333,0.3333333333333333,0.09677141110578041,0.700006684861608,-0.0548405262421911,-0.07904577609090341,0.2061941969977038,-0.18535788786213855,1.1124112352373288,0.5562056176186644,-0.037356577087736854,-0.07777553151073474,0.6729165057189774
signal_month,2026-01,all,author_net_shift,7,90D,all,0,6,0.16666666666666666,0.3333333333333333,0.09677141110578041,0.700006684861608,-0.2023477961436395,-0.04883037590570316,0.40095349289745086,-0.3230080539518576,1.2413111313850105,0.2482622262770021,-0.1644101317082138,-0.11255377578758846,0.35316139815383935
signal_month,2026-01,all,author_net_shift,90,1D,all,0,13,0.6153846153846154,0.6923076923076923,0.42369343180549035,0.8731929634428948,0.0070417104685165715,0.007863813055716928,0.02039217458256301,-0.014319032113957731,1.4241307946146287,2.2786092713834063,0.007350662615465046,0.003254135186103513,2.520915756145004
signal_month,2026-01,all,author_net_shift,90,20D,all,0,13,0.46153846153846156,0.46153846153846156,0.23206067809538303,0.7085620428549398,0.0065376332977370956,-0.0060380330451048625,0.10548428749687366,-0.0782737845872371,1.3476323912677317,1.1551134782294843,0.009724822905626672,-0.01580776746723389,1.2470869505176359
signal_month,2026-01,all,author_net_shift,90,5D,all,0,13,0.46153846153846156,0.5384615384615384,0.29143795714506004,0.7679393219046169,0.022150554698379173,-0.007089848142317945,0.10059344059779825,-0.04508620464398004,2.2311356964314712,1.91240202551269,0.023157685334113956,0.0036984740727311616,2.1929108333670535
signal_month,2026-01,all,author_net_shift,90,60D,all,0,13,0.5384615384615384,0.5384615384615384,0.29143795714506004,0.7679393219046169,0.032085432161570664,0.006841372912801402,0.11626532025573832,-0.06612443728162494,1.7582806755778144,2.0513274548407834,0.034246841751423826,0.018479549869125922,2.1314587083304817
signal_month,2026-01,all,author_net_shift,90,90D,all,0,13,0.8461538461538461,0.6923076923076923,0.42369343180549035,0.8731929634428948,0.2772368064226903,0.1513140887548472,0.345664804873318,-0.09911718505576245,3.4874356518382768,19.180896085110522,0.2180527545791183,0.07116990928485323,6.416738929635359
signal_month,2026-01,all,high_low_divergence,3,1D,all,0,1,0.0,0.0,0.0,0.7934506856227626,-0.0007328258711172264,-0.0007328258711172264,,-0.0007328258711172264,,,-0.004087419360614408,-0.004087419360614408,
signal_month,2026-01,all,high_low_divergence,3,20D,all,0,1,0.0,0.0,0.0,0.7934506856227626,-0.06706538697933895,-0.06706538697933895,,-0.06706538697933895,,,-0.08621392492367874,-0.08621392492367874,
signal_month,2026-01,all,high_low_divergence,3,5D,all,0,1,0.0,0.0,0.0,0.7934506856227626,-0.06801096874852264,-0.06801096874852264,,-0.06801096874852264,,,-0.07605911364392559,-0.07605911364392559,
signal_month,2026-01,all,high_low_divergence,3,60D,all,0,1,0.0,0.0,0.0,0.7934506856227626,-0.029171197579310748,-0.029171197579310748,,-0.029171197579310748,,,-0.04136579279649555,-0.04136579279649555,
signal_month,2026-01,all,high_low_divergence,3,90D,all,0,1,1.0,1.0,0.20654931437723745,1.0,0.02132286889508761,0.02132286889508761,0.02132286889508761,,,,0.10197708661252436,0.10197708661252436,
signal_month,2026-01,all,high_low_divergence,30,1D,all,0,13,0.15384615384615385,0.07692307692307693,0.013710421242556586,0.3331395092109959,-0.02077415043548248,-0.009708191462419524,0.003955920165846061,-0.02527052690845131,0.15654284456265408,0.028462335375028014,-0.01864753228841837,-0.005915620493743834,0.02928192828513188
signal_month,2026-01,all,high_low_divergence,30,20D,all,0,13,0.6153846153846154,0.46153846153846156,0.23206067809538303,0.7085620428549398,0.03546535822890135,0.018899730930074354,0.15352996329787783,-0.15343800988146103,1.000599287076832,1.6009588593229314,0.036152509130845896,-0.0002488070142654397,1.6248249680903284
signal_month,2026-01,all,high_low_divergence,30,5D,all,0,13,0.5384615384615384,0.6153846153846154,0.355228915126657,0.8229029220223743,-4.374067076349754e-05,0.011835561583672272,0.047341283834698475,-0.05532626926046913,0.8556746093220502,0.9982870442090584,-0.00011909801705247178,0.0076421977635267035,0.9948845244108119
signal_month,2026-01,all,high_low_divergence,30,60D,all,0,13,0.6153846153846154,0.5384615384615384,0.29143795714506004,0.7679393219046169,0.02980532578144859,0.05512048192771091,0.1432678060403464,-0.15173464263278788,0.9441997130943127,1.5107195409509002,0.026203342277831353,0.06843740033533952,1.479425524851929
signal_month,2026-01,all,high_low_divergence,30,90D,all,0,13,0.6153846153846154,0.6153846153846154,0.355228915126657,0.8229029220223743,-0.14660865449742216,0.0450911364085016,0.13897085681631724,-0.6035358725994053,0.23026113794657344,0.3684178207145175,-0.11758298084987545,0.07279033659393952,0.4914330892684446
signal_month,2026-01,all,high_low_divergence,7,1D,all,0,4,0.75,0.75,0.30064184258240184,0.9544127391902995,0.032995899027908254,0.01854386818823356,0.055630639230440905,-0.034908321579689705,1.5936211399750546,4.780863419925164,0.03412365706069742,0.02079647657646888,6.160851147706072
signal_month,2026-01,all,high_low_divergence,7,20D,all,0,4,0.5,0.5,0.15003898915214947,0.8499610108478506,0.06689625347768027,0.010172444571484474,0.1762685617082999,-0.04247605475293936,4.149833658835795,4.149833658835795,0.06951218880405213,0.006627297545670763,4.127706497354319
signal_month,2026-01,all,high_low_divergence,7,5D,all,0,4,0.5,0.5,0.15003898915214947,0.8499610108478506,0.004896081294919474,0.0035101072324588145,0.031145023933837,-0.021352861343998053,1.4585878413241966,1.4585878413241966,0.008862865151282984,0.0015588401399503349,2.290372067676204
signal_month,2026-01,all,high_low_divergence,7,60D,all,0,4,0.75,0.75,0.30064184258240184,0.9544127391902995,0.22785494578111343,0.14423053272998188,0.3302642957566852,-0.07937310414560184,4.160909407686124,12.482728223058372,0.22550264699762057,0.17026352812422962,9.291659146750012
signal_month,2026-01,all,high_low_divergence,7,90D,all,0,4,0.75,0.75,0.30064184258240184,0.9544127391902995,0.5482964516578013,0.22336346313074512,0.7458304498066881,-0.04430554278885945,16.833795567317274,50.50138670195182,0.5617486217671896,0.32604807210723125,16.617369135666937
signal_month,2026-01,all,high_low_divergence,90,1D,all,0,12,0.5833333333333334,0.5833333333333334,0.31951131254954973,0.8067396863412435,-0.004709677174866793,0.0018602151562496783,0.008101796651841266,-0.022645740532258075,0.35776249579034686,0.5008674941064856,-0.0028279824178664517,0.002524269900493259,0.6029181529193117
signal_month,2026-01,all,high_low_divergence,90,20D,all,0,12,0.75,0.75,0.46769466506643426,0.9110583316059453,0.09440599842212398,0.0434464483530847,0.13604461294935202,-0.030509845159560085,4.459039770207527,13.377119310622579,0.09181487842530993,0.034192904892384024,11.489710530817439
signal_month,2026-01,all,high_low_divergence,90,5D,all,0,12,0.5,0.5833333333333334,0.31951131254954973,0.8067396863412435,0.02270435390886195,0.008330431080793399,0.06385965451785636,-0.01845094670013246,3.4610502949096866,3.461050294909687,0.024997503288764194,0.006166876788683329,7.858010930570904
signal_month,2026-01,all,high_low_divergence,90,60D,all,0,12,0.4166666666666667,0.4166666666666667,0.19326031365875665,0.6804886874504503,-0.011039933997905019,-0.03912062215346246,0.14741617176476549,-0.12422286668552682,1.1867072117885757,0.8476480084204113,-0.0013517997023551238,-0.01330216332927947,0.9783571362715477
signal_month,2026-01,all,high_low_divergence,90,90D,all,0,12,0.75,0.75,0.46769466506643426,0.9110583316059453,0.01699912953459261,0.05045711974641315,0.13577880166168232,-0.33933988684667654,0.4001262655074529,1.2003787965223587,0.06949806617411063,0.10279126480035727,1.882908603197952
signal_month,2026-01,all,weighted_net,1,1D,all,0,25,0.44,0.44,0.26665638881067344,0.6293266813020123,0.0009477184440151332,-0.004698672114402558,0.03201510280662234,-0.02346236926946196,1.3645298323853596,1.0721305825884968,-0.0009266354726595206,-0.0037724781925502215,0.9346578037866624
signal_month,2026-01,all,weighted_net,1,20D,all,0,25,0.44,0.44,0.26665638881067344,0.6293266813020123,-0.008939071211658054,-0.013483146067415852,0.129763251970525,-0.11791946799765902,1.1004395980916493,0.8646311127862959,-0.006244163943256216,-0.017573724761422493,0.9015800361258852
signal_month,2026-01,all,weighted_net,1,5D,all,0,25,0.48,0.44,0.26665638881067344,0.6293266813020123,-0.0001026573022772137,-0.0016872619755426976,0.06347561713478536,-0.058790295244181126,1.0796954985707097,0.9966419986806551,-0.00010259827079925454,-0.004729961394907889,0.9965407783960737
signal_month,2026-01,all,weighted_net,1,60D,all,0,25,0.48,0.48,0.30031285954112974,0.6650148304964322,0.039562004690930005,-0.026064180231717193,0.2705028011072231,-0.17361411507795593,1.5580691753418916,1.4382177003155923,0.040165639986858445,-0.0048242427787723585,1.484431945774378
signal_month,2026-01,all,weighted_net,1,90D,all,0,25,0.68,0.68,0.48410269273102247,0.8279480969309202,0.43710678249730556,0.1513140887548472,0.712989093120486,-0.14914312757695275,4.780569542184288,10.158710277141614,0.3829155916705741,0.1260370746577708,6.2093065206896645
signal_month,2026-01,all,weighted_net,3,1D,all,0,47,0.48936170212765956,0.48936170212765956,0.3527555503368215,0.6275754625177314,0.00040441417765609147,-0.0003949372801986817,0.02197367907822778,-0.020266131352058445,1.0842562251525079,1.03907888243782,-0.0009397745599276381,-0.002325892189826151,0.912542211321741
signal_month,2026-01,all,weighted_net,3,20D,all,0,47,0.3829787234042553,0.40425531914893614,0.27640034519208756,0.5465787704988904,-0.014163401922715257,-0.013483146067415852,0.12255274926770467,-0.0990217026615966,1.2376352453413637,0.7681873936601568,-0.009501979939472856,-0.017573724761422493,0.8325787563758176
signal_month,2026-01,all,weighted_net,3,5D,all,0,47,0.5319148936170213,0.5319148936170213,0.39232383220194805,0.6666831292343927,0.011178523267179215,0.00426338228327805,0.06532725368070488,-0.05035412493000904,1.2973565476812101,1.4742688041831933,0.012605566591941108,0.0023125859365784596,1.5828758829609593
signal_month,2026-01,all,weighted_net,3,60D,all,0,47,0.46808510638297873,0.46808510638297873,0.3333168707656074,0.607676167798052,0.03712124208996549,-0.026028238182934316,0.22969569030025694,-0.132344272335091,1.7355922266033215,1.527321159410923,0.042743810579915796,-0.0048242427787723585,1.6695176773529536
signal_month,2026-01,all,weighted_net,3,90D,all,0,47,0.7021276595744681,0.7021276595744681,0.5602232608095393,0.8134874949539516,0.4128966554216707,0.1513140887548472,0.6442759619988692,-0.1324974243674401,4.862554612474365,11.461735872261002,0.35497333402835685,0.0748281838161029,7.286431750023454
signal_month,2026-01,all,weighted_net,30,1D,all,0,42,0.4523809523809524,0.42857142857142855,0.2911765117618606,0.5779376012189541,-0.009796866588236742,-0.007510168570549869,0.023632279737889342,-0.03741224833590612,0.6316722674806059,0.5218162209622397,-0.011828080836370334,-0.004080617610918047,0.4391525628915135
signal_month,2026-01,all,weighted_net,30,20D,all,0,42,0.4523809523809524,0.47619047619047616,0.3335960123070547,0.6227753586865502,-0.007328294911704772,-0.008895301892602236,0.16264830135116312,-0.14774374399842172,1.1008811402051693,0.9094235506042702,-0.006483815886940504,-0.005159444615211284,0.9188000880536414
signal_month,2026-01,all,weighted_net,30,5D,all,0,42,0.47619047619047616,0.5238095238095238,0.3772246413134498,0.6664039876929454,-0.0023506814407291913,-0.0025611389858135603,0.0646732790093904,-0.06328155457720155,1.021992576533356,0.9290841604848691,-0.0034662258793127865,0.005146408910919664,0.8920907919531001
signal_month,2026-01,all,weighted_net,30,60D,all,0,42,0.42857142857142855,0.42857142857142855,0.2911765117618606,0.5779376012189541,-0.021356319631582823,-0.04074794957740252,0.21170917258082736,-0.19615543879089045,1.0792929010065218,0.8094696757548914,-0.015304578152978693,-0.03384067989341172,0.8584909014571284
signal_month,2026-01,all,weighted_net,30,90D,all,0,42,0.7142857142857143,0.6904761904761905,0.5397400606391092,0.8092889714120513,0.17286363217130946,0.1368906021368308,0.4098448607116076,-0.41958943917943575,0.9767759205596666,2.441939801399166,0.1301495135316555,0.10396483951091329,2.0162586309219335
signal_month,2026-01,all,weighted_net,7,1D,all,0,46,0.5217391304347826,0.5,0.3611893708270325,0.6388106291729675,0.0010352017431266786,0.0016939465475798166,0.030120875923781588,-0.030694624635769586,0.9813078440021258,1.070517648002319,-0.0002367101340688501,0.00010392717563473264,0.9839563062804227
signal_month,2026-01,all,weighted_net,7,20D,all,0,46,0.41304347826086957,0.43478260869565216,0.3020926277801995,0.5775256630570501,-0.025001991783826484,-0.02310769981835581,0.14163819561556898,-0.1422673088426603,0.9955779494796861,0.7005918903745939,-0.02213938958784541,-0.026550347447605538,0.7255226709350014
signal_month,2026-01,all,weighted_net,7,5D,all,0,46,0.5,0.5434782608695652,0.4018018105980127,0.6784526621771542,0.0033122638284271977,-0.0018719065867781048,0.06378313985647599,-0.0571586121996216,1.1158972795511337,1.1158972795511337,0.0040040023790773,0.0038182658130757052,1.1453954218230693
signal_month,2026-01,all,weighted_net,7,60D,all,0,46,0.41304347826086957,0.45652173913043476,0.32154733782284584,0.5981981894019872,0.0008610512431197192,-0.029351755997448936,0.21066166127632382,-0.14677641507654243,1.4352555290743807,1.0099946315708606,0.007324986085183544,-0.030316282049922705,1.09195179124703
signal_month,2026-01,all,weighted_net,7,90D,all,0,46,0.6739130434782609,0.6956521739130435,0.5519435355159235,0.8092015919723277,0.21013187529245925,0.13986516606605903,0.4652401231560594,-0.3170918369589811,1.4672093978131728,3.032232755480557,0.16332228507774377,0.08387223197937799,2.3837457150349546
signal_month,2026-01,all,weighted_net,90,1D,all,0,47,0.5106382978723404,0.574468085106383,0.4328191934549279,0.7048637165632003,-0.0026906484271503766,0.002054029511918243,0.023563781992505525,-0.03145414744982728,0.7491470570007427,0.817251334909901,-0.0021038263090258713,0.0017938349442025991,0.850558364713031
signal_month,2026-01,all,weighted_net,90,20D,all,0,47,0.425531914893617,0.44680851063829785,0.31410966265495277,0.5875454016178127,-0.01730479059260236,-0.017421441774491675,0.1755045824213456,-0.16012654838071197,1.0960367546552698,0.811879077522422,-0.012541214007660778,-0.005416619874156647,0.8563377687450564
signal_month,2026-01,all,weighted_net,90,5D,all,0,47,0.44680851063829785,0.46808510638297873,0.3333168707656074,0.607676167798052,-0.020486170596822822,-0.00627581049003334,0.05273670021504677,-0.07962772009871749,0.6622907217444766,0.5349271214090003,-0.01895260963046412,-0.0028927741417963393,0.5600348588306107
signal_month,2026-01,all,weighted_net,90,60D,all,0,47,0.5957446808510638,0.5531914893617021,0.41245459838218734,0.6858903373450472,0.04229605393864436,0.028772405168820292,0.2159515471324067,-0.21361730445216326,1.0109272171850954,1.4897874779569826,0.043701397316883224,0.01224682552274503,1.5047370044836397
signal_month,2026-01,all,weighted_net,90,90D,all,0,47,0.6595744680851063,0.5957446808510638,0.4534212295011096,0.7235996548079124,0.16664195599734363,0.11733377033061576,0.4239777379950507,-0.3319461216232137,1.2772486568657684,2.4746692726774264,0.118079834335995,0.1260370746577708,1.8834281581112893
signal_month,2026-02,all,author_net,1,1D,all,0,7,0.5714285714285714,0.5714285714285714,0.2504583645276572,0.8417801447485302,-0.013866793491925131,0.011159759028212202,0.014682193826364598,-0.05193210991631144,0.28271899312438764,0.37695865749918356,-0.01307898844435689,0.004589018405659839,0.24820065674888658
signal_month,2026-02,all,author_net,1,20D,all,0,7,0.2857142857142857,0.5714285714285714,0.2504583645276572,0.8417801447485302,-0.041028985096199774,-0.03961864406779658,0.017255132111405058,-0.0643426319792417,0.26817572705095327,0.1072702908203813,-0.004350781790680396,0.005723646547819872,0.7378994173689886
signal_month,2026-02,all,author_net,1,5D,all,0,7,0.14285714285714285,0.2857142857142857,0.08221892400405678,0.6410655481673808,-0.024841057720569548,-0.020462332898991353,0.0804814814814816,-0.04239481425424474,1.8983803301702984,0.31639672169504973,-0.018315898204986993,-0.008706620921146935,0.39192106979060193
signal_month,2026-02,all,author_net,1,60D,all,0,7,0.5714285714285714,0.42857142857142855,0.15821985525146975,0.7495416354723428,0.12185085813311777,0.008276627575889206,0.269887986319641,-0.07553197944891321,3.573161835407509,4.764215780543346,0.05864040601634725,-0.06303655036087519,1.881310892368171
signal_month,2026-02,all,author_net,1,90D,all,0,7,0.5714285714285714,0.5714285714285714,0.2504583645276572,0.8417801447485302,0.15365075227375027,0.18923856865391575,0.34020075149588513,-0.09508258002242953,3.5779503607877845,4.770600481050379,0.07164415800657957,0.11448007600792343,1.9531209148068394
signal_month,2026-02,all,author_net,3,1D,all,0,25,0.44,0.4,0.23403302377747973,0.5926054264103301,-0.006083309377727568,-0.004383651345107875,0.016240932038311773,-0.023623784776044193,0.6874822215101183,0.5401646026150929,-0.0052908091113072105,-0.002807804223340593,0.5364395078040359
signal_month,2026-02,all,author_net,3,20D,all,0,25,0.16,0.36,0.20247880774458224,0.5548150225183514,-0.023713143062563013,-0.04507510524301561,0.13432823090166407,-0.05381626191289198,2.496052793839347,0.4754386273979709,0.007413637304614382,-0.009458538116987492,1.3919932486449405
signal_month,2026-02,all,author_net,3,5D,all,0,25,0.24,0.28,0.14283853850956563,0.47576605190361576,-0.016694630769494744,-0.01781955606582475,0.041465574891747105,-0.03506101150462375,1.1826690991581559,0.37347445236573346,-0.010636283925330323,-0.009240589092411988,0.5096554722582919
signal_month,2026-02,all,author_net,3,60D,all,0,25,0.56,0.44,0.26665638881067344,0.6293266813020123,0.2866299937980413,0.04592829728795689,0.5954264956480851,-0.10638373582928723,5.5969692266077145,7.123415379318909,0.22946445013091224,-0.010018173681177522,4.331787243947872
signal_month,2026-02,all,author_net,3,90D,all,0,25,0.6,0.5217391304347826,0.32962737336427406,0.7076284258335335,0.4238020728321284,0.08417770849571315,0.8870838081831832,-0.2711205301944538,3.2719167653845562,4.907875148076835,0.33207639696733365,0.009602742088420602,3.2550132103212333
signal_month,2026-02,all,author_net,30,1D,all,0,45,0.6666666666666666,0.5777777777777777,0.4330078870920313,0.710312975327297,0.00877570070563454,0.007826431543491275,0.024582760554818853,-0.02283841899273409,1.076377509434419,2.1527550188688385,0.0078066674858608765,0.007358726799745696,2.3342477126039887
signal_month,2026-02,all,author_net,30,20D,all,0,45,0.37777777777777777,0.4888888888888889,0.349570237528785,0.6299553535541681,-0.017152417990308196,-0.023809523809523725,0.08233111345552298,-0.0775531335109914,1.0616091153022773,0.6445483914335255,0.0061728083694946555,-0.005579015555741362,1.1824786870352129
signal_month,2026-02,all,author_net,30,5D,all,0,45,0.4444444444444444,0.4444444444444444,0.30938930034997586,0.5882386550647896,-0.003660193970420046,-0.006813417190775883,0.04850181616781838,-0.04538980208101078,1.0685619664358381,0.8548495731486705,0.00041389696562720165,-0.009314538529540783,1.018499446844849
signal_month,2026-02,all,author_net,30,60D,all,0,45,0.6666666666666666,0.6,0.45451854590351387,0.7297511343499083,0.1886261911493872,0.06870875961014589,0.35632110936691863,-0.14676364528567568,2.427856767071566,4.855713534143132,0.13936881512356766,0.030875739000077784,3.2480549306919446
signal_month,2026-02,all,author_net,30,90D,all,0,45,0.6888888888888889,0.6,0.45451854590351387,0.7297511343499083,0.2945801300562442,0.07948423028028317,0.48165104677697995,-0.11964832839681339,4.025556004255951,8.913731152281034,0.23632754324962896,0.051108901893013536,4.809416377778119
signal_month,2026-02,all,author_net,7,1D,all,0,45,0.4444444444444444,0.37777777777777777,0.25108084672137915,0.5237006551911048,-0.004758787640355215,-0.0017282711713219046,0.014548534777898765,-0.020204645574958397,0.7200588955606424,0.5760471164485139,-0.004149133776999851,-0.004250274765684736,0.5374554330378076
signal_month,2026-02,all,author_net,7,20D,all,0,45,0.3333333333333333,0.5333333333333333,0.3907745474012537,0.670648679349887,-0.008093912273666222,-0.028397626112759644,0.07572070838462722,-0.05000122260281294,1.5143771380575675,0.7571885690287837,0.019976323577176235,0.00040807184384505923,2.282644230255047
signal_month,2026-02,all,author_net,7,5D,all,0,45,0.26666666666666666,0.3333333333333333,0.21358874934330035,0.47929511690099585,-0.018990263812548005,-0.01805537833354609,0.03808278062105097,-0.03974409815203855,0.9581996420038943,0.3484362334559616,-0.012209809668791791,-0.012517641034581528,0.4869088329689987
signal_month,2026-02,all,author_net,7,60D,all,0,45,0.6666666666666666,0.6,0.45451854590351387,0.7297511343499083,0.2579759233787983,0.11485261358338072,0.44310738091383445,-0.11228699169127392,3.9462040458981265,7.892408091796253,0.2064694325435608,0.052367017823989226,5.057945238083555
signal_month,2026-02,all,author_net,7,90D,all,0,45,0.6888888888888889,0.6046511627906976,0.45579063062873904,0.7363468524170255,0.36018151142287874,0.12617931034482766,0.6266764936884348,-0.22991452073656693,2.7256934084927704,6.035463975948277,0.2806403901252922,0.061782448147940094,3.9259358014773706
signal_month,2026-02,all,author_net,90,1D,all,0,34,0.6176470588235294,0.5588235294117647,0.3945389925620307,0.7111651775375785,0.009689950534544552,0.0034135333682357993,0.026543201624236925,-0.01899574299453839,1.3973236862526812,2.445316450942192,0.007323316574139636,0.0007145954848363223,2.127576993206166
signal_month,2026-02,all,author_net,90,20D,all,0,34,0.38235294117647056,0.47058823529411764,0.3145150447508847,0.6326328701993107,-0.013842597054984225,-0.02969780971471475,0.11065537266649862,-0.09091276878733075,1.2171598571082034,0.7534799115431735,0.008086610570330457,-0.005797698071262458,1.1999897117017497
signal_month,2026-02,all,author_net,90,5D,all,0,34,0.5,0.47058823529411764,0.3145150447508847,0.6326328701993107,0.009244791505426394,-0.0011300292272918289,0.055769642471000976,-0.03728005946014819,1.4959644184746506,1.4959644184746503,0.009843923230082026,-0.0030993618672678913,1.516313258027267
signal_month,2026-02,all,author_net,90,60D,all,0,34,0.6176470588235294,0.5294117647058824,0.3673671298006892,0.6854849552491152,0.0452382846264368,0.06520217304148584,0.22748690057510906,-0.24916332575218764,0.9130031471861253,1.4748512377622025,-0.006852361031995021,0.00990561552350655,0.9416110492202403
signal_month,2026-02,all,author_net,90,90D,all,0,34,0.5882352941176471,0.5588235294117647,0.3945389925620307,0.7111651775375785,0.08629176596155352,0.06092936461523224,0.2982400094721648,-0.21649143905360538,1.3776064807732082,1.9680092582474402,0.025032307444040926,0.053035427805576574,1.207043497631119
signal_month,2026-02,all,author_net_shift,30,1D,all,0,12,0.5,0.3333333333333333,0.13812009109121315,0.6093779111272004,-0.006763634170561851,-0.0021043759561408804,0.010261621387850953,-0.023788889728974656,0.431361930075803,0.431361930075803,-0.008521863122478443,-0.006022324956486136,0.29688334372407044
signal_month,2026-02,all,author_net_shift,30,20D,all,0,12,0.3333333333333333,0.3333333333333333,0.13812009109121315,0.6093779111272004,-0.03323761156397281,-0.053179029475021844,0.03222340833533954,-0.06596812151362899,0.48846939394328814,0.24423469697164407,-0.022438681556695612,-0.026957548593775527,0.3537113284760699
signal_month,2026-02,all,author_net_shift,30,5D,all,0,12,0.5,0.4166666666666667,0.19326031365875665,0.6804886874504503,-0.03384659921980058,-0.011445237378502893,0.022496004103415807,-0.09018920254301697,0.2494312342177106,0.24943123421771063,-0.03149828757842057,-0.01088307218857465,0.2665712954016011
signal_month,2026-02,all,author_net_shift,30,60D,all,0,12,0.3333333333333333,0.25,0.08894166839405471,0.5323053349335657,-0.16107700836962904,-0.05911670309787426,0.34684471481470186,-0.4150378699617945,0.8356941376135869,0.41784706880679345,-0.173690819228713,-0.10753106387498906,0.3553042430709771
signal_month,2026-02,all,author_net_shift,30,90D,all,0,12,0.5833333333333334,0.45454545454545453,0.21271271622459764,0.719908462590678,-0.11811993367533184,0.05258526159429344,0.4167449183592083,-0.866930726523688,0.48071305539061565,0.6729982775468619,-0.15243769810865135,-0.04645239632128573,0.610715236279963
signal_month,2026-02,all,author_net_shift,7,1D,all,0,2,0.0,0.0,0.0,0.6576197724933469,-0.008671315101295873,-0.008671315101295873,,-0.008671315101295873,,,-0.004719136250639522,-0.004719136250639522,
signal_month,2026-02,all,author_net_shift,7,20D,all,0,2,0.5,0.0,0.0,0.6576197724933469,-0.012377370073264504,-0.012377370073264504,0.0239043824701195,-0.04865912261664851,0.4912620940259354,0.4912620940259354,-0.017593694810360216,-0.017593694810360216,
signal_month,2026-02,all,author_net_shift,7,5D,all,0,2,0.5,0.5,0.09453120573423074,0.9054687942657693,0.003462001989458563,0.003462001989458563,0.01636955510773519,-0.009445551128818064,1.7330439361862346,1.7330439361862346,0.0010698738414448572,0.0010698738414448572,1.7440859222620888
signal_month,2026-02,all,author_net_shift,7,60D,all,0,2,0.0,0.0,0.0,0.6576197724933469,-0.11811862121091415,-0.11811862121091415,,-0.11811862121091415,,,-0.12236979236245876,-0.12236979236245876,
signal_month,2026-02,all,author_net_shift,7,90D,all,0,2,0.0,0.0,0.0,0.6576197724933469,-0.15923215112474204,-0.15923215112474204,,-0.15923215112474204,,,-0.15093612559718123,-0.15093612559718123,
signal_month,2026-02,all,author_net_shift,90,1D,all,0,16,0.3125,0.3125,0.14164643854782039,0.5559564416525933,-0.012107509618430545,-0.012451687086641405,0.017551377447441528,-0.02558882192109967,0.6859001755359929,0.311772807061815,-0.00904965819159275,-0.007974647528061207,0.33526167604863283
signal_month,2026-02,all,author_net_shift,90,20D,all,0,16,0.375,0.5625,0.331785563988119,0.7690134759450765,-0.023409107656269655,-0.017912061251790068,0.08265333127490104,-0.08704657101497207,0.9495300080308117,0.5697180048184869,-0.004038028081183524,0.006411149320802223,0.9124592265688456
signal_month,2026-02,all,author_net_shift,90,5D,all,0,16,0.5,0.5,0.27999563610326017,0.7200043638967398,-0.004548965775639631,0.004482418561303658,0.06123708870243527,-0.07033502025371453,0.870648625415036,0.870648625415036,-0.001665215623868052,0.012284519910222003,0.9488727996725926
signal_month,2026-02,all,author_net_shift,90,60D,all,0,16,0.6875,0.6875,0.44404355834740666,0.8583535614521796,0.2784784214720909,0.14806067526418165,0.4947010960908433,-0.19721146268916437,2.5084804369133877,5.518656961209453,0.23254997774140568,0.08279087371475213,4.576511955577318
signal_month,2026-02,all,author_net_shift,90,90D,all,0,16,0.625,0.5625,0.331785563988119,0.7690134759450765,0.4573387014360809,0.08788972354285995,0.8328850808069997,-0.16857193084878386,4.940828977952046,8.23471496325341,0.39340631417076577,0.0723540704107728,5.204896347427844
signal_month,2026-02,all,high_low_divergence,3,1D,all,0,3,0.6666666666666666,0.6666666666666666,0.2076596008020477,0.9385080552796037,-0.024102108713293324,0.011159759028212202,0.0129783191159355,-0.09826296437175097,0.13207742305468811,0.26415484610937623,-0.02139308015936703,0.004589018405659839,0.1935322349904568
signal_month,2026-02,all,high_low_divergence,3,20D,all,0,3,0.6666666666666666,1.0,0.4385029682449546,1.0,-0.007152410098711592,0.0003621160746618557,0.0067051365953078035,-0.034867503486750384,0.1923033175534276,0.3846066351068552,0.017213935656245776,0.016535131072776155,
signal_month,2026-02,all,high_low_divergence,3,5D,all,0,3,0.0,0.3333333333333333,0.06149194472039621,0.7923403991979522,-0.02817115665160493,-0.03443637341942429,,-0.02817115665160493,,,-0.020879259945694617,-0.026768137976107664,0.029062112441587108
signal_month,2026-02,all,high_low_divergence,3,60D,all,0,3,0.6666666666666666,0.3333333333333333,0.06149194472039621,0.7923403991979522,0.05048452756215471,0.05286521388216303,0.08739155614607219,-0.023329529605680244,3.7459630615438644,7.491926123087729,-0.015397291784445488,-0.03247015824710453,0.6094875546413157
signal_month,2026-02,all,high_low_divergence,3,90D,all,0,3,1.0,1.0,0.4385029682449546,1.0,0.2518953389963911,0.25733118105999453,0.2518953389963911,,,,0.18154352583819833,0.17770051678499232,
signal_month,2026-02,all,high_low_divergence,30,1D,all,0,13,0.6153846153846154,0.6153846153846154,0.355228915126657,0.8229029220223743,0.011292530778001844,0.004517387934030115,0.032028835186854246,-0.021885556276162,1.4634690927066096,2.3415505483305754,0.010281092284340812,0.0023199474149633303,3.0265192049812955
signal_month,2026-02,all,high_low_divergence,30,20D,all,0,13,0.23076923076923078,0.38461538461538464,0.17709707797762575,0.6447710848733431,-0.04707967134618656,-0.03557777124375183,0.02134005753724118,-0.06760559001121488,0.3156552222042755,0.09469656666128265,-0.027060674055868428,-0.007408724582690818,0.2525794961235585
signal_month,2026-02,all,high_low_divergence,30,5D,all,0,13,0.6923076923076923,0.6923076923076923,0.42369343180549035,0.8731929634428948,0.0024395043898038757,0.0014861570316935246,0.02547702649860368,-0.04939492035499568,0.5157823176047898,1.160510214610777,0.006421777639756052,0.012966455473186755,1.436205851147147
signal_month,2026-02,all,high_low_divergence,30,60D,all,0,13,0.6923076923076923,0.5384615384615384,0.29143795714506004,0.7679393219046169,0.05608772917081836,0.0368348526605895,0.1379709156009082,-0.12814944029688377,1.0766407975038441,2.422441794383649,0.01411247619560766,0.041136001168064595,1.2817771737617585
signal_month,2026-02,all,high_low_divergence,30,90D,all,0,13,0.7692307692307693,0.6153846153846154,0.355228915126657,0.8229029220223743,0.09235383154147382,0.042313757985619205,0.13880055049393902,-0.062468564966743544,2.221926349161893,7.406421163872977,0.05240073151526316,0.0911568200155477,2.38821272150751
signal_month,2026-02,all,high_low_divergence,7,1D,all,0,11,0.45454545454545453,0.36363636363636365,0.15166471095367573,0.6461988254921511,-0.007407848848188923,-0.0011963439728190917,0.018048722744376987,-0.028621658508660514,0.6305966769506279,0.52549723079219,-0.008472277611731416,-0.0042652861885292825,0.30086090856222103
signal_month,2026-02,all,high_low_divergence,7,20D,all,0,11,0.2727272727272727,0.5454545454545454,0.280091537409322,0.7872872837754024,-0.008712454131156299,-0.022728378838759777,0.05643490284142209,-0.033142712995873194,1.7027846467622958,0.638544242535861,0.007237025357270019,0.002996795443921174,1.3750597523408834
signal_month,2026-02,all,high_low_divergence,7,5D,all,0,11,0.45454545454545453,0.36363636363636365,0.15166471095367573,0.6461988254921511,-0.011708492058623404,-0.014211320387404358,0.013305526237382192,-0.032553507305294736,0.4087278864486004,0.34060657204050043,-0.007469240804919932,-0.009544033930483309,0.46301252572736756
signal_month,2026-02,all,high_low_divergence,7,60D,all,0,11,0.5454545454545454,0.36363636363636365,0.15166471095367573,0.6461988254921511,0.11128317150390324,0.005805549631525242,0.33690425589145007,-0.15946212976115295,2.112754021259312,2.535304825511174,0.0778184657466708,-0.049177114876857164,2.0302416351846504
signal_month,2026-02,all,high_low_divergence,7,90D,all,0,11,0.6363636363636364,0.45454545454545453,0.21271271622459764,0.719908462590678,0.13425609376580508,0.030124908155767738,0.30597665443916505,-0.1662548874125749,1.840406975103591,3.2207122064312843,0.08430590107388652,-0.06433223805129051,2.213001901834779
signal_month,2026-02,all,high_low_divergence,90,1D,all,0,10,0.6,0.6,0.31267376973365824,0.8318196702937638,0.001258634709616746,0.0055780137592124635,0.024589611771111835,-0.033737830882625885,0.728843886160294,1.0932658292404411,0.0015342293298038824,0.0011521662015694378,1.1383592882144113
signal_month,2026-02,all,high_low_divergence,90,20D,all,0,10,0.5,0.5,0.236593090512564,0.7634069094874361,0.016111555491406703,-0.006230836800353412,0.09103461453162187,-0.058811503548808465,1.5479049002049574,1.5479049002049576,-0.0011787597348543732,-0.003222233464637403,0.9704191997373168
signal_month,2026-02,all,high_low_divergence,90,5D,all,0,10,0.6,0.6,0.31267376973365824,0.8318196702937638,-0.0024898398697994263,0.006714426739251378,0.028462252418708884,-0.04891797830256189,0.5818362370306355,0.8727543555459533,-0.0032820838348985525,0.004619398493922455,0.8280262497282209
signal_month,2026-02,all,high_low_divergence,90,60D,all,0,10,0.2,0.3,0.10779126740630099,0.6032218525388546,-0.20312701778609504,-0.1693834428383706,0.14761364786737108,-0.2908121841994616,0.507591001641548,0.126897750410387,-0.1691732854126806,-0.12160093566253483,0.14860368319632677
signal_month,2026-02,all,high_low_divergence,90,90D,all,0,10,0.7,0.9,0.5958499732047615,0.9821237869049271,-0.06745123665303006,0.023830398598335523,0.13795351335540432,-0.5467289866727102,0.2523252227670668,0.5887588531231559,-0.01620702567226684,0.11592652476035459,0.8861262858064016
signal_month,2026-02,all,weighted_net,1,1D,all,0,9,0.4444444444444444,0.4444444444444444,0.18877852109766452,0.733348706504507,-0.013203928093215713,-0.008564057335498476,0.014682193826364598,-0.03551282562887996,0.4134335572110785,0.33074684576886276,-0.013205946063842313,-0.0006551263496443749,0.20274807085267144
signal_month,2026-02,all,weighted_net,1,20D,all,0,9,0.2222222222222222,0.5555555555555556,0.26665129349549305,0.8112214789023355,-0.04614031569485022,-0.04046290419630583,0.017255132111405058,-0.06425330078235172,0.2685485710664763,0.07672816316185037,-0.009790336443036729,0.005723646547819872,0.5373924457333874
signal_month,2026-02,all,weighted_net,1,5D,all,0,9,0.2222222222222222,0.3333333333333333,0.1205838183869109,0.6457978644196036,-0.02536932355636481,-0.020462332898991353,0.04080535857277312,-0.04427637559326136,0.9216056650080339,0.26331590428800966,-0.01996598918483863,-0.008706620921146935,0.3247975949300814
signal_month,2026-02,all,weighted_net,1,60D,all,0,9,0.6666666666666666,0.5555555555555556,0.26665129349549305,0.8112214789023355,0.1319984786779061,0.12191789840998135,0.23576370774131572,-0.07553197944891321,3.121375998106561,6.242751996213122,0.06866597389148078,0.05004748561983563,2.3268389824168167
signal_month,2026-02,all,weighted_net,1,90D,all,0,9,0.6666666666666666,0.6666666666666666,0.3542021355803963,0.879416181613089,0.15686903193074914,0.18923856865391575,0.28284483790733844,-0.09508258002242953,2.974728260850901,5.949456521701803,0.07249903453322475,0.11123528912255942,2.2400634555879124
signal_month,2026-02,all,weighted_net,3,1D,all,0,32,0.46875,0.40625,0.2551963484266544,0.5773997512461713,-0.006802655119055895,-0.002441978543752943,0.01899461520419387,-0.029564952463099804,0.6424706830799463,0.5668858968352466,-0.0062980238722936815,-0.0012035680078155142,0.5416403824291052
signal_month,2026-02,all,weighted_net,3,20D,all,0,32,0.25,0.4375,0.2816533111504036,0.6067440886314801,-0.018025378294427723,-0.03959919362209102,0.0896304457647639,-0.053910652980824925,1.6625739220158189,0.5541913073386063,0.0071412371388339495,-0.005284998368869587,1.3746034751575726
signal_month,2026-02,all,weighted_net,3,5D,all,0,32,0.28125,0.34375,0.20410437924433172,0.5168891202103778,-0.01870985384620557,-0.014832975564083806,0.03600472554837622,-0.04011990665278105,0.8974279491719712,0.3511674583716409,-0.015089180012015854,-0.009158493639558618,0.422798602147838
signal_month,2026-02,all,weighted_net,3,60D,all,0,32,0.625,0.53125,0.3644951711897464,0.6913061289193116,0.2218281339763973,0.11045232410756278,0.48032130378003035,-0.20899381569632444,2.2982560616911005,3.830426769485168,0.16895973848713094,0.04925110297936619,2.8485189117130973
signal_month,2026-02,all,weighted_net,3,90D,all,0,32,0.65625,0.5666666666666667,0.3919730700081361,0.7262251442353347,0.4110149250347457,0.1193003469963132,0.6766362471787695,-0.09608032633111797,7.0424016343044435,13.444584938217574,0.3261859201451707,0.027498864856752903,6.168351562389612
signal_month,2026-02,all,weighted_net,30,1D,all,0,38,0.6842105263157895,0.5526315789473685,0.3970629712199248,0.6985359900194876,0.004310631063900157,0.006756279701894685,0.025188948298177805,-0.04092572294370141,0.6154796173748338,1.3335391709788067,0.002357034757693502,0.002194996502764557,1.2028217470058784
signal_month,2026-02,all,weighted_net,30,20D,all,0,38,0.42105263157894735,0.47368421052631576,0.32479023322526057,0.6274102861550331,-0.018605474592022213,-0.023742274547756015,0.09241769691772558,-0.09934959932638425,0.9302271729764514,0.6765288530737829,0.0026744939714221823,-0.003934200377901043,1.0646019719779107
signal_month,2026-02,all,weighted_net,30,5D,all,0,38,0.42105263157894735,0.42105263157894735,0.27852501157758713,0.5780765465632945,-0.0022385162209393548,-0.011902913741571819,0.05738630385414644,-0.04560202173009265,1.258415782392327,0.9152114781035104,0.0013792727552567944,-0.010175752619239031,1.0583437227191073
signal_month,2026-02,all,weighted_net,30,60D,all,0,38,0.6578947368421053,0.631578947368421,0.47283959557009003,0.7661578075284404,0.1394712968612566,0.0746103611110025,0.3052266178580108,-0.17928893582480926,1.702428632608208,3.2739012165542465,0.09076047841632277,0.03446587753941999,2.1831909148314446
signal_month,2026-02,all,weighted_net,30,90D,all,0,38,0.631578947368421,0.5789473684210527,0.42192345343670545,0.7214749884224129,0.23162251736420295,0.05592051689545774,0.4393556489413717,-0.12449142248237198,3.5292041827507,6.050064313286914,0.1733914659109213,0.043782307091022155,3.3630011296368085
signal_month,2026-02,all,weighted_net,7,1D,all,0,43,0.5116279069767442,0.3953488372093023,0.2636531475829744,0.5442093693712609,-0.001027445491093963,0.00022716946842349373,0.023724371120096042,-0.026957920036150156,0.8800519879976655,0.9219592255213637,-0.0007797091793031504,-0.0032151924445043,0.926602704274148
signal_month,2026-02,all,weighted_net,7,20D,all,0,43,0.3953488372093023,0.5116279069767442,0.3675230846944931,0.6538255245328142,0.005433583044746047,-0.028710881424059753,0.0922571074054541,-0.05133564442187077,1.7971354688234784,1.175050114230736,0.02768337811694345,0.005723646547819872,2.6076963390237493
signal_month,2026-02,all,weighted_net,7,5D,all,0,43,0.32558139534883723,0.3488372093023256,0.22418589997352706,0.49828218007147956,-0.01428803948724597,-0.01805537833354609,0.0496156861105619,-0.04513811391377391,1.09919714867443,0.5306468993600697,-0.01092259707946912,-0.015449572363615216,0.6061042795662429
signal_month,2026-02,all,weighted_net,7,60D,all,0,43,0.6744186046511628,0.6046511627906976,0.45579063062873904,0.7363468524170255,0.24999692847089608,0.08595464520848584,0.47066123362252443,-0.20709341791461977,2.2727001097474187,4.707735941619654,0.2078276855354219,0.05004748561983563,3.9124106843074054
signal_month,2026-02,all,weighted_net,7,90D,all,0,43,0.7674418604651163,0.6666666666666666,0.5155250737683379,0.7898753292764273,0.43981897349463067,0.13652677417811176,0.6004786734589395,-0.09035803638758846,6.645548060420455,21.930308599387505,0.360820148198338,0.06611652033553927,10.508424414588408
signal_month,2026-02,all,weighted_net,90,1D,all,0,44,0.6818181818181818,0.5454545454545454,0.40066183198961974,0.6829476585777909,0.009493798935839513,0.004409627498635937,0.02489808042657855,-0.023515375687172713,1.058800027598967,2.268857201997787,0.007521392113762026,0.0010380889398471371,2.070309967247595
signal_month,2026-02,all,weighted_net,90,20D,all,0,44,0.45454545454545453,0.5454545454545454,0.40066183198961974,0.6829476585777909,-0.003961207453224755,-0.014083588908766709,0.1048171892621534,-0.09460987138270656,1.1078885081468635,0.9232404234557194,0.01321324656362887,0.00253225089163156,1.3351593645638273
signal_month,2026-02,all,weighted_net,90,5D,all,0,44,0.45454545454545453,0.45454545454545453,0.31705234142220895,0.5993381680103802,-0.005784899059772288,-0.007871883971457716,0.05386778385478529,-0.055495468155236934,0.9706699600064902,0.8088916333387419,-0.004487409051384897,-0.009442329851750753,0.8449940226610283
signal_month,2026-02,all,weighted_net,90,60D,all,0,44,0.5909090909090909,0.5227272727272727,0.3793546556062164,0.662450089677489,0.06085089080273025,0.05054405762932579,0.2864213669943147,-0.2649731303628917,1.0809449494069407,1.5613649269211367,0.01945159656838938,0.013241708678713549,1.160448917562723
signal_month,2026-02,all,weighted_net,90,90D,all,0,44,0.5454545454545454,0.5,0.35831760539989393,0.641682394600106,0.10708805225878307,0.030569330225021896,0.4166813284186682,-0.264423879133079,1.5758082431313292,1.890969891757595,0.059055214370968806,-0.009241695905602088,1.4127371738199286
signal_month,2026-03,all,author_net,1,1D,all,0,15,0.4666666666666667,0.4666666666666667,0.24809535365737387,0.698830199745016,-0.0006575099060969129,-0.007421311719954304,0.027998714469819625,-0.025731706235023882,1.0881017455309698,0.9520890273395985,0.001970328858100386,-0.003974423037773067,1.199208827658194
signal_month,2026-03,all,author_net,1,20D,all,0,15,0.4666666666666667,0.6666666666666666,0.41713547738519774,0.8482367556028526,0.05390419041830698,-0.009634397744961998,0.21038458877310415,-0.08301615814214054,2.534260720821156,2.2174781307185114,0.04623012898417975,0.009433569980287326,2.4018995780241794
signal_month,2026-03,all,author_net,1,5D,all,0,15,0.4,0.4666666666666667,0.24809535365737387,0.698830199745016,-0.0031530822389975806,-0.0010804597701148388,0.0553577052902704,-0.04216027392517623,1.3130300194091777,0.8753533462727852,0.001628131656092835,-0.00373569799810769,1.081661211111649
signal_month,2026-03,all,author_net,1,60D,all,0,15,0.7333333333333333,0.6,0.357468301206246,0.8017550385865841,0.4358314729077836,0.1773574561403508,0.6598674231248984,-0.18026739018928198,3.6604924630685183,10.066354273438424,0.3369962293404616,0.05634662519100875,5.7520234877778655
signal_month,2026-03,all,author_net,1,90D,all,0,3,1.0,1.0,0.4385029682449546,1.0,0.5532574879730502,0.16906772644477575,0.5532574879730502,,,,0.44662784520837984,0.06680699456581718,
signal_month,2026-03,all,author_net,3,1D,all,0,41,0.4878048780487805,0.43902439024390244,0.2989013173655036,0.5895947277789392,-0.003656618965005194,-0.0015513764156309673,0.021103376179553608,-0.027237566721727863,0.7747893339796426,0.7378946037901358,-0.0027666014259751007,-0.001646442631138223,0.7501148209423233
signal_month,2026-03,all,author_net,3,20D,all,0,41,0.4634146341463415,0.5853658536585366,0.4336710313403013,0.7224345054574786,0.053284502922715,-0.00469660891698831,0.2008443013964059,-0.07415350485001806,2.708493709132576,2.3391536578872247,0.042355953685136664,0.009400984269079538,2.6489329469987744
signal_month,2026-03,all,author_net,3,5D,all,0,41,0.4146341463414634,0.4878048780487805,0.34254429554432664,0.6351549134845619,-0.014469933566481066,-0.0034188034188034067,0.05037051729223395,-0.060398586258070874,0.8339684819278878,0.5907276746989205,-0.011325496185103576,-0.001889159288990916,0.5959659141231538
signal_month,2026-03,all,author_net,3,60D,all,0,41,0.6097560975609756,0.5121951219512195,0.3648450865154381,0.6574557044556734,0.3534480068126066,0.10820376382142594,0.6673656323442206,-0.13704828308054032,4.869565800777119,7.608696563714249,0.2656162261508104,0.004117316835829277,4.478668890719233
signal_month,2026-03,all,author_net,3,90D,all,0,5,0.6,0.6,0.2307242812760128,0.882379225767352,0.29050545766836317,0.16906772644477575,0.5772277191301384,-0.13957793452429967,4.135522717809286,6.2032840767139295,0.17863049033216766,0.06680699456581718,2.774544212052567
signal_month,2026-03,all,author_net,30,1D,all,0,51,0.6078431372549019,0.6078431372549019,0.4708515898394834,0.7297265901824019,0.004871804207286716,0.0036706227823319892,0.02356986049573511,-0.024110183039808296,0.9775894466175947,1.5152636422572718,0.005231363419552028,0.0016948441550779236,1.5939734744711829
signal_month,2026-03,all,author_net,30,20D,all,0,51,0.49019607843137253,0.47058823529411764,0.3405299020949959,0.6047669578990353,0.018403983232670576,-0.019404232100533658,0.14394788114906332,-0.10231130322539936,1.406959706416167,1.3528458715540066,0.01566189090114165,-0.00310788919835725,1.3518160746231775
signal_month,2026-03,all,author_net,30,5D,all,0,51,0.5490196078431373,0.5686274509803921,0.43265302109302245,0.6949876389209046,0.0037982955207324677,0.007493247364293909,0.04512837916554132,-0.04651658891642614,0.9701566734960093,1.181060298169055,0.008295923344088282,0.010261356532937138,1.4380014164045671
signal_month,2026-03,all,author_net,30,60D,all,0,51,0.6862745098039216,0.5098039215686274,0.37680923894569696,0.6414251410562926,0.1909370945172808,0.08364555197351242,0.3511627186831604,-0.15955645834558083,2.2008680959976097,4.814398959994771,0.10906517059965753,0.012899563838403294,2.4640698216379833
signal_month,2026-03,all,author_net,30,90D,all,0,6,0.6666666666666666,0.6666666666666666,0.299993315138392,0.9032285888942195,0.2742446667653063,0.1674295125824924,0.4263180709705402,-0.02990214164516153,14.257108271023217,28.514216542046434,0.19952538255353247,0.05535058626483169,5.2158870633184335
signal_month,2026-03,all,author_net,7,1D,all,0,52,0.5,0.5192307692307693,0.38685682768056057,0.6489588555454449,0.0006428281100655755,0.0002492416195707392,0.02648131132009085,-0.025195655099959698,1.0510269018618694,1.0510269018618694,0.0011200719835208056,0.000666149830774676,1.1021769672440391
signal_month,2026-03,all,author_net,7,20D,all,0,52,0.5192307692307693,0.5,0.36885862959780547,0.6311413704021945,0.04861295461620025,0.007496126906069933,0.19916816221973377,-0.11398666959561597,1.747293459194056,1.8870769359295807,0.029661519312587883,-0.0010196543450979867,1.6393106784872424
signal_month,2026-03,all,author_net,7,5D,all,0,52,0.4230769230769231,0.4230769230769231,0.2986805208350091,0.5580567462609698,-0.005009697425727664,-0.013386260821222351,0.062498476004458146,-0.05451569127453059,1.1464309548920104,0.8407160335874743,-0.0014655278113165744,-0.003134158781306684,0.9407469612257454
signal_month,2026-03,all,author_net,7,60D,all,0,52,0.6730769230769231,0.5,0.36885862959780547,0.6311413704021945,0.32562440763281614,0.09592465789746918,0.5551387193696415,-0.1469050577077067,3.7788945325094736,7.780076978695974,0.2321027421229553,-0.005470188060069159,4.017577438470528
signal_month,2026-03,all,author_net,7,90D,all,0,5,0.4,0.4,0.11762077423264783,0.769275718723987,0.0419412375975647,-0.02863626985764378,0.24755598556095654,-0.09513526104469654,2.6021475406962886,1.7347650271308592,-0.025306118193031725,-0.14071519617530448,0.7964576451452244
signal_month,2026-03,all,author_net,90,1D,all,0,52,0.5961538461538461,0.6153846153846154,0.4795987371581939,0.7352953621978379,0.007674471247656533,0.002461921860725025,0.02762924400187405,-0.021782574246664563,1.2684104132506173,1.8724153719413872,0.008215864632436823,0.004298276681881152,1.9815551447142612
signal_month,2026-03,all,author_net,90,20D,all,0,52,0.5961538461538461,0.5192307692307693,0.38685682768056057,0.6489588555454449,0.0422691306108464,0.028587757175514317,0.15142741447071334,-0.11886928842038572,1.2738985526285358,1.8805169110230766,0.02393046809901576,0.004261703202524225,1.4327833001031218
signal_month,2026-03,all,author_net,90,5D,all,0,52,0.6538461538461539,0.6923076923076923,0.5573041117529434,0.8008527205071096,0.019460524460413478,0.016092900038358615,0.06037792143453015,-0.057827892046251335,1.0440968760583436,1.9721829881102044,0.02159985735808181,0.018687881302681175,2.1362858011950094
signal_month,2026-03,all,author_net,90,60D,all,0,52,0.6730769230769231,0.4807692307692308,0.35104114445455514,0.6131431723194395,0.1750452000305588,0.09477184354068724,0.3186094319466248,-0.1205282186201653,2.643442636041075,5.442381897731625,0.08188912186180862,-0.005457317325622935,1.9808672379688574
signal_month,2026-03,all,author_net,90,90D,all,0,3,0.3333333333333333,0.3333333333333333,0.06149194472039621,0.7923403991979522,0.030415706192945202,-0.02863626985764378,0.15105140186915866,-0.02990214164516153,5.051524524953226,2.525762262476613,-0.0816632201247155,-0.14071519617530448,0.1372453247136545
signal_month,2026-03,all,author_net_shift,30,1D,all,0,19,0.42105263157894735,0.42105263157894735,0.23141891282454238,0.6372409646574496,-0.00561998277187883,-0.0010247457112493308,0.010807533413297793,-0.0175672672701891,0.6152085721174012,0.4474244160853827,-0.00742968520109317,-0.001450414520453247,0.2678413966758777
signal_month,2026-03,all,author_net_shift,30,20D,all,0,19,0.47368421052631576,0.47368421052631576,0.2732980516117956,0.6829219075488682,-0.04114820527251114,-0.009634397744961998,0.09628489088789773,-0.1648379918168791,0.5841183202162642,0.5257064881946377,-0.030037993222920677,-0.010459537444555744,0.5487519305955039
signal_month,2026-03,all,author_net_shift,30,5D,all,0,19,0.5263157894736842,0.5263157894736842,0.3170780924511316,0.7267019483882042,0.0038286359436577174,0.0028667876711165885,0.03822107404932704,-0.03438518417375264,1.1115564731656276,1.2350627479618084,-0.001464367595175022,0.0026384667432203246,0.9161944614959617
signal_month,2026-03,all,author_net_shift,30,60D,all,0,19,0.3684210526315789,0.42105263157894735,0.23141891282454238,0.6372409646574496,-0.06115853755243261,-0.05852421311320455,0.4125032832405888,-0.33746126634836177,1.2223722375733665,0.7130504719177972,-0.0475532583638634,-0.009076950336414757,0.7448612379571665
signal_month,2026-03,all,author_net_shift,30,90D,all,0,6,0.5,0.3333333333333333,0.09677141110578041,0.700006684861608,0.10557062493912278,-0.10770064614805969,0.47135798596942813,-0.2602167360911826,1.8114053425228553,1.8114053425228556,0.06570023129814989,-0.11988694666493105,1.3997952315647413
signal_month,2026-03,all,author_net_shift,7,1D,all,0,9,0.3333333333333333,0.3333333333333333,0.1205838183869109,0.6457978644196036,0.002848273173296106,-0.0013663442094333789,0.018757077826777196,-0.005106129153444439,3.6734436719298893,1.8367218359649444,0.001964228445802882,-0.0015259088839766344,1.7217170894555416
signal_month,2026-03,all,author_net_shift,7,20D,all,0,9,0.5555555555555556,0.5555555555555556,0.26665129349549305,0.8112214789023355,0.0029080477059147958,0.0007606628633524126,0.08430597693652264,-0.09883936383234501,0.8529595261208435,1.0661994076510544,0.00783498204680354,0.009433569980287326,1.3111207708489026
signal_month,2026-03,all,author_net_shift,7,5D,all,0,9,0.7777777777777778,0.8888888888888888,0.5650002944233439,0.9801091123614551,0.015856056285066294,0.026825633383010583,0.03009505702791263,-0.033980446314895885,0.8856580855066629,3.0998032992733204,0.008229262529621232,0.005334279231816286,5.007544273769536
signal_month,2026-03,all,author_net_shift,7,60D,all,0,9,0.5555555555555556,0.4444444444444444,0.18877852109766452,0.733348706504507,-0.23009426423206136,0.03563395587454832,0.12696411625892143,-0.6764172398457899,0.18770088752892636,0.23462610941115797,-0.22322181268180805,-0.015452804090648975,0.11908728015607131
signal_month,2026-03,all,author_net_shift,7,90D,all,0,1,1.0,1.0,0.20654931437723745,1.0,0.16906772644477575,0.16906772644477575,0.16906772644477575,,,,0.06680699456581718,0.06680699456581718,
signal_month,2026-03,all,author_net_shift,90,1D,all,0,18,0.3888888888888889,0.4444444444444444,0.24559518127005633,0.6628358435795723,-0.003804950820882058,-0.002595022747324649,0.02389827218435368,-0.02143427455148662,1.114955961161567,0.7095174298300881,0.0003974186225287952,-0.0009078580323368945,1.0506757527581267
signal_month,2026-03,all,author_net_shift,90,20D,all,0,18,0.5,0.6111111111111112,0.3861904160223791,0.7969475342783638,0.03507666387331177,0.002600363481512935,0.19093179900216056,-0.12077847125553702,1.5808429848246437,1.5808429848246437,0.040426023041785435,0.010460496837041922,1.9974779309886945
signal_month,2026-03,all,author_net_shift,90,5D,all,0,18,0.5,0.6111111111111112,0.3861904160223791,0.7969475342783638,-0.005355048744458795,0.0007881380701053042,0.0485498126971304,-0.05925991018604799,0.8192690900932356,0.8192690900932356,-0.0020442334348562624,0.0038150125048097006,0.9082476402833936
signal_month,2026-03,all,author_net_shift,90,60D,all,0,18,0.6666666666666666,0.6111111111111112,0.3861904160223791,0.7969475342783638,0.24177502800699666,0.12087650744185291,0.4751293373370516,-0.22493359065311325,2.1123093974424823,4.2246187948849645,0.21025647952455603,0.10736104936311519,3.6869555299376957
signal_month,2026-03,all,high_low_divergence,3,1D,all,0,2,0.5,0.5,0.09453120573423074,0.9054687942657693,-0.011600225846866541,-0.011600225846866541,0.027944111776447067,-0.05114456347018015,0.5463750178010589,0.5463750178010589,-0.008531748828217445,-0.008531748828217445,0.637385486428414
signal_month,2026-03,all,high_low_divergence,3,20D,all,0,2,0.5,0.0,0.0,0.6576197724933469,-0.08492811679035639,-0.08492811679035639,0.05227094064226989,-0.22212717422298267,0.23531988296847298,0.23531988296847298,-0.08038617414726834,-0.08038617414726834,
signal_month,2026-03,all,high_low_divergence,3,5D,all,0,2,0.0,0.0,0.0,0.6576197724933469,-0.1059630328266083,-0.1059630328266083,,-0.1059630328266083,,,-0.07083683184125944,-0.07083683184125944,
signal_month,2026-03,all,high_low_divergence,3,60D,all,0,2,0.5,0.5,0.09453120573423074,0.9054687942657693,0.5245850539907911,0.5245850539907911,1.3953349212122639,-0.3461648132306816,4.030839842414669,4.030839842414669,0.5119031645886574,0.5119031645886574,5.425725374375515
signal_month,2026-03,all,high_low_divergence,30,1D,all,0,12,0.25,0.3333333333333333,0.13812009109121315,0.6093779111272004,-0.01213386114852863,-0.007964583818320548,0.01946680332199872,-0.022667415972037745,0.858801168426641,0.28626705614221365,-0.00919079824157601,-0.004374303513621669,0.3575947506002126
signal_month,2026-03,all,high_low_divergence,30,20D,all,0,12,0.3333333333333333,0.4166666666666667,0.19326031365875665,0.6804886874504503,-0.009129068859080705,-0.02706072920448982,0.15704403181541776,-0.09221561919632994,1.7030090258469783,0.8515045129234892,-0.01322785817613433,-0.0696905917987895,0.7515698271511027
signal_month,2026-03,all,high_low_divergence,30,5D,all,0,12,0.3333333333333333,0.16666666666666666,0.04696514218385378,0.4480308622529734,-0.03855527170982478,-0.02678974388816696,0.020074802092381522,-0.06787030861092792,0.2957818006613461,0.14789090033067304,-0.03533468763772308,-0.020576845508043506,0.06069342791553373
signal_month,2026-03,all,high_low_divergence,30,60D,all,0,12,0.5,0.3333333333333333,0.13812009109121315,0.6093779111272004,0.10719674319872946,-0.009007456060368735,0.43115373789695605,-0.21676025149949707,1.9890811849235948,1.9890811849235948,0.07579886682765873,-0.05658066339313694,1.7299449442277433
signal_month,2026-03,all,high_low_divergence,7,1D,all,0,5,0.4,0.4,0.11762077423264783,0.769275718723987,-0.00181106394430961,-0.014418107601478436,0.036679541122475345,-0.027471467322166248,1.3351868210140805,0.8901245473427203,0.002034225695834846,-0.001328613438054349,1.166932626720183
signal_month,2026-03,all,high_low_divergence,7,20D,all,0,5,0.8,0.6,0.2307242812760128,0.882379225767352,0.027328312981606206,0.06753755715218812,0.08969218478275343,-0.22212717422298267,0.403787537911574,1.615150151646296,0.006906957743121556,0.007886825675577969,1.2148055252159387
signal_month,2026-03,all,high_low_divergence,7,5D,all,0,5,0.2,0.2,0.03622410863243014,0.6244653702374747,-0.060030371126134366,-0.05018534359851712,0.024824372383104754,-0.08124405700344414,0.30555308657287245,0.07638827164321811,-0.050129307074407284,-0.016372834040480733,0.01600671101082199
signal_month,2026-03,all,high_low_divergence,7,60D,all,0,5,0.8,0.8,0.37553462976252533,0.9637758913675698,0.5546510159483353,0.2502408857588341,0.7798549732430895,-0.3461648132306816,2.252842991073735,9.01137196429494,0.5212265092147191,0.29305743913278726,12.265828906734745
signal_month,2026-03,all,high_low_divergence,90,1D,all,0,3,0.6666666666666666,0.6666666666666666,0.2076596008020477,0.9385080552796037,0.0022282789903056432,0.007886864291542173,0.028317608693860685,-0.04995038041680444,0.5669147753744433,1.1338295507488867,0.0029064758159867607,0.00993610729505967,1.2714389167028013
signal_month,2026-03,all,high_low_divergence,90,20D,all,0,3,0.3333333333333333,0.3333333333333333,0.06149194472039621,0.7923403991979522,0.025302212887852022,-0.011577902745616875,0.18321475625823447,-0.0536540587973392,3.4147417803053592,1.7073708901526796,0.01302024760177837,-0.0075210085484038736,2.2894076028270214
signal_month,2026-03,all,high_low_divergence,90,5D,all,0,3,0.6666666666666666,1.0,0.4385029682449546,1.0,0.025184758223493604,0.016870658286470497,0.04919949251609429,-0.022844710361707765,2.1536492140676176,4.307298428135235,0.023824720476266936,0.01096779919632862,
signal_month,2026-03,all,high_low_divergence,90,60D,all,0,3,0.3333333333333333,0.3333333333333333,0.06149194472039621,0.7923403991979522,-0.09205547483082317,-0.14389679126695332,0.17504611330698294,-0.22560626889972624,0.7758920625773239,0.38794603128866195,-0.056917171343989624,-0.004068762635071055,0.13125853640066895
signal_month,2026-03,all,weighted_net,1,1D,all,0,19,0.47368421052631576,0.47368421052631576,0.2732980516117956,0.6829219075488682,0.0004481134282233267,-0.004267425320056861,0.025305155318166697,-0.021923224272725705,1.1542624845401228,1.0388362360861103,0.0026224319003197148,-0.00017971428627616692,1.3244638605861914
signal_month,2026-03,all,weighted_net,1,20D,all,0,19,0.5263157894736842,0.631578947368421,0.41039533164803066,0.8085048725486492,0.054532348898662895,0.0494201605709188,0.17599456348890374,-0.0804256673127158,2.1882885075058356,2.431431675006484,0.038467248924065556,0.009433569980287326,2.3681628768829643
signal_month,2026-03,all,weighted_net,1,5D,all,0,19,0.3684210526315789,0.47368421052631576,0.2732980516117956,0.6829219075488682,-0.007926351911973918,-0.0018174589651842599,0.05160818180809761,-0.042654829915348975,1.2099024169248147,0.7057764098728085,0.00040657308453114594,-0.00373569799810769,1.023521378586232
signal_month,2026-03,all,weighted_net,1,60D,all,0,19,0.7368421052631579,0.5789473684210527,0.3627590353425504,0.7685810871754576,0.3597860073460475,0.17012214041917018,0.5535173552003848,-0.18266176664609718,3.0302857864766604,8.48480020213465,0.26508674674199023,0.04344264188046587,5.170347417921846
signal_month,2026-03,all,weighted_net,1,90D,all,0,3,1.0,1.0,0.4385029682449546,1.0,0.5532574879730502,0.16906772644477575,0.5532574879730502,,,,0.44662784520837984,0.06680699456581718,
signal_month,2026-03,all,weighted_net,3,1D,all,0,46,0.45652173913043476,0.43478260869565216,0.3020926277801995,0.5775256630570501,-0.0022170463451123327,-0.0018338590023014856,0.025314932790355477,-0.025343908818905293,0.998856686679357,0.8390396168106599,3.1104005073204334e-05,-0.0022741068663878483,1.0029339723928028
signal_month,2026-03,all,weighted_net,3,20D,all,0,46,0.5652173913043478,0.6086956521739131,0.46456843231620754,0.7360677496217098,0.057445725343105415,0.05130073392754425,0.17085327640051537,-0.08998409103152752,1.8987053649367187,2.4683169744177342,0.04138144068714417,0.022566282091962986,2.635952737286629
signal_month,2026-03,all,weighted_net,3,5D,all,0,46,0.43478260869565216,0.45652173913043476,0.32154733782284584,0.5981981894019872,-0.011780614932456098,-0.0035913184556519706,0.04972094378480074,-0.0590895062534229,0.8414513326876976,0.6472702559136135,-0.010060080056495033,-0.0021524355216765434,0.6158128241638381
signal_month,2026-03,all,weighted_net,3,60D,all,0,46,0.5652173913043478,0.45652173913043476,0.32154733782284584,0.5981981894019872,0.31038325944535167,0.06384424756060625,0.647213954278106,-0.12749664383722906,5.0763214999163715,6.599217949891283,0.2373164047077694,-0.024536812408412878,4.155834213994177
signal_month,2026-03,all,weighted_net,3,90D,all,0,4,0.5,0.5,0.15003898915214947,0.8499610108478506,0.32086489047426003,0.06512662704549665,0.7813077154728197,-0.13957793452429967,5.597644915262726,5.597644915262726,0.20658636427375526,-0.046952299272164044,2.6418099119776493
signal_month,2026-03,all,weighted_net,30,1D,all,0,52,0.5961538461538461,0.5576923076923077,0.42339761787202884,0.6840494318059871,0.007111195367471027,0.004507186391165985,0.025389256704966657,-0.01987070470216538,1.2777230141314464,1.8861625446702308,0.006973397445766593,0.004117340051211671,1.9457123456143641
signal_month,2026-03,all,weighted_net,30,20D,all,0,52,0.5384615384615384,0.4423076923076923,0.3159505681940129,0.5766023821279712,0.006083485646544591,0.009854093052841573,0.11807573955856322,-0.12457414391747716,0.9478350470285491,1.1058075548666408,-0.004360496691274354,-0.015195581459163332,0.9170086611274917
signal_month,2026-03,all,weighted_net,30,5D,all,0,52,0.5384615384615384,0.5576923076923077,0.42339761787202884,0.6840494318059871,0.005180790734986695,0.006896229981359525,0.04803097984681388,-0.04481109656214501,1.071854597001514,1.2504970298351,0.007190723438694684,0.006618339685394714,1.387403790950924
signal_month,2026-03,all,weighted_net,30,60D,all,0,52,0.5961538461538461,0.40384615384615385,0.2815973387185887,0.5393242451513848,0.15620984159002838,0.06598614249832335,0.37324150438081966,-0.16417023205352063,2.2735029348020923,3.3561233799459456,0.07378470027983017,-0.02110882041479134,1.774374049548147
signal_month,2026-03,all,weighted_net,30,90D,all,0,2,0.5,0.5,0.09453120573423074,0.9054687942657693,0.5139704487292048,0.5139704487292048,1.059108910891089,-0.031168013432679276,33.98063573023959,33.98063573023959,0.40189152241154413,0.40189152241154413,6.611170795159556
signal_month,2026-03,all,weighted_net,7,1D,all,0,59,0.4915254237288136,0.4915254237288136,0.3684383690774015,0.6156485694061034,0.0009066030260031903,-0.0030619415721312437,0.025089713267310163,-0.02247040354059355,1.1165670977819664,1.0793481945225676,0.0009252074737036869,-0.00017971428627616692,1.093478843197565
signal_month,2026-03,all,weighted_net,7,20D,all,0,59,0.5084745762711864,0.4915254237288136,0.3684383690774015,0.6156485694061034,0.027121493340331298,0.0042699061823430196,0.17322232215871927,-0.12401729509248384,1.3967593957725137,1.444923512868118,0.01343130931939235,-0.0020637193020014433,1.263807140498425
signal_month,2026-03,all,weighted_net,7,5D,all,0,59,0.423728813559322,0.4576271186440678,0.3370130585185591,0.5834216338989654,-0.009080528251322682,-0.01344221105527632,0.05980016934024933,-0.05972810000983152,1.0012066235223613,0.7361813408252657,-0.0041452086251876725,-0.002532619564505678,0.8438282148073837
signal_month,2026-03,all,weighted_net,7,60D,all,0,59,0.6271186440677966,0.4745762711864407,0.35265876715068556,0.5996020482998292,0.2582307791269462,0.06851037083595224,0.5446153722038499,-0.22341603650239172,2.4376735919671537,4.099723768308394,0.17328884532533553,-0.02543256203070987,2.5553540852661722
signal_month,2026-03,all,weighted_net,7,90D,all,0,6,0.5,0.5,0.1876163064826506,0.8123836935173494,0.10733934671465883,0.07758567671909117,0.3098139544740142,-0.09513526104469654,3.2565628250965446,3.2565628250965446,0.03262006250288504,-0.03449324959856953,1.314843910237112
signal_month,2026-03,all,weighted_net,90,1D,all,0,55,0.6181818181818182,0.6181818181818182,0.4860922023248993,0.7348404574110621,0.0088933839294438,0.0037994980479643115,0.023625046255606075,-0.01495787888434274,1.5794382638260127,2.5571857604802113,0.009811509221167398,0.004536309715149511,2.8791583200119857
signal_month,2026-03,all,weighted_net,90,20D,all,0,55,0.6181818181818182,0.5818181818181818,0.45033103735230756,0.7026223424648965,0.04437329514118069,0.03278952668680757,0.12501819864246064,-0.0861946438608916,1.4504172538171383,2.3482946014182238,0.0256509735509975,0.007831200724648824,1.633235992584945
signal_month,2026-03,all,weighted_net,90,5D,all,0,55,0.6727272727272727,0.7454545454545455,0.6169812871823414,0.841878852269271,0.02069250904564391,0.020449327789765936,0.05262450529894556,-0.04494548325280947,1.1708519185997646,2.4067511660106273,0.02260608047066873,0.02050655860971573,2.610350814180516
signal_month,2026-03,all,weighted_net,90,60D,all,0,55,0.5818181818181818,0.43636363636363634,0.3137344236063191,0.5673018365358555,0.15349334024631334,0.026457983976150623,0.34372574581673876,-0.1111778327212351,3.091675178437677,4.301461117826333,0.070662405557529,-0.04812795954150206,1.7240675425105028
signal_month,2026-03,all,weighted_net,90,90D,all,0,1,0.0,0.0,0.0,0.7934506856227626,-0.22560149984376654,-0.22560149984376654,,-0.22560149984376654,,,-0.33768042616142724,-0.33768042616142724,
signal_month,2026-04,all,author_net,1,1D,all,0,34,0.38235294117647056,0.38235294117647056,0.23900183324508897,0.549589826555693,-0.0021009520428278677,-0.004230540221348111,0.020940378937357153,-0.016364633125799548,1.2796118786399033,0.792140686777083,-0.0028146154860026213,-0.003597780717303045,0.7281711163036233
signal_month,2026-04,all,author_net,1,20D,all,0,34,0.7941176470588235,0.6470588235294118,0.47913963119781733,0.785120794051205,0.20011511415206265,0.09850526532916448,0.2683885242941412,-0.06322518211024021,4.244962455405437,16.373426613706684,0.15049887576264595,0.048078770431026374,7.221966093235169
signal_month,2026-04,all,author_net,1,5D,all,0,34,0.5882352941176471,0.5,0.34069325645682497,0.659306743543175,0.03624391710941104,0.009640971285930888,0.09733303566398509,-0.051026252254266165,1.9075090049523937,2.7250128642177054,0.02286025287929903,-0.0005574695496765036,1.9409029347852
signal_month,2026-04,all,author_net,1,60D,all,0,10,0.6,0.5,0.236593090512564,0.7634069094874361,0.48213404700003915,0.0969376818118135,0.9087188058031693,-0.15774309120465593,5.760751858375827,8.641127787563741,0.39708683553912755,-0.004172624372488443,5.521011616730549
signal_month,2026-04,all,author_net,3,1D,all,0,67,0.47761194029850745,0.417910447761194,0.30742300955672297,0.5373006849702071,0.0021631921822439625,-0.001186595221143838,0.025194222371646282,-0.018893749705209587,1.3334686213557418,1.2191713109538211,0.0009013025399520517,-0.0015532499026065238,1.0905646766492527
signal_month,2026-04,all,author_net,3,20D,all,0,67,0.7910447761194029,0.5522388059701493,0.4335761280049216,0.6652360663870319,0.1448940695798625,0.06919781788891721,0.201713136447537,-0.07020668356204797,2.873132958477734,10.87686048566571,0.08935656263105969,0.013386665066852155,3.809101358729945
signal_month,2026-04,all,author_net,3,5D,all,0,67,0.6268656716417911,0.5522388059701493,0.4335761280049216,0.6652360663870319,0.039960074032526494,0.016505406943653878,0.09531108651357358,-0.05302962693563261,1.797317688643411,3.0194937169209304,0.02266898119130076,0.005716018713663562,1.9135617259154296
signal_month,2026-04,all,author_net,3,60D,all,0,25,0.56,0.44,0.26665638881067344,0.6293266813020123,0.19541542441888715,0.09558080808080804,0.447849278628949,-0.12586402639391886,3.558199204809381,4.528617169757394,0.09894040230288924,-0.03086296343502437,2.0242858617789277
signal_month,2026-04,all,author_net,30,1D,all,0,80,0.575,0.5625,0.4534113429694972,0.6658613908385618,0.005680604068387217,0.0057677906320013905,0.02533033457681084,-0.022210845783197545,1.1404488970867188,1.6393952895621586,0.004285263201950574,0.0034870981661296874,1.4958788972999595
signal_month,2026-04,all,author_net,30,20D,all,0,80,0.675,0.5,0.3929741508611972,0.6070258491388028,0.0686702672154905,0.049691864150071985,0.15593522654834438,-0.11257234062966756,1.3852001804006984,2.8769542208322196,0.019641866999280305,0.0008908893515822136,1.358964926225092
signal_month,2026-04,all,author_net,30,5D,all,0,80,0.6,0.5875,0.47804040345890164,0.6889414238723812,0.04092009608701397,0.023176335770503154,0.09997388559516218,-0.04766058817520835,2.0976217336563563,3.1464326004845344,0.024583899312608685,0.010675298528084576,2.1080734494926854
signal_month,2026-04,all,author_net,30,60D,all,0,32,0.5625,0.40625,0.2551963484266544,0.5773997512461713,0.13788549282894058,0.03448397085985688,0.3649951031325156,-0.15411257756137015,2.368366741430748,3.0450429532681045,0.05076892918811512,-0.062311401465990346,1.4711645761428767
signal_month,2026-04,all,author_net,7,1D,all,0,88,0.5795454545454546,0.5227272727272727,0.41961959494387296,0.6239337202077226,0.006378436303061292,0.002691594114464957,0.028281203062182732,-0.02517254175719788,1.1234941363875564,1.6370914558790106,0.005057747100055043,0.0005626122488899821,1.5094771578230803
signal_month,2026-04,all,author_net,7,20D,all,0,88,0.7727272727272727,0.625,0.5206224626520304,0.7189207706817466,0.1318715233955721,0.08422865104824351,0.19923861207478138,-0.09717657811373945,2.0502740057546003,6.97093161956564,0.07658807567055638,0.033093214162481455,3.0483792842620634
signal_month,2026-04,all,author_net,7,5D,all,0,88,0.6704545454545454,0.6477272727272727,0.5436598679108756,0.7394366805744971,0.05532310964000811,0.03627572356028974,0.11101158520833358,-0.05797413375761955,1.9148468120706212,3.895722824557471,0.037432853024650055,0.020718240891816397,2.6327966411717845
signal_month,2026-04,all,author_net,7,60D,all,0,35,0.7142857142857143,0.5142857142857142,0.35568804595868564,0.6700576399749026,0.2784488747754504,0.10669058674546217,0.44947652426603824,-0.1491202489510191,3.014188397805558,7.535470994513896,0.1758321148068604,0.001956017638054419,3.2719972137387523
signal_month,2026-04,all,author_net,90,1D,all,0,82,0.5121951219512195,0.5,0.3942282839199199,0.6057717160800802,0.000967746688932002,0.0009394081984157587,0.026722603686477175,-0.026743439136913263,0.9992209135732536,1.0760840607711963,-0.0006365056252248623,0.00029613334461464635,0.9514794555875207
signal_month,2026-04,all,author_net,90,20D,all,0,82,0.6951219512195121,0.5365853658536586,0.4294472560322624,0.6404490397952913,0.06800291220436323,0.043150820724707994,0.17307107197042199,-0.17155249206225073,1.0088519839608054,2.3001825234306366,0.02462112358504983,0.018828563149702826,1.3615274755728726
signal_month,2026-04,all,author_net,90,5D,all,0,82,0.5975609756097561,0.5365853658536586,0.4294472560322624,0.6404490397952913,0.020467554512256833,0.013403673991396303,0.08528060576683351,-0.07577000644150853,1.1255193152539429,1.671225649922521,0.006957175309439991,0.010160899398772516,1.2141688995881126
signal_month,2026-04,all,author_net,90,60D,all,0,33,0.48484848484848486,0.36363636363636365,0.2218717823524236,0.5338382169773361,0.0545241078784353,-0.02837370242214543,0.32127995863891057,-0.1965402222490708,1.6346779044126654,1.538520380623685,-0.026242727049445094,-0.12575016254645344,0.8200237799289258
signal_month,2026-04,all,author_net_shift,30,1D,all,0,18,0.3888888888888889,0.3333333333333333,0.1627877475083369,0.5625053270405489,-0.0053837820576910465,-0.005941834137058399,0.018335201170866955,-0.020477680475864322,0.8953749030549352,0.569784029216777,-0.0060937199019968635,-0.008877186215295985,0.5321620418806038
signal_month,2026-04,all,author_net_shift,30,20D,all,0,18,0.7222222222222222,0.7222222222222222,0.4912734343970254,0.8750024662044601,0.24385340223396712,0.1604135943451842,0.3735318539840447,-0.09331057231623455,4.003103235913345,10.408068413374696,0.20611718327629455,0.13996287802994084,9.327027193170341
signal_month,2026-04,all,author_net_shift,30,5D,all,0,18,0.6111111111111112,0.6111111111111112,0.3861904160223791,0.7969475342783638,0.09129925817851088,0.10031565789873664,0.17901428040469972,-0.04653863389121445,3.846573597823076,6.044615653721976,0.08143354878394228,0.07203107304311185,6.533054028239572
signal_month,2026-04,all,author_net_shift,30,60D,all,0,9,0.7777777777777778,0.375,0.13684428582359742,0.6942576053973727,0.45952657722697804,0.09042648588543345,0.6481813349688672,-0.20076507486963446,3.228556238627459,11.299946835196106,0.33759215129088294,-0.009648002754347074,11.27923723402127
signal_month,2026-04,all,author_net_shift,7,1D,all,0,6,0.8333333333333334,0.6666666666666666,0.299993315138392,0.9032285888942195,0.00765816395796548,0.0065667824764908955,0.010121772639747473,-0.004659879450944482,2.172110404636316,10.86055202318158,0.007337370766998326,0.00791081007525174,10.962514697537337
signal_month,2026-04,all,author_net_shift,7,20D,all,0,6,0.6666666666666666,0.5,0.1876163064826506,0.8123836935173494,0.021685113391597732,0.03393576718942959,0.08192908459682413,-0.09880282901885507,0.8292180032738655,1.658436006547731,0.013227901581368958,0.01921060980463385,1.6588878786289851
signal_month,2026-04,all,author_net_shift,7,5D,all,0,6,0.5,0.3333333333333333,0.09677141110578041,0.700006684861608,-0.016042898971880215,-0.00832474430526664,0.024095584192341885,-0.05618138213610232,0.4288891315270436,0.42888913152704367,-0.013763529756951554,-0.0063026497266328585,0.3557871368721342
signal_month,2026-04,all,author_net_shift,7,60D,all,0,2,0.5,1.0,0.34238022750665303,1.0,-0.002985081452684779,-0.002985081452684779,0.024926863888937167,-0.030897026794306726,0.8067722520644072,0.8067722520644072,0.10063319503535822,0.10063319503535822,
signal_month,2026-04,all,author_net_shift,90,1D,all,0,23,0.5217391304347826,0.43478260869565216,0.25634635325674215,0.6318862491498354,-0.0011364234185486884,0.00028943560057881346,0.028221542696309897,-0.03316329554384896,0.8509872807723523,0.9283497608425662,-0.0032890254828021157,-0.004461780666673576,0.8013468142195486
signal_month,2026-04,all,author_net_shift,90,20D,all,0,23,0.6086956521739131,0.5217391304347826,0.32962737336427406,0.7076284258335335,0.06768114643504472,0.04160876746807873,0.306402977409046,-0.30366392396895725,1.0090200159580653,1.5695866914903238,0.03438671151370196,0.013266776650793899,1.2779744672784745
signal_month,2026-04,all,author_net_shift,90,5D,all,0,23,0.5217391304347826,0.5217391304347826,0.32962737336427406,0.7076284258335335,0.018322459475638844,0.004698738569414829,0.10928776336799961,-0.08091241749784563,1.3506921032350752,1.473482294438264,0.011055825291572428,0.008632648810317,1.2928858401509904
signal_month,2026-04,all,author_net_shift,90,60D,all,0,11,0.6363636363636364,0.5454545454545454,0.280091537409322,0.7872872837754024,0.3153717206539008,0.09974700498549005,0.7237470629493669,-0.3992851283631649,1.8126071109041948,3.172062444082341,0.2721960584784803,0.019978285369806725,2.6899778802120893
signal_month,2026-04,all,high_low_divergence,3,1D,all,0,2,0.5,0.0,0.0,0.6576197724933469,-0.008929539277060694,-0.008929539277060694,0.0035920943864131694,-0.021451172940534557,0.16745445092307643,0.16745445092307643,-0.011749180210130883,-0.011749180210130883,
signal_month,2026-04,all,high_low_divergence,3,20D,all,0,2,1.0,1.0,0.34238022750665303,1.0,0.3434737059046773,0.3434737059046773,0.3434737059046773,,,,0.295068553663682,0.295068553663682,
signal_month,2026-04,all,high_low_divergence,3,5D,all,0,2,1.0,1.0,0.34238022750665303,1.0,0.06483505332196393,0.06483505332196393,0.06483505332196393,,,,0.04872599951205847,0.04872599951205847,
signal_month,2026-04,all,high_low_divergence,3,60D,all,0,1,1.0,1.0,0.20654931437723745,1.0,0.9733333333333334,0.9733333333333334,0.9733333333333334,,,,0.9104302438016918,0.9104302438016918,
signal_month,2026-04,all,high_low_divergence,30,1D,all,0,4,0.75,0.75,0.30064184258240184,0.9544127391902995,0.033252467698241445,0.03369189650742338,0.04677719566774848,-0.007321716210279661,6.388829384301113,19.166488152903337,0.032827431792765954,0.03137356258989116,47.34189115672348
signal_month,2026-04,all,high_low_divergence,30,20D,all,0,4,0.75,1.0,0.5101091635454027,1.0,0.1526431836696285,0.05623576017048554,0.2091863720954543,-0.01698638160784882,12.31494599172295,36.94483797516885,0.1725130513377591,0.12936215239171428,
signal_month,2026-04,all,high_low_divergence,30,5D,all,0,4,0.5,0.75,0.30064184258240184,0.9544127391902995,0.05440909622691423,0.002052407394419309,0.12936862722295522,-0.02055043476912677,6.295177142301032,6.295177142301032,0.057157282431598816,0.026213952660223805,34.333627195967416
signal_month,2026-04,all,high_low_divergence,30,60D,all,0,2,1.0,1.0,0.34238022750665303,1.0,1.2228367268590465,1.2228367268590465,1.2228367268590465,,,,1.2090347657485836,1.2090347657485836,
signal_month,2026-04,all,high_low_divergence,7,1D,all,0,6,0.5,0.5,0.1876163064826506,0.8123836935173494,0.004351294956022748,0.0008104556035881672,0.020878828777717146,-0.012176238865671651,1.714719053071521,1.7147190530715213,0.0050381490198595875,0.0016575567362148158,2.6024259701396204
signal_month,2026-04,all,high_low_divergence,7,20D,all,0,6,0.6666666666666666,0.6666666666666666,0.299993315138392,0.9032285888942195,0.170258485588486,0.1344772176769593,0.32468579263739394,-0.1385961285093299,2.3426757740605795,4.685351548121159,0.15500732094525804,0.05063471305368983,9.724711481473392
signal_month,2026-04,all,high_low_divergence,7,5D,all,0,6,0.6666666666666666,0.6666666666666666,0.299993315138392,0.9032285888942195,0.059416502020180596,0.05441232051015965,0.11237496147404141,-0.04650041688754103,2.41664417215473,4.83328834430946,0.05475372086199681,0.015074584584665152,13.297604020200987
signal_month,2026-04,all,high_low_divergence,7,60D,all,0,3,0.6666666666666666,1.0,0.4385029682449546,1.0,0.33987417745536797,0.2615293482237748,0.5759920072679631,-0.13236148216982224,4.351658789442646,8.703317578885292,0.32089574641408847,0.11521580594476122,
signal_month,2026-04,all,high_low_divergence,90,1D,all,0,12,0.5833333333333334,0.5,0.2537815976337061,0.7462184023662939,0.006717875279029839,0.004417286179925428,0.017155791141717707,-0.007895206928733179,2.172937491895533,3.0421124886537467,0.004971225734030786,0.000736427176103005,3.0599931714828816
signal_month,2026-04,all,high_low_divergence,90,20D,all,0,12,0.5833333333333334,0.4166666666666667,0.19326031365875665,0.6804886874504503,0.005223671181504898,0.02739958526974784,0.13812833825571838,-0.18084286272239397,0.7638030949983065,1.069324332997629,-0.00960971048725178,-0.019525160258945795,0.8424705668470901
signal_month,2026-04,all,high_low_divergence,90,5D,all,0,12,0.6666666666666666,0.6666666666666666,0.39062208887279953,0.8618799089087867,0.0009443641283248261,0.01338473608308316,0.03880348962976733,-0.07477388687456019,0.5189443969238033,1.0378887938476067,0.0017215772657177923,0.00907400413810222,1.1193715660825618
signal_month,2026-04,all,high_low_divergence,90,60D,all,0,6,0.5,0.6666666666666666,0.299993315138392,0.9032285888942195,0.038922498568538764,0.0436747222383182,0.20005767639357666,-0.12221267925649915,1.6369633462801103,1.6369633462801103,0.05284569098223768,0.06535134937805653,2.20277694466243
signal_month,2026-04,all,weighted_net,1,1D,all,0,38,0.3684210526315789,0.3684210526315789,0.23384219247155955,0.5271604044299099,-0.003249652010342713,-0.004230540221348111,0.021685647096956633,-0.01779524315626733,1.2186204429198335,0.7108619250365696,-0.0042109947313883735,-0.003597780717303045,0.6320712173970349
signal_month,2026-04,all,weighted_net,1,20D,all,0,38,0.8157894736842105,0.6578947368421053,0.4989210355178308,0.7878758482004058,0.18473117951559828,0.0925772480866146,0.24072132568917473,-0.06322518211024021,3.8073646868972246,16.86118647054485,0.13400376813095963,0.042699762631071,6.604846643390334
signal_month,2026-04,all,weighted_net,1,5D,all,0,38,0.6052631578947368,0.5,0.34849928364395105,0.6515007163560489,0.033313229260971605,0.009640971285930888,0.0889369214888781,-0.0519764321551517,1.7111009317337882,2.623688095325142,0.019082217762636716,-0.0005574695496765036,1.7862257650973965
signal_month,2026-04,all,weighted_net,1,60D,all,0,12,0.5833333333333334,0.4166666666666667,0.19326031365875665,0.6804886874504503,0.3956234616446333,0.06875985661640605,0.7905490554514613,-0.15727236968492583,5.0266239202424465,7.037273488339425,0.3071699588829295,-0.0323504495678959,4.169033897339607
signal_month,2026-04,all,weighted_net,3,1D,all,0,72,0.4722222222222222,0.4444444444444444,0.33539070561321394,0.559126091341948,0.002201868580676364,-0.0011963300020260692,0.02500124399068925,-0.018197572575650956,1.3738779656876798,1.2292592324573979,0.0009768125908711466,-0.0016336398485650716,1.1013897864951998
signal_month,2026-04,all,weighted_net,3,20D,all,0,72,0.7777777777777778,0.5555555555555556,0.440873908658052,0.6646092943867861,0.13692460726718955,0.05443961984574042,0.19416305801581288,-0.06340997035299215,3.0620272637716326,10.717095423200714,0.08265658219016625,0.013326720858823027,3.5840859352922334
signal_month,2026-04,all,weighted_net,3,5D,all,0,72,0.625,0.5555555555555556,0.440873908658052,0.6646092943867861,0.03745935082089821,0.015775693547398273,0.09095092492961002,-0.05169327269362145,1.7594344523060668,2.9323907538434444,0.020457389401858043,0.006195326127743983,1.8413113673604868
signal_month,2026-04,all,weighted_net,3,60D,all,0,27,0.5185185185185185,0.4074074074074074,0.24514757074395552,0.592732990319353,0.16775025316153183,0.026072329688814122,0.44439933886101307,-0.13017953143790947,3.4137420372646994,3.676337578592753,0.0714460398283008,-0.050732734198205565,1.6583417895297485
signal_month,2026-04,all,weighted_net,30,1D,all,0,67,0.5671641791044776,0.5671641791044776,0.44808736490792916,0.6789568850245825,0.002214581541484104,0.003185389679337458,0.024495704904916756,-0.02698137321060006,0.9078746553675493,1.1896288587574784,0.002119412523457001,0.0033076393491111578,1.1961913310325623
signal_month,2026-04,all,weighted_net,30,20D,all,0,67,0.6119402985074627,0.4626865671641791,0.3485844371949035,0.580835423953701,0.03903731763472697,0.018322212055613685,0.13679975992885196,-0.11512653367523938,1.1882557005907137,1.8737878355468947,-0.007550605987627035,-0.007773128661611173,0.8803916691155285
signal_month,2026-04,all,weighted_net,30,5D,all,0,67,0.5671641791044776,0.5074626865671642,0.3906377464811486,0.6234782812891306,0.02487965972441181,0.007356321839080415,0.090318311759681,-0.060867539494216784,1.4838502181981978,1.944355458328673,0.01106117162309188,0.0011070283211127574,1.3752391847737009
signal_month,2026-04,all,weighted_net,30,60D,all,0,27,0.48148148148148145,0.37037037037037035,0.21532512960965597,0.5577076558789761,-0.007242440913766102,-0.004961800828702567,0.22523568689776988,-0.22311498816733524,1.0095049586218032,0.9373974615773888,-0.08414416006758528,-0.06957538649881134,0.435975892728649
signal_month,2026-04,all,weighted_net,7,1D,all,0,88,0.5795454545454546,0.5454545454545454,0.44170066774534067,0.6454059625578509,0.006923750137944249,0.002691594114464957,0.029160838263370292,-0.024386464980355304,1.1957796378794967,1.6940211536626204,0.00558570785679785,0.0033745813881784215,1.5631597882863186
signal_month,2026-04,all,weighted_net,7,20D,all,0,88,0.7727272727272727,0.5909090909090909,0.4864808526118738,0.6877324079945095,0.13386588678360667,0.08422865104824351,0.2030172708554635,-0.10124881906070664,2.0051322350114393,6.817449599038893,0.07756993824353503,0.03277740143460439,2.9844675982143447
signal_month,2026-04,all,weighted_net,7,5D,all,0,88,0.6931818181818182,0.6590909090909091,0.5552645553272387,0.7496086507339318,0.057970131803544336,0.04648943200367761,0.11167452516358571,-0.06336201615803062,1.762483770798254,3.9819077784701293,0.03934496257048197,0.02473919714376216,2.691001647246382
signal_month,2026-04,all,weighted_net,7,60D,all,0,38,0.7105263157894737,0.5263157894736842,0.3725897138449667,0.6752097667747392,0.26566937645762934,0.11553052598049895,0.4348899362409671,-0.14969017937419968,2.905266985844256,7.131109874344992,0.16610470552998113,0.0036070393908573806,3.1282363118044323
signal_month,2026-04,all,weighted_net,90,1D,all,0,65,0.5538461538461539,0.5230769230769231,0.40379629614730184,0.6397820947147201,-0.0005480928939026519,0.0024681982153028637,0.023025523355920407,-0.02981189237644162,0.7723603408053347,0.9587921472066222,-0.001770416036421397,0.002695879353425301,0.8722626557358992
signal_month,2026-04,all,weighted_net,90,20D,all,0,65,0.6461538461538462,0.5230769230769231,0.40379629614730184,0.6397820947147201,0.05926677817011317,0.04198581560283676,0.15068966933162947,-0.10767937090743833,1.3994293248719198,2.5554796367226364,0.015201580016412057,0.003674914695179554,1.2811085356568928
signal_month,2026-04,all,weighted_net,90,5D,all,0,65,0.5846153846153846,0.5538461538461539,0.43337818677803974,0.6683047252333449,0.012289351449503876,0.017012293555196845,0.07671003911820726,-0.07837680156570828,0.9787339823237917,1.377477456603855,-0.0008422178292389209,0.012234279108267687,0.9758395968682056
signal_month,2026-04,all,weighted_net,90,60D,all,0,20,0.4,0.35,0.18119182410108206,0.5671457233147638,0.014856380307603717,-0.08330885598532084,0.35883041882085537,-0.21445964536789738,1.6731838673205646,1.1154559115470433,-0.07609280102711005,-0.16430388246622507,0.5897106879225291
signal_month,2026-05,all,author_net,1,1D,all,0,33,0.5151515151515151,0.5151515151515151,0.3521837544891414,0.674959578918663,0.012937203435666265,0.007914069061786488,0.048113161442739694,-0.024437251946849252,1.9688450054607318,2.0918978183020274,0.01117531819928605,0.00871809993657191,1.93739392616075
signal_month,2026-05,all,author_net,1,20D,all,0,33,0.36363636363636365,0.36363636363636365,0.2218717823524236,0.5338382169773361,-0.006397932634193963,-0.04447660395561992,0.25926917452683335,-0.15820770815478097,1.6387897754841367,0.9364513002766495,-0.0013549653777922748,-0.04469373269939436,0.9859346379343189
signal_month,2026-05,all,author_net,1,5D,all,0,33,0.48484848484848486,0.45454545454545453,0.29842938513876116,0.6201406146378254,0.02356753913598548,-0.015714127994700733,0.13347688146953274,-0.07987654776617664,1.6710396881480263,1.5727432359040245,0.021613016974097714,-0.03372944918175247,1.576122676412332
signal_month,2026-05,all,author_net,3,1D,all,0,90,0.5666666666666667,0.5444444444444444,0.44184633569208204,0.6434038309244221,0.009453948688786828,0.004643203119966799,0.03344064288427669,-0.021913266797622993,1.5260455318284225,1.9955980031602447,0.007186504330886982,0.0045146712586574544,1.7204245581951652
signal_month,2026-05,all,author_net,3,20D,all,0,90,0.4777777777777778,0.4666666666666667,0.3670842495769752,0.5689781254606465,0.019025990179975177,-0.009118610426767038,0.1900041693015682,-0.13740085454829074,1.3828456156711133,1.265156627103359,0.01690096305126243,-0.007834533524415266,1.2398703795966273
signal_month,2026-05,all,author_net,3,5D,all,0,90,0.5555555555555556,0.4888888888888889,0.388204916198729,0.590482542147145,0.024842671672311776,0.007401999982873719,0.10862234296076029,-0.07988191743824888,1.3597863752422896,1.6997329690528622,0.01651092749018121,-0.002699895633013094,1.4523406522446376
signal_month,2026-05,all,author_net,30,1D,all,0,83,0.6385542168674698,0.6385542168674698,0.5311967999353614,0.7336536564289108,0.00848937311028408,0.006211644963328711,0.026948725691763698,-0.02412214978366324,1.1171776120059895,1.973680447877248,0.0070333129729602175,0.004440122398630786,1.7781430457281373
signal_month,2026-05,all,author_net,30,20D,all,0,83,0.4578313253012048,0.4578313253012048,0.35489376982070636,0.5644995695466891,-0.010090918901360858,-0.02269483300028552,0.12718819610126333,-0.12601550490357685,1.0093059278585106,0.8523027835249647,-0.014364598611033338,-0.014255501987096464,0.7933803076920996
signal_month,2026-05,all,author_net,30,5D,all,0,83,0.5421686746987951,0.43373493975903615,0.3323916544628671,0.5409407359716114,0.0456010887300125,0.004457841555574493,0.13317988991960725,-0.058110649520823364,2.2918327538549295,2.714012471670311,0.034120184146619784,-0.007297850139045492,2.080862152530102
signal_month,2026-05,all,author_net,7,1D,all,0,103,0.46601941747572817,0.4563106796116505,0.36342238345230693,0.5523406536744683,0.0002555059136040128,-0.0021368948247078023,0.027800362663725556,-0.02378364179559297,1.1688858629243597,1.0201185712794412,-0.0013943724831782431,-0.0018986718279173642,0.8945242285168711
signal_month,2026-05,all,author_net,7,20D,all,0,103,0.4854368932038835,0.44660194174757284,0.35423582347349813,0.5428078885703382,0.0024622787437860636,-0.013975051697685315,0.15662222628694153,-0.14297163403277569,1.0954776263593413,1.0334694588295672,0.0003499465774964607,-0.013518927276528592,1.0048413811874155
signal_month,2026-05,all,author_net,7,5D,all,0,103,0.5728155339805825,0.49514563106796117,0.4005157766877741,0.5901245607707564,0.025287371713832895,0.006982543640897898,0.09632104648293106,-0.06996232854473056,1.3767558697156286,1.8461044616641384,0.01764220906076507,-0.0005792587455539788,1.5630668166901653
signal_month,2026-05,all,author_net,90,1D,all,0,91,0.5384615384615384,0.5494505494505495,0.44729289373397435,0.6476023146686639,0.012362154091687038,0.002348050348358166,0.03777003670210793,-0.017280375620470665,2.185718501243967,2.5500049181179616,0.011292144390838667,0.0023985121239016305,2.352600273256261
signal_month,2026-05,all,author_net,90,20D,all,0,91,0.3956043956043956,0.3956043956043956,0.30133181963899386,0.49833385151099213,-0.030172461475765307,-0.03593162807613037,0.13658280765887787,-0.13932136490934993,0.9803435944497535,0.6416794436398386,-0.03491547647764233,-0.025344432798998007,0.5938084801306
signal_month,2026-05,all,author_net,90,5D,all,0,91,0.5164835164835165,0.45054945054945056,0.3523976853313362,0.5527071062660257,0.024018391715049686,0.0017172688556119642,0.10207275251303502,-0.059357857319161926,1.719616528005701,1.8368631094606351,0.014724635165546035,-0.006050332578058537,1.4452621135848092
signal_month,2026-05,all,author_net_shift,3,1D,all,0,4,1.0,1.0,0.5101091635454027,1.0,0.010509755714462193,0.010970977464068998,0.010509755714462193,,,,0.007327235372055513,0.005594244402245263,
signal_month,2026-05,all,author_net_shift,3,20D,all,0,4,0.25,0.25,0.04558726080970055,0.6993581574175981,-0.12955739322394197,-0.10134560024776679,0.024415488664237373,-0.18088168718666842,0.13498043413892302,0.044993478046307676,-0.12692685144850108,-0.0924895729388775,0.03291419987732941
signal_month,2026-05,all,author_net_shift,3,5D,all,0,4,0.25,0.25,0.04558726080970055,0.6993581574175981,-0.02284352391573896,-0.025537894329699995,0.03425541266712995,-0.04187650277669527,0.8180103493788755,0.2726701164596252,-0.026251019921981034,-0.025537894329699995,0.11917333320938671
signal_month,2026-05,all,author_net_shift,30,1D,all,0,18,0.5555555555555556,0.6111111111111112,0.3861904160223791,0.7969475342783638,0.01131283371058204,0.0043686381035341615,0.026870910473066622,-0.008134762242523685,3.3032201399324896,4.129025174915612,0.01039115483200691,0.004246294517835425,3.637651382825104
signal_month,2026-05,all,author_net_shift,30,20D,all,0,18,0.4444444444444444,0.4444444444444444,0.24559518127005633,0.6628358435795723,-0.0032389598786670506,-0.014291595914644128,0.1494907798322836,-0.12542275164742758,1.1918952332708581,0.9535161866166865,-0.009337425085171831,-0.013367681853542701,0.869028892457475
signal_month,2026-05,all,author_net_shift,30,5D,all,0,18,0.6111111111111112,0.4444444444444444,0.24559518127005633,0.6628358435795723,0.017206746711914935,0.015254491831014239,0.04664239062543902,-0.029049265152194335,1.60563065471953,2.523133885987833,0.009443390041443777,-0.00696219992218744,1.6241028657221328
signal_month,2026-05,all,author_net_shift,7,1D,all,0,11,0.2727272727272727,0.09090909090909091,0.016232172885884855,0.37735843645159567,-0.01857696438276464,-0.005842708146477582,0.002984676683122004,-0.026662579782472134,0.11194253172320999,0.041978449396203744,-0.01955816228844077,-0.008283106514686223,0.023499835642462028
signal_month,2026-05,all,author_net_shift,7,20D,all,0,11,0.36363636363636365,0.45454545454545453,0.21271271622459764,0.719908462590678,-0.01999595923708615,-0.016956857127114477,0.15986122076255002,-0.12277149066544968,1.3021037693365576,0.7440592967637472,-0.009477715898806516,-0.012305105224679425,0.8617492044947768
signal_month,2026-05,all,author_net_shift,7,5D,all,0,11,0.36363636363636365,0.18181818181818182,0.05136768974608513,0.4769805619608442,-0.044491468092293984,-0.016447757661814943,0.03475559173669124,-0.08977550228028554,0.38713892825886725,0.22122224471935273,-0.04365798793661204,-0.011129530404234034,0.19135148162008295
signal_month,2026-05,all,author_net_shift,90,1D,all,0,25,0.48,0.4,0.23403302377747973,0.5926054264103301,0.0033955086832369117,-0.0009605455898951121,0.02412949612504529,-0.01574355664766313,1.5326585132608466,1.4147617045484737,0.002161174401608168,-0.004027644574330025,1.2492252921167313
signal_month,2026-05,all,author_net_shift,90,20D,all,0,25,0.56,0.64,0.44518497748164865,0.7975211922554178,0.02215172586047717,0.015178449336797462,0.1430110317088358,-0.13166920885561564,1.0861387635863846,1.3823584263826711,0.03144012825769605,0.007087514305710418,1.6362315970692245
signal_month,2026-05,all,author_net_shift,90,5D,all,0,25,0.56,0.52,0.3349851695035678,0.6996871404588704,0.0038414970380238646,0.003244322435737468,0.06103277688926155,-0.0689474045908241,0.8852077500446497,1.1266280455113724,0.004780645752132484,0.0005878427475836112,1.1820257180720761
signal_month,2026-05,all,high_low_divergence,1,1D,all,0,1,1.0,1.0,0.20654931437723745,1.0,0.004034260600989215,0.004034260600989215,0.004034260600989215,,,,0.011564401553266657,0.011564401553266657,
signal_month,2026-05,all,high_low_divergence,1,20D,all,0,1,0.0,0.0,0.0,0.7934506856227626,-0.41939302406269774,-0.41939302406269774,,-0.41939302406269774,,,-0.41225706016387886,-0.41225706016387886,
signal_month,2026-05,all,high_low_divergence,1,5D,all,0,1,0.0,0.0,0.0,0.7934506856227626,-0.2632201971549277,-0.2632201971549277,,-0.2632201971549277,,,-0.24317153667729374,-0.24317153667729374,
signal_month,2026-05,all,high_low_divergence,3,1D,all,0,5,0.6,0.6,0.2307242812760128,0.882379225767352,0.01886681428682937,0.004034260600989215,0.038667479470140965,-0.010834183488138027,3.569025714995196,5.353538572492794,0.01959327994031266,0.006359616390953282,5.82331594633864
signal_month,2026-05,all,high_low_divergence,3,20D,all,0,5,0.2,0.2,0.03622410863243014,0.6244653702374747,-0.04801848039493337,-0.045619360823003774,0.27727104737970265,-0.12934086233859238,2.143723509851467,0.5359308774628667,-0.03883650265494689,-0.018868346896646848,0.5849813070202295
signal_month,2026-05,all,high_low_divergence,3,5D,all,0,5,0.6,0.4,0.11762077423264783,0.769275718723987,-0.017007144750496427,0.00205703730654061,0.06220562920087702,-0.1358263056775566,0.45797924702854986,0.6869688705428248,-0.01369993491314192,-0.0005792587455539788,0.7203194033645832
signal_month,2026-05,all,high_low_divergence,30,1D,all,0,3,1.0,1.0,0.4385029682449546,1.0,0.0387025023420573,0.029113924050633067,0.0387025023420573,,,,0.03480295396217673,0.025244007559357406,
signal_month,2026-05,all,high_low_divergence,30,20D,all,0,3,0.3333333333333333,0.3333333333333333,0.06149194472039621,0.7923403991979522,-0.02355502534747526,-0.04738154613466328,0.044303797468354444,-0.05748443675539011,0.7707094296996871,0.38535471484984357,-0.02224103312826557,-0.04759867487843772,0.37796373287158397
signal_month,2026-05,all,high_low_divergence,30,5D,all,0,3,0.6666666666666666,0.6666666666666666,0.2076596008020477,0.9385080552796037,0.03202282838044679,0.017273330435379375,0.05404690079851826,-0.012025316455696156,4.494426487455747,8.988852974911493,0.031071333219158375,0.014884914253859849,6.93013021082072
signal_month,2026-05,all,high_low_divergence,7,1D,all,0,4,0.25,0.25,0.04558726080970055,0.6993581574175981,0.000844680084422289,-0.012789052372207843,0.04989545324094968,-0.015505577634420176,3.217903545249993,1.072634515083331,0.0012919321679425166,-0.011384365543439967,1.1231679668746564
signal_month,2026-05,all,high_low_divergence,7,20D,all,0,4,0.5,0.5,0.15003898915214947,0.8499610108478506,0.17417786493968773,0.00024712931409065497,0.3849898250627154,-0.03663409518333993,10.509057836313016,10.509057836313016,0.17041941330163946,0.003923675635387314,19.858030137412783
signal_month,2026-05,all,high_low_divergence,7,5D,all,0,4,0.75,0.75,0.30064184258240184,0.9544127391902995,0.09914868695655618,0.06327469690856075,0.14361672016445157,-0.03425541266712995,4.192526347880203,12.57757904364061,0.10115529704893747,0.06940734456125502,29.480907022149253
signal_month,2026-05,all,high_low_divergence,90,1D,all,0,1,1.0,1.0,0.20654931437723745,1.0,0.01207764198418404,0.01207764198418404,0.01207764198418404,,,,0.013828242480865893,0.013828242480865893,
signal_month,2026-05,all,high_low_divergence,90,20D,all,0,1,0.0,0.0,0.0,0.7934506856227626,-0.014557872034507646,-0.014557872034507646,,-0.014557872034507646,,,-0.014340743290733204,-0.014340743290733204,
signal_month,2026-05,all,high_low_divergence,90,5D,all,0,1,0.0,0.0,0.0,0.7934506856227626,-0.015348670021567257,-0.015348670021567257,,-0.015348670021567257,,,-0.01296025384004773,-0.01296025384004773,
signal_month,2026-05,all,weighted_net,1,1D,all,0,39,0.48717948717948717,0.5128205128205128,0.36199362884457964,0.6613482467013799,0.010244114564491967,-0.0006369944703459307,0.04398518874466071,-0.021809905906668342,2.016752797232945,1.915915157371298,0.009189550467189224,0.00013030279119674582,1.8383186169322376
signal_month,2026-05,all,weighted_net,1,20D,all,0,39,0.358974358974359,0.358974358974359,0.22742085458992867,0.5158185144045146,-0.01727390273242995,-0.041676031845551464,0.22681491877628357,-0.15396364277730953,1.4731719429654242,0.8249762880606375,-0.012734452662803979,-0.01740734755130291,0.8634939622958517
signal_month,2026-05,all,weighted_net,1,5D,all,0,39,0.4358974358974359,0.41025641025641024,0.27079310000725176,0.5658137711710304,0.008835447042518178,-0.03425541266712995,0.1272466644370199,-0.08266413003505134,1.5393214007461837,1.189475627849324,0.008950185848677555,-0.03372944918175247,1.2144970120144478
signal_month,2026-05,all,weighted_net,3,1D,all,0,94,0.574468085106383,0.5425531914893617,0.44215447666238733,0.6396104530149279,0.009984103758131337,0.006104648777990329,0.033182220009781736,-0.0213333531815967,1.5554151158199785,2.099810406356971,0.007783370881701599,0.004770736797665598,1.8224218383394997
signal_month,2026-05,all,weighted_net,3,20D,all,0,94,0.4787234042553192,0.46808510638297873,0.3704589402235772,0.5682173625184362,0.02343632545933398,-0.009118610426767038,0.19432002371935728,-0.13349768314680988,1.4556059636305445,1.3367809870076428,0.02241715587901585,-0.006917498828027446,1.333514565545613
signal_month,2026-05,all,weighted_net,3,5D,all,0,94,0.5851063829787234,0.5212765957446809,0.42145414630705824,0.6194283185315994,0.030022910429649635,0.01077690412731036,0.1059771967092582,-0.07709210868261886,1.3746828115126102,1.9386552470049634,0.022539513592852164,0.004735046672510568,1.688374356371133
signal_month,2026-05,all,weighted_net,30,1D,all,0,74,0.6486486486486487,0.6351351351351351,0.5213181349836578,0.7356143570713729,0.005953181690675182,0.0060262171177634105,0.02874899993114415,-0.0361314058301906,0.7956789743044573,1.4689457987159211,0.004550389263504774,0.004223366271740137,1.3582845119961446
signal_month,2026-05,all,weighted_net,30,20D,all,0,74,0.4864864864864865,0.4864864864864865,0.3761178964834877,0.5981888543110093,-0.020227138289396505,-0.008289506686203874,0.13969038819804555,-0.1717279528564469,0.813440012965259,0.7706273807039297,-0.024979422788381556,-0.01362419596242781,0.7145573895503631
signal_month,2026-05,all,weighted_net,30,5D,all,0,74,0.43243243243243246,0.40540540540540543,0.3009056446255579,0.5192416109359206,0.03634409061789101,-0.007715523138455527,0.1644375649391525,-0.06125093743640346,2.6846538489290417,2.045450551564984,0.024398335452323054,-0.016011217510450537,1.6030207817803905
signal_month,2026-05,all,weighted_net,7,1D,all,0,101,0.49504950495049505,0.48514851485148514,0.39002463169250473,0.5813607340421444,-0.00019591975104301147,-0.00016934632319243192,0.02630812319057928,-0.02618027557616291,1.0048833563284865,0.9851797611063592,-0.0017514982640909162,-0.0008743103358496152,0.8730831559802853
signal_month,2026-05,all,weighted_net,7,20D,all,0,101,0.49504950495049505,0.4752475247524752,0.3805587865183585,0.5717501563727235,-0.001957602006997971,-0.0024656828469437064,0.1576435428235908,-0.15842931262522228,0.9950402498842479,0.9755296567492626,-0.0036338597519271253,-0.01740734755130291,0.9535757536307535
signal_month,2026-05,all,weighted_net,7,5D,all,0,101,0.5445544554455446,0.48514851485148514,0.39002463169250473,0.5813607340421444,0.027436184025858706,0.005108940646130766,0.10876751678789166,-0.06980780079831113,1.5580997473640954,1.8629453501092443,0.020388537851933137,-0.0045905439363449485,1.6139388251688702
signal_month,2026-05,all,weighted_net,90,1D,all,0,61,0.5409836065573771,0.5409836065573771,0.41724048130756475,0.6598706770614424,0.013927098454622776,0.003320357224639192,0.04652878157059308,-0.024496313789199368,1.8994197237589279,2.2386018172873077,0.012583440835448306,0.003879700928027141,2.073659091463178
signal_month,2026-05,all,weighted_net,90,20D,all,0,61,0.4426229508196721,0.45901639344262296,0.3401293229385576,0.5827595186924353,-0.03260112034826129,-0.025626477541371262,0.14100760975710497,-0.1704668766084051,0.8271848030689641,0.6568820494959421,-0.03364890697822009,-0.02101651462703058,0.6376851392904308
signal_month,2026-05,all,weighted_net,90,5D,all,0,61,0.5245901639344263,0.5245901639344263,0.40157156924985693,0.6446951257715474,0.05182167872787705,0.0060606060606061,0.16209993972346354,-0.06986467823277011,2.320198758854805,2.5602193201156473,0.043096384991467465,0.00502057141276091,2.1859566305720537
signal_month,2026-06,all,author_net,1,1D,all,0,43,0.3953488372093023,0.37209302325581395,0.24376339009650572,0.5214019084031153,-0.01330952012574875,-0.011021745606196065,0.026411971740110868,-0.03928126480727235,0.672380888693306,0.439633657991777,-0.010941674740389977,-0.009382757050231838,0.4902284812133417
signal_month,2026-06,all,author_net,1,20D,all,0,17,0.058823529411764705,0.0625,0.01111934476464252,0.28328737570298945,-0.11278243524437445,-0.11926676017908255,0.20125331405157865,-0.13240966957537154,1.5199291312861352,0.09499557070538345,-0.11427607911808355,-0.11805387335538031,0.10345479946716578
signal_month,2026-06,all,author_net,1,5D,all,0,43,0.2558139534883721,0.24390243902439024,0.13825002738090333,0.39343336222575687,-0.05720852063933642,-0.07763082231167351,0.10415772573996208,-0.11267816783222029,0.9243824934663005,0.3177564821290408,-0.04479385077121668,-0.05451163483093602,0.3705909924207522
signal_month,2026-06,all,author_net,3,1D,all,0,63,0.31746031746031744,0.31746031746031744,0.21586686653519657,0.4400353174416858,-0.007812198003169168,-0.014652014652014711,0.03840197580955574,-0.029307162567227263,1.3103273208884012,0.6094545678550704,-0.006325724314116875,-0.008593573607346139,0.6403192240559611
signal_month,2026-06,all,author_net,3,20D,all,0,30,0.2,0.25,0.12676494919293316,0.4335567031899896,-0.07451134371656658,-0.060992021667744645,0.10417349506334062,-0.11918255341154338,0.8740666488628103,0.21851666221570257,-0.07720899169252862,-0.07384920843609127,0.2167070267203549
signal_month,2026-06,all,author_net,3,5D,all,0,63,0.3968253968253968,0.36507936507936506,0.25715392865036535,0.4885129029847216,-0.031539231661708786,-0.03529092835842962,0.0739346096116926,-0.10092991670999918,0.732534138754202,0.48193035444355403,-0.025203716744730393,-0.01595049688736061,0.5231295794880919
signal_month,2026-06,all,author_net,30,1D,all,0,70,0.35714285714285715,0.4142857142857143,0.30630178568736466,0.5311878821543955,-0.004124321748691593,-0.0040982676859485645,0.027732112027126065,-0.02231830279742189,1.2425726220691635,0.7060071716302065,-0.0030373403203328136,-0.005148278526244832,0.7592430818448529
signal_month,2026-06,all,author_net,30,20D,all,0,30,0.2,0.20689655172413793,0.09846070197841039,0.38390090403867905,-0.1283906040877521,-0.11757085941946505,0.09912916101188429,-0.1852705453626612,0.5350508404767855,0.13376271011919638,-0.12667572936913785,-0.09016018385541347,0.13604202943868923
signal_month,2026-06,all,author_net,30,5D,all,0,70,0.45714285714285713,0.45714285714285713,0.3457274259756359,0.5730174079452441,-0.022686678227408053,-0.011407118393207405,0.05878288886543797,-0.09129262946348893,0.643895232406985,0.542227564132198,-0.02055977750516014,-0.00827008049094613,0.5336130428770629
signal_month,2026-06,all,author_net,7,1D,all,0,79,0.25316455696202533,0.27848101265822783,0.19168173561099117,0.38582449740024033,-0.01646967701241982,-0.014652014652014711,0.030540864194591295,-0.03240545369276257,0.9424606266633535,0.3194781785299503,-0.015212715140865871,-0.009803744151206106,0.3204118909584137
signal_month,2026-06,all,author_net,7,20D,all,0,36,0.3333333333333333,0.2777777777777778,0.1584833794013461,0.43992489997397105,-0.06634802571872571,-0.059837360324853484,0.1517697603465595,-0.1754069187513683,0.8652438651048113,0.43262193255240566,-0.06580526198352346,-0.05165285357380184,0.4375772914235345
signal_month,2026-06,all,author_net,7,5D,all,0,79,0.4050632911392405,0.4050632911392405,0.3036627826338571,0.5152684600852422,-0.026247149257408287,-0.02029760796329838,0.06630186330477564,-0.08925924291676754,0.7428010941858514,0.5057369151903669,-0.02139887441340331,-0.02165181642481484,0.5481276646608048
signal_month,2026-06,all,author_net,90,1D,all,0,42,0.38095238095238093,0.42857142857142855,0.2911765117618606,0.5779376012189541,-0.004461223712836872,-0.003627652924269753,0.026876635059532153,-0.024695902275666523,1.0883034261928692,0.6965141927634363,-0.0011852887266921152,-0.0027597619862721467,0.9015225269252062
signal_month,2026-06,all,author_net,90,20D,all,0,19,0.21052631578947367,0.21052631578947367,0.08507676632916253,0.43334278443814167,-0.0948449510975956,-0.06427383172858803,0.08505823400857437,-0.14281913379257424,0.5955660964315196,0.15881762571507188,-0.09528183530409459,-0.04793141927722622,0.15176895006764185
signal_month,2026-06,all,author_net,90,5D,all,0,42,0.4523809523809524,0.4523809523809524,0.31223393233454466,0.6005088096526652,0.0037596396657017263,-0.0026224750675479247,0.07507800319632506,-0.0551555302074219,1.361205357177807,1.1244739907121015,0.007475676168565241,-0.008328170652781686,1.3118826408321183
signal_month,2026-06,all,author_net_shift,1,1D,all,0,2,0.5,0.5,0.09453120573423074,0.9054687942657693,0.015635646230717615,0.015635646230717615,0.045960758218500763,-0.014689465757065534,3.1288243547178665,3.1288243547178665,0.019183627875886622,0.019183627875886622,5.454245879028208
signal_month,2026-06,all,author_net_shift,1,5D,all,0,2,1.0,,,,0.1253247841186454,0.1253247841186454,0.1253247841186454,,,,,,
signal_month,2026-06,all,author_net_shift,3,1D,all,0,2,1.0,1.0,0.34238022750665303,1.0,0.01599435512755948,0.01599435512755948,0.01599435512755948,,,,0.013379006253524783,0.013379006253524783,
signal_month,2026-06,all,author_net_shift,3,20D,all,0,1,0.0,0.0,0.0,0.7934506856227626,-0.08917510109628102,-0.08917510109628102,,-0.08917510109628102,,,-0.07944235279153422,-0.07944235279153422,
signal_month,2026-06,all,author_net_shift,3,5D,all,0,2,0.0,0.0,0.0,0.6576197724933469,-0.14240955974006492,-0.14240955974006492,,-0.14240955974006492,,,-0.12060878581169648,-0.12060878581169648,
signal_month,2026-06,all,author_net_shift,30,1D,all,0,35,0.7142857142857143,0.6857142857142857,0.5202023638793081,0.8144915532573418,0.012698717005624305,0.01109339249809338,0.026785812937797814,-0.022519022824809463,1.1894749228766526,2.9736873071916308,0.008871216926837094,0.007738175399695679,2.372168061966329
signal_month,2026-06,all,author_net_shift,30,20D,all,0,18,0.5555555555555556,0.6875,0.44404355834740666,0.8583535614521796,0.02771512406403612,0.003600580568496381,0.18770014952728792,-0.17226615776502863,1.0895938701048367,1.3619923376310459,0.05594154557351091,0.028286718070284267,1.8539605427035368
signal_month,2026-06,all,author_net_shift,30,5D,all,0,35,0.5142857142857142,0.6176470588235294,0.450410173444307,0.7609981667549109,-0.00035741224575549195,0.003799574832385688,0.06502763229662196,-0.06958863587886104,0.9344576377358682,0.9894257340732722,0.004066232535143511,0.00750615223842932,1.157685127728848
signal_month,2026-06,all,author_net_shift,7,1D,all,0,25,0.4,0.36,0.20247880774458224,0.5548150225183514,-0.02055002983402665,-0.011941724385001296,0.022970621578445115,-0.04956379744234116,0.46345564229955194,0.30897042819970133,-0.019443729080097075,-0.009527503868146159,0.2708945080185366
signal_month,2026-06,all,author_net_shift,7,20D,all,0,12,0.4166666666666667,0.45454545454545453,0.21271271622459764,0.719908462590678,-0.003044262144476099,-0.02354036045533614,0.151243489412409,-0.11324979897082259,1.3354857208300654,0.9539183720214752,0.010314733683413967,-0.021584896417723765,1.165053760475035
signal_month,2026-06,all,author_net_shift,7,5D,all,0,25,0.28,0.3333333333333333,0.1797219032729775,0.5329368316186824,-0.0455684310275603,-0.07763082231167351,0.09856896723269326,-0.10162186368432558,0.969958271370463,0.3772059944218467,-0.03420115404042246,-0.05237614712179911,0.425410880720435
signal_month,2026-06,all,author_net_shift,90,1D,all,0,28,0.5357142857142857,0.5714285714285714,0.3907078562746876,0.734914528758763,-0.001619267593941372,0.003965576305988705,0.021719774988738626,-0.028548932112418293,0.7607911533507378,0.8778359461739281,-0.0020525408086045876,0.0026920385600442964,0.8327075173406453
signal_month,2026-06,all,author_net_shift,90,20D,all,0,13,0.6153846153846154,0.6153846153846154,0.355228915126657,0.8229029220223743,-0.01209429709614061,0.04699985110923621,0.09300951553552558,-0.1802603973068065,0.5159730973921115,0.8255569558273783,-0.009506414151795702,0.011062093822886698,0.859646748403676
signal_month,2026-06,all,author_net_shift,90,5D,all,0,28,0.42857142857142855,0.37037037037037035,0.21532512960965597,0.5577076558789761,-0.02911807840977328,-0.012803459561432973,0.04658335451981416,-0.08589415310696386,0.5423344061825021,0.4067508046368766,-0.018537462165000067,-0.011876303183254944,0.5357742883029037
signal_month,2026-06,all,high_low_divergence,1,1D,all,0,2,0.0,0.0,0.0,0.6576197724933469,-0.01643311689996474,-0.01643311689996474,,-0.01643311689996474,,,-0.01813650437995934,-0.01813650437995934,
signal_month,2026-06,all,high_low_divergence,1,5D,all,0,2,0.5,1.0,0.20654931437723745,1.0,-0.0010116488319218964,-0.0010116488319218964,0.03834367481322032,-0.04036697247706411,0.9498773987820514,0.9498773987820514,0.01332026970421929,0.01332026970421929,
signal_month,2026-06,all,high_low_divergence,3,1D,all,0,13,0.23076923076923078,0.3076923076923077,0.12680703655710515,0.5763065681945096,-0.0039038800193321307,-0.008410185024070538,0.039071535336314724,-0.016796504626026186,2.3261706055064204,0.6978511816519261,-0.002856873449515949,-0.003793751126657474,0.7462739927071682
signal_month,2026-06,all,high_low_divergence,3,20D,all,0,5,0.2,0.25,0.04558726080970055,0.6993581574175981,-0.019620860177265432,-0.031108935661064874,0.03581975900639012,-0.03348101497317932,1.069852841530769,0.2674632103826923,-0.0029979976537855557,-0.018824163597489507,0.7975462099859361
signal_month,2026-06,all,high_low_divergence,3,5D,all,0,13,0.46153846153846156,0.5,0.2537815976337061,0.7462184023662939,0.0021464982146926622,-0.023741554857740987,0.09829255926663677,-0.0802644112584023,1.2246094841485209,1.0496652721273037,0.014984370048779552,-0.0018282578813051398,1.5703086493300233
signal_month,2026-06,all,high_low_divergence,30,1D,all,0,23,0.391304347826087,0.34782608695652173,0.1881127593879773,0.55109664622737,-0.005658051798355222,-0.006373453625862835,0.019869353107370098,-0.022068526380607214,0.9003479781427705,0.5787951288060668,-0.004520793232004272,-0.0050773520410269946,0.6064458436120305
signal_month,2026-06,all,high_low_divergence,30,20D,all,0,7,0.14285714285714285,0.5,0.1876163064826506,0.8123836935173494,-0.016598819044320035,-0.006543885726715715,0.10934121621621617,-0.03758882492107607,2.908875615180737,0.48481260253012287,-0.0025820385236414167,-0.0005238849116838695,0.8951010461365833
signal_month,2026-06,all,high_low_divergence,30,5D,all,0,23,0.43478260869565216,0.4090909090909091,0.2325581619647187,0.6126518152368488,-0.014981209934138805,-0.01772457058323962,0.06320590619302438,-0.07512514541657202,0.8413415487257301,0.6471858067120999,-0.00533992566440191,-0.01178156627066751,0.8187292794877321
signal_month,2026-06,all,high_low_divergence,7,1D,all,0,20,0.55,0.5,0.2992980081982123,0.7007019918017877,0.0006484955140122651,0.0037814559556743066,0.029989066171613777,-0.035212201956389584,0.8516668798149949,1.0409261864405495,0.0010327678479370383,-0.0003589187376717984,1.069853806536094
signal_month,2026-06,all,high_low_divergence,7,20D,all,0,6,0.16666666666666666,0.2,0.03622410863243014,0.6244653702374747,-0.01592663314941023,-0.031213290191767717,0.09026355047240187,-0.03716466987377265,2.428746193063898,0.48574923861277963,-0.004432640708042857,-0.021376187356318077,0.7814274659571088
signal_month,2026-06,all,high_low_divergence,7,5D,all,0,20,0.55,0.55,0.34208534245034233,0.7418021417443759,0.0514596473478028,0.037315042839141055,0.1346458517502553,-0.05021238025519476,2.681526967372263,3.277421849010544,0.049936413710921536,0.020425497147549154,4.259812077586898
signal_month,2026-06,all,high_low_divergence,90,1D,all,0,17,0.5882352941176471,0.5294117647058824,0.30963235060004424,0.7383489355759056,-0.0016957795124482916,0.0018174431781736722,0.015775045408195354,-0.026654100827653498,0.5918430904946838,0.8454901292781196,-0.0021533513844167397,0.002258844340915056,0.8048819711912132
signal_month,2026-06,all,high_low_divergence,90,20D,all,0,1,0.0,0.0,0.0,0.7934506856227626,-0.01878716998034191,-0.01878716998034191,,-0.01878716998034191,,,-0.009054421675595115,-0.009054421675595115,
signal_month,2026-06,all,high_low_divergence,90,5D,all,0,17,0.5294117647058824,0.4117647058823529,0.2161105679021481,0.6399455735700021,-0.024559272064485573,0.005232558139534937,0.03371436133974158,-0.09011710964424112,0.3741172067417286,0.4208818575844447,-0.025012581946737847,-0.004989442394349286,0.35949488556564346
signal_month,2026-06,all,weighted_net,1,1D,all,0,45,0.37777777777777777,0.35555555555555557,0.23219082604215874,0.5016418580362314,-0.0149634877859826,-0.014652014652014711,0.026513910648886953,-0.040146193978581976,0.6604339794460253,0.4009777732350868,-0.01223615162397768,-0.010340120420801013,0.45525806420965587
signal_month,2026-06,all,weighted_net,1,20D,all,0,19,0.05263157894736842,0.05555555555555555,0.009875190978303097,0.25757300781872594,-0.10303535621769135,-0.11868260837673295,0.20125331405157865,-0.11994028234376192,1.677945975437716,0.09321922085765089,-0.10506867211615506,-0.10593710389985345,0.10036335185023991
signal_month,2026-06,all,weighted_net,1,5D,all,0,45,0.28888888888888886,0.27906976744186046,0.16746613786237488,0.42691028681878873,-0.0502223264418049,-0.07471679922872987,0.10320719741352787,-0.11255307050803384,0.9169647433666513,0.3725169269927021,-0.03869282301880894,-0.05260741720267248,0.42979690431224604
signal_month,2026-06,all,weighted_net,3,1D,all,0,68,0.3088235294117647,0.3088235294117647,0.21172386467551985,0.42636811693509546,-0.012436913403116787,-0.012583198327802803,0.03118495454973713,-0.03192753525439194,0.9767416839809876,0.43641649709788805,-0.010237649322644598,-0.00863689553591962,0.47151674265400606
signal_month,2026-06,all,weighted_net,3,20D,all,0,32,0.21875,0.23333333333333334,0.11792388144489496,0.40928326158122164,-0.09262685070554819,-0.08993352544317718,0.0944086756266334,-0.14499679807855903,0.6511086925897697,0.18231043392513555,-0.09658058528953838,-0.09694836652274164,0.18089315889562899
signal_month,2026-06,all,weighted_net,3,5D,all,0,68,0.38235294117647056,0.3880597014925373,0.28049048016711003,0.5077691032787037,-0.03737645215039877,-0.03341674602792116,0.06947116140464192,-0.10352021292256681,0.6710878913725419,0.41543536132585923,-0.02927996531619113,-0.02165181642481484,0.45846702238771925
signal_month,2026-06,all,weighted_net,30,1D,all,0,72,0.3472222222222222,0.4166666666666667,0.3098521747473985,0.5319230206853446,-0.008718504693594432,-0.0054255327830806666,0.0257332975385732,-0.027043931412832532,0.9515368585191194,0.506136626871872,-0.007063972307097478,-0.005148278526244832,0.5553203812437678
signal_month,2026-06,all,weighted_net,30,20D,all,0,28,0.35714285714285715,0.35714285714285715,0.2070582950773768,0.5416969348557219,-0.08919922793069136,-0.0877643279227927,0.10603384697653953,-0.1976620473235974,0.5364400926342168,0.29802227368567596,-0.08970021629903457,-0.08489577769934503,0.29385781080534007
signal_month,2026-06,all,weighted_net,30,5D,all,0,72,0.4444444444444444,0.4507042253521127,0.34047961174824115,0.5659893412852551,-0.02636201238055929,-0.011407118393207405,0.04934727755845732,-0.08692944433177258,0.5676704589312664,0.45413636714501315,-0.021252042237889634,-0.009765686617008495,0.49393113236501374
signal_month,2026-06,all,weighted_net,7,1D,all,0,73,0.3013698630136986,0.3287671232876712,0.23194485864699999,0.44270993859811325,-0.014146466135519852,-0.01143774113148266,0.02987432502040235,-0.03313582702630982,0.9015717337213934,0.38891329689942467,-0.012552059125733872,-0.0069828585406080945,0.4109678142192897
signal_month,2026-06,all,weighted_net,7,20D,all,0,33,0.36363636363636365,0.3333333333333333,0.19750227679220683,0.5039210557219438,-0.06893268938079866,-0.07077956783996331,0.15375152705851053,-0.1961808130604039,0.7837235693949874,0.44784203965427855,-0.0670191968144782,-0.0818065570684775,0.45829232389182506
signal_month,2026-06,all,weighted_net,7,5D,all,0,73,0.3972602739726027,0.3972602739726027,0.29286701857646835,0.5119258597705996,-0.024878409443621397,-0.02004869709371604,0.06562645934353845,-0.08452934568970404,0.7763748649426961,0.5117016155304134,-0.018497734768251197,-0.01332026970421929,0.5753718016101109
signal_month,2026-06,all,weighted_net,90,1D,all,0,38,0.39473684210526316,0.47368421052631576,0.32479023322526057,0.6274102861550331,0.0018629503501780655,-0.0023043066979615556,0.03709709917455509,-0.022075653377798175,1.6804530556664843,1.1457634470453302,0.00492448792119508,-0.001636452380809672,1.4594823174270544
signal_month,2026-06,all,weighted_net,90,20D,all,0,20,0.4,0.4,0.21880653237281705,0.6134184992377469,-0.07059118760102293,-0.05884797387374535,0.10619147404234025,-0.18844629536326507,0.5635105420227898,0.3756736946818599,-0.07198010139257331,-0.057889531275396866,0.3602206301950487
signal_month,2026-06,all,weighted_net,90,5D,all,0,38,0.4473684210526316,0.3684210526315789,0.23384219247155955,0.5271604044299099,-0.019756954398292604,-0.0026224750675479247,0.05763880262577089,-0.08241066246539162,0.6994095290761231,0.5661886663949568,-0.016010220235888075,-0.011609364045830295,0.5962396227724847
signal_month,2026-07,all,author_net,1,1D,all,0,37,0.43243243243243246,0.4411764705882353,0.2888348224624216,0.6054610074379694,-0.013063977023347766,-0.008313990293310702,0.018643699219747956,-0.03722220654189688,0.5008757124262052,0.3816195904199658,-0.013048805568049897,-0.005861949008521106,0.37078828991660645
signal_month,2026-07,all,author_net,1,5D,all,0,5,0.4,,,,-0.02921529796765998,-0.05968953430145196,0.05688063875360483,-0.08661258911516985,0.6567248402881702,0.43781656019211346,,,
signal_month,2026-07,all,author_net,3,1D,all,0,46,0.34782608695652173,0.35555555555555557,0.23219082604215874,0.5016418580362314,-0.015405208376027013,-0.008419575728388695,0.022077323088869096,-0.035395891823971605,0.6237255780603723,0.33265364163219857,-0.015421798184561896,-0.006119934824002415,0.3381242087227616
signal_month,2026-07,all,author_net,3,5D,all,0,2,0.5,,,,-0.010183219659774256,-0.010183219659774256,0.03932309498190345,-0.05968953430145196,0.6587937976414553,0.6587937976414553,,,
signal_month,2026-07,all,author_net,30,1D,all,0,35,0.42857142857142855,0.4411764705882353,0.2888348224624216,0.6054610074379694,-0.009780335118097058,-0.0017182130584192379,0.02408536834691253,-0.03517961271685425,0.6846399515755168,0.5134799636816376,-0.011438222300541217,-0.002794295076094744,0.4435883511873323
signal_month,2026-07,all,author_net,30,5D,all,0,2,0.5,1.0,0.20654931437723745,1.0,0.024611266803734155,0.024611266803734155,0.05442566599828136,-0.005203132390813048,10.46017320150809,10.46017320150809,0.04451129618292149,0.04451129618292149,
signal_month,2026-07,all,author_net,7,1D,all,0,43,0.32558139534883723,0.3170731707317073,0.19564613898988575,0.4698419964434429,-0.015078912801475323,-0.011862787668258878,0.025489952438673684,-0.03466388222775415,0.7353461528398795,0.35499469447442455,-0.017016347786401823,-0.013749885049171517,0.29608344858988533
signal_month,2026-07,all,author_net,7,5D,all,0,2,0.5,,,,0.0170599812955452,0.0170599812955452,0.03932309498190345,-0.005203132390813048,7.557581093138162,7.557581093138162,,,
signal_month,2026-07,all,author_net,90,1D,all,0,27,0.6296296296296297,0.5925925925925926,0.4072670096806468,0.7548524292560443,0.00914480199600767,0.009213820731096778,0.029041872286323007,-0.0246802174975284,1.176726756530059,2.0004354861011002,0.009037023282036257,0.010324242414079254,1.9630865442372312
signal_month,2026-07,all,author_net,90,5D,all,0,1,0.0,,,,-0.05968953430145196,-0.05968953430145196,,-0.05968953430145196,,,,,
signal_month,2026-07,all,author_net_shift,1,1D,all,0,6,0.16666666666666666,0.0,0.0,0.4898908364545973,-0.020514156276063417,-0.012521297245653484,0.005812159242876369,-0.025779419379851377,0.22545733700344794,0.04509146740068959,-0.025171626808801695,-0.011733373370231281,
signal_month,2026-07,all,author_net_shift,1,5D,all,0,3,0.6666666666666666,1.0,0.20654931437723745,1.0,0.02027809903383948,0.08507355210369316,0.08562073730050102,-0.11040717749948359,0.7754997386913681,1.5509994773827362,0.07396810057749803,0.07396810057749803,
signal_month,2026-07,all,author_net_shift,3,1D,all,0,13,0.6923076923076923,0.7,0.39677814746114537,0.8922087325936989,0.010532313688174585,0.005321839778222981,0.021999446423661757,-0.015268734966671554,1.4408165752881252,3.241837294398282,0.018047013156947712,0.012858136716242807,7.938417558244081
signal_month,2026-07,all,author_net_shift,3,5D,all,0,6,0.5,0.5,0.09453120573423074,0.9054687942657693,-0.012513653535167202,-0.009345054370045291,0.042929579769917216,-0.06795688684025163,0.6317178694608704,0.6317178694608704,-0.01394546065628166,-0.01394546065628166,0.6229331144803241
signal_month,2026-07,all,author_net_shift,30,1D,all,0,15,0.6,0.6,0.357468301206246,0.8017550385865841,0.00470073867597874,0.005354843082762795,0.026748498451251466,-0.028370900986930347,0.9428145571962527,1.4142218357943792,0.004921725533990247,0.00228068424012684,1.4603183290607349
signal_month,2026-07,all,author_net_shift,30,5D,all,0,3,0.0,0.0,5.551115123125783e-17,0.5614970317550454,-0.11144643303637913,-0.11583201637348117,,-0.11144643303637913,,,-0.11475122297483242,-0.11406351693860328,
signal_month,2026-07,all,author_net_shift,7,1D,all,0,5,0.4,0.3333333333333333,0.06149194472039621,0.7923403991979522,-0.01616601604371355,-0.029759392148585917,0.03826134225457556,-0.052450921575906286,0.7294693992974793,0.4863129328649862,-0.03101088166094157,-0.028534212033791695,0.1472603342887458
signal_month,2026-07,all,author_net_shift,7,5D,all,0,2,0.0,,,,-0.04517764981053107,-0.04517764981053107,,-0.04517764981053107,,,,,
signal_month,2026-07,all,author_net_shift,90,1D,all,0,9,0.3333333333333333,0.2222222222222222,0.06322510711784671,0.5474110308930111,-0.02205253840292825,-0.010986874088478649,0.010353939095156361,-0.03825577715197056,0.270650340052575,0.13532517002628752,-0.02226993374187785,-0.014492359772182106,0.13843165333419855
signal_month,2026-07,all,author_net_shift,90,5D,all,0,1,0.0,0.0,0.0,0.7934506856227626,-0.18016528925619846,-0.18016528925619846,,-0.18016528925619846,,,-0.1702509194408386,-0.1702509194408386,
signal_month,2026-07,all,high_low_divergence,1,1D,all,0,6,0.16666666666666666,0.4,0.11762077423264783,0.769275718723987,-0.011500694189119956,-0.01154823289175344,0.003505864354921062,-0.01450200589792816,0.24175030541271053,0.048350061082542105,-0.009451163569252685,-0.005603963193039796,0.05727518849575314
signal_month,2026-07,all,high_low_divergence,1,5D,all,0,1,0.0,,,,-0.015156932210918628,-0.015156932210918628,,-0.015156932210918628,,,,,
signal_month,2026-07,all,high_low_divergence,3,1D,all,0,12,0.5,0.5454545454545454,0.280091537409322,0.7872872837754024,-0.0015308531595169816,-0.0018705173633591365,0.02873680676454297,-0.03179851308357693,0.9037154249638406,0.9037154249638405,0.001060652450666575,0.0013320964959364634,1.0705425175494068
signal_month,2026-07,all,high_low_divergence,3,5D,all,0,2,0.0,0.0,0.0,0.7934506856227626,-0.03770949273431323,-0.03770949273431323,,-0.03770949273431323,,,-0.019174281181510322,-0.019174281181510322,
signal_month,2026-07,all,high_low_divergence,30,1D,all,0,11,0.5454545454545454,0.5454545454545454,0.280091537409322,0.7872872837754024,-0.010113647248883306,0.0005763688760807018,0.010260288125173711,-0.03456236969775173,0.29686298176022174,0.3562355781122661,-0.010044944737987328,0.0011611835215692423,0.34862436433225774
signal_month,2026-07,all,high_low_divergence,7,1D,all,0,9,0.4444444444444444,0.4444444444444444,0.18877852109766452,0.733348706504507,-0.012690795684798152,-0.008313990293310702,0.022417373038178562,-0.040777330663179526,0.5497508707312382,0.43980069658499055,-0.01129650592311752,-0.005603963193039796,0.4863429567017507
signal_month,2026-07,all,high_low_divergence,7,5D,all,0,2,0.5,0.5,0.09453120573423074,0.9054687942657693,0.05168171502079377,0.05168171502079377,0.12076921178821998,-0.01740578174663243,6.938453758997966,6.938453758997966,0.04584028039567489,0.04584028039567489,5.781434043001151
signal_month,2026-07,all,high_low_divergence,90,1D,all,0,9,0.5555555555555556,0.5555555555555556,0.26665129349549305,0.8112214789023355,-0.0054096243250754865,0.001187930624851563,0.018898025193383926,-0.035794186223149754,0.5279635378653112,0.659954422331639,-0.005459663178876966,0.002413110739645785,0.6508992981855641
signal_month,2026-07,all,weighted_net,1,1D,all,0,46,0.41304347826086957,0.4318181818181818,0.2968272340851781,0.5777585300637057,-0.011059719028039186,-0.008377482816752768,0.02054691056593457,-0.033301421334909605,0.6169980061600379,0.43418378211261915,-0.011405379326881888,-0.00716600513218657,0.4132755445150254
signal_month,2026-07,all,weighted_net,1,5D,all,0,4,0.5,,,,-0.007915198838468585,-0.015540212012245702,0.05888489724607582,-0.07471529492301299,0.7881237343271028,0.7881237343271028,,,
signal_month,2026-07,all,weighted_net,3,1D,all,0,57,0.38596491228070173,0.36363636363636365,0.2493053153030725,0.4957723850015874,-0.011633718489757609,-0.005364207204146654,0.023292119198941627,-0.03358710217979713,0.6934840366476152,0.4359042516070724,-0.012699193502953964,-0.005603963193039796,0.39959524699460564
signal_month,2026-07,all,weighted_net,3,5D,all,0,3,0.3333333333333333,,,,-0.010850190264398965,-0.05801320372199403,0.0851521672302491,-0.058851369011723,1.4469020629458436,0.7234510314729218,,,
signal_month,2026-07,all,weighted_net,30,1D,all,0,39,0.46153846153846156,0.4473684210526316,0.3014640099805125,0.6029370287800753,-0.005098186584376432,-0.0017338813254560437,0.027155162648670263,-0.03274391449841646,0.8293193732222677,0.7108451770476581,-0.007061579947610013,-0.00408134580860392,0.6126531579144463
signal_month,2026-07,all,weighted_net,30,5D,all,0,2,0.0,0.0,0.0,0.7934506856227626,-0.009825850394770297,-0.009825850394770297,,-0.009825850394770297,,,-0.012680068963849656,-0.012680068963849656,
signal_month,2026-07,all,weighted_net,7,1D,all,0,53,0.3584905660377358,0.3269230769230769,0.21522074458569176,0.4624381063802606,-0.013194372823916964,-0.008313990293310702,0.022836273583690874,-0.0333291458164037,0.6851742828780053,0.3828915110200618,-0.014804864318778484,-0.009635572542878612,0.32539396051944475
signal_month,2026-07,all,weighted_net,7,5D,all,0,1,0.0,,,,-0.005203132390813048,-0.005203132390813048,,-0.005203132390813048,,,,,
signal_month,2026-07,all,weighted_net,90,1D,all,0,31,0.5161290322580645,0.4838709677419355,0.31970251562417307,0.651596045519712,-0.00027706906036338173,0.0006449705732176625,0.020325947955401387,-0.0222536205438458,0.9133771250998747,0.9742689334398663,-0.0008089495240712538,-0.00011075704663809915,0.927476045247404
strength_quartile,Q1,all,author_net,1,1D,all,0,58,0.4827586206896552,0.4827586206896552,0.3592818542405501,0.6083773821659054,-0.0007472473985233606,-0.003366853878648046,0.036742992725744904,-0.035738138181173745,1.028117148673976,0.9595760054290443,-0.0007333050786047991,-0.0011551941441078628,0.9577636600695733
strength_quartile,Q1,all,author_net,1,20D,all,0,42,0.5,0.5,0.3552598959637448,0.6447401040362553,0.02255142421295654,-0.005222372535849451,0.19314252265942516,-0.14803967423351208,1.3046673039469783,1.3046673039469785,0.016653438948144028,-0.0013265598638087517,1.2234527284195549
strength_quartile,Q1,all,author_net,1,5D,all,0,48,0.4166666666666667,0.375,0.25215266760868205,0.5163723648078473,0.006924159731094344,-0.01211172218353912,0.12788807509280714,-0.07947863695584337,1.6090874226222454,1.1493481590158896,0.006143783275048447,-0.019043848444938505,1.1401094179321327
strength_quartile,Q1,all,author_net,1,60D,all,0,21,0.5238095238095238,0.5238095238095238,0.3236953458284443,0.7165599389846583,0.10349462257174424,0.02553296975706476,0.3410739231176698,-0.15784260802877387,2.1608482486268463,2.376933073489531,0.08440187597822033,0.0448912387881546,2.0712106543470843
strength_quartile,Q1,all,author_net,1,90D,all,0,16,0.75,0.6875,0.44404355834740666,0.8583535614521796,0.24330036447622896,0.1720863088835366,0.4067800759056695,-0.24713876981209262,1.645958164374441,4.937874493123323,0.21323110397569933,0.13039680118942065,4.278383102338537
strength_quartile,Q1,all,author_net,3,1D,all,0,114,0.5,0.49122807017543857,0.4012521423635062,0.5817759020954208,0.0013016295931344364,0.0005174506091671915,0.032757990515949485,-0.03015473132968061,1.0863300408087717,1.0863300408087717,0.0008988383661882282,-0.0003470629069939335,1.064446707562345
strength_quartile,Q1,all,author_net,3,20D,all,0,98,0.6020408163265306,0.5612244897959183,0.4625100210917256,0.6553201841994971,0.04785950295033455,0.033195773854743926,0.16784105021107534,-0.1336510429056579,1.2558154920613047,1.899823436708128,0.03323162688068453,0.01574188686524891,1.6134404173496335
strength_quartile,Q1,all,author_net,3,5D,all,0,106,0.5849056603773585,0.5283018867924528,0.4339517346801943,0.6206724487967789,0.015351459406607629,0.008665996329392467,0.08362900063571412,-0.08085780323440604,1.0342724794695992,1.457383948343526,0.011332304308581112,0.005225188821018412,1.346988954534478
strength_quartile,Q1,all,author_net,3,60D,all,0,47,0.6808510638297872,0.5531914893617021,0.41245459838218734,0.6858903373450472,0.18360579739505092,0.0702030774543021,0.33340033833839045,-0.13595588995074012,2.4522684413245273,5.231506008158992,0.1475950922844589,0.029242845256041483,4.225644006219234
strength_quartile,Q1,all,author_net,3,90D,all,0,33,0.7272727272727273,0.6363636363636364,0.466161783022664,0.7781282176475764,0.1455448650359253,0.0718194978990856,0.26496118617005715,-0.1728986579884262,1.5324652559639507,4.086574015903869,0.12289558778640532,0.07059394019714926,3.324012927233989
strength_quartile,Q1,all,author_net,30,1D,all,0,138,0.5434782608695652,0.5289855072463768,0.44605091949628706,0.610350079665129,0.000501553791438813,0.0026015812453076825,0.025891078824375174,-0.02972407124777114,0.8710475294099094,1.0369613445356063,-9.121410047410297e-05,0.002182120815650501,0.9931988064394731
strength_quartile,Q1,all,author_net,30,20D,all,0,121,0.47107438016528924,0.4380165289256198,0.3528715624981726,0.526976044685399,0.0015887312543532994,-0.0056433408577878375,0.16299921205843357,-0.1421674782117807,1.1465295305837861,1.0211278631761846,-0.012068758139393353,-0.015718114205239275,0.8452737512667243
strength_quartile,Q1,all,author_net,30,5D,all,0,131,0.5038167938931297,0.48854961832061067,0.40450433688909765,0.5732473128910396,0.011850840860288264,0.0006750241080037966,0.09192923147444255,-0.06945952499408378,1.3234935234911644,1.3438549623141056,0.0074399651270946245,-0.006458082826806377,1.222031849657635
strength_quartile,Q1,all,author_net,30,60D,all,0,78,0.48717948717948717,0.4358974358974359,0.33143240541044916,0.5463801342962424,0.046160776903217224,-0.00665709319365837,0.3201558789521393,-0.21413457004325873,1.4951153327903222,1.420359566150806,0.006847723361383158,-0.05191684564024718,1.0555906924051226
strength_quartile,Q1,all,author_net,30,90D,all,0,54,0.5370370370370371,0.5185185185185185,0.3885170019812708,0.6460602725338812,-0.039740791603907505,0.04387867794525768,0.22675063036980198,-0.34887084109341054,0.6499558107497131,0.7539487404696672,-0.06638148251163896,0.014582898561010249,0.612803863043733
strength_quartile,Q1,all,author_net,7,1D,all,0,145,0.45517241379310347,0.4413793103448276,0.363105882891514,0.5226786281264846,-0.0005167555686541645,-0.003523152142651753,0.035460791322510336,-0.030573946642285264,1.1598368943794233,0.9689776585954675,-0.0006666483506290117,-0.0033621333327271685,0.9585814404968505
strength_quartile,Q1,all,author_net,7,20D,all,0,126,0.5714285714285714,0.5396825396825397,0.45276918332225385,0.6242478194966192,0.03981879001605118,0.019825194666132306,0.16732507167926725,-0.13018958553490353,1.2852416035567436,1.7136554714089913,0.02893083918972872,0.013555812422916425,1.5160070280393179
strength_quartile,Q1,all,author_net,7,5D,all,0,140,0.5285714285714286,0.4857142857142857,0.4044181106648916,0.5677734950599487,0.014320045822587425,0.005158016003636079,0.08930377274522928,-0.0697526176967383,1.280292778881691,1.4354797823825018,0.01114299450843637,-0.0019701614613677476,1.3520062718085637
strength_quartile,Q1,all,author_net,7,60D,all,0,66,0.5303030303030303,0.5,0.3827368802505011,0.6172631197494989,0.1310242291738627,0.029837649254522758,0.3985540063903525,-0.17102551929636775,2.3303774081790904,2.631071267298973,0.09583319043770064,-0.0007067972833652014,2.1167423767894586
strength_quartile,Q1,all,author_net,7,90D,all,0,47,0.5957446808510638,0.5531914893617021,0.41245459838218734,0.6858903373450472,0.034094899273376306,0.04538285694033406,0.27554094434687354,-0.3217203250454618,0.856461102692027,1.2621532039671979,0.018023179238102028,0.030358832531458102,1.140405777849379
strength_quartile,Q1,all,author_net,90,1D,all,0,129,0.5736434108527132,0.5658914728682171,0.4796801505167429,0.6482919460780872,0.008893377537354304,0.004902516436182225,0.03293748308843853,-0.024342038608032943,1.353111118539146,1.8892494862622038,0.008143220364998593,0.007557197453236464,1.8024540086090772
strength_quartile,Q1,all,author_net,90,20D,all,0,117,0.5042735042735043,0.47863247863247865,0.39024289320810457,0.5683805788287645,0.0178020632076346,0.0002850952218040881,0.16279197736430792,-0.12968767705518827,1.255261726177979,1.2769041697327719,0.003235891533823371,-0.008684376881445743,1.0480496799436485
strength_quartile,Q1,all,author_net,90,5D,all,0,122,0.5819672131147541,0.5737704918032787,0.4850865658415684,0.6579505553797247,0.02293122085509849,0.014265757646700183,0.08387138576918977,-0.061907047946871734,1.354795432034939,1.8860877583231503,0.01777721417625896,0.010063421812859352,1.7040198276844205
strength_quartile,Q1,all,author_net,90,60D,all,0,76,0.5131578947368421,0.4868421052631579,0.3778372877915117,0.5971130697102026,0.025163709546054076,0.0021850744204419126,0.23921947641989333,-0.20046263932096564,1.193336959097267,1.257841659589011,-0.00681744153569307,-0.0014268857430196347,0.9384664409079955
strength_quartile,Q1,all,author_net,90,90D,all,0,54,0.5925925925925926,0.5555555555555556,0.42375646526775257,0.6799753582777035,-0.018366663191127647,0.04409227740805155,0.20264655857051483,-0.33984044029897126,0.596299129062564,0.8673441877273658,-0.05116816573233884,0.042711596497480686,0.6636451153070617
strength_quartile,Q1,all,author_net_shift,1,1D,all,0,2,0.5,0.5,0.09453120573423074,0.9054687942657693,0.018674674050046913,0.018674674050046913,0.045960758218500763,-0.008611410118406937,5.337193048123371,5.337193048123371,0.01699196271450165,0.01699196271450165,3.6147581495559935
strength_quartile,Q1,all,author_net_shift,1,5D,all,0,2,1.0,1.0,0.20654931437723745,1.0,0.10464069362635892,0.10464069362635892,0.10464069362635892,,,,0.07396810057749803,0.07396810057749803,
strength_quartile,Q1,all,author_net_shift,3,1D,all,0,5,1.0,1.0,0.5101091635454027,1.0,0.011935417917561275,0.010797602959444208,0.011935417917561275,,,,0.013647108943912745,0.014295852701459222,
strength_quartile,Q1,all,author_net_shift,3,20D,all,0,2,0.0,0.0,0.0,0.6576197724933469,-0.21456448108037635,-0.21456448108037635,,-0.21456448108037635,,,-0.20972506873660102,-0.20972506873660102,
strength_quartile,Q1,all,author_net_shift,3,5D,all,0,4,0.25,0.0,5.551115123125783e-17,0.5614970317550454,-0.03697502562697788,-0.05167607281931913,0.041619965628035605,-0.06317335604531571,0.6588215069368903,0.21960716897896343,-0.046868604034785655,-0.03905641691060269,
strength_quartile,Q1,all,author_net_shift,30,1D,all,0,41,0.4878048780487805,0.4634146341463415,0.32056233976336046,0.6125352873233052,-0.00172275939226345,-0.0004871447902570214,0.02500593313583869,-0.02717865703807501,0.9200577166416826,0.87624544442065,-0.003511330750519489,-0.0005515900555230768,0.7447031799586443
strength_quartile,Q1,all,author_net_shift,30,20D,all,0,33,0.5151515151515151,0.59375,0.42260024875382873,0.7448036515733456,0.10083933570394961,0.031800176056338,0.2798735207916347,-0.08938448595171583,3.131119654733129,3.32681463315395,0.09467947572919759,0.01454154705479338,3.32344324671684
strength_quartile,Q1,all,author_net_shift,30,5D,all,0,38,0.47368421052631576,0.4864864864864865,0.3344640430301664,0.6410510333438121,0.005214663666185075,-0.004151251869288719,0.0835320225754667,-0.06527095935216838,1.279773170251276,1.1517958532261483,0.006663399395339457,-0.003956477021987315,1.2300423927066442
strength_quartile,Q1,all,author_net_shift,30,60D,all,0,21,0.6190476190476191,0.5,0.2992980081982123,0.7007019918017877,0.12219923021294357,0.03444262918783425,0.40048386595141994,-0.3300133028620805,1.213538552774009,1.9720001482577647,0.04362093454830945,0.018820157268746807,1.31808299181802
strength_quartile,Q1,all,author_net_shift,30,90D,all,0,15,0.5333333333333333,0.5,0.26799202452413634,0.7320079754758637,0.05655718288331245,0.041538292253521236,0.4718087359945998,-0.41801602067244453,1.128685774376832,1.2899265992878077,0.04019032801576328,-0.019398186366979153,1.1980511284713398
strength_quartile,Q1,all,author_net_shift,7,1D,all,0,18,0.5,0.375,0.18481232558863633,0.6135895945449727,-0.008160694087841999,-0.003905883969616275,0.015035956937761311,-0.03135734511344531,0.47950350654253054,0.4795035065425306,-0.00834839899358842,-0.004168875378090353,0.31556666982453535
strength_quartile,Q1,all,author_net_shift,7,20D,all,0,9,0.3333333333333333,0.5555555555555556,0.26665129349549305,0.8112214789023355,-0.008878207799301227,-0.016956857127114477,0.13932352754853813,-0.0829790754732209,1.6790200029825684,0.8395100014912842,-0.009816528591542214,0.004949517454557739,0.8177427698755458
strength_quartile,Q1,all,author_net_shift,7,5D,all,0,17,0.35294117647058826,0.5,0.26799202452413634,0.7320079754758637,-0.04206817875705166,-0.04740568151268043,0.05708937693118551,-0.09615411822336285,0.5937278401177656,0.32385154915514486,-0.028869549355657657,-0.00657335252928859,0.3997373786698005
strength_quartile,Q1,all,author_net_shift,7,60D,all,0,3,0.6666666666666666,0.6666666666666666,0.2076596008020477,0.9385080552796037,0.07372526160106958,0.16542473919523104,0.1677734398072006,-0.11437109481119245,1.4669216910458582,2.9338433820917165,0.023606036742371456,0.0299242891267546,5.58286468990886
strength_quartile,Q1,all,author_net_shift,7,90D,all,0,1,1.0,1.0,0.20654931437723745,1.0,0.16906772644477575,0.16906772644477575,0.16906772644477575,,,,0.06680699456581718,0.06680699456581718,
strength_quartile,Q1,all,author_net_shift,90,1D,all,0,34,0.5294117647058824,0.5,0.34069325645682497,0.659306743543175,0.00039356496132424883,0.0015834337193739723,0.022369989923368947,-0.024329913120976036,0.9194438883582637,1.0343743744030467,-0.0002908080836845252,8.358502429539616e-05,0.9733536787523585
strength_quartile,Q1,all,author_net_shift,90,20D,all,0,28,0.5357142857142857,0.5714285714285714,0.3907078562746876,0.734914528758763,0.003458557111649405,0.01603628724660855,0.1630711089512721,-0.1807097719340691,0.9023923123026665,1.041221898810769,-0.007473325522025358,0.0009880114672603524,0.9070929902861076
strength_quartile,Q1,all,author_net_shift,90,5D,all,0,33,0.48484848484848486,0.4375,0.2816533111504036,0.6067440886314801,-0.003137005324153538,-0.0006091370558375386,0.06863934685914443,-0.07069121914372808,0.9709741562044385,0.9138580293688833,0.00196345838046684,-0.00738321864279462,1.0650004552817611
strength_quartile,Q1,all,author_net_shift,90,60D,all,0,11,0.6363636363636364,0.5454545454545454,0.280091537409322,0.7872872837754024,0.30602511584649883,0.08572078956781892,0.5204331504967918,-0.069188944791514,7.52191194799986,13.163345908999757,0.25990551289278474,0.04471260531345522,7.435438207394547
strength_quartile,Q1,all,author_net_shift,90,90D,all,0,9,0.7777777777777778,0.6666666666666666,0.3542021355803963,0.879416181613089,0.6913063251092803,0.17287242691294602,0.9171416137278638,-0.09911718505576245,9.253103921503502,32.385863725262254,0.6099904916690989,0.09841744031194666,12.955780814445589
strength_quartile,Q1,all,high_low_divergence,1,1D,all,0,3,0.0,0.3333333333333333,0.06149194472039621,0.7923403991979522,-0.013749970055569882,-0.014782475490196179,,-0.013749970055569882,,,-0.01456530387341226,-0.014026747870340417,0.01333009843059643
strength_quartile,Q1,all,high_low_divergence,1,5D,all,0,1,1.0,1.0,0.20654931437723745,1.0,0.03834367481322032,0.03834367481322032,0.03834367481322032,,,,0.01332026970421929,0.01332026970421929,
strength_quartile,Q1,all,high_low_divergence,3,1D,all,0,10,0.4,0.3,0.10779126740630099,0.6032218525388546,-0.014132920749910138,-0.007822399612312347,0.021517376336573607,-0.03789978547423264,0.5677440140446935,0.37849600936312905,-0.012075094529386321,-0.001601836764298592,0.4211251359693334
strength_quartile,Q1,all,high_low_divergence,3,20D,all,0,2,0.5,0.5,0.09453120573423074,0.9054687942657693,0.05104258235026071,0.05104258235026071,0.10558352746674693,-0.0034983627662255046,30.18084015931383,30.18084015931383,0.019116865402280914,0.019116865402280914,4.348327325059882
strength_quartile,Q1,all,high_low_divergence,3,5D,all,0,6,0.6666666666666666,0.6,0.2307242812760128,0.882379225767352,0.013891433155925873,0.02388866744713819,0.057538806875204435,-0.07340331428263125,0.7838720558809879,1.5677441117619757,0.03116749925878557,0.018853247505875137,8.659906665268853
strength_quartile,Q1,all,high_low_divergence,30,1D,all,0,25,0.44,0.44,0.26665638881067344,0.6293266813020123,-0.003935683140351802,-0.002401458663780942,0.014317596812439715,-0.01827754596040228,0.7833434993657425,0.6154841780730835,-0.0021852441790261956,-0.000448003052985535,0.7546762314423261
strength_quartile,Q1,all,high_low_divergence,30,20D,all,0,17,0.35294117647058826,0.47058823529411764,0.26165106442409436,0.6903676493999558,-0.016224970736441528,-0.02322547488683746,0.12665455124558486,-0.09415925545391048,1.345109948406297,0.7336963354943439,-0.008860446789981814,-0.007408724582690818,0.837006837435778
strength_quartile,Q1,all,high_low_divergence,30,5D,all,0,18,0.6111111111111112,0.6111111111111112,0.3861904160223791,0.7969475342783638,0.014443084234899182,0.005022334676631601,0.05506086078036872,-0.049384850336552946,1.1149342441079464,1.752039526455344,0.020055052033929543,0.010392772478374446,2.449263530491818
strength_quartile,Q1,all,high_low_divergence,30,60D,all,0,16,0.625,0.5625,0.331785563988119,0.7690134759450765,0.029217012338795145,0.045326048579184985,0.16177552576502513,-0.19171384337158814,0.8438385195348921,1.4063975325581535,0.015241864241788763,0.054786700751702055,1.2157966802130544
strength_quartile,Q1,all,high_low_divergence,30,90D,all,0,12,0.5,0.4166666666666667,0.19326031365875665,0.6804886874504503,-0.04209752076834027,-0.007525708365383688,0.1678901572569247,-0.25208519879360525,0.6660056126277558,0.6660056126277558,-0.035060437384272086,-0.054201515527835364,0.745189058781162
strength_quartile,Q1,all,high_low_divergence,7,1D,all,0,17,0.4117647058823529,0.4117647058823529,0.2161105679021481,0.6399455735700021,-0.013193937207272414,-0.005485027357753025,0.020827294119661808,-0.03700879913612637,0.5627660071610137,0.39393620501270954,-0.010230659893338672,-0.0011153363187683674,0.44127900459096203
strength_quartile,Q1,all,high_low_divergence,7,20D,all,0,9,0.3333333333333333,0.4444444444444444,0.18877852109766452,0.733348706504507,-0.0028293415999332736,-0.04284258666856233,0.15524843043552117,-0.0818682276176605,1.8963208921605041,0.9481604460802521,0.019327254065475603,-0.020033376803722747,1.5968804355936745
strength_quartile,Q1,all,high_low_divergence,7,5D,all,0,13,0.3076923076923077,0.3076923076923077,0.12680703655710515,0.5763065681945096,-0.004203561240513209,-0.011042722664735827,0.04614897708002297,-0.026582467160751508,1.736068243814518,0.7715858861397857,0.0031470563412771247,-0.01089698952117657,1.3217812102356308
strength_quartile,Q1,all,high_low_divergence,7,60D,all,0,7,0.42857142857142855,0.42857142857142855,0.15821985525146975,0.7495416354723428,-0.034373891360786134,-0.07937310414560184,0.11188730282334403,-0.14406978699888376,0.7766187842299712,0.5824640881724784,-0.0147212386292532,-0.01627112263689945,0.7578780977261614
strength_quartile,Q1,all,high_low_divergence,7,90D,all,0,6,0.3333333333333333,0.3333333333333333,0.09677141110578041,0.700006684861608,0.035088782374195306,-0.0596755789108393,0.26828505658210583,-0.08150935472975995,3.2914633844371735,1.6457316922185867,-0.005256108127143074,-0.12778339945078176,0.9456346988749759
strength_quartile,Q1,all,high_low_divergence,90,1D,all,0,22,0.5454545454545454,0.5454545454545454,0.3465979532073494,0.7307970581918668,-0.004669441560989382,0.0015540414680432213,0.00973470624984422,-0.021954418933989705,0.4434053244184479,0.5320863893021375,-0.0048099098738589915,0.001761458299487595,0.49872331733938857
strength_quartile,Q1,all,high_low_divergence,90,20D,all,0,20,0.55,0.5,0.2992980081982123,0.7007019918017877,0.04041932150494645,0.039548376727740475,0.1768621712098365,-0.12634416146769692,1.3998444340861431,1.7109209749941747,0.03573535448412455,-0.0013834659249370995,1.6685295490113417
strength_quartile,Q1,all,high_low_divergence,90,5D,all,0,22,0.45454545454545453,0.5,0.3072210627372502,0.6927789372627497,-0.0025107239029394128,-0.0036076525710421192,0.059439904449326654,-0.0541362475298278,1.0979686838578286,0.9149739032148572,-0.0039759650872336905,-0.0013654004201875125,0.8501703026398874
strength_quartile,Q1,all,high_low_divergence,90,60D,all,0,20,0.35,0.5,0.2992980081982123,0.7007019918017877,-0.022720701559042385,-0.03411235545286251,0.24272303868050762,-0.16565194630341545,1.46525920218242,0.7889857242520724,-0.0047913609755242,-0.016216398452393754,0.9497554938519784
strength_quartile,Q1,all,high_low_divergence,90,90D,all,0,17,0.7058823529411765,0.8235294117647058,0.5897054143116588,0.9380887336237901,0.022889026822580844,0.024533333333333407,0.16071281574689067,-0.30788806659576273,0.521984556023395,1.2527629344561477,0.07217832649780476,0.12418988865716263,1.87263379642205
strength_quartile,Q1,all,weighted_net,1,1D,all,0,65,0.4307692307692308,0.46153846153846156,0.34590334122804217,0.5814660073352547,-0.0026324364231344946,-0.004267425320056861,0.022623170352381074,-0.02174478749649763,1.0403950995623628,0.7873260212904368,-0.002372604294429325,-0.0007546725881482086,0.7986266297069536
strength_quartile,Q1,all,weighted_net,1,20D,all,0,45,0.4888888888888889,0.5111111111111111,0.3700446464458318,0.650429762471215,0.033428253270320875,-0.00866024688166478,0.16335257762405306,-0.09084718741585773,1.798102751120936,1.7199243706374168,0.02343834188753363,0.00026694689943629335,1.5553596692498222
strength_quartile,Q1,all,weighted_net,1,5D,all,0,51,0.4117647058823529,0.4,0.27608389730256544,0.5381856225241064,-0.02210628993487349,-0.013811942136041977,0.06547865331071577,-0.08341575020678597,0.7849675049183817,0.5494772534428672,-0.0193841911264567,-0.005632567901145968,0.5569663103426941
strength_quartile,Q1,all,weighted_net,1,60D,all,0,26,0.5,0.4230769230769231,0.2554444331365656,0.6105138625340828,-0.007073052474345438,0.01187362773567524,0.13561557040243655,-0.14976167535112742,0.905542556762107,0.905542556762107,-0.033276958325400154,-0.01776230010933355,0.5488266196521044
strength_quartile,Q1,all,weighted_net,1,90D,all,0,20,0.45,0.45,0.2581978582556243,0.6579146575496577,0.09700772723784504,-0.04797442934192481,0.454699427767701,-0.19564911865021894,2.3240555894382107,1.9015000277221723,0.054680200192611106,-0.05366740179614454,1.455574914213967
strength_quartile,Q1,all,weighted_net,3,1D,all,0,126,0.42857142857142855,0.432,0.34846990714538484,0.5195849863989477,-0.005905028390375269,-0.004057492504235816,0.025880703015934505,-0.029744326945107605,0.8701055183967242,0.6525791387975433,-0.004607469948005697,-0.001927678406716038,0.6918334360556982
strength_quartile,Q1,all,weighted_net,3,20D,all,0,95,0.49473684210526314,0.49473684210526314,0.3963757882123102,0.5935069997196842,-0.011060048069060012,-0.0004416094210009103,0.10742275831728555,-0.12707446265569003,0.845352843303764,0.8277413257349355,-0.018182499394389772,-1.2878687169259884e-05,0.7009975849552897
strength_quartile,Q1,all,weighted_net,3,5D,all,0,109,0.44036697247706424,0.48598130841121495,0.39342020925846743,0.5795141058261705,-0.014018333626042864,-0.007736943907156624,0.07002916996194762,-0.08015407415429768,0.8736819768779379,0.6874874572154265,-0.012686244548686797,-0.0007499637960839411,0.6903740263845985
strength_quartile,Q1,all,weighted_net,3,60D,all,0,66,0.45454545454545453,0.42424242424242425,0.3124251014854188,0.5443934677590571,-0.022464343647927695,-0.013930324671185768,0.1573134747475727,-0.1722791923108447,0.9131310208590412,0.7609425173825344,-0.03434245631064966,-0.023016907253440078,0.638544798048751
strength_quartile,Q1,all,weighted_net,3,90D,all,0,54,0.5,0.5370370370370371,0.40605356021011496,0.6631009888201891,0.08101760637950715,0.0031109151773018873,0.3278060159028805,-0.16577080314386622,1.9774653297564713,1.9774653297564715,0.06415540649143425,0.013710420797411638,1.738225607020816
strength_quartile,Q1,all,weighted_net,30,1D,all,0,129,0.5038759689922481,0.5078125,0.422247229254785,0.5929225058034415,-0.005268692899892179,0.00039889585626995405,0.018896185141608693,-0.030284339972867558,0.6239589556364188,0.6437671764502734,-0.005441881046115503,0.0003223163287875419,0.6016562437842418
strength_quartile,Q1,all,weighted_net,30,20D,all,0,111,0.44144144144144143,0.44144144144144143,0.35256158805161697,0.5342388746602218,-0.03168878114007746,-0.01204986149584475,0.0932062934006862,-0.1303961787610036,0.7147931349393236,0.5649171550326912,-0.030242001764212597,-0.014085468118016253,0.5598295434713152
strength_quartile,Q1,all,weighted_net,30,5D,all,0,121,0.4297520661157025,0.43333333333333335,0.34810176437788437,0.5227007911446095,-0.014494705959289719,-0.01209547935918931,0.04496454707481001,-0.05930457781107503,0.7581969003818279,0.5713947655051457,-0.013170764591933119,-0.008962825101817007,0.5771839873960978
strength_quartile,Q1,all,weighted_net,30,60D,all,0,91,0.45054945054945056,0.45054945054945056,0.3523976853313362,0.5527071062660257,-0.026852419459299497,-0.012864349775784878,0.18559234732943347,-0.2010571282260605,0.9230826530097502,0.7569277754679952,-0.028383708910366352,-0.01957975284308877,0.7347203530053358
strength_quartile,Q1,all,weighted_net,30,90D,all,0,76,0.5263157894736842,0.4868421052631579,0.3778372877915117,0.5971130697102026,0.08925054304881941,0.013698586431847848,0.34144424381284544,-0.19096468002232067,1.7879968367602646,1.9866631519558497,0.06666341606493714,-0.01577087605561911,1.6830107395929224
strength_quartile,Q1,all,weighted_net,7,1D,all,0,149,0.5302013422818792,0.49324324324324326,0.4138927395225882,0.5729356272783277,8.560023251104137e-05,0.0008375209380234727,0.02494675037843772,-0.027971983503606208,0.8918477438406015,1.006513882334393,-0.0010624004199322684,-0.0002700174861650084,0.9166800332157113
strength_quartile,Q1,all,weighted_net,7,20D,all,0,127,0.5275590551181102,0.5039370078740157,0.41815071422308026,0.5894921232155514,0.014395006796769826,0.01608364360550696,0.1246017754935098,-0.10866921824792314,1.146615182316278,1.2803869535865107,0.0052192912229338355,0.0007825610062912602,1.1035057352626099
strength_quartile,Q1,all,weighted_net,7,5D,all,0,135,0.5111111111111111,0.5149253731343284,0.431076014846751,0.5979428306749237,0.010176584460258566,0.002995185748561058,0.07401440114873756,-0.05656295116860583,1.3085314613113366,1.3680101640982154,0.008129064162096392,0.0014520933355804955,1.3215064886330625
strength_quartile,Q1,all,weighted_net,7,60D,all,0,97,0.4536082474226804,0.38144329896907214,0.2910466453343049,0.4808725606254558,0.011751375857877203,-0.019659797186784456,0.269554077287251,-0.20227350834764063,1.3326217530373654,1.106327493087624,0.00026429354622736426,-0.019506294535531987,1.002443564044933
strength_quartile,Q1,all,weighted_net,7,90D,all,0,80,0.5375,0.525,0.41695642649729936,0.6307526670259243,0.06704911966599211,0.023310619109869646,0.3163966213957468,-0.22273311207399313,1.420519016905929,1.6508734520798634,0.05285290791792942,0.006883019005754831,1.4834314277100165
strength_quartile,Q1,all,weighted_net,90,1D,all,0,115,0.5478260869565217,0.5652173913043478,0.47395763733247154,0.6522609411741397,0.00484373062087458,0.0030353200883002085,0.02609880299345383,-0.021317560140921853,1.2242865891277002,1.5123540218636293,0.004645884612078482,0.0042782491074124795,1.5146452783958848
strength_quartile,Q1,all,weighted_net,90,20D,all,0,105,0.5047619047619047,0.5238095238095238,0.4291383972413578,0.6167999800477322,-0.005007609260677459,0.0013554080782320899,0.11370024676239135,-0.1259983086688053,0.9023950238987716,0.9197487743583633,0.0004657107639972434,0.003674914695179554,1.00820832450798
strength_quartile,Q1,all,weighted_net,90,5D,all,0,107,0.5514018691588785,0.5607476635514018,0.46622561361687753,0.6510590210163586,0.010635244567928777,0.008917197452229297,0.06706934739153879,-0.05873167348609185,1.1419621374729152,1.4036617939771248,0.010222536309190578,0.013891123044800224,1.405157648173594
strength_quartile,Q1,all,weighted_net,90,60D,all,0,88,0.5113636363636364,0.48863636363636365,0.3868786464057155,0.5913446960184866,0.025363476396971552,0.009466410993927865,0.24052811849019515,-0.1998088234680299,1.203791275657456,1.2597815675485005,0.019489485018643005,-0.0062678588365874255,1.1827988789178019
strength_quartile,Q1,all,weighted_net,90,90D,all,0,75,0.49333333333333335,0.49333333333333335,0.38330010247790747,0.6040162154218635,0.048661334998798884,-0.0034180908711962665,0.4671657896804758,-0.358829844559676,1.3019145334851956,1.2676536247092693,0.033901907848253574,-0.023209129445495025,1.1793953972654148
strength_quartile,Q2,all,author_net,1,1D,all,0,57,0.3684210526315789,0.38596491228070173,0.2706272388614066,0.5157026708419042,-0.012706963218394264,-0.007375672451985338,0.020208445750120162,-0.03190761845002768,0.6333423405375662,0.3694496986469137,-0.01135072651579486,-0.0068456114986804595,0.389062934442835
strength_quartile,Q2,all,author_net,1,20D,all,0,47,0.5319148936170213,0.5,0.3611893708270325,0.6388106291729675,0.104442725268666,0.018992993543069048,0.29391828928332514,-0.11087041565708296,2.6510073723580216,3.01250837767957,0.08899180369906148,-2.7572247010110296e-05,2.645089386767561
strength_quartile,Q2,all,author_net,1,5D,all,0,53,0.4716981132075472,0.4423076923076923,0.3159505681940129,0.5766023821279712,0.006753603170218188,-0.007281995266703145,0.1110206311112983,-0.08634195749146048,1.285824810287381,1.1480578663280188,0.005975655269055289,-0.010813088474778632,1.1428005777220391
strength_quartile,Q2,all,author_net,1,60D,all,0,19,0.6842105263157895,0.5789473684210527,0.3627590353425504,0.7685810871754576,0.46238301093242684,0.17491852664822538,0.7303834850552259,-0.11828468300030433,6.174793443487072,13.378719127555321,0.41015894279794135,0.14112214335271656,9.414360290924858
strength_quartile,Q2,all,author_net,1,90D,all,0,12,0.8333333333333334,0.6666666666666666,0.39062208887279953,0.8618799089087867,0.5157545841234608,0.24347815770843062,0.6539040718337533,-0.17499285442800222,3.7367472744596597,18.6837363722983,0.46348030754712877,0.222444389676817,15.45537148373536
strength_quartile,Q2,all,author_net,3,1D,all,0,113,0.4424778761061947,0.45132743362831856,0.36268324217756376,0.5431720928120422,-0.005583588634272712,-0.004301139060275294,0.023108683103862594,-0.028355232870888033,0.8149706690502264,0.6468021182938306,-0.005619024808246138,-0.0034531832347269864,0.6142985835792026
strength_quartile,Q2,all,author_net,3,20D,all,0,102,0.49019607843137253,0.45544554455445546,0.36173607809276237,0.5524200191111854,0.021296689181495593,-0.010718110994172136,0.163064118384239,-0.1150181465903731,1.4177251435373703,1.3631972534013177,0.00922552746632572,-0.011211792322075587,1.1595109067536427
strength_quartile,Q2,all,author_net,3,5D,all,0,108,0.48148148148148145,0.4722222222222222,0.38064930523089247,0.5657033258661384,-0.0021655373691119584,-0.0009326557465396679,0.07620824545304622,-0.07494119284683028,1.0169072916787651,0.9442710565588535,-0.0046579510443017945,-0.0022447909783877007,0.8746882807327774
strength_quartile,Q2,all,author_net,3,60D,all,0,60,0.5333333333333333,0.43333333333333335,0.3157239680468677,0.5589656122387444,0.1817938690711613,0.0022366925673360516,0.4697784787570766,-0.14733139914131335,3.1885835707464314,3.6440955094244933,0.14157169388015176,-0.012608850083837497,2.6953503524699896
strength_quartile,Q2,all,author_net,3,90D,all,0,43,0.5813953488372093,0.5476190476190477,0.3994911903473349,0.6877660676654553,0.25695441264531166,0.03172131792089339,0.6092950090554373,-0.23240752681319632,2.6216664210930407,3.641203362629223,0.192936547991049,0.011958120273792061,2.7756821545480284
strength_quartile,Q2,all,author_net,30,1D,all,0,137,0.4744525547445255,0.5,0.41712946884811464,0.5828705311518854,-0.004233231531060772,-0.0009070294784579991,0.019927289161769005,-0.026788950218147298,0.7438622640864037,0.6907292452230891,-0.004524797475460405,0.0002565397173340811,0.6467817821679417
strength_quartile,Q2,all,author_net,30,20D,all,0,122,0.4180327868852459,0.4016393442622951,0.31893763215740367,0.49034620621420544,-0.04352929851210133,-0.024187358025235417,0.09094666963868762,-0.14012471225421733,0.649040902033684,0.46621247892560397,-0.05407123614234533,-0.02972743719330273,0.36768150964927393
strength_quartile,Q2,all,author_net,30,5D,all,0,133,0.5112781954887218,0.4621212121212121,0.3793453862161912,0.5470393855109762,0.00922151986508873,0.0009152656679030091,0.0796925402324967,-0.06450200913466114,1.2355047742175318,1.2925280714891103,0.0037555490753288638,-0.004804622549285598,1.1167077549467512
strength_quartile,Q2,all,author_net,30,60D,all,0,82,0.5,0.4268292682926829,0.3254194886306333,0.5347879197142595,0.046142553613349534,0.008373491417002332,0.30775028275155125,-0.21546517552485217,1.4283063701681793,1.4283063701681793,0.007706362005374127,-0.03829980325641458,1.065905241314315
strength_quartile,Q2,all,author_net,30,90D,all,0,64,0.484375,0.46875,0.35175987425176036,0.5892791294852899,0.03491539871900209,-0.013611031518624639,0.35678066071305087,-0.2674428776996498,1.3340443528794637,1.253193179977678,0.003442775627910507,-0.014789669142250994,1.0225316732599536
strength_quartile,Q2,all,author_net,7,1D,all,0,144,0.4583333333333333,0.4722222222222222,0.39246802374665823,0.5534199560946216,-0.005513613446728895,-0.0020257543155410285,0.018877881583829668,-0.026492214556645702,0.7125822397166891,0.6107847769000192,-0.006025931522251793,-0.00115364112757127,0.5513722011710809
strength_quartile,Q2,all,author_net,7,20D,all,0,128,0.4453125,0.421875,0.3398211233888366,0.5084815260288991,-0.0007533159685647163,-0.021038703606839515,0.1462444691015534,-0.11876562229246236,1.2313703770391058,0.9885649505806905,-0.01746012489317781,-0.021322744000319693,0.7478845399161149
strength_quartile,Q2,all,author_net,7,5D,all,0,138,0.4855072463768116,0.4420289855072464,0.36185463905743687,0.525343362619731,0.0065578171200050515,-0.006747499964499415,0.08525839525350591,-0.06770892562569295,1.2591898994946336,1.1882496234667668,-0.000426297579101883,-0.005175650901743212,0.987779494477311
strength_quartile,Q2,all,author_net,7,60D,all,0,84,0.5714285714285714,0.42857142857142855,0.3281597743735877,0.5352304725427922,0.0965521786609177,0.022293018665567765,0.2876360038614512,-0.1582262549397937,1.8178778482174083,2.4238371309565445,0.04806803960175152,-0.01482445214637007,1.5759355909414379
strength_quartile,Q2,all,author_net,7,90D,all,0,56,0.5535714285714286,0.48214285714285715,0.3566821941245828,0.6098961607582303,-0.004192091434417463,0.030874766175279456,0.16141787910009325,-0.20954845489721075,0.7703129053338672,0.9551880026139955,-0.04227008303846114,-0.015597978854898165,0.6132503173586152
strength_quartile,Q2,all,author_net,90,1D,all,0,128,0.5,0.5234375,0.43749793124049374,0.6080112739341855,-0.002234723046527271,6.222060555005626e-05,0.0199526126162271,-0.024809710434825796,0.8042259368017166,0.8169914278620612,-0.002502531915463689,0.0015332766678238796,0.792279120902763
strength_quartile,Q2,all,author_net,90,20D,all,0,117,0.4444444444444444,0.4188034188034188,0.3333823749581875,0.5093868187819146,-0.021309695105612574,-0.012612536096483828,0.12737096006656184,-0.1402542192433521,0.9081435179184393,0.7265148143347514,-0.034443918072802795,-0.027961809781739788,0.5872257971418767
strength_quartile,Q2,all,author_net,90,5D,all,0,123,0.5121951219512195,0.48360655737704916,0.3967938072853936,0.5714201657765412,0.011035261776030035,0.002118772322779794,0.08127413482697518,-0.06271555492746236,1.2959166975557805,1.3607125324335694,0.007485554298717392,-0.0022447909783877007,1.2396702192099023
strength_quartile,Q2,all,author_net,90,60D,all,0,71,0.4647887323943662,0.39436619718309857,0.288934012922929,0.5106423150059914,0.01729889388926791,-0.01685681981704179,0.2853845687993039,-0.2155123501115528,1.3242144529145736,1.1499757091100242,-0.023731163900418326,-0.037155808216238206,0.8240477696761289
strength_quartile,Q2,all,author_net,90,90D,all,0,51,0.49019607843137253,0.47058823529411764,0.3405299020949959,0.6047669578990353,0.008668077250050052,-0.006713607335844141,0.289765719905256,-0.26161811761072495,1.1075904167172907,1.0649907853050873,-0.029249541421599315,-0.03723671998334033,0.8061938117549703
strength_quartile,Q2,all,author_net_shift,1,1D,all,0,2,0.5,0.0,0.0,0.7934506856227626,-0.0036838237900858606,-0.0036838237900858606,0.005812159242876369,-0.01317980682304809,0.44098971410661336,0.44098971410661336,-0.010469779722777184,-0.010469779722777184,
strength_quartile,Q2,all,author_net_shift,1,5D,all,0,1,1.0,,,,0.08507355210369316,0.08507355210369316,0.08507355210369316,,,,,,
strength_quartile,Q2,all,author_net_shift,3,1D,all,0,5,0.6,0.5,0.15003898915214947,0.8499610108478506,0.0067277998871451365,0.000838926174496768,0.0248781285061771,-0.02049769304140281,1.2137038278369352,1.8205557417554028,0.014790880503532028,0.014852252664966925,4.509623612987605
strength_quartile,Q2,all,author_net_shift,3,5D,all,0,2,0.5,1.0,0.20654931437723745,1.0,-0.005083762511090717,-0.005083762511090717,0.0478456786998126,-0.05801320372199403,0.8247377429644226,0.8247377429644226,0.04607717926493471,0.04607717926493471,
strength_quartile,Q2,all,author_net_shift,30,1D,all,0,40,0.6,0.575,0.42195068541991065,0.7149060744004962,0.004181354799806863,0.008397086628948558,0.020549597603906632,-0.020371009406342788,1.0087667819498547,1.5131501729247818,0.0021448428362160323,0.006022419364566933,1.2733076812713335
strength_quartile,Q2,all,author_net_shift,30,20D,all,0,32,0.53125,0.53125,0.3644951711897464,0.6913061289193116,0.04235594619540454,0.003600580568496381,0.17431691763447255,-0.10719982143553922,1.6260933581805619,1.8429058059379702,0.03353621144230204,0.008015653911293219,1.7757655585461005
strength_quartile,Q2,all,author_net_shift,30,5D,all,0,39,0.48717948717948717,0.46153846153846156,0.31566885606727846,0.6143055172948425,0.0015020792111820897,-0.0006458209999462561,0.06344637345954483,-0.05734500032476251,1.1063976475756971,1.0510777651969123,-0.0021990619376986045,-0.002891632445257253,0.9211780343498172
strength_quartile,Q2,all,author_net_shift,30,60D,all,0,20,0.35,0.25,0.11186170140766569,0.468700877618744,-0.062042947062000156,-0.026973207382666176,0.322285366239773,-0.26898896191680105,1.1981360273789103,0.6451501685886439,-0.06983965440624287,-0.03076072200939317,0.5706082776009835
strength_quartile,Q2,all,author_net_shift,30,90D,all,0,14,0.6428571428571429,0.42857142857142855,0.21380798904474121,0.6740935542034926,-0.002578325846274289,0.027369006384292294,0.06813532233702484,-0.1298628925762127,0.5246712204337989,0.9444081967808379,-0.03641923859782329,-0.05539231718628812,0.4944028270224806
strength_quartile,Q2,all,author_net_shift,7,1D,all,0,17,0.4117647058823529,0.35294117647058826,0.17309720397243744,0.5869963651478132,-0.017809833621818257,-0.005842708146477582,0.014928942843851664,-0.040726977147787204,0.3665615248015722,0.25659306736110055,-0.019636969057959117,-0.008283106514686223,0.1925120799297807
strength_quartile,Q2,all,author_net_shift,7,20D,all,0,13,0.38461538461538464,0.4166666666666667,0.19326031365875665,0.6804886874504503,0.004920777094265322,-0.04865912261664851,0.16743437006352038,-0.09665021851151909,1.73237445959385,1.082734037246156,0.020789767191723308,-0.016252772137742066,1.5082044116127755
strength_quartile,Q2,all,author_net_shift,7,5D,all,0,17,0.29411764705882354,0.23529411764705882,0.09555044322080117,0.4726179811956498,-0.04635949080815631,-0.07118098819691443,0.0554244869143599,-0.08876948152587139,0.6243642067257849,0.2601517528024104,-0.042980019768331976,-0.06125931197041645,0.25244762466134374
strength_quartile,Q2,all,author_net_shift,7,60D,all,0,5,0.6,0.2,0.03622410863243014,0.6244653702374747,-0.44513608979224306,0.0009740786839114168,0.03994046570610107,-1.1727509230397593,0.034057074628068305,0.051085611942102455,-0.43564313990244175,-0.03242584262121295,0.06983599920652218
strength_quartile,Q2,all,author_net_shift,7,90D,all,0,2,0.0,0.0,0.0,0.6576197724933469,-0.09587768077266001,-0.09587768077266001,,-0.09587768077266001,,,-0.12578836763383755,-0.12578836763383755,
strength_quartile,Q2,all,author_net_shift,90,1D,all,0,33,0.42424242424242425,0.3939393939393939,0.2468310743447709,0.5631655918005977,-0.0018610348690081707,-0.0032603473127873484,0.02394638083407939,-0.02087702538707269,1.1470207268563883,0.8451731671573388,-0.0016880265966228193,-0.001484526699122246,0.8400025982755048
strength_quartile,Q2,all,author_net_shift,90,20D,all,0,26,0.6153846153846154,0.6923076923076923,0.5001174167780164,0.8349868440453624,0.05715429896355994,0.028855406392584437,0.169067032277752,-0.1219060743391474,1.386863068097829,2.2189809089565267,0.057549427280692074,0.048122616972865406,2.3932280232065164
strength_quartile,Q2,all,author_net_shift,90,5D,all,0,32,0.46875,0.5,0.33630882869327483,0.6636911713067252,0.016072084116934376,-0.00464113031941199,0.10601280438172411,-0.06328737494023304,1.6751019375008027,1.4780311213242379,0.015416423694116166,4.2920010148161936e-06,1.5196171915947003
strength_quartile,Q2,all,author_net_shift,90,60D,all,0,17,0.7058823529411765,0.7058823529411765,0.4686688993346016,0.8672001038970478,0.2845197966744233,0.18284907772424197,0.4956037278380248,-0.22208163811822018,2.2316285670326392,5.3559085608783334,0.225886407740234,0.0816001104544044,4.395680485464941
strength_quartile,Q2,all,author_net_shift,90,90D,all,0,8,0.75,0.625,0.30574239460262737,0.8631557141764026,0.06664433469438961,0.15319227525099366,0.1465139271947059,-0.17296444280655926,0.8470754151393116,2.541226245417935,0.006572330398468426,0.0723540704107728,1.0974438416378374
strength_quartile,Q2,all,high_low_divergence,1,1D,all,0,2,1.0,1.0,0.34238022750665303,1.0,0.0037700624779551384,0.0037700624779551384,0.0037700624779551384,,,,0.006922542896696748,0.006922542896696748,
strength_quartile,Q2,all,high_low_divergence,1,20D,all,0,1,0.0,0.0,0.0,0.7934506856227626,-0.41939302406269774,-0.41939302406269774,,-0.41939302406269774,,,-0.41225706016387886,-0.41225706016387886,
strength_quartile,Q2,all,high_low_divergence,1,5D,all,0,1,0.0,0.0,0.0,0.7934506856227626,-0.2632201971549277,-0.2632201971549277,,-0.2632201971549277,,,-0.24317153667729374,-0.24317153667729374,
strength_quartile,Q2,all,high_low_divergence,3,1D,all,0,10,0.6,0.7,0.39677814746114537,0.8922087325936989,0.007090253583601158,0.0030306981169168634,0.01905429148778944,-0.010855803272681264,1.7552170953336776,2.6328256430005164,0.004278790648210173,0.0011951073327561845,1.799752377927582
strength_quartile,Q2,all,high_low_divergence,3,20D,all,0,6,0.16666666666666666,0.16666666666666666,0.030053369748306635,0.5635028221864702,-0.03345675763696656,-0.038364148242034324,0.0003621160746618557,-0.04022053237929224,0.00900326408529324,0.001800652817058648,-0.025256650123587743,-0.020122267126482463,0.09837946121018715
strength_quartile,Q2,all,high_low_divergence,3,5D,all,0,8,0.5,0.625,0.30574239460262737,0.8631557141764026,-0.0017537916152008531,-0.0017573391545360195,0.03212087641186928,-0.03562845964227099,0.9015510840036381,0.9015510840036381,-0.0007054260169032517,0.004479225737490988,0.9424128501514694
strength_quartile,Q2,all,high_low_divergence,3,60D,all,0,2,0.5,0.5,0.09453120573423074,0.9054687942657693,0.0463733504153353,0.0463733504153353,0.12191789840998135,-0.029171197579310748,4.179392980987859,4.179392980987859,0.01536380773117213,0.01536380773117213,1.7428267025731334
strength_quartile,Q2,all,high_low_divergence,3,90D,all,0,2,1.0,1.0,0.34238022750665303,1.0,0.10528071877450168,0.10528071877450168,0.10528071877450168,,,,0.10822858131022389,0.10822858131022389,
strength_quartile,Q2,all,high_low_divergence,30,1D,all,0,24,0.4166666666666667,0.4166666666666667,0.24467602609811764,0.6116533413477124,-0.008967964202179443,-0.002682093183089651,0.02229710217920907,-0.031300154474599814,0.7123639660405908,0.5088314043147079,-0.010080609081534015,-0.005400372075236748,0.45190132968682517
strength_quartile,Q2,all,high_low_divergence,30,20D,all,0,18,0.5555555555555556,0.5555555555555556,0.33716415642042774,0.7544048187299437,-0.0010655538423884397,0.011057380598285038,0.07476401259178214,-0.09585251188510166,0.7799901235911451,0.9749876544889312,0.010357624737625118,0.016543321983346404,1.2590372812900585
strength_quartile,Q2,all,high_low_divergence,30,5D,all,0,23,0.6521739130434783,0.5652173913043478,0.3681137508501646,0.743653646743258,0.009051281000006598,0.009798894775821743,0.042326257213692424,-0.05333929940065432,0.7935285556670285,1.4878660418756784,0.006969073649724554,0.01218474027170735,1.365051347309038
strength_quartile,Q2,all,high_low_divergence,30,60D,all,0,18,0.6111111111111112,0.4444444444444444,0.24559518127005633,0.6628358435795723,-0.0182458165950037,0.027308994411072263,0.12788532238835912,-0.24788046356885954,0.5159152946026077,0.8107240343755262,-0.015949609519395627,-0.009026751397128607,0.8355040094837232
strength_quartile,Q2,all,high_low_divergence,30,90D,all,0,14,0.5,0.5714285714285714,0.3259064457965074,0.7861920109552588,0.008149624338270291,-0.010016350341179259,0.18014100050736223,-0.16384175183082167,1.0994816552826578,1.0994816552826578,0.01819163911805821,0.01972067211637185,1.2250206269477621
strength_quartile,Q2,all,high_low_divergence,7,1D,all,0,17,0.5882352941176471,0.47058823529411764,0.26165106442409436,0.6903676493999558,0.0078295146738908,0.0035920943864131694,0.02405466327896031,-0.015349269047637068,1.5671536673378845,2.238790953339835,0.005436887686583562,-0.0017992187091471212,1.9179262415482936
strength_quartile,Q2,all,high_low_divergence,7,20D,all,0,11,0.5454545454545454,0.5454545454545454,0.280091537409322,0.7872872837754024,0.04296108701105155,0.021629899028568822,0.11679375434919669,-0.0456381137947226,2.5591275501552877,3.070953060186345,0.045912401049670516,0.03780291402668312,4.4359304113770355
strength_quartile,Q2,all,high_low_divergence,7,5D,all,0,17,0.7058823529411765,0.6470588235294118,0.41300363485218694,0.8269027960275627,0.04507106982013991,0.03737971872686885,0.07669262650617807,-0.030820666226351667,2.488350704132602,5.972041689918244,0.03976174078678354,0.018853247505875137,7.189204342164044
strength_quartile,Q2,all,high_low_divergence,7,60D,all,0,8,0.875,0.75,0.40927543031016883,0.9285207872478909,0.25477546916738825,0.102067823384772,0.3168519141618439,-0.17975964579380133,1.7626420699854868,12.338494489898409,0.2124276417808759,0.10730691793818448,7.770239800909096
strength_quartile,Q2,all,high_low_divergence,7,90D,all,0,7,0.8571428571428571,0.7142857142857143,0.35893445183261935,0.9177810759959433,0.24493252081971467,0.13652677417811176,0.3241901969124797,-0.23061353573687537,1.4057726311536765,8.43463578692206,0.1997262920642566,0.12655893797289708,4.942417860553813
strength_quartile,Q2,all,high_low_divergence,90,1D,all,0,21,0.5238095238095238,0.47619047619047616,0.2834400610153417,0.6763046541715557,-0.004918985259599614,0.001187930624851563,0.022818722622867015,-0.035430463930312905,0.6440424451609909,0.7084466896770899,-0.004917216300707754,-0.0023605336521275166,0.6900872721128678
strength_quartile,Q2,all,high_low_divergence,90,20D,all,0,13,0.5384615384615384,0.46153846153846156,0.23206067809538303,0.7085620428549398,0.004209491189885946,0.001764741678330184,0.14641527067263116,-0.16169725153998346,0.905490163117748,1.0564051903040395,0.013050698984529195,-0.0075210085484038736,1.2137393991866923
strength_quartile,Q2,all,high_low_divergence,90,5D,all,0,15,0.3333333333333333,0.3333333333333333,0.1517632443971473,0.5828645226148023,-0.0443008231109148,-0.01954431993201977,0.029576239616931586,-0.081239354474838,0.36406295702524494,0.18203147851262247,-0.03827867016851348,-0.01296025384004773,0.20451948623680055
strength_quartile,Q2,all,high_low_divergence,90,60D,all,0,11,0.2727272727272727,0.2727272727272727,0.09746059290024889,0.5656453011761291,-0.05051315759681596,-0.07393659100590277,0.28757164910888217,-0.17729496011145277,1.62199562203069,0.6082483582615087,-0.04471731596434021,-0.06923024816356205,0.6150497565762776
strength_quartile,Q2,all,high_low_divergence,90,90D,all,0,8,0.75,0.75,0.40927543031016883,0.9285207872478909,-0.1960150112495038,0.08963214081660248,0.16397776080108473,-1.2759933274012694,0.1285098889467136,0.3855296668401409,-0.1709405277581018,0.13781128635832074,0.4449804704644537
strength_quartile,Q2,all,weighted_net,1,1D,all,0,65,0.46153846153846156,0.46875,0.35175987425176036,0.5892791294852899,-0.0057650721782213105,-0.004696293421307951,0.027428348574294985,-0.034216575680378135,0.8016099808030781,0.6870942692597812,-0.005282255378803146,-0.0020685375065211398,0.6843900667474438
strength_quartile,Q2,all,weighted_net,1,20D,all,0,57,0.5263157894736842,0.47368421052631576,0.3498716798112528,0.6008198378125881,0.03935449639917169,0.0027603851073856323,0.16714410051646247,-0.10263395262004026,1.6285458783336968,1.809495420370774,0.022769831321721598,-0.005007694483278646,1.411472749228677
strength_quartile,Q2,all,weighted_net,1,5D,all,0,61,0.5081967213114754,0.4915254237288136,0.3684383690774015,0.6156485694061034,0.010202960419271706,0.0006279849944637039,0.07447453498023424,-0.05621099996038958,1.3249103384162262,1.3690740163634338,0.010746947640528262,-0.0007499637960839411,1.4602935383069429
strength_quartile,Q2,all,weighted_net,1,60D,all,0,39,0.5128205128205128,0.4358974358974359,0.2930475387568963,0.5902430835133052,0.070108985969362,0.008276627575889206,0.26547161205363407,-0.13553588359302962,1.9586813839703099,2.0617698778634836,0.037813524216101534,-0.030005299622742343,1.450060589866148
strength_quartile,Q2,all,weighted_net,1,90D,all,0,30,0.6333333333333333,0.6,0.42320360253322475,0.7540937188319815,0.2674231652515813,0.08788738008288877,0.4973687205817601,-0.12975552122781864,3.833121826920209,6.620846791953089,0.22711124608263436,0.061536949792643514,4.5288196588862135
strength_quartile,Q2,all,weighted_net,3,1D,all,0,126,0.48412698412698413,0.464,0.3789550647918743,0.5511916435551254,-0.004201764717629743,-0.0013872861070953202,0.020904011490819562,-0.027762570082482167,0.7529566401350475,0.7066208468959676,-0.004542064801340405,-0.0008901757001966715,0.6619825700515523
strength_quartile,Q2,all,weighted_net,3,20D,all,0,114,0.41228070175438597,0.415929203539823,0.3292804489669386,0.5081060387423808,0.025093821955559075,-0.029173432345719952,0.19013601130202995,-0.09068204221286079,2.0967327892298426,1.4708424043851134,0.01675123548827899,-0.01950492033762663,1.3142568200330713
strength_quartile,Q2,all,weighted_net,3,5D,all,0,119,0.4369747899159664,0.4188034188034188,0.3333823749581875,0.5093868187819146,-0.0013816841138630975,-0.0044989775051123004,0.0723300425471784,-0.05859078540302964,1.2344951863956124,0.9581156670533112,-0.004494631316117486,-0.008521098276403904,0.8625308638721657
strength_quartile,Q2,all,weighted_net,3,60D,all,0,83,0.4457831325301205,0.40963855421686746,0.31012912673980514,0.5171423147617564,0.13694296601150732,-0.026064180231717193,0.4663137234718205,-0.12798568672830976,3.6434833878081956,2.9306279423674617,0.10396612945023209,-0.03293749119546341,2.203992477445301
strength_quartile,Q2,all,weighted_net,3,90D,all,0,62,0.5967741935483871,0.5806451612903226,0.4566558474484658,0.6952241409222806,0.2431601165626024,0.0747161246326069,0.4965335808367572,-0.1318326105631467,3.7663942078953356,5.574263427685097,0.19547622605168102,0.036179798532484875,3.6455233245614704
strength_quartile,Q2,all,weighted_net,30,1D,all,0,129,0.5348837209302325,0.5426356589147286,0.45667754222201284,0.62612793204523,-0.0016735714014029285,0.0017411491584444772,0.02153686617674167,-0.02836557461626922,0.7592607048541542,0.8731498105822773,-0.002573455839228856,0.0017400904837483466,0.7988116645902489
strength_quartile,Q2,all,weighted_net,30,20D,all,0,106,0.4339622641509434,0.41509433962264153,0.3258688806579729,0.5102585689111073,-0.019185779214093014,-0.013787426077094322,0.13882686160893573,-0.14032880384508173,0.9892969782753647,0.7584610166777797,-0.030758330031202496,-0.017162102999749185,0.6347303861156686
strength_quartile,Q2,all,weighted_net,30,5D,all,0,116,0.45689655172413796,0.4260869565217391,0.33953697808183714,0.51741529961067,-0.005380553360597157,-0.010358864171945648,0.07480133456458653,-0.07283515748813263,1.026994890163782,0.8639798282330228,-0.007066549330312082,-0.009765686617008495,0.811902432813124
strength_quartile,Q2,all,weighted_net,30,60D,all,0,82,0.4146341463414634,0.35365853658536583,0.25885568331347614,0.4615591333763093,-0.017415278169758592,-0.06328728831713815,0.2806201884554274,-0.228523733695932,1.227969558859097,0.8698117708585271,-0.05043442375953712,-0.09256605133564982,0.6647055651686808
strength_quartile,Q2,all,weighted_net,30,90D,all,0,65,0.4153846153846154,0.38461538461538464,0.27595007375002106,0.5061579719398692,-0.04834155812968594,-0.062064177565418155,0.39022322093501954,-0.35995337483355566,1.0840937971909856,0.770277171688332,-0.07135154948690801,-0.0645783770530508,0.6737561835509198
strength_quartile,Q2,all,weighted_net,7,1D,all,0,148,0.4864864864864865,0.4594594594594595,0.3812117901523918,0.5397584106531041,-0.0013830361985834286,-0.0013824257020507158,0.022204423377472506,-0.023729050533794312,0.9357484972207181,0.8864985763143645,-0.0014488859337435768,-0.0015058459683769954,0.8741795354307934
strength_quartile,Q2,all,weighted_net,7,20D,all,0,129,0.49612403100775193,0.4263565891472868,0.34436062205298384,0.5126117405763237,-0.007023400863201198,-0.0005114166240486329,0.1351182786145279,-0.14697828527204218,0.9193077628061684,0.9051645664553044,-0.01848917718584062,-0.019113107063245538,0.7571747806906542
strength_quartile,Q2,all,weighted_net,7,5D,all,0,140,0.4642857142857143,0.4714285714285714,0.3906113916175145,0.5537718198321663,-0.003522020592566388,-0.006389841494402693,0.07086224166752829,-0.06798838121798179,1.0422698760885694,0.9033005592767602,-0.0072644177070834435,-0.0022997487576768005,0.7980456238799788
strength_quartile,Q2,all,weighted_net,7,60D,all,0,96,0.46875,0.3958333333333333,0.3038335346205102,0.4958488795165056,0.05243605362978971,-0.012436206434535024,0.3440016939441181,-0.20482774664755884,1.6794682340378027,1.4818837359157082,0.019539570843199596,-0.054467127260989845,1.1561302960867645
strength_quartile,Q2,all,weighted_net,7,90D,all,0,69,0.5797101449275363,0.5652173913043478,0.44788403615274297,0.6756719736486849,0.12872821899908282,0.04745142539542857,0.41063318249085146,-0.2601062134033567,1.5787134690783675,2.177535819418438,0.09485362079899813,0.021078685660681273,1.8200974137224752
strength_quartile,Q2,all,weighted_net,90,1D,all,0,115,0.5043478260869565,0.4782608695652174,0.38915112373528865,0.5687760167625076,0.0015596716238050377,0.00012444121110011253,0.02458041230418774,-0.02186494170009315,1.1241929039345677,1.1439155864597357,0.0009035285394509252,-0.0006370320573105825,1.0861340677066686
strength_quartile,Q2,all,weighted_net,90,20D,all,0,99,0.48484848484848486,0.4444444444444444,0.35046067385103263,0.5425785719342816,-1.285959440238396e-05,-0.0014097939213002508,0.12503952581590083,-0.11770922233351129,1.062274674295445,0.9997879287486542,-0.01197725185746451,-0.012992889937759156,0.817826976216082
strength_quartile,Q2,all,weighted_net,90,5D,all,0,105,0.5142857142857142,0.4857142857142857,0.39232189167701137,0.5801150819495345,0.004182022425843208,0.0007427843803056167,0.07428467426892,-0.07004431481976753,1.0605382386859439,1.1229228409615877,0.0026803706715262114,-0.0017622293043249027,1.0818019486819634
strength_quartile,Q2,all,weighted_net,90,60D,all,0,71,0.4788732394366197,0.39436619718309857,0.288934012922929,0.5106423150059914,0.03900027379966458,-0.030355493998153293,0.30733007853133903,-0.20757306027809036,1.480587500707471,1.3605398655149734,0.0053800367980822465,-0.04730241606278274,1.0439595837233382
strength_quartile,Q2,all,weighted_net,90,90D,all,0,56,0.48214285714285715,0.4642857142857143,0.34019852912223775,0.5929581806433883,-0.023851806901383714,-0.007414327133866083,0.3306305486242222,-0.35388710342522367,0.9342825591102232,0.869849279171587,-0.05013998130856068,-0.03350934169702069,0.7429384831445995
strength_quartile,Q3,all,author_net,1,1D,all,0,58,0.5172413793103449,0.5263157894736842,0.3991801621874118,0.6501283201887471,0.003923231590282174,0.002242139334604598,0.029571017900209644,-0.023556539456068688,1.2553209674688228,1.344986750859453,0.0038117234761448457,0.00035967640407108536,1.3930914549933158
strength_quartile,Q3,all,author_net,1,20D,all,0,47,0.5319148936170213,0.48936170212765956,0.3527555503368215,0.6275754625177314,0.013765587363992268,0.0004054821182384316,0.11277494354494731,-0.09874504465982029,1.1420820551903184,1.2978205172617252,0.00506715169784974,-0.0001709842650494675,1.113434383946109
strength_quartile,Q3,all,author_net,1,5D,all,0,56,0.4642857142857143,0.46296296296296297,0.336899011179811,0.5939464397898851,-0.011877236500951571,-0.0012685542070905997,0.04367703086967053,-0.06002426822215739,0.7276561991229336,0.630635372573209,-0.010853272728485202,-0.003695183627411447,0.6064234357514094
strength_quartile,Q3,all,author_net,1,60D,all,0,34,0.4411764705882353,0.4117647058823529,0.2636596836387115,0.5777840612118749,0.024543628469795034,-0.010729607017000653,0.20357474977459203,-0.1167967304550447,1.7429832922673154,1.37603944126367,-0.008840752847341819,-0.013690545330603432,0.883065655100592
strength_quartile,Q3,all,author_net,1,90D,all,0,27,0.48148148148148145,0.4444444444444444,0.27585858177023004,0.6268697548677552,0.15155822728666257,-0.010481461527158675,0.47339849248162874,-0.14729344753723458,3.213982022940684,2.984411878444921,0.11513645041067536,-0.017228835628688488,2.3721527410111185
strength_quartile,Q3,all,author_net,3,1D,all,0,114,0.42105263157894735,0.39473684210526316,0.3098494940024107,0.48648703950471395,-0.0034424788622122687,-0.003964695382692451,0.02165585434172575,-0.02169581210143992,0.9981582731484148,0.7259332895624835,-0.004224608542578056,-0.0029709929200798513,0.6429799877785832
strength_quartile,Q3,all,author_net,3,20D,all,0,93,0.3655913978494624,0.3695652173913043,0.2780163401233967,0.47157010925546106,-0.012522761958860953,-0.01577153800659037,0.11910476792384607,-0.08837591477262433,1.3477061960861358,0.7766442485920105,-0.019448963242715354,-0.007288850325638696,0.6434363372227543
strength_quartile,Q3,all,author_net,3,5D,all,0,102,0.4411764705882353,0.43137254901960786,0.33947646820687183,0.528250222675976,-0.006768971245761366,-0.0035716508616613907,0.050184554890077594,-0.051732281353002646,0.9700819986583634,0.765854209467129,-0.00899241383911511,-0.006193392515605078,0.6643914698857122
strength_quartile,Q3,all,author_net,3,60D,all,0,60,0.35,0.3333333333333333,0.2272926152352268,0.4594313354788031,0.08822593532278042,-0.028010288201820388,0.4634566900696562,-0.11382139415630654,4.071788906690151,2.1925017189870046,0.055362512768001124,-0.025577835322503684,1.6634306286539393
strength_quartile,Q3,all,author_net,3,90D,all,0,43,0.5116279069767442,0.5,0.3552598959637448,0.6447401040362553,0.23556288359959052,0.012970232253843528,0.621304376698137,-0.16854725202745818,3.686232609695231,3.8617674958711947,0.19562893478986543,0.0033779753374773014,2.9852827190901174
strength_quartile,Q3,all,author_net,30,1D,all,0,137,0.5766423357664233,0.583941605839416,0.500216101707328,0.6630880857995721,0.0037735578392203415,0.005120327700972815,0.02486929543679934,-0.025398191500595812,0.979175837626704,1.3571033539036776,0.003429764403274418,0.0030518723992349894,1.3493185377565802
strength_quartile,Q3,all,author_net,30,20D,all,0,121,0.4380165289256198,0.4297520661157025,0.34504880353749623,0.518778484603885,-0.017985183569980294,-0.025454545454545507,0.12383800781779371,-0.1285238474457453,0.9635410881242903,0.7509952598615791,-0.02079167924514448,-0.017670244519559675,0.7059053994654796
strength_quartile,Q3,all,author_net,30,5D,all,0,129,0.5116279069767442,0.49612403100775193,0.41121268792455234,0.5812595416875165,0.0018757276296429977,0.00022436616558207945,0.07785684999651844,-0.07772354342136938,1.0017151376440259,1.0494158584842175,0.0010112154010697857,-0.0005792587455539788,1.0273754124046592
strength_quartile,Q3,all,author_net,30,60D,all,0,75,0.4533333333333333,0.4266666666666667,0.3210074201902476,0.5394720767072307,0.028799948434670247,-0.008943332651036973,0.2919036465045727,-0.18938360606232202,1.5413353487868087,1.2781805331402805,0.005510103827737096,-0.021150371022265024,1.0493868604389691
strength_quartile,Q3,all,author_net,30,90D,all,0,63,0.5555555555555556,0.4603174603174603,0.3430886457604498,0.5821074811910463,0.1378708732858576,0.01912049048933251,0.4457899468278671,-0.2470279686416543,1.804613256058234,2.2557665700727925,0.1056486850013985,-0.020501108534518586,1.8724773423988867
strength_quartile,Q3,all,author_net,7,1D,all,0,145,0.45517241379310347,0.4689655172413793,0.38959136753048595,0.5499416088908075,-9.728159255359127e-05,-0.003259123249942597,0.02529668988541008,-0.021585735427658157,1.1719169805536027,0.9916220604684333,-0.0005369344934887323,-0.0010210629110869451,0.9501651313819781
strength_quartile,Q3,all,author_net,7,20D,all,0,133,0.49624060150375937,0.5037593984962406,0.41988216585971766,0.5874255609696954,0.017322311308425414,-0.0004416094210009103,0.14684761957877004,-0.11026978340564542,1.3317122337908933,1.3118359317940145,0.011941564434028516,2.4410611805469884e-05,1.2225557034988679
strength_quartile,Q3,all,author_net,7,5D,all,0,140,0.5285714285714286,0.55,0.4673531431737411,0.6299762367893177,0.0027147815864841615,0.0027357781262994374,0.06279371425847237,-0.06464644595483596,0.9713405482853927,1.08907879656241,0.0012832246529537682,0.002127277792746962,1.045118633648787
strength_quartile,Q3,all,author_net,7,60D,all,0,92,0.5760869565217391,0.532608695652174,0.4314045669897713,0.6311988206655142,0.22564813265375003,0.020460707439225678,0.49360135465648236,-0.13849342545252719,3.564077883434829,4.843490456975537,0.19602185195104357,0.013475193990224121,4.153735452200665
strength_quartile,Q3,all,author_net,7,90D,all,0,73,0.6986301369863014,0.676056338028169,0.5606115705582948,0.7734278828935044,0.4068670404891876,0.11230521225147772,0.7007855145315125,-0.27448942206347476,2.5530510766621024,5.9184365868076005,0.36086672160176925,0.064801593743266,5.053734711428176
strength_quartile,Q3,all,author_net,90,1D,all,0,129,0.5116279069767442,0.5116279069767442,0.4262880782790561,0.5962952328847375,0.003510737049029728,0.0005922666892292927,0.03007319156831267,-0.024708799422319377,1.2171045243561147,1.295627396895219,0.00303607762596386,0.0005922666892292927,1.272439474325074
strength_quartile,Q3,all,author_net,90,20D,all,0,118,0.4661016949152542,0.4576271186440678,0.3704912527333468,0.5474348776922883,-0.011054846091113311,-0.012976678040244105,0.1474039890210272,-0.14939192436361692,0.9866931539234267,0.8613987851712455,-0.017444620412708774,-0.0050643993681742105,0.7757040826743881
strength_quartile,Q3,all,author_net,90,5D,all,0,125,0.488,0.48,0.3943276701621969,0.5668649455861363,0.00035394858665968343,-0.0010796804145974948,0.08117357671349532,-0.07667725947173053,1.0586395141498568,1.0090157869240823,-0.0022690693552589636,-0.0012130040739242176,0.9387025984457572
strength_quartile,Q3,all,author_net,90,60D,all,0,78,0.5,0.48717948717948717,0.37948952024893845,0.5960729876923999,0.025483134816677938,0.000476591153013739,0.28395301362560044,-0.2329867439922446,1.218751800038256,1.2187518000382562,0.0012139849184343526,-0.0033183500239436503,1.0098532367930757
strength_quartile,Q3,all,author_net,90,90D,all,0,61,0.5737704918032787,0.5081967213114754,0.3860261849109117,0.6293960467628898,0.11178949600012267,0.025912329950334545,0.41182354814179156,-0.2921024972675086,1.4098597307254173,1.8978880990534464,0.07462500151323444,0.005569436280581819,1.5415685283472231
strength_quartile,Q3,all,author_net_shift,1,1D,all,0,2,0.0,0.0,0.0,0.7934506856227626,-0.01957776550979068,-0.01957776550979068,,-0.01957776550979068,,,-0.008613636694915439,-0.008613636694915439,
strength_quartile,Q3,all,author_net_shift,1,5D,all,0,2,0.5,,,,0.008564462991199118,0.008564462991199118,0.12753610348188182,-0.11040717749948359,1.1551432286408947,1.1551432286408947,,,
strength_quartile,Q3,all,author_net_shift,3,1D,all,0,5,0.6,0.75,0.30064184258240184,0.9544127391902995,0.0019553459998457702,0.0003908858450463182,0.009952094594369817,-0.0100397768919403,0.9912665093543193,1.4868997640314787,0.005109909498135973,0.007543078446608342,3.233166468271013
strength_quartile,Q3,all,author_net_shift,3,20D,all,0,2,0.0,0.0,0.0,0.6576197724933469,-0.10134560024776679,-0.10134560024776679,,-0.10134560024776679,,,-0.0924895729388775,-0.0924895729388775,
strength_quartile,Q3,all,author_net_shift,3,5D,all,0,4,0.25,0.0,5.551115123125783e-17,0.5614970317550454,-0.06694334679741848,-0.04265968365983519,0.03932309498190345,-0.10236549405719246,0.3841440452574117,0.1280480150858039,-0.09793023065798472,-0.06813504321802011,
strength_quartile,Q3,all,author_net_shift,30,1D,all,0,40,0.45,0.475,0.329354701126789,0.6250263789330753,0.0012568571086446461,-0.0011960720279887704,0.02007730098633546,-0.014141687882193292,1.4197245161672731,1.1615927859550417,-0.0001169389805372123,-0.0007582718328167926,0.9847286877894961
strength_quartile,Q3,all,author_net_shift,30,20D,all,0,34,0.35294117647058826,0.3939393939393939,0.2468310743447709,0.5631655918005977,-0.05092655971416288,-0.015251093390909798,0.053224177879970684,-0.10773605294732663,0.49402383347005097,0.26946754552911867,-0.045934932095889766,-0.016609869490079365,0.2556567505766186
strength_quartile,Q3,all,author_net_shift,30,5D,all,0,36,0.6388888888888888,0.6111111111111112,0.44864459096605147,0.75215126934629,0.011636022725132296,0.019972083899667703,0.04697802933857538,-0.05089214282172854,0.9230900239971421,1.6331592732257127,0.004948161606995383,0.005992523124980109,1.2773673098100007
strength_quartile,Q3,all,author_net_shift,30,60D,all,0,24,0.3333333333333333,0.375,0.21159367559548778,0.5729003755732572,-0.05197263161938026,-0.026211317632074682,0.09666854093476462,-0.1262932178964527,0.7654293915768523,0.38271469578842615,-0.042291251674317666,-0.00865110262351737,0.36980231917498496
strength_quartile,Q3,all,author_net_shift,30,90D,all,0,18,0.6666666666666666,0.7222222222222222,0.4912734343970254,0.8750024662044601,0.06659415099604954,0.05271109682322139,0.17947186394979409,-0.15916127491143953,1.1276101177855968,2.2552202355711937,0.06078654637134443,0.02396228723486238,2.2016906929997955
strength_quartile,Q3,all,author_net_shift,7,1D,all,0,18,0.3888888888888889,0.3333333333333333,0.1627877475083369,0.5625053270405489,-0.015270300488019159,-0.0030131118301889304,0.026909982893837583,-0.042112299003746176,0.6390053150848819,0.40663974596310665,-0.014385773873285213,-0.0017599352964493553,0.37413772038395465
strength_quartile,Q3,all,author_net_shift,7,20D,all,0,15,0.5333333333333333,0.4666666666666667,0.24809535365737387,0.698830199745016,0.018977574626227275,0.012326630831508423,0.10872628993481483,-0.08359238572644422,1.3006721723509749,1.4864824826868286,0.025434890262089834,-0.000710498914006763,1.8718844047969592
strength_quartile,Q3,all,author_net_shift,7,5D,all,0,17,0.4117647058823529,0.5294117647058824,0.30963235060004424,0.7383489355759056,0.019619929152671862,-0.006153716168642909,0.10048212271358856,-0.03698360633996982,2.716936844663336,1.9018557912643352,0.02159449878279415,0.00032584081056885594,2.4545775916840014
strength_quartile,Q3,all,author_net_shift,7,60D,all,0,8,0.25,0.375,0.13684428582359742,0.6942576053973727,-0.045417050999733116,-0.07904577609090341,0.25220737865209025,-0.14462519421700756,1.7438689020784133,0.5812896340261376,-0.01710858638980106,-0.02601687913242212,0.7705268126285406
strength_quartile,Q3,all,author_net_shift,7,90D,all,0,4,0.25,0.25,0.04558726080970055,0.6993581574175981,-0.2815654183948745,-0.12410042902543778,0.40095349289745086,-0.5090717221589829,0.7876169023826337,0.2625389674608779,-0.23461536668194605,-0.11577306537559345,0.3284793723631025
strength_quartile,Q3,all,author_net_shift,90,1D,all,0,33,0.3939393939393939,0.3333333333333333,0.19750227679220683,0.5039210557219438,-0.010691492056129289,-0.005223775236481765,0.018135407865286043,-0.029428977005049255,0.6162432306829583,0.4005580999439229,-0.010159462869411287,-0.004520884677598591,0.381422734133901
strength_quartile,Q3,all,author_net_shift,90,20D,all,0,27,0.5185185185185185,0.48148148148148145,0.3074322697621846,0.6601438424504771,0.03964133851329305,0.006232364463194751,0.19342189925380793,-0.12596849613033834,1.5354783552681,1.6535920749041075,0.036052696030103845,-0.005656549715411963,1.6711237797923673
strength_quartile,Q3,all,author_net_shift,90,5D,all,0,30,0.5,0.4666666666666667,0.30232388907699753,0.638577003801267,-0.009048348487698773,-0.0015142673872579615,0.06173223663252853,-0.07982893360792608,0.7733065424088197,0.7733065424088196,-0.011377683041290935,-0.0013658284818003352,0.6938428376906017
strength_quartile,Q3,all,author_net_shift,90,60D,all,0,16,0.5,0.4375,0.23098652405492354,0.6682144360118811,0.12680924818314582,-0.0054228654586583325,0.5344522601150176,-0.28083376374872593,1.9030911845529195,1.9030911845529195,0.09332540352269694,-0.07094630993201934,1.617437081793273
strength_quartile,Q3,all,author_net_shift,90,90D,all,0,6,0.3333333333333333,0.16666666666666666,0.030053369748306635,0.5635028221864702,-0.0727260184614776,-0.13683537966110226,0.11457329435535957,-0.16637567486989618,0.6886421013465732,0.3443210506732866,-0.15385800809833916,-0.22091868131004233,0.09628309191193166
strength_quartile,Q3,all,high_low_divergence,1,1D,all,0,2,0.0,0.0,0.0,0.6576197724933469,-0.019580161111636296,-0.019580161111636296,,-0.019580161111636296,,,-0.018254818016516183,-0.018254818016516183,
strength_quartile,Q3,all,high_low_divergence,1,5D,all,0,1,0.0,,,,-0.04036697247706411,-0.04036697247706411,,-0.04036697247706411,,,,,
strength_quartile,Q3,all,high_low_divergence,3,1D,all,0,10,0.4,0.4444444444444444,0.18877852109766452,0.733348706504507,-0.006360118102255741,-0.01338838239323209,0.032694440734488156,-0.03239649066008501,1.0091969861035055,0.6727979907356704,-0.0014037313432665084,-0.0086802174644931,0.9147073797045553
strength_quartile,Q3,all,high_low_divergence,3,20D,all,0,5,0.6,0.8,0.37553462976252533,0.9637758913675698,-0.07365602648239904,0.013048157115953751,0.02866013171248431,-0.22713026377472406,0.12618367643384792,0.18927551465077186,-0.059041058146016324,0.0293830293481413,0.28392908392464467
strength_quartile,Q3,all,high_low_divergence,3,5D,all,0,8,0.25,0.14285714285714285,0.02567962434474355,0.5131278292743189,-0.03546981177477093,-0.03967908444740864,0.15907696114769526,-0.10031873608225966,1.5857153644485198,0.5285717881495067,-0.028891366601263648,-0.026768137976107664,0.5929073875671381
strength_quartile,Q3,all,high_low_divergence,3,60D,all,0,3,0.6666666666666666,0.3333333333333333,0.06149194472039621,0.7923403991979522,0.021253547435567028,0.0342249580302183,0.043545085956190666,-0.023329529605680244,1.8665222442199763,3.7330444884399525,-0.022969308574031937,-0.03247015824710453,0.417442951330909
strength_quartile,Q3,all,high_low_divergence,3,90D,all,0,3,1.0,1.0,0.4385029682449546,1.0,0.227420554033782,0.25733118105999453,0.227420554033782,,,,0.17275276798943687,0.17770051678499232,
strength_quartile,Q3,all,high_low_divergence,30,1D,all,0,25,0.36,0.36,0.20247880774458224,0.5548150225183514,-0.009872131745716493,-0.008313990293310702,0.022557465505383845,-0.028113780199460432,0.8023633017454115,0.45132935723179396,-0.006707850683174575,-0.005596233609847512,0.5255570877336587
strength_quartile,Q3,all,high_low_divergence,30,20D,all,0,17,0.47058823529411764,0.47058823529411764,0.26165106442409436,0.6903676493999558,-0.01292540135868087,-0.006543885726715715,0.12318101681670102,-0.13390888418124255,0.919886813857536,0.8176771678733653,-0.0010865557314703048,-0.0019077812404095784,0.9831116849161277
strength_quartile,Q3,all,high_low_divergence,30,5D,all,0,22,0.3181818181818182,0.3333333333333333,0.17194752605083477,0.5462654802574476,-0.03687394211388212,-0.027769996221749138,0.03721191424667843,-0.07144734174881039,0.5208299334285312,0.2430539689333146,-0.02406039919575374,-0.01089698952117657,0.32748164416940645
strength_quartile,Q3,all,high_low_divergence,30,60D,all,0,13,0.6923076923076923,0.6153846153846154,0.355228915126657,0.8229029220223743,0.07637176786921727,0.04766803039158385,0.17950064396749912,-0.1556682033519169,1.1530976789248641,2.594469777580944,0.06569869960893965,0.06312154462973585,2.4482503289556106
strength_quartile,Q3,all,high_low_divergence,30,90D,all,0,11,0.7272727272727273,0.6363636363636364,0.35380117450784887,0.8483352890463243,-0.08578057435294015,0.14782310256913145,0.20464078409185926,-0.8602375302057386,0.23788869574536742,0.6343698553209798,-0.07833083939656399,0.07279033659393952,0.645368598765545
strength_quartile,Q3,all,high_low_divergence,7,1D,all,0,17,0.5882352941176471,0.5294117647058824,0.30963235060004424,0.7383489355759056,0.0027430840742624853,0.005822523584905648,0.0235231860140911,-0.026942775839778395,0.8730795280329431,1.24725646861849,0.00399944773124235,0.00841726130762721,1.4763405320131031
strength_quartile,Q3,all,high_low_divergence,7,20D,all,0,12,0.5833333333333334,0.75,0.46769466506643426,0.9110583316059453,0.06390528122290269,0.03458080656591078,0.157934012611076,-0.06773494272053993,2.331647540659751,3.264306556923651,0.05997408995667991,0.02883438216654366,3.927265165910155
strength_quartile,Q3,all,high_low_divergence,7,5D,all,0,15,0.6,0.6,0.357468301206246,0.8017550385865841,0.040945532904437275,0.024824372383104754,0.09244617886948636,-0.03630543604313635,2.546345367113793,3.8195180506706894,0.03904150381587863,0.024673609544290875,4.578487314359593
strength_quartile,Q3,all,high_low_divergence,7,60D,all,0,9,0.4444444444444444,0.4444444444444444,0.18877852109766452,0.733348706504507,-0.03939275807454669,-0.020854641155486853,0.12204283665117252,-0.16854123385512204,0.7241126332092743,0.5792901065674194,-0.029907343170798142,-0.07448948399292399,0.6594004926519056
strength_quartile,Q3,all,high_low_divergence,7,90D,all,0,6,0.6666666666666666,0.5,0.1876163064826506,0.8123836935173494,0.057665953900710866,0.05264873476178672,0.14622269056154705,-0.11944751942096149,1.2241584527697347,2.4483169055394693,0.03755588948030216,0.014932519751652884,1.9340619926262366
strength_quartile,Q3,all,high_low_divergence,90,1D,all,0,22,0.45454545454545453,0.5454545454545454,0.3465979532073494,0.7307970581918668,-0.0006446885516338037,-0.0014987407454447044,0.02561774849342081,-0.02253005275584598,1.1370478698401472,0.947539891533456,-0.00019544438100682626,0.0018054252052543962,0.9820186326038306
strength_quartile,Q3,all,high_low_divergence,90,20D,all,0,15,0.6,0.6666666666666666,0.41713547738519774,0.8482367556028526,0.033452700159448526,0.022354420287633014,0.09340162780934265,-0.056470691315392674,1.65398413997959,2.480976209969385,0.02577472859653982,0.017713914472499148,2.0779121712532995
strength_quartile,Q3,all,high_low_divergence,90,5D,all,0,20,0.55,0.6,0.3865815007622531,0.781193467627183,0.007741343230389075,0.011722099890975501,0.04506771920803463,-0.03787978296451105,1.1897565318750067,1.454146872291675,0.01251114477759015,0.01208812767948192,1.8914351208774374
strength_quartile,Q3,all,high_low_divergence,90,60D,all,0,13,0.5384615384615384,0.6153846153846154,0.355228915126657,0.8229029220223743,0.04663785408325197,0.07162397413578703,0.1889316346186519,-0.11937155654138132,1.582719033685021,1.8465055392991914,0.05303581743872599,0.025798922647453315,2.209735277600934
strength_quartile,Q3,all,high_low_divergence,90,90D,all,0,11,0.6363636363636364,0.6363636363636364,0.35380117450784887,0.8483352890463243,-0.14252767959503213,0.12450084302067621,0.2112708517643125,-0.7616751094738853,0.27737659946672594,0.4854090490667704,-0.10732051148207594,0.11154101660332305,0.58600483168661
strength_quartile,Q3,all,weighted_net,1,1D,all,0,65,0.4461538461538462,0.453125,0.3372944778061167,0.5742640277994588,-0.0012428714931978255,-0.004014989293361748,0.029962782814885288,-0.026380759685820335,1.1357816519207478,0.9149352196028246,-0.00034345236422938727,-0.0020408097475975717,0.9728441853391161
strength_quartile,Q3,all,weighted_net,1,20D,all,0,52,0.4230769230769231,0.4230769230769231,0.2986805208350091,0.5580567462609698,0.003981163656275085,-0.025910818356648935,0.1820615922890532,-0.12661115067442885,1.4379585946360367,1.05450296939976,0.0032536550204556227,-0.016393074771668514,1.0494807347350492
strength_quartile,Q3,all,weighted_net,1,5D,all,0,58,0.43103448275862066,0.39285714285714285,0.2758041573011051,0.5236659719957729,-0.010032872845212905,-0.01147397112790205,0.0662683450281151,-0.0678368257795523,0.9768786240598247,0.7400595636816855,-0.008698178403646577,-0.009956517528580122,0.7434018282031248
strength_quartile,Q3,all,weighted_net,1,60D,all,0,30,0.5333333333333333,0.4666666666666667,0.30232388907699753,0.638577003801267,0.20484282155447725,0.029555481719977017,0.49790147417933783,-0.13008135287393482,3.8276160508713875,4.374418343853014,0.15860875631149582,-0.02199397972661149,3.257599905524988
strength_quartile,Q3,all,weighted_net,1,90D,all,0,20,0.5,0.4,0.21880653237281705,0.6134184992377469,0.14125163121942635,-0.007728517305662819,0.39523460554663303,-0.11273134310778032,3.5059868413769952,3.5059868413769952,0.09868447963798233,-0.027427418623308553,2.3446118351096596
strength_quartile,Q3,all,weighted_net,3,1D,all,0,126,0.5,0.48412698412698413,0.39863610009012745,0.5705570987823232,0.001630312016438687,-8.741675900975077e-05,0.027622699101497446,-0.024362075068620072,1.1338401603185793,1.1338401603185793,0.000361642390547053,-0.0008330570723507069,1.0314957915768088
strength_quartile,Q3,all,weighted_net,3,20D,all,0,113,0.5221238938053098,0.4778761061946903,0.38802854572550594,0.569178424724315,0.020720153958899264,0.006109510086455439,0.1468184194901554,-0.11705387689932503,1.2542807071348014,1.370417809647283,0.0036101452846054732,-0.0020637193020014433,1.0632155629830546
strength_quartile,Q3,all,weighted_net,3,5D,all,0,118,0.6016949152542372,0.5338983050847458,0.44424626533128486,0.6214128303282072,0.0067545508045630835,0.007272807818352933,0.057235213220677476,-0.0695034711431842,0.8234871191219664,1.2439911799502044,0.0013286125002690845,0.003267715287505246,1.050622090674572
strength_quartile,Q3,all,weighted_net,3,60D,all,0,54,0.6666666666666666,0.5185185185185185,0.3885170019812708,0.6460602725338812,0.20327588695596288,0.083322830023285,0.35332620034505463,-0.09682473982222067,3.649131420273318,7.298262840546637,0.14511184897319296,0.010723726006366396,4.212859940957156
strength_quartile,Q3,all,weighted_net,3,90D,all,0,29,0.6551724137931034,0.4642857142857143,0.2953156998279538,0.6418731076553209,0.19878054799666936,0.04027564711325393,0.36823251658392,-0.12317819231910687,2.989429457041978,5.679915968379758,0.10970000211080562,-0.008560888553784451,2.9924460571744045
strength_quartile,Q3,all,weighted_net,30,1D,all,0,129,0.5426356589147286,0.5116279069767442,0.4262880782790561,0.5962952328847375,-0.0006404892803507223,0.0024038461538462563,0.02772260200104943,-0.03429161452946954,0.808436767455938,0.9591622664731466,-0.00043369039863339325,0.0009430185520961087,0.9709786476260358
strength_quartile,Q3,all,weighted_net,30,20D,all,0,111,0.4864864864864865,0.42342342342342343,0.33558062075345013,0.516389215100493,-0.012825929081546164,-0.013732193732193698,0.12440437181198938,-0.14283358255963244,0.8709742455703725,0.8251334958035107,-0.02328230070270056,-0.021608015462213026,0.68917471142051
strength_quartile,Q3,all,weighted_net,30,5D,all,0,123,0.5203252032520326,0.5284552845528455,0.44071658306887596,0.6144704201797648,0.017310267962644156,0.002062564455139082,0.09275457623201058,-0.06452762575327875,1.437439781011896,1.5592567116061244,0.01335817714129913,0.0042284060392975276,1.4153131936449543
strength_quartile,Q3,all,weighted_net,30,60D,all,0,66,0.5909090909090909,0.48484848484848486,0.3684696267060676,0.6028940871428276,0.12989882456768112,0.06779664963587806,0.334656182997452,-0.16586180427532116,2.0176808304939318,2.9144278662690124,0.0763569785215098,-0.0009638438241565961,1.888491668923398
strength_quartile,Q3,all,weighted_net,30,90D,all,0,41,0.7073170731707317,0.6097560975609756,0.45726856934123794,0.7434385493987647,0.12434150706457416,0.11230521225147772,0.2793684613830882,-0.2503069658718348,1.11610342289129,2.6972499386539517,0.08374155415383734,0.10205476783456957,1.920306256847439
strength_quartile,Q3,all,weighted_net,7,1D,all,0,149,0.4429530201342282,0.4228187919463087,0.3464167685241974,0.5031005013483545,-0.004066163902190425,-0.0033369577443664866,0.025956893209395482,-0.027939920159596086,0.9290253179367256,0.7387430239014926,-0.00428234660108991,-0.0033621333327271685,0.7116262769721288
strength_quartile,Q3,all,weighted_net,7,20D,all,0,129,0.5348837209302325,0.49612403100775193,0.41121268792455234,0.5812595416875165,0.02754657137164693,0.010722347629796847,0.16179857927658386,-0.12684323771903055,1.2755790705609598,1.4669159311451037,0.01442147086088499,-1.2878687169259884e-05,1.2335788015454279
strength_quartile,Q3,all,weighted_net,7,5D,all,0,139,0.49640287769784175,0.4676258992805755,0.38666828920082597,0.5503247933796486,0.011254597931223001,-0.000785631078481841,0.09092851783047712,-0.06728112311232748,1.3514714621911073,1.3321647270169485,0.009682149693533983,-0.006458082826806377,1.2988210522653159
strength_quartile,Q3,all,weighted_net,7,60D,all,0,56,0.6607142857142857,0.5535714285714286,0.4241321478993947,0.6761327874521665,0.28427292319595193,0.1007091694554425,0.4653485693441163,-0.06834807193468377,6.808510557383719,13.258678453852504,0.22281630365362964,0.02127832051936801,6.72479471488941
strength_quartile,Q3,all,weighted_net,7,90D,all,0,28,0.6071428571428571,0.5555555555555556,0.3731302451322448,0.72414141822977,0.11558063460147594,0.09853660350235799,0.32227171300913815,-0.20385103202854757,1.580917740774581,2.4432365084698073,0.0354133099237188,0.034922983640827354,1.3697983292977676
strength_quartile,Q3,all,weighted_net,90,1D,all,0,115,0.5652173913043478,0.5565217391304348,0.46535755026879766,0.6440318844369322,0.004245243684375427,0.0017035775127767216,0.029165159627316473,-0.028150647041447926,1.0360386951097365,1.3468503036426573,0.0037327472061952113,0.004607013790858483,1.3009597110480844
strength_quartile,Q3,all,weighted_net,90,20D,all,0,106,0.4811320754716981,0.49056603773584906,0.39740700785165506,0.5843849309893538,0.0003429200548267419,-0.007366392280192646,0.14366327440376905,-0.13255413579601066,1.083808313796066,1.0049858909745337,-0.01245763518248776,-0.0011452552172125374,0.8270504229295544
strength_quartile,Q3,all,weighted_net,90,5D,all,0,109,0.5137614678899083,0.5412844036697247,0.4479295400173967,0.6318283795811176,0.004343585557248639,0.002527668689753626,0.09171479100976596,-0.08797315982654323,1.0425315083668711,1.1015427258215997,0.00012551308764527496,0.0029325992357154274,1.0029795982832563
strength_quartile,Q3,all,weighted_net,90,60D,all,0,68,0.5147058823529411,0.45588235294117646,0.34304882927391533,0.5734339357131498,0.028850656443049322,0.007205579610560009,0.267580490700813,-0.22434765261821524,1.1927046598351063,1.2649897907342038,-0.023403356115648522,-0.04125062461977114,0.8331594779820168
strength_quartile,Q3,all,weighted_net,90,90D,all,0,43,0.5348837209302325,0.5116279069767442,0.3675230846944931,0.6538255245328142,0.04888628683701937,0.042374498950181305,0.37238123123301864,-0.32313289921837973,1.1524089070898222,1.3252702431532954,0.010980638968575696,0.005569436280581819,1.0656669350205297
strength_quartile,Q4,all,author_net,1,1D,all,0,57,0.43859649122807015,0.43636363636363634,0.3137344236063191,0.5673018365358555,-0.006233197048746719,-0.007836205927727047,0.020851197875122303,-0.02739288058301939,0.7611904053656839,0.5946800041919406,-0.005268278336786294,-0.0050651670643384605,0.6246038721413258
strength_quartile,Q4,all,author_net,1,20D,all,0,31,0.3225806451612903,0.3870967741935484,0.23733101420380254,0.5617589138033927,-0.00669579588661376,-0.04612289503750433,0.17353146573867656,-0.09251830142246631,1.8756447434792372,0.8931641635615416,-0.008842861703261765,-0.039196936648296044,0.8389168772318703
strength_quartile,Q4,all,author_net,1,5D,all,0,41,0.3170731707317073,0.2972972972972973,0.17489478649832016,0.45783135911135664,-0.019383372466074616,-0.020462332898991353,0.06375691029430477,-0.05798421803339361,1.0995562664583425,0.5105082665699447,-0.011823682225877383,-0.012868577096555534,0.6160266460891756
strength_quartile,Q4,all,author_net,1,60D,all,0,19,0.42105263157894735,0.3157894736842105,0.1536437908779228,0.5398959232467253,0.08690345527983885,-0.00820085215558708,0.37171224451342416,-0.1202302096173141,3.091670934422913,2.248487952307573,0.06306484230822076,-0.06303655036087519,1.8525102451287083
strength_quartile,Q4,all,author_net,1,90D,all,0,16,0.3125,0.3125,0.14164643854782039,0.5559564416525933,-0.010704182344887896,-0.040457992926430764,0.1328523331785188,-0.07595714394643639,1.7490432930469828,0.7950196786577194,-0.05135377739769975,-0.0882991137297453,0.44136433792069174
strength_quartile,Q4,all,author_net,3,1D,all,0,113,0.5221238938053098,0.4732142857142857,0.3831776586564194,0.5650274135078811,0.0012351078066832255,0.0005610527389574571,0.02463674277114789,-0.024333345210046684,1.0124683868363458,1.106215459691563,0.0005765491407652294,-0.0015058459683769954,1.0516181865637764
strength_quartile,Q4,all,author_net,3,20D,all,0,82,0.4878048780487805,0.47560975609756095,0.37104979924785914,0.5823526702004385,0.04816942940423083,-0.006797871544244438,0.18824343801104768,-0.08523438831654713,2.208538616033016,2.1033701105076346,0.03747126860576671,-0.005962383193882204,1.8718436450383102
strength_quartile,Q4,all,author_net,3,5D,all,0,94,0.5106382978723404,0.45652173913043476,0.35852667216525175,0.5580021442943673,0.01280282589405352,0.00040874330261364555,0.08603063134759076,-0.06360879718789839,1.3524958048406257,1.4112999702684792,0.008766625476081083,-0.004160475623557369,1.2905287947181434
strength_quartile,Q4,all,author_net,3,60D,all,0,46,0.4782608695652174,0.3695652173913043,0.24523754590839622,0.513999035766103,0.071677094604381,-0.009042669437339279,0.27355368589386864,-0.11337644741098268,2.4127911232061563,2.2117251962723103,0.03585744541903341,-0.04616926638604396,1.4722549711752257
strength_quartile,Q4,all,author_net,3,90D,all,0,33,0.36363636363636365,0.30303030303030304,0.17375531424053606,0.47338135145800575,0.0960463019365036,-0.042073287409108207,0.4155658357451535,-0.08653628881129631,4.802214671481338,2.7441226694179077,0.05740268556004518,-0.10154591588752349,1.676628147809859
strength_quartile,Q4,all,author_net,30,1D,all,0,137,0.5401459854014599,0.49635036496350365,0.41387623964248627,0.5790235782919961,0.0002254006032087985,0.001361554647852481,0.01783600670302098,-0.020790074409418498,0.8579097097863565,1.0239567503901672,-0.0005220234723900452,-0.00036107476295610397,0.9422188741288513
strength_quartile,Q4,all,author_net,30,20D,all,0,110,0.5181818181818182,0.48623853211009177,0.3944870810519803,0.578926945748515,0.0193395022890657,0.005681474792183727,0.11455677889057582,-0.08306398386727537,1.3791389908967229,1.483224952473834,0.010446476687968862,-0.0007825610062912602,1.2588293132199202
strength_quartile,Q4,all,author_net,30,5D,all,0,123,0.5121951219512195,0.5121951219512195,0.42483721875289604,0.5988143540679501,0.0004432299600370244,0.0023972793666722225,0.05408882884866457,-0.05588464887302189,0.9678655934935246,1.016258873168201,-0.0031227699566080433,0.0023125859365784596,0.8824277667222933
strength_quartile,Q4,all,author_net,30,60D,all,0,78,0.5384615384615384,0.3717948717948718,0.27293561722602966,0.48268946218735354,0.08331854729985376,0.008683874066769848,0.2456066135035691,-0.10601752993781415,2.3166604017998966,2.702770468766546,0.054921853169900815,-0.030881393360358556,1.902763184909869
strength_quartile,Q4,all,author_net,30,90D,all,0,55,0.5636363636363636,0.4909090909090909,0.36376777849003283,0.619237401530278,0.15662207039645296,0.03282840426384559,0.36155586847887977,-0.10808408546001509,3.3451351042113844,4.320799509606371,0.11971676734799738,-0.005715753689951253,3.0047113215702406
strength_quartile,Q4,all,author_net,7,1D,all,0,144,0.4513888888888889,0.4084507042253521,0.3310495570952387,0.490674661722636,-0.005335316018705237,-0.002354574579983948,0.021132494076753446,-0.027112628122563643,0.7794336270620178,0.6413061488484956,-0.005667020886795468,-0.0030379448851801105,0.5982480147945045
strength_quartile,Q4,all,author_net,7,20D,all,0,105,0.5714285714285714,0.5047619047619047,0.41066435801353784,0.5985233174442801,0.03954200667777193,0.01608364360550696,0.14902365996562833,-0.1064335310393699,1.4001570605649107,1.866876080753214,0.025909550231074656,0.0015576075746535079,1.5651400579745829
strength_quartile,Q4,all,author_net,7,5D,all,0,119,0.5126050420168067,0.49572649572649574,0.40671780553433473,0.5850068888730391,0.007902502699910977,0.0008485849272970025,0.06713521697895339,-0.05439397266253017,1.2342400029406226,1.2980800030927238,0.006169686632118305,-0.0008416769832813031,1.2409265866598482
strength_quartile,Q4,all,author_net,7,60D,all,0,58,0.46551724137931033,0.3448275862068966,0.2356108933195017,0.47332223433859577,0.05187266371423365,-0.018218169315707577,0.22315360878707335,-0.09730751425243318,2.2932823893555927,1.9973749842774517,0.010526297795492422,-0.06127046299747585,1.134458127201506
strength_quartile,Q4,all,author_net,7,90D,all,0,42,0.4523809523809524,0.38095238095238093,0.24999725763955144,0.5318595973284732,0.04339306385234749,-0.01796841599244825,0.2169486386384866,-0.09997893271011525,2.1699435346796525,1.7925620503875388,0.00819909493048863,-0.07765602338605404,1.1067602811441009
strength_quartile,Q4,all,author_net,90,1D,all,0,128,0.53125,0.5078125,0.422247229254785,0.5929225058034415,0.0025986715665515603,0.0009296320769696109,0.020136148970712312,-0.017569968974404025,1.1460548962861974,1.3208768296179905,0.002551742114718796,0.00028849253499962924,1.3368205057405507
strength_quartile,Q4,all,author_net,90,20D,all,0,112,0.48214285714285715,0.41964285714285715,0.33240040119345726,0.5122148152994445,0.010873855406393134,-0.004780605585226361,0.11642221388568547,-0.08739530593639627,1.3321334897598975,1.2402622146040427,0.0026811646829855646,-0.014867557822091593,1.053771927366855
strength_quartile,Q4,all,author_net,90,5D,all,0,118,0.5169491525423728,0.4745762711864407,0.38670795460749935,0.5640477236478817,-0.0031595600164604516,0.001428911582503134,0.040303516781810295,-0.04967267729180282,0.8113820107792203,0.8683210992549552,-0.004991389696969161,-0.0028009396108298334,0.7982866612817144
strength_quartile,Q4,all,author_net,90,60D,all,0,80,0.5375,0.35,0.25454550534873466,0.45919993351192334,0.027317509288408925,0.010070939847628413,0.17539153583991948,-0.14476852156875203,1.2115308904126942,1.4079953591282663,-0.004422835919432796,-0.04886629155669997,0.949026392213798
strength_quartile,Q4,all,author_net,90,90D,all,0,57,0.40350877192982454,0.3508771929824561,0.2400042200916009,0.480581046443498,0.014857727591292615,-0.02592406756982779,0.275355792277548,-0.16136155146117426,1.706452310256835,1.1543647981149179,-0.014216948528233402,-0.06041355641405366,0.8700614213818106
strength_quartile,Q4,all,author_net_shift,1,1D,all,0,2,0.0,0.0,0.0,0.6576197724933469,-0.041319907347643015,-0.041319907347643015,,-0.041319907347643015,,,-0.03860988024737211,-0.03860988024737211,
strength_quartile,Q4,all,author_net_shift,3,1D,all,0,5,0.8,0.8,0.37553462976252533,0.9637758913675698,0.01591619591627298,0.009213820731096778,0.026963748009119104,-0.02827401245511152,0.9536583479945543,3.814633391978217,0.015549578813199117,0.006547019893017203,4.160792418994968
strength_quartile,Q4,all,author_net_shift,3,20D,all,0,2,1.0,1.0,0.34238022750665303,1.0,0.06776708793864628,0.06776708793864628,0.06776708793864628,,,,0.04684231780064102,0.04684231780064102,
strength_quartile,Q4,all,author_net_shift,3,5D,all,0,3,0.3333333333333333,0.5,0.09453120573423074,0.9054687942657693,-0.021039217567972,-0.03768353106959399,0.03425541266712995,-0.048686532685522976,0.7035911324471018,0.3517955662235509,-0.012229066574494574,-0.012229066574494574,0.36743293210688166
strength_quartile,Q4,all,author_net_shift,3,60D,all,0,1,0.0,0.0,0.0,0.7934506856227626,-0.021319150870494186,-0.021319150870494186,,-0.021319150870494186,,,-0.012164726720390817,-0.012164726720390817,
strength_quartile,Q4,all,author_net_shift,3,90D,all,0,1,1.0,1.0,0.20654931437723745,1.0,0.0982999227237602,0.0982999227237602,0.0982999227237602,,,,0.08314019633118919,0.08314019633118919,
strength_quartile,Q4,all,author_net_shift,30,1D,all,0,40,0.675,0.7,0.5456998118185507,0.8192515477025347,0.008180489363048729,0.0033100837346544676,0.02038151044597616,-0.017160092886108244,1.1877272798724638,2.4668181966581937,0.007220392097868783,0.0037967048833444372,2.3068914459534247
strength_quartile,Q4,all,author_net_shift,30,20D,all,0,30,0.5,0.5333333333333333,0.36142299619873297,0.6976761109230025,0.014609369138100466,0.007031013536820507,0.13052393902637688,-0.10130520075017593,1.2884228851019794,1.2884228851019792,0.022196642242436868,0.03732671191216608,1.4739528593881182
strength_quartile,Q4,all,author_net_shift,30,5D,all,0,36,0.5555555555555556,0.5,0.34474325409626827,0.6552567459037317,0.012519317698556652,0.014145461846033547,0.061803364189890034,-0.04908574041561007,1.2590899855355049,1.5738624819193812,0.01265445958075637,0.0023717224501221823,1.6960210438002186
strength_quartile,Q4,all,author_net_shift,30,60D,all,0,19,0.21052631578947367,0.2631578947368421,0.11806412346782508,0.487915508978151,-0.07588205800097643,-0.0532802547770701,0.37721509441826284,-0.19670796531277357,1.9176401617416747,0.51137070979778,-0.05122436256642363,-0.04709691604043298,0.6342219477424168
strength_quartile,Q4,all,author_net_shift,30,90D,all,0,15,0.5333333333333333,0.4,0.1982449614134158,0.6425316987937539,-0.08392311897142105,0.018408736349454058,0.42896975451526853,-0.6700864029562091,0.6401708087536021,0.7316237814326881,-0.10946706828842931,-0.031738843343580125,0.6533698424494994
strength_quartile,Q4,all,author_net_shift,7,1D,all,0,17,0.35294117647058826,0.29411764705882354,0.1327998961029523,0.5313311006653985,-0.005728326572162177,-0.003055095277547659,0.017439514973373964,-0.018365331051545527,0.949588925156149,0.5179575955397177,-0.0056110026232064495,-0.0031168283301099553,0.45622880478242395
strength_quartile,Q4,all,author_net_shift,7,20D,all,0,15,0.6,0.4666666666666667,0.24809535365737387,0.698830199745016,-0.016336564129601435,0.0239043824701195,0.06479999780808646,-0.13804140703613327,0.4694243502685004,0.7041365254027505,-0.02109801233321216,-0.0066079013192750224,0.623212761982087
strength_quartile,Q4,all,author_net_shift,7,5D,all,0,16,0.5,0.4375,0.23098652405492354,0.6682144360118811,-0.01777096839114907,-0.0033625679066039416,0.026487147631594238,-0.06202908441389238,0.42701174589096513,0.42701174589096513,-0.01761956094754942,-0.0021395302566379337,0.37257229643101303
strength_quartile,Q4,all,author_net_shift,7,60D,all,0,9,0.4444444444444444,0.4444444444444444,0.18877852109766452,0.733348706504507,-0.02594928818469307,-0.010509952350376883,0.05740872587589485,-0.09263569943316341,0.6197257237455761,0.4957805789964609,-0.007507326641710967,-0.030213601657263278,0.8467857476503915
strength_quartile,Q4,all,author_net_shift,7,90D,all,0,8,0.25,0.375,0.13684428582359742,0.6942576053973727,-0.04804225175529227,-0.0595310701812507,0.08697202540336735,-0.0930470108081788,0.9347105796086739,0.31157019320289125,-0.031258831959467964,-0.06033574906686323,0.4880682745488692
strength_quartile,Q4,all,author_net_shift,90,1D,all,0,33,0.5151515151515151,0.5757575757575758,0.4080726333731245,0.7276440336658979,0.0012101233619720086,0.00022239519626365833,0.025269626153795716,-0.02435309835434068,1.037634956592358,1.1024871413793804,0.002356634735887377,0.001996959872693216,1.2315608718205344
strength_quartile,Q4,all,author_net_shift,90,20D,all,0,28,0.4642857142857143,0.5357142857142857,0.358126892344679,0.7046843001720462,-0.012546024503080741,-0.011319973234487857,0.15622000991627708,-0.15880992099985752,0.9836917551039978,0.8525328544234647,-0.0007130516826595878,0.018984651143228226,0.9907820877933357
strength_quartile,Q4,all,author_net_shift,90,5D,all,0,30,0.5,0.5666666666666667,0.3919730700081361,0.7262251442353347,-0.017460948278142645,-0.004425140838798136,0.04272751957491812,-0.07764941613120341,0.5502619556433223,0.5502619556433221,-0.010165940955389878,0.0038150125048097006,0.6781653663088923
strength_quartile,Q4,all,author_net_shift,90,60D,all,0,15,0.6666666666666666,0.6666666666666666,0.41713547738519774,0.8482367556028526,0.15545435880274278,0.10472099590343253,0.3157455919025652,-0.16512810739690195,1.9121250578112605,3.8242501156225206,0.18006590216653798,0.09615157046574463,5.018759634498167
strength_quartile,Q4,all,author_net_shift,90,90D,all,0,7,1.0,1.0,0.6456695649333126,1.0,0.6808503137222273,0.16095394576304267,0.6808503137222273,,,,0.656618938678444,0.10428766320945893,
strength_quartile,Q4,all,high_low_divergence,1,1D,all,0,2,0.0,0.0,0.0,0.7934506856227626,-0.012483015449794022,-0.012483015449794022,,-0.012483015449794022,,,-0.005603963193039796,-0.005603963193039796,
strength_quartile,Q4,all,high_low_divergence,1,5D,all,0,1,0.0,,,,-0.015156932210918628,-0.015156932210918628,,-0.015156932210918628,,,,,
strength_quartile,Q4,all,high_low_divergence,3,1D,all,0,10,0.2,0.2,0.05668215145437519,0.5098375284633583,0.00010182842439857565,-0.007820521647749712,0.06597885609518622,-0.016367428493298336,4.031107032005751,1.0077767580014378,0.0009639900391251622,-0.005338547207847266,1.0798620874370737
strength_quartile,Q4,all,high_low_divergence,3,20D,all,0,7,0.5714285714285714,0.5,0.1876163064826506,0.8123836935173494,0.08659519126584084,0.011746488220329643,0.23066309014622746,-0.10549534057467465,2.186476567493074,2.9153020899907656,0.10946338962306008,0.001680991462652881,4.6016136280995426
strength_quartile,Q4,all,high_low_divergence,3,5D,all,0,8,0.375,0.375,0.13684428582359742,0.6942576053973727,-0.015439149679339834,-0.027903162707782425,0.08620896630882886,-0.07642801927224105,1.1279759325143246,0.6767855595085946,-0.0023722439015399083,-0.018974273657031637,0.9286865719776152
strength_quartile,Q4,all,high_low_divergence,3,60D,all,0,4,0.75,0.75,0.30064184258240184,0.9544127391902995,0.5223496740661473,0.5201142941415036,0.8118545031650903,-0.3461648132306816,2.3452831487643913,7.035849446293174,0.5078498478530107,0.503796531117364,9.781363794935276
strength_quartile,Q4,all,high_low_divergence,3,90D,all,0,1,1.0,1.0,0.20654931437723745,1.0,0.11675699590753241,0.11675699590753241,0.11675699590753241,,,,0.11054940457149276,0.11054940457149276,
strength_quartile,Q4,all,high_low_divergence,30,1D,all,0,24,0.5,0.5,0.3142742581957335,0.6857257418042665,0.006824141826244902,0.0016685501718228246,0.029182183691753877,-0.015533900039264073,1.8786128157122093,1.8786128157122093,0.006086649445263238,0.0006971246662755837,2.0497563465819644
strength_quartile,Q4,all,high_low_divergence,30,20D,all,0,19,0.2631578947368421,0.4444444444444444,0.24559518127005633,0.6628358435795723,0.01905836373367239,-0.01878716998034191,0.21822476154383166,-0.05207249262709878,4.190787698729568,1.496709892403417,0.01732469185306627,-0.0045845764405511025,1.6401325742391764
strength_quartile,Q4,all,high_low_divergence,30,5D,all,0,24,0.4583333333333333,0.4583333333333333,0.2789133373121099,0.6492513464108051,0.0006887527491734371,-0.011353102081427702,0.06133603803155738,-0.05062818095130528,1.2114999369728694,1.0251153312847356,0.0012030297400045104,-0.001851559037998718,1.0575553668606623
strength_quartile,Q4,all,high_low_divergence,30,60D,all,0,12,0.75,0.6666666666666666,0.39062208887279953,0.8618799089087867,0.3651665609334305,0.058874791731156395,0.5015736302345128,-0.04405464696981676,11.385260460222435,34.15578138066731,0.3067257948251158,0.05592383352569674,16.334443998839
strength_quartile,Q4,all,high_low_divergence,30,90D,all,0,8,0.875,0.75,0.40927543031016883,0.9285207872478909,0.08930973868355052,0.09353944304137529,0.11496962111760568,-0.09030943835483562,1.2730631837823807,8.911442286476666,0.044440668186991855,0.07090495696244709,2.9140478857010494
strength_quartile,Q4,all,high_low_divergence,7,1D,all,0,17,0.5294117647058824,0.5882352941176471,0.3600544264299978,0.7838894320978518,0.011238359345754116,0.006111840029230375,0.04944031542025787,-0.0317388412380626,1.5577227615029274,1.7524381066907933,0.009767119655492444,0.0027932236145056244,1.712778820694945
strength_quartile,Q4,all,high_low_divergence,7,20D,all,0,13,0.6153846153846154,0.5,0.2537815976337061,0.7462184023662939,0.10071211453478189,0.01608364360550696,0.18453010261667155,-0.03339666639624157,5.525404854103593,8.84064776656575,0.09378526784801801,-0.000583798000008573,8.477932286688059
strength_quartile,Q4,all,high_low_divergence,7,5D,all,0,16,0.5,0.4375,0.23098652405492354,0.6682144360118811,0.02248656294630063,-0.005907821874018726,0.12016685758812058,-0.07519373169551932,1.5980967412910183,1.5980967412910183,0.025650564885574087,-0.014500383994545285,1.8484880676305613
strength_quartile,Q4,all,high_low_divergence,7,60D,all,0,8,0.875,0.875,0.5291118177871464,0.9775825085499433,0.5458655256807219,0.4446704200478936,0.6613005141473162,-0.2621793935854382,2.5223207098913885,17.65624496923972,0.49730348692565474,0.38808125701431917,22.369730099784224
strength_quartile,Q4,all,high_low_divergence,7,90D,all,0,5,0.6,0.6,0.2307242812760128,0.882379225767352,0.3845138384002246,0.14975322538747948,0.7046415003715071,-0.0956776545566993,7.36474471114811,11.047117066722166,0.3760982099409749,0.10766316086354655,21.118975295954442
strength_quartile,Q4,all,high_low_divergence,90,1D,all,0,21,0.8095238095238095,0.7142857142857143,0.5004361928391441,0.8618613704787788,0.007209664565338029,0.006111840029230375,0.012472958008262189,-0.01515933256708965,0.8227907101491077,3.496860518133708,0.005795472060967512,0.003111647557782815,3.284388492893766
strength_quartile,Q4,all,high_low_divergence,90,20D,all,0,13,0.6923076923076923,0.6153846153846154,0.355228915126657,0.8229029220223743,0.05910898779049701,0.05535930092033092,0.12174653750659031,-0.0818254990707129,1.487880170475685,3.347730383570291,0.043624173275248826,0.02978911601494194,2.796913767225386
strength_quartile,Q4,all,high_low_divergence,90,5D,all,0,20,0.8,0.7,0.4810271816464765,0.8545227551323956,0.023624700912942553,0.020494601296416892,0.04158271303443925,-0.048207347573044235,0.862580397551073,3.450321590204292,0.018416178874372274,0.01143547038790338,3.5924069461689454
strength_quartile,Q4,all,high_low_divergence,90,60D,all,0,9,0.6666666666666666,0.6666666666666666,0.3542021355803963,0.879416181613089,-0.05342013299188849,0.050863865325610824,0.12602576999152923,-0.4123119389587239,0.3056563685975281,0.6113127371950562,-0.059073282967760016,0.018479549869125922,0.5300183898825175
strength_quartile,Q4,all,high_low_divergence,90,90D,all,0,8,0.75,0.75,0.40927543031016883,0.9285207872478909,-0.17996974581529485,0.07643814121427117,0.1488749153083074,-1.1665037291861016,0.12762489444605643,0.3828746833381693,-0.17384762206515864,0.07354768478353335,0.3679366096681366
strength_quartile,Q4,all,weighted_net,1,1D,all,0,65,0.36923076923076925,0.36923076923076925,0.2622939587407091,0.4907618263744998,-0.008157810208878794,-0.008540039200894745,0.0293398922912599,-0.030107684843106323,0.9744984526094432,0.5704381186006497,-0.0077676639319548425,-0.00897787262190608,0.5677430345798946
strength_quartile,Q4,all,weighted_net,1,20D,all,0,34,0.47058823529411764,0.5151515151515151,0.3521837544891414,0.674959578918663,0.05405372854279055,-0.007645776496883361,0.24399326073930502,-0.11478141118744453,2.125721039801909,1.8895298131572522,0.04268016519495092,0.009433569980287326,1.7235903006409925
strength_quartile,Q4,all,weighted_net,1,5D,all,0,48,0.3541666666666667,0.3404255319148936,0.2216744384377161,0.48329075438058056,-0.0027576659316718966,-0.041377093303739954,0.14178521702556668,-0.08202311787596402,1.7286006762139348,0.9479423063108674,-0.0025410914923337815,-0.028382546162300515,0.948270438663985
strength_quartile,Q4,all,weighted_net,1,60D,all,0,9,0.6666666666666666,0.6666666666666666,0.3542021355803963,0.879416181613089,0.5663920996411087,0.09633199619058619,0.8790530374046513,-0.05892977588597673,14.916958773193567,29.833917546387134,0.5263498490049687,0.07819442080112182,60.894736466399365
strength_quartile,Q4,all,weighted_net,1,90D,all,0,6,1.0,0.8333333333333334,0.43649717781352987,0.9699466302516935,0.21716413498487255,0.17292059091117506,0.21716413498487255,,,,0.16634023043073753,0.10244364480960744,30.92026215577432
strength_quartile,Q4,all,weighted_net,3,1D,all,0,126,0.42063492063492064,0.40476190476190477,0.32310457721717,0.4920546160175344,-0.0008759019444487405,-0.0034556300947936047,0.027995796776622364,-0.021837546221390777,1.2820028629956293,0.9307692019009364,-0.0009922501236779159,-0.0037440573702690605,0.9161987236751944
strength_quartile,Q4,all,weighted_net,3,20D,all,0,89,0.6179775280898876,0.5681818181818182,0.4639867160180164,0.6666732294367711,0.07044530431436717,0.02765647743813693,0.1681753158056255,-0.08764736133325657,1.9187721483842746,3.1038961223863266,0.06092497354593429,0.013941868701256799,2.9234541665507465
strength_quartile,Q4,all,weighted_net,3,5D,all,0,104,0.5192307692307693,0.49038461538461536,0.396375856482595,0.5850784003322597,0.022348765778249197,0.0030472233444891472,0.09652465179002943,-0.05776119111447345,1.6710987070667052,1.8047866036320412,0.01922384346502357,-0.002002403965583044,1.7550375728705736
strength_quartile,Q4,all,weighted_net,3,60D,all,0,37,0.5135135135135135,0.40540540540540543,0.26346518192014284,0.5651403526977063,0.1906627857528307,0.010738532713971516,0.4649284751265718,-0.09883988636389607,4.703854812366513,4.965180079720208,0.1525283731336425,-0.009168631162375651,3.559354638038019
strength_quartile,Q4,all,weighted_net,3,90D,all,0,26,0.6153846153846154,0.52,0.3349851695035678,0.6996871404588704,0.33358951452858526,0.03178079700821901,0.5989988787666651,-0.09106546825234256,6.577673076987187,10.5242769231795,0.30198083903921,0.007647309254481538,6.577929889985118
strength_quartile,Q4,all,weighted_net,30,1D,all,0,129,0.5271317829457365,0.5193798449612403,0.4338555617362693,0.6037832902033867,0.001322562088075765,0.000638511356380711,0.025775036147547784,-0.02593593358477829,0.9937963506613491,1.1078385548356022,0.001660547046508114,0.0010454974987581522,1.145163391975777
strength_quartile,Q4,all,weighted_net,30,20D,all,0,105,0.580952380952381,0.5333333333333333,0.43842486491800464,0.6258888632867213,0.020494840619749495,0.02639189568838729,0.12920871514344737,-0.13022212178810436,0.9922178610612259,1.3755747619257903,0.00283566104591119,0.004758211272440471,1.047928578262517
strength_quartile,Q4,all,weighted_net,30,5D,all,0,119,0.5042016806722689,0.46218487394957986,0.3751937215788054,0.5515411113806692,0.006906966658865019,0.0006279849944637039,0.08411808084712777,-0.07161281048174116,1.1746233708922098,1.194532241585298,0.0018068795035335037,-0.005849416655646866,1.052062596730759
strength_quartile,Q4,all,weighted_net,30,60D,all,0,52,0.5769230769230769,0.46153846153846156,0.3334047468175682,0.5949638867304212,0.08494985496219787,0.04143885873461972,0.2824829416995025,-0.1844134451341266,1.5317914672330344,2.0888065462268655,0.03698625431474229,-0.012113162059171623,1.372081784728497
strength_quartile,Q4,all,weighted_net,30,90D,all,0,32,0.59375,0.53125,0.3644951711897464,0.6913061289193116,0.13697089726002037,0.06866943074557152,0.4328190869499564,-0.29542261074834764,1.4650844965913878,2.1412773411720285,0.10222567358621677,0.017178152122591994,1.7467579672882891
strength_quartile,Q4,all,weighted_net,7,1D,all,0,148,0.42567567567567566,0.43243243243243246,0.35532427400393823,0.5129593940052218,-0.004207045340347598,-0.004350527473953425,0.027208900318997763,-0.02781908845795599,0.9780658471293756,0.7335493853470317,-0.003992180823080985,-0.0028088452693961208,0.7266733492842948
strength_quartile,Q4,all,weighted_net,7,20D,all,0,116,0.5689655172413793,0.5603448275862069,0.46952494938469,0.6472960584515604,0.05061380810419845,0.02563366157159963,0.1780081988852018,-0.11754678772672598,1.514360386427889,1.9989557100848137,0.03798076184217446,0.011356649619636228,1.7906056513052013
strength_quartile,Q4,all,weighted_net,7,5D,all,0,128,0.5625,0.5234375,0.43749793124049374,0.6080112739341855,0.017533147967533948,0.013039594003080912,0.08124180319252934,-0.06437798017888871,1.261950172508996,1.6225073646544237,0.012767177628302331,0.004745279269515179,1.4822646863750855
strength_quartile,Q4,all,weighted_net,7,60D,all,0,68,0.6617647058823529,0.5294117647058824,0.4124092208872794,0.6432689357880106,0.2365318207273016,0.07318782633773147,0.410836788829439,-0.10449963860296717,3.9314661210490893,7.691998932487349,0.18257589698463925,0.022560419232110718,4.5608429288647425
strength_quartile,Q4,all,weighted_net,7,90D,all,0,49,0.673469387755102,0.5510204081632653,0.413151082194979,0.6814715893131335,0.3211192780570039,0.08063687724704671,0.5256690806130611,-0.10076468971486396,5.216798484673136,10.759646874638342,0.27521667241163233,0.010286341855988201,6.4217225685250146
strength_quartile,Q4,all,weighted_net,90,1D,all,0,115,0.5043478260869565,0.48695652173913045,0.39751304197444515,0.5772432423242325,0.000203390022981227,0.0003698832812757402,0.025232082168238225,-0.026183107511181383,0.9636779040632582,1.0162421533757995,0.0007959350878943621,-0.0010017130745332281,1.0660027589379382
strength_quartile,Q4,all,weighted_net,90,20D,all,0,101,0.5841584158415841,0.5445544554455446,0.44757998088881473,0.6382639219072378,0.013073341762061555,0.02012979554330352,0.1301681533323515,-0.15141698877715526,0.8596667678018859,1.2076271261978873,-0.0034825039393565804,0.012668312849499985,0.9491019404973554
strength_quartile,Q4,all,weighted_net,90,5D,all,0,108,0.5370370370370371,0.5462962962962963,0.45242531815601683,0.6369869633489315,0.0015170189231383873,0.006098789602297927,0.0614747331040141,-0.06803392952667743,0.9035893344938816,1.0481636280129025,-0.0010945253082799906,0.004656478640960082,0.9650971445467039
strength_quartile,Q4,all,weighted_net,90,60D,all,0,58,0.603448275862069,0.5172413793103449,0.3916226178340948,0.6407181457594501,0.08537221122228048,0.06312982795891098,0.2777884841468628,-0.2074351606194752,1.3391581413550506,2.0378493455402946,0.03812108262801089,0.017773650895526405,1.3672380847780599
strength_quartile,Q4,all,weighted_net,90,90D,all,0,37,0.5945945945945946,0.5135135135135135,0.358948966656188,0.6655359569698336,0.08002741055979909,0.05415019762845841,0.31251554294543915,-0.26095518360580633,1.1975831965749293,1.7564553549765631,0.03899603127789451,0.005969895833580097,1.3125476897567716
ticker,AAOI,all,author_net,7,1D,all,0,7,0.5714285714285714,0.5714285714285714,0.2504583645276572,0.8417801447485302,0.04062158258610165,0.030239059736406615,0.11071176284470946,-0.0528319910920421,2.095544017105681,2.7940586894742414,0.039111199877930644,0.02746809391626992,2.7316054775279075
ticker,AAOI,all,author_net,7,20D,all,0,5,0.8,0.8,0.37553462976252533,0.9637758913675698,0.18841512751038295,0.11824610075447439,0.3341251340158542,-0.3944248985115021,0.8471197819326067,3.388479127730427,0.15053642751494561,0.07671756953037112,2.8712229326142515
ticker,AAOI,all,author_net,7,5D,all,0,7,0.42857142857142855,0.42857142857142855,0.15821985525146975,0.7495416354723428,0.05166201082317815,-0.050000000000000044,0.24088655391301858,-0.09025639649420217,2.6689139304214575,2.0016854478160933,0.03995081831581653,-0.05979817663972975,1.7683348791008946
ticker,AAOI,all,weighted_net,3,1D,all,0,6,0.5,0.5,0.1876163064826506,0.8123836935173494,-0.019116001426822866,-0.01012749743040664,0.04548569409754485,-0.08371769695119058,0.5433223291374594,0.5433223291374594,-0.02064528571141298,-0.015361506850552042,0.495485044734052
ticker,AAOI,all,weighted_net,7,1D,all,0,10,0.4,0.4,0.16818032970623614,0.6873262302663417,2.1488090803456485e-05,-0.037058278309352655,0.10246598625943315,-0.06827484402161633,1.5007868231378403,1.0005245487585601,-0.00231286341017517,-0.03714771738616446,0.942698856828448
ticker,AAOI,all,weighted_net,7,20D,all,0,6,0.8333333333333334,0.6666666666666666,0.299993315138392,0.9032285888942195,0.17208795901475135,0.0838331306626966,0.26785218423416046,-0.30673316708229426,0.8732416738040516,4.366208369020258,0.12973497894535838,0.07510692323262708,3.0674181792055926
ticker,AAOI,all,weighted_net,7,5D,all,0,8,0.5,0.5,0.21521606221387757,0.7847839377861224,0.04153767211002399,-0.007931285313123815,0.1989945458124654,-0.11591920159241742,1.7166659455794782,1.7166659455794782,0.028458963800900322,-0.01739801832042953,1.5163062712493491
ticker,AAPL,all,author_net,3,1D,all,0,9,0.5555555555555556,0.5555555555555556,0.26665129349549305,0.8112214789023355,0.0005700337581676527,0.0017411491584444772,0.005164890610453466,-0.005173537307189613,0.9983286683321814,1.2479108354152266,0.002174844261851944,0.00228068424012684,3.2133813632275565
ticker,AAPL,all,author_net,3,20D,all,0,8,0.75,0.75,0.40927543031016883,0.9285207872478909,0.03743665447996872,0.0413492783532563,0.066680617124166,-0.0502952334526231,1.3257840265713754,3.977352079714126,0.029524827533873713,0.02970381729448157,5.583902423819126
ticker,AAPL,all,author_net,3,5D,all,0,8,0.625,0.5,0.21521606221387757,0.7847839377861224,0.002561603777330987,0.008987855338725703,0.022526907103453776,-0.030713901766206992,0.7334433532713526,1.2224055887855876,0.001432418846751729,0.002411003384750643,1.1644941837553808
ticker,AAPL,all,author_net,3,60D,all,0,6,0.8333333333333334,0.6666666666666666,0.299993315138392,0.9032285888942195,0.06122971946725649,0.05358708673829249,0.07627847380824102,-0.014014052237666164,5.442999106512827,27.21499553256414,0.027861106060071323,0.03706704202209804,4.038817558155066
ticker,AAPL,all,author_net,3,90D,all,0,5,1.0,0.6,0.2307242812760128,0.882379225767352,0.09615203634480056,0.08412608909180208,0.09615203634480056,,,,0.04402064436338633,0.009602742088420602,7.254872326373237
ticker,AAPL,all,author_net,30,1D,all,0,5,0.4,0.2,0.03622410863243014,0.6244653702374747,-0.0016172426239785987,-0.005066193328895796,0.004158392277989531,-0.005467665891957352,0.7605424984189884,0.5070283322793256,-0.0029709271950352665,-0.0022804652955565885,0.2989077381304572
ticker,AAPL,all,author_net,30,20D,all,0,5,0.8,0.8,0.37553462976252533,0.9637758913675698,0.0537897751980144,0.04689002292729838,0.07073098192193933,-0.013975051697685315,5.061232219531216,20.244928878124863,0.04463267753459821,0.054765531553897184,37.85812631301456
ticker,AAPL,all,author_net,30,5D,all,0,5,0.6,0.8,0.37553462976252533,0.9637758913675698,0.016620309832772007,0.0081048629177507,0.03477311514617002,-0.010608898137325018,3.27773107970833,4.916596619562495,0.017905496173698344,0.011332187600060939,6.80379375210559
ticker,AAPL,all,author_net,7,1D,all,0,19,0.3684210526315789,0.2631578947368421,0.11806412346782508,0.487915508978151,-0.0035258504416252803,-0.004383651345107875,0.0033706497405197994,-0.00754880888120991,0.44651411812926406,0.2604665689087374,-0.0024853461550930693,-0.002357867196503438,0.3864634239367712
ticker,AAPL,all,author_net,7,20D,all,0,16,0.75,0.5625,0.331785563988119,0.7690134759450765,0.022151151899560843,0.019209606974621485,0.044409960679892814,-0.044625274441435075,0.995175071431217,2.9855252142936513,0.01142697057533363,0.013845896417471026,2.1831557542312257
ticker,AAPL,all,author_net,7,5D,all,0,18,0.6111111111111112,0.5555555555555556,0.33716415642042774,0.7544048187299437,0.010253711858637271,0.00687551803353037,0.028827552002765676,-0.01893375122499308,1.5225483666814268,2.3925760047850995,0.0053532016034957275,0.006855981581151416,1.705019792927994
ticker,AAPL,all,author_net,7,60D,all,0,11,0.45454545454545453,0.45454545454545453,0.21271271622459764,0.719908462590678,0.025524777675856782,-0.0010032412409324287,0.08962945894964562,-0.027895790052300584,3.213010234935211,2.677508529112676,-0.0008010802851255792,-0.010018173681177522,0.9653823545789713
ticker,AAPL,all,author_net,7,90D,all,0,10,0.6,0.4,0.16818032970623614,0.6873262302663417,0.02989967368459968,0.01246678613899177,0.0908264006636758,-0.061490416784014484,1.477082209130313,2.2156233136954695,0.006502816877876893,-0.017594541529559415,1.3207463342187191
ticker,AAPL,all,author_net_shift,30,1D,all,0,9,0.5555555555555556,0.6666666666666666,0.3542021355803963,0.879416181613089,0.005766747598537754,0.003505864354921062,0.012375980875360381,-0.0024947939974905298,4.960722563790504,6.200903204738131,0.006294144747645102,0.006781967766071428,5.299077054982522
ticker,AAPL,all,author_net_shift,30,20D,all,0,6,0.5,0.5,0.1876163064826506,0.8123836935173494,0.004304498950211473,0.004181567544800813,0.061762302346190366,-0.053153304445767414,1.1619654316921493,1.161965431692149,0.0066023488464623985,-0.012719963942456392,1.4090491756298655
ticker,AAPL,all,author_net_shift,30,5D,all,0,7,0.42857142857142855,0.5714285714285714,0.2504583645276572,0.8417801447485302,-0.01746479707385448,-0.019254537175567465,0.018830519149373726,-0.04468628424127563,0.421393711047929,0.3160452832859467,-0.010030894402073323,0.003545346364352886,0.3447522259455007
ticker,AAPL,all,weighted_net,3,1D,all,0,9,0.5555555555555556,0.5555555555555556,0.26665129349549305,0.8112214789023355,0.0005700337581676527,0.0017411491584444772,0.005164890610453466,-0.005173537307189613,0.9983286683321814,1.2479108354152266,0.002174844261851944,0.00228068424012684,3.2133813632275565
ticker,AAPL,all,weighted_net,3,20D,all,0,8,0.75,0.75,0.40927543031016883,0.9285207872478909,0.03743665447996872,0.0413492783532563,0.066680617124166,-0.0502952334526231,1.3257840265713754,3.977352079714126,0.029524827533873713,0.02970381729448157,5.583902423819126
ticker,AAPL,all,weighted_net,3,5D,all,0,8,0.625,0.5,0.21521606221387757,0.7847839377861224,0.002561603777330987,0.008987855338725703,0.022526907103453776,-0.030713901766206992,0.7334433532713526,1.2224055887855876,0.001432418846751729,0.002411003384750643,1.1644941837553808
ticker,AAPL,all,weighted_net,3,60D,all,0,6,0.8333333333333334,0.6666666666666666,0.299993315138392,0.9032285888942195,0.06122971946725649,0.05358708673829249,0.07627847380824102,-0.014014052237666164,5.442999106512827,27.21499553256414,0.027861106060071323,0.03706704202209804,4.038817558155066
ticker,AAPL,all,weighted_net,3,90D,all,0,5,1.0,0.6,0.2307242812760128,0.882379225767352,0.09615203634480056,0.08412608909180208,0.09615203634480056,,,,0.04402064436338633,0.009602742088420602,7.254872326373237
ticker,AAPL,all,weighted_net,7,1D,all,0,18,0.3888888888888889,0.3333333333333333,0.1627877475083369,0.5625053270405489,-0.0034650894573250127,-0.004178516459477366,0.0032634582489774466,-0.00774689254315385,0.4212602964089721,0.2680747340784368,-0.0008701294179736899,-0.0023191662460300133,0.7554637877011302
ticker,AAPL,all,weighted_net,7,20D,all,0,15,0.7333333333333333,0.6,0.357468301206246,0.8017550385865841,0.020820679085500116,0.021307469069802965,0.04912257154968094,-0.05700952519099717,0.8616555108134506,2.369552654736989,0.009057451103250468,0.018005977010847607,1.6512261708237304
ticker,AAPL,all,weighted_net,7,5D,all,0,17,0.5294117647058824,0.47058823529411764,0.26165106442409436,0.6903676493999558,0.006484266605797654,0.0014703037337975289,0.029257305579044775,-0.019135402239105356,1.5289621411382806,1.7200824087805657,0.0029878166428567313,-0.001087653486011142,1.3622396680824
ticker,AAPL,all,weighted_net,7,60D,all,0,13,0.46153846153846156,0.38461538461538464,0.17709707797762575,0.6447710848733431,0.01732391423296864,-0.0010032412409324287,0.07568042778136726,-0.03269595452280161,2.3146725301623783,1.9840050258534674,-0.005113431169935106,-0.013370831804462524,0.7870847747795369
ticker,AAPL,all,weighted_net,7,90D,all,0,12,0.5,0.3333333333333333,0.13812009109121315,0.6093779111272004,0.017992225014384283,-0.00262013047846843,0.0908264006636758,-0.05484195063490723,1.6561482516973831,1.6561482516973831,-0.0021081889642270333,-0.026823871818658696,0.9136774154318257
ticker,AMD,all,author_net,1,1D,all,0,5,0.8,0.8,0.37553462976252533,0.9637758913675698,0.01533104999290955,0.019138755980861122,0.024049931296923344,-0.01954447522314562,1.2305232564362802,4.922093025745121,0.013442695927127036,0.011176996552660023,5.944598918641559
ticker,AMD,all,author_net,1,20D,all,0,5,0.8,0.8,0.37553462976252533,0.9637758913675698,0.17753934246624187,0.0724305813425754,0.26586077395845636,-0.17574638350261618,1.5127524598792028,6.051009839516811,0.176656710563822,0.10225157290085174,6.208780263290513
ticker,AMD,all,author_net,1,5D,all,0,5,0.8,0.8,0.37553462976252533,0.9637758913675698,0.09666296725772747,0.052378594710566384,0.12428169460616983,-0.013811942136041977,8.998133164912364,35.992532659649456,0.0933760195037037,0.044128129245117775,103.14350716198219
ticker,AMD,all,author_net,3,1D,all,0,16,0.5625,0.5625,0.331785563988119,0.7690134759450765,0.003056068400609284,0.006004507824041161,0.027497904385494303,-0.028369149294242883,0.9692890012417331,1.2462287158822283,0.0014215840916894998,0.007283457320044429,1.1224938241598033
ticker,AMD,all,author_net,3,20D,all,0,15,0.7333333333333333,0.7333333333333333,0.4804956594401943,0.8910254667430761,0.11970355220797145,0.0666335773669191,0.2061688812292937,-0.1180761026006647,1.7460678044782711,4.801686462315246,0.11900875268933066,0.05822471877987612,5.61991606128885
ticker,AMD,all,author_net,3,5D,all,0,16,0.625,0.625,0.38641040545502714,0.8151876744113636,0.043165474633435945,0.020153163999795942,0.09986759197089863,-0.051338054262335196,1.945293669693433,3.242156116155722,0.04262004577816107,0.024186679647040688,3.9823616820393246
ticker,AMD,all,author_net,3,60D,all,0,7,0.7142857142857143,0.5714285714285714,0.2504583645276572,0.8417801447485302,0.4079686469045797,0.08771693495880206,0.5820665145541425,-0.02727602221932729,21.339860697932004,53.34965174483001,0.3793294972359698,0.12858253587059232,29.500341996424805
ticker,AMD,all,author_net,3,90D,all,0,6,0.6666666666666666,0.6666666666666666,0.299993315138392,0.9032285888942195,0.2639212565091183,0.0696734536922346,0.5033379694399533,-0.21491216935255192,2.342063601871955,4.68412720374391,0.2561494702909041,0.09210418977421514,4.785682115381398
ticker,AMD,all,author_net,30,1D,all,0,8,0.75,0.75,0.40927543031016883,0.9285207872478909,0.009679057098014365,0.013379236127420202,0.016921444728724738,-0.012048105794116748,1.4044900516218664,4.213470154865599,0.0050655078013057825,0.006980987413467532,3.283124411189016
ticker,AMD,all,author_net,30,20D,all,0,8,0.375,0.375,0.13684428582359742,0.6942576053973727,0.1272132129014802,-0.05487529253203682,0.5021933513500945,-0.0977748701676884,5.136221101483538,3.081732660890123,0.1112151712264659,-0.04517858422562204,2.865726907787255
ticker,AMD,all,author_net,30,5D,all,0,8,0.625,0.625,0.30574239460262737,0.8631557141764026,0.027529504058212168,0.01063772965711518,0.10092386833778075,-0.09479443640773548,1.0646602497184643,1.774433749530774,0.02623956790806886,0.017254339844125555,1.8497776592313415
ticker,AMD,all,author_net,30,60D,all,0,8,0.5,0.375,0.13684428582359742,0.6942576053973727,0.23278099022198873,-0.011056367371211517,0.5828395090720846,-0.1172775286281072,4.9697458318745555,4.9697458318745555,0.20307260142204875,-0.022932557191230885,4.151288531086822
ticker,AMD,all,author_net,30,90D,all,0,7,0.5714285714285714,0.5714285714285714,0.2504583645276572,0.8417801447485302,0.23995640927112225,0.09954088596600075,0.554359591121167,-0.17924783319560392,3.092698981282652,4.123598641710203,0.23207422433748223,0.11361443935128102,4.592926358297796
ticker,AMD,all,author_net,7,1D,all,0,17,0.5882352941176471,0.5882352941176471,0.3600544264299978,0.7838894320978518,-0.002258426198530502,0.00849471608434027,0.02302033987163793,-0.03837094915591398,0.5999418929695641,0.8570598470993773,-0.002605604896514069,0.00962361592013683,0.8180498040203431
ticker,AMD,all,author_net,7,20D,all,0,15,0.6666666666666666,0.6666666666666666,0.41713547738519774,0.8482367556028526,0.13351223474668725,0.0666335773669191,0.2397065675896422,-0.0788764309392227,3.0390138693565545,6.078027738713108,0.12896589696073113,0.06422466207918953,7.499392772962026
ticker,AMD,all,author_net,7,5D,all,0,16,0.6875,0.6875,0.44404355834740666,0.8583535614521796,0.045467103312895316,0.04299009053354841,0.09619240495303599,-0.06612856029541417,1.454627237056402,3.2001799215240845,0.047177302987373514,0.043159612347971554,3.8951247695529756
ticker,AMD,all,author_net,7,60D,all,0,12,0.5833333333333334,0.5833333333333334,0.31951131254954973,0.8067396863412435,0.34840598678155293,0.05708989417236621,0.6679653631367468,-0.09897714011571848,6.748683204584406,9.448156486418169,0.32659622134763117,0.07091476511284289,9.031627146036708
ticker,AMD,all,author_net,7,90D,all,0,10,0.6,0.6,0.31267376973365824,0.8318196702937638,0.10173627956192606,0.0696734536922346,0.4578445640208353,-0.4324261471264378,1.058780943435794,1.588171415153691,0.1013976054358294,0.0856574428322151,1.6361603547086667
ticker,AMD,all,author_net,90,1D,all,0,5,0.8,0.8,0.37553462976252533,0.9637758913675698,0.014671888871716044,0.019138755980861122,0.019430005413176743,-0.004360577294126755,4.455833276788131,17.823333107152525,0.0101086796204646,0.011176996552660023,12.552427428208178
ticker,AMD,all,author_net,90,20D,all,0,5,0.4,0.4,0.11762077423264783,0.769275718723987,0.07894045119335794,-0.01820354877263941,0.33493861183638307,-0.0917249892353255,3.6515524790859297,2.4343683193906203,0.06912021542858857,-0.019592839655418026,2.3326056844824183
ticker,AMD,all,author_net,90,5D,all,0,5,1.0,1.0,0.5655175352168251,1.0,0.11043785990682453,0.06832113165405151,0.11043785990682453,,,,0.10905229533951069,0.04902795007380534,
ticker,AMD,all,author_net,90,60D,all,0,5,0.6,0.4,0.11762077423264783,0.769275718723987,0.047108998160521456,0.0020838156980782507,0.15491016456233106,-0.11459275144219294,1.3518321413241963,2.027748211986294,0.03737887077115076,-0.00108917025636468,1.7433476044050884
ticker,AMD,all,author_net,90,90D,all,0,5,0.6,0.6,0.2307242812760128,0.882379225767352,0.24088383778258673,0.09954088596600075,0.5302717964483971,-0.19319810021612882,2.7447050248174656,4.117057537226199,0.2296222580602829,0.11361443935128102,4.465573596581782
ticker,AMD,all,author_net_shift,30,1D,all,0,9,0.6666666666666666,0.4444444444444444,0.18877852109766452,0.733348706504507,0.005379153616635953,0.0020736530855191004,0.022482236084755136,-0.028827011319602414,0.7799017329787212,1.5598034659574425,0.0014995540763287228,-0.0005515900555230768,1.1530213752329423
ticker,AMD,all,author_net_shift,30,20D,all,0,7,0.8571428571428571,0.8571428571428571,0.4868721707256811,0.9743203756552565,0.11380341614560041,0.0666335773669191,0.15312937664337237,-0.12215234684103127,1.2535934069498846,7.521560441699307,0.10742421301982243,0.058765229514661343,6.12345994002315
ticker,AMD,all,author_net_shift,30,5D,all,0,9,0.6666666666666666,0.6666666666666666,0.3542021355803963,0.879416181613089,0.008501371861772886,0.01781475651500397,0.06697227936213636,-0.10844044313895407,0.6175950357959993,1.2351900715919986,0.007599032062666137,0.015080455729843623,1.256219811109193
ticker,AMD,all,author_net_shift,30,60D,all,0,5,0.2,0.2,0.03622410863243014,0.6244653702374747,0.1560707777869224,-0.02512218963831858,1.1192814131874171,-0.08473188106320126,13.209684467556531,3.302421116889133,0.13825990298100652,-0.04477594412609709,3.0057246411215734
ticker,AMD,all,author_net_shift,30,90D,all,0,5,0.6,0.6,0.2307242812760128,0.882379225767352,0.2793435102755078,0.09954088596600075,0.9116739749948003,-0.6691521868034308,1.3624314363372354,2.043647154505853,0.2795383662393547,0.11361443935128102,2.1698446490556633
ticker,AMD,all,author_net_shift,90,1D,all,0,5,0.4,0.6,0.2307242812760128,0.882379225767352,-0.008997269360482197,-0.001881228391295564,0.0245199791834273,-0.031342101723088524,0.7823335971551765,0.5215557314367842,-0.006505259128698193,0.0004983429884096724,0.5943895039168153
ticker,AMD,all,author_net_shift,90,5D,all,0,5,0.6,0.6,0.2307242812760128,0.882379225767352,0.022293739656952073,0.030506406345332415,0.08080822429120842,-0.06547798729443244,1.2341281036608696,1.8511921554913042,0.027309133826666797,0.05580422457582368,2.5400835566603526
ticker,AMD,all,high_low_divergence,90,1D,all,0,5,0.8,0.8,0.37553462976252533,0.9637758913675698,0.0007238372261115123,0.007297573672957136,0.014358587027623743,-0.05381516197993741,0.26681304114585225,1.067252164583409,-0.0002449974749649808,0.0032253382603374403,0.9754822054432055
ticker,AMD,all,high_low_divergence,90,20D,all,0,5,0.8,0.8,0.37553462976252533,0.9637758913675698,0.052425531535116844,0.10541029435948046,0.11766130701838406,-0.20851757039795205,0.5642752636807995,2.257101054723198,0.05525865915414481,0.11861068548218034,2.4355952682718556
ticker,AMD,all,high_low_divergence,90,5D,all,0,5,0.8,0.8,0.37553462976252533,0.9637758913675698,0.044867885727840215,0.04727988194786026,0.057911713105809115,-0.007307423784035372,7.92505194954337,31.70020779817348,0.043089270117233444,0.03649155973281115,11.052096076420128
ticker,AMD,all,high_low_divergence,90,60D,all,0,5,0.4,0.6,0.2307242812760128,0.882379225767352,-0.21027564220677258,-0.012456832757770098,0.06062600946030161,-0.3908767433181554,0.15510262633086583,0.10340175088724388,-0.18029249841085115,0.017158668758445184,0.17135264744523823
ticker,AMD,all,high_low_divergence,90,90D,all,0,5,0.6,0.6,0.2307242812760128,0.882379225767352,-0.39770045571869606,0.03504770770304866,0.11483505992624092,-1.1665037291861016,0.09844380009514772,0.14766570014272157,-0.372837935710624,0.04874206045530127,0.15278820436904922
ticker,AMD,all,weighted_net,1,1D,all,0,5,0.8,0.8,0.37553462976252533,0.9637758913675698,0.01533104999290955,0.019138755980861122,0.024049931296923344,-0.01954447522314562,1.2305232564362802,4.922093025745121,0.013442695927127036,0.011176996552660023,5.944598918641559
ticker,AMD,all,weighted_net,1,20D,all,0,5,0.8,0.8,0.37553462976252533,0.9637758913675698,0.17753934246624187,0.0724305813425754,0.26586077395845636,-0.17574638350261618,1.5127524598792028,6.051009839516811,0.176656710563822,0.10225157290085174,6.208780263290513
ticker,AMD,all,weighted_net,1,5D,all,0,5,0.8,0.8,0.37553462976252533,0.9637758913675698,0.09666296725772747,0.052378594710566384,0.12428169460616983,-0.013811942136041977,8.998133164912364,35.992532659649456,0.0933760195037037,0.044128129245117775,103.14350716198219
ticker,AMD,all,weighted_net,3,1D,all,0,18,0.5555555555555556,0.5555555555555556,0.33716415642042774,0.7544048187299437,0.00145187667976847,0.006004507824041161,0.025837319710893848,-0.02902992710913825,0.8900235820006792,1.112529477500849,6.718067376189198e-06,0.007283457320044429,1.000548249057361
ticker,AMD,all,weighted_net,3,20D,all,0,15,0.7333333333333333,0.7333333333333333,0.4804956594401943,0.8910254667430761,0.11970355220797145,0.0666335773669191,0.2061688812292937,-0.1180761026006647,1.7460678044782711,4.801686462315246,0.11900875268933066,0.05822471877987612,5.61991606128885
ticker,AMD,all,weighted_net,3,5D,all,0,17,0.6470588235294118,0.6470588235294118,0.41300363485218694,0.8269027960275627,0.040735880393219556,0.004608294930875667,0.09095802656897668,-0.051338054262335196,1.771746667767835,3.248202224241031,0.04128138429088998,0.01986280049455258,4.0692310970225956
ticker,AMD,all,weighted_net,3,60D,all,0,7,0.7142857142857143,0.5714285714285714,0.2504583645276572,0.8417801447485302,0.4079686469045797,0.08771693495880206,0.5820665145541425,-0.02727602221932729,21.339860697932004,53.34965174483001,0.3793294972359698,0.12858253587059232,29.500341996424805
ticker,AMD,all,weighted_net,3,90D,all,0,6,0.6666666666666666,0.6666666666666666,0.299993315138392,0.9032285888942195,0.2639212565091183,0.0696734536922346,0.5033379694399533,-0.21491216935255192,2.342063601871955,4.68412720374391,0.2561494702909041,0.09210418977421514,4.785682115381398
ticker,AMD,all,weighted_net,30,1D,all,0,6,0.3333333333333333,0.3333333333333333,0.09677141110578041,0.700006684861608,-0.02679381138787838,-0.036930610608812475,0.021495112523247872,-0.050938273343441504,0.42198353246725134,0.21099176623362567,-0.024873236412055726,-0.03341739266561189,0.2175802020748144
ticker,AMD,all,weighted_net,30,20D,all,0,6,0.3333333333333333,0.5,0.1876163064826506,0.8123836935173494,-0.011659865672825639,-0.010013354077807457,0.08501286646042888,-0.0599962317394529,1.4169700995491905,0.7084850497745953,0.0014903221885464817,-0.0036263257704065577,1.0517543896105288
ticker,AMD,all,weighted_net,30,5D,all,0,6,0.5,0.5,0.1876163064826506,0.8123836935173494,-0.00517167934550115,0.0002463734121855854,0.041632869083461234,-0.051976227774463535,0.8009982806777659,0.8009982806777659,-0.0029080341444077304,0.0026151872605758575,0.8493034797422456
ticker,AMD,all,weighted_net,30,60D,all,0,6,0.6666666666666666,0.6666666666666666,0.299993315138392,0.9032285888942195,0.11655905183774291,0.0370654418887571,0.23699535737412883,-0.1243135592350289,1.9064320805589854,3.8128641611179708,0.11950357462076232,0.03818426949241466,4.323439657349299
ticker,AMD,all,weighted_net,30,90D,all,0,6,0.5,0.5,0.1876163064826506,0.8123836935173494,0.08653077010015592,-0.05295496708153141,0.6774299773428648,-0.5043684371425529,1.343125238329294,1.3431252383292938,0.08744555070925547,-0.037082228652400684,1.3730946614727741
ticker,AMD,all,weighted_net,7,1D,all,0,15,0.6666666666666666,0.6666666666666666,0.41713547738519774,0.8482367556028526,0.006119129493425294,0.010993013476374935,0.02807509268098175,-0.037792796881687615,0.7428688797199196,1.485737759439839,0.004396019120771174,0.011403779564935879,1.3712465597573302
ticker,AMD,all,weighted_net,7,20D,all,0,14,0.7857142857142857,0.7857142857142857,0.524107694133997,0.9242861328730683,0.15347970631878138,0.08291808369748133,0.2207790420460503,-0.09328452468120463,2.3667274159411975,8.678000525117724,0.14649305404093788,0.08323811749002064,11.714815809332276
ticker,AMD,all,weighted_net,7,5D,all,0,14,0.7857142857142857,0.7857142857142857,0.524107694133997,0.9242861328730683,0.06615111969079926,0.07651822487711157,0.10403731095219215,-0.07276491493430799,1.429773003185901,5.242501011681637,0.06466854807393795,0.05659521326010897,6.209749483907054
ticker,AMD,all,weighted_net,7,60D,all,0,11,0.6363636363636364,0.6363636363636364,0.35380117450784887,0.8483352890463243,0.39628565420055784,0.08771693495880206,0.6679653631367468,-0.07915383643777288,8.438824865575159,14.767943514756528,0.37238829593704637,0.12858253587059232,14.177704722529814
ticker,AMD,all,weighted_net,7,90D,all,0,9,0.6666666666666666,0.6666666666666666,0.3542021355803963,0.879416181613089,0.1343744624948049,0.09954088596600075,0.4578445640208353,-0.5125657405572558,0.893240667086083,1.7864813341721657,0.1282002278412349,0.10072094546728094,1.793496043877361
ticker,AMD,all,weighted_net,90,1D,all,0,10,0.4,0.4,0.16818032970623614,0.6873262302663417,-0.015411299421812675,-0.018327823053628622,0.01624830552013662,-0.036517702716445534,0.4449432552289027,0.29662883681926844,-0.014848153163688715,-0.013483784551552191,0.25873003761437585
ticker,AMD,all,weighted_net,90,20D,all,0,10,0.5,0.5,0.236593090512564,0.7634069094874361,-0.008869974327785413,-0.00226802716054314,0.10745576108809107,-0.1251957097436619,0.8583022637765035,0.8583022637765035,-0.004199712207448714,-0.0006502706349352794,0.9234290325424344
ticker,AMD,all,weighted_net,90,5D,all,0,10,0.5,0.6,0.31267376973365824,0.8318196702937638,-0.0010190292076914132,0.00940954531765481,0.059993596815457594,-0.06203165523084042,0.9671448648629715,0.9671448648629715,0.0030444636080265266,0.025851234201155815,1.1120246033337675
ticker,AMD,all,weighted_net,90,60D,all,0,10,0.4,0.5,0.236593090512564,0.7634069094874361,0.005595997910481187,-0.01832669159913569,0.35514756705741957,-0.22743838152081108,1.5615111428539727,1.0410074285693152,0.010696682537139368,-0.013482606700252364,1.0802397029516564
ticker,AMD,all,weighted_net,90,90D,all,0,10,0.6,0.6,0.31267376973365824,0.8318196702937638,0.021613102248091254,0.0696734536922346,0.4870619932910631,-0.6765602343163664,0.7199092831449329,1.0798639247173991,0.029020745828097515,0.0856574428322151,1.1148694241756838
ticker,AMZN,all,author_net,3,1D,all,0,9,0.5555555555555556,0.3333333333333333,0.1205838183869109,0.6457978644196036,0.0017672605409459414,0.005564056196967537,0.014912629599723481,-0.014664450782525984,1.0169238398954037,1.2711547998692547,-0.0012775632029841234,-0.001927678406716038,0.8042765350484071
ticker,AMZN,all,author_net,3,20D,all,0,8,0.625,0.375,0.13684428582359742,0.6942576053973727,0.009801728605116175,0.015564870467699055,0.07585041707637256,-0.10027941884697782,0.7563906726675104,1.2606511211125173,-0.015802428187333933,-0.027267213589456385,0.6084631462387737
ticker,AMZN,all,author_net,3,5D,all,0,8,0.625,0.5,0.21521606221387757,0.7847839377861224,0.011805490427980653,0.012855714829987597,0.0309665284270483,-0.02012957290379876,1.5383599331709834,2.563933221951639,0.004374381323813223,0.0013637069466285734,1.5825409145787106
ticker,AMZN,all,author_net,3,60D,all,0,5,0.4,0.2,0.03622410863243014,0.6244653702374747,-0.0257330575304743,-0.053375626566416146,0.080141427632626,-0.09631604763920783,0.8320672369450762,0.5547114912967175,-0.04594436355464411,-0.04524237092572647,0.08905259558544754
ticker,AMZN,all,author_net,30,1D,all,0,6,0.6666666666666666,0.8333333333333334,0.43649717781352987,0.9699466302516935,0.0028192334988832632,0.0060326999593425246,0.009615836160027064,-0.010773971823404338,0.8925061544284484,1.7850123088568968,0.0047686403294602275,0.006519536968669637,4.841065759782541
ticker,AMZN,all,author_net,30,20D,all,0,5,0.8,0.8,0.37553462976252533,0.9637758913675698,0.0682673818312602,0.04939239513916105,0.087646391474753,-0.009248656742711026,9.476661737265593,37.90664694906237,0.041801309119199145,0.0394576562989295,14.554998317565117
ticker,AMZN,all,author_net,30,5D,all,0,5,0.6,0.6,0.2307242812760128,0.882379225767352,-0.010986844272146423,0.0006750241080037966,0.020595391686791958,-0.05836019821055399,0.3529013320428963,0.5293519980643444,-0.010012528568892232,0.015081427288626381,0.5790463971652278
ticker,AMZN,all,author_net,30,60D,all,0,5,0.4,0.4,0.11762077423264783,0.769275718723987,0.0023893176811466965,-0.04638703776296882,0.11914465661873075,-0.07544757494390934,1.5791714539176045,1.0527809692784031,-0.01623752456428542,-0.0386968587624007,0.42047512562833506
ticker,AMZN,all,author_net,7,1D,all,0,13,0.5384615384615384,0.46153846153846156,0.23206067809538303,0.7085620428549398,0.004624673614558359,0.0063345549975113435,0.017516838918248685,-0.010416185906413689,1.681694151355615,1.9619765099148843,0.0027615028674624876,-0.0011220919034125032,1.5913793084295735
ticker,AMZN,all,author_net,7,20D,all,0,12,0.4166666666666667,0.4166666666666667,0.19326031365875665,0.6804886874504503,-0.007329195539173041,-0.017148636177633847,0.07956871668294294,-0.06939913284068445,1.1465376212351845,0.8189554437394176,-0.015764366998688283,-0.008530468220658616,0.5678405498765281
ticker,AMZN,all,author_net,7,5D,all,0,12,0.3333333333333333,0.3333333333333333,0.13812009109121315,0.6093779111272004,-0.017671400213362498,-0.023767838641887085,0.037042531072302876,-0.045028365856195185,0.8226487985507566,0.4113243992753783,-0.018243388497988178,-0.015383271762023754,0.30277564396602596
ticker,AMZN,all,author_net,7,60D,all,0,8,0.5,0.375,0.13684428582359742,0.6942576053973727,0.020231180296874596,-0.0006482675612950461,0.18060035477978298,-0.1401379941860338,1.2887322658552913,1.2887322658552913,-0.004805773532340435,-0.04314289888191508,0.917163141799714
ticker,AMZN,all,author_net,7,90D,all,0,6,0.5,0.5,0.1876163064826506,0.8123836935173494,-0.008425853205838793,-5.419116906779653e-05,0.11710142155899717,-0.13395312797067474,0.8741969921346907,0.8741969921346907,-0.026071563071717468,-0.016696711858872504,0.5321237726068565
ticker,AMZN,all,author_net_shift,30,1D,all,0,9,0.5555555555555556,0.4444444444444444,0.18877852109766452,0.733348706504507,-0.00011516479280325608,0.0006415282628839947,0.00882933322595647,-0.011295787316252914,0.7816483241723583,0.9770604052154478,-0.0019707340934746404,-0.0014077147406335033,0.6337106384151838
ticker,AMZN,all,author_net_shift,30,20D,all,0,9,0.7777777777777778,0.5555555555555556,0.26665129349549305,0.8112214789023355,0.08865652442539579,0.010452796122962793,0.11869602882625276,-0.01648174097760363,7.2016681361237245,25.205838476433037,0.038912740746939005,0.004747136729926327,3.1820952669393074
ticker,AMZN,all,author_net_shift,30,5D,all,0,9,0.7777777777777778,0.4444444444444444,0.18877852109766452,0.733348706504507,0.03351842215383996,0.01143844250431858,0.04797538228298052,-0.017080938298151993,2.808708833528837,9.830480917350927,0.017074567623542054,-0.001383962028526975,3.129385346365707
ticker,AMZN,all,author_net_shift,30,60D,all,0,7,0.5714285714285714,0.0,5.551115123125783e-17,0.35433043506668743,-0.03555140965726763,0.002567703109327857,0.0821877562043819,-0.192536964139467,0.4268674151569565,0.5691565535426086,-0.06838259719025273,-0.05437340008683411,
ticker,AMZN,all,weighted_net,3,1D,all,0,9,0.5555555555555556,0.3333333333333333,0.1205838183869109,0.6457978644196036,0.0017672605409459414,0.005564056196967537,0.014912629599723481,-0.014664450782525984,1.0169238398954037,1.2711547998692547,-0.0012775632029841234,-0.001927678406716038,0.8042765350484071
ticker,AMZN,all,weighted_net,3,20D,all,0,8,0.625,0.375,0.13684428582359742,0.6942576053973727,0.009801728605116175,0.015564870467699055,0.07585041707637256,-0.10027941884697782,0.7563906726675104,1.2606511211125173,-0.015802428187333933,-0.027267213589456385,0.6084631462387737
ticker,AMZN,all,weighted_net,3,5D,all,0,8,0.625,0.5,0.21521606221387757,0.7847839377861224,0.011805490427980653,0.012855714829987597,0.0309665284270483,-0.02012957290379876,1.5383599331709834,2.563933221951639,0.004374381323813223,0.0013637069466285734,1.5825409145787106
ticker,AMZN,all,weighted_net,3,60D,all,0,5,0.4,0.2,0.03622410863243014,0.6244653702374747,-0.0257330575304743,-0.053375626566416146,0.080141427632626,-0.09631604763920783,0.8320672369450762,0.5547114912967175,-0.04594436355464411,-0.04524237092572647,0.08905259558544754
ticker,AMZN,all,weighted_net,30,1D,all,0,5,0.8,0.8,0.37553462976252533,0.9637758913675698,0.0047859225610683565,0.0063345549975113435,0.00892242672152363,-0.011760094080752737,0.7587036855535535,3.034814742214214,0.005631014930379608,0.006675451121206599,4.779745928184667
ticker,AMZN,all,weighted_net,7,1D,all,0,13,0.5384615384615384,0.38461538461538464,0.17709707797762575,0.6447710848733431,0.003629807669292602,0.005564056196967537,0.01566923073418371,-0.010416185906413689,1.504315579134921,1.7550348423240743,0.0015115056960721342,-0.001927678406716038,1.3050770147830266
ticker,AMZN,all,weighted_net,7,20D,all,0,12,0.4166666666666667,0.4166666666666667,0.19326031365875665,0.6804886874504503,-0.01758226048418916,-0.045013049331492305,0.07956871668294294,-0.08697581560356923,0.9148372582743296,0.6534551844816641,-0.0234337002040516,-0.03894140983164557,0.4691948195360733
ticker,AMZN,all,weighted_net,7,5D,all,0,12,0.3333333333333333,0.3333333333333333,0.13812009109121315,0.6093779111272004,-0.010059760022869013,-0.012994900521113018,0.037042531072302876,-0.03361090557045496,1.102098573174548,0.551049286587274,-0.00973918338248376,-0.00921341690871319,0.4485651671656342
ticker,AMZN,all,weighted_net,7,60D,all,0,8,0.5,0.375,0.13684428582359742,0.6942576053973727,0.01207991260580421,-0.0006482675612950461,0.18060035477978298,-0.15644052956817456,1.1544345655073989,1.1544345655073989,-0.009762878362956778,-0.04314289888191508,0.8449648283362624
ticker,AMZN,all,weighted_net,7,90D,all,0,6,0.5,0.5,0.1876163064826506,0.8123836935173494,-0.015115975347796018,-0.020124557594939474,0.10372117727508272,-0.13395312797067474,0.7743094830737327,0.7743094830737326,-0.024335887220908053,-0.01200983710593162,0.5632719422359741
ticker,APP,all,author_net,90,1D,all,0,5,0.8,0.8,0.37553462976252533,0.9637758913675698,0.027287289775665368,0.020637755491444087,0.04095154023318093,-0.027369712054396866,1.4962356984900094,5.9849427939600375,0.02674187793913192,0.0231108320274116,7.262121214588629
ticker,APP,all,author_net,90,20D,all,0,5,0.6,0.6,0.2307242812760128,0.882379225767352,0.024574020264244868,0.11787219501082125,0.18125030513125737,-0.21044040703627387,0.861290413204794,1.291935619807191,0.020846023830739614,0.056139893425802834,1.2738142344988452
ticker,APP,all,author_net,90,5D,all,0,5,0.6,0.6,0.2307242812760128,0.882379225767352,-0.012827972188679348,0.02148741286940492,0.0447573497523203,-0.09920595510017882,0.4511558777608061,0.6767338166412092,-0.008998344598276864,0.016505595762702274,0.7129307612483475
ticker,APP,all,weighted_net,30,1D,all,0,5,0.4,0.4,0.11762077423264783,0.769275718723987,-0.005288029495190494,-0.027369712054396866,0.037284483918528344,-0.03366970510433639,1.1073599784432446,0.7382399856288298,-0.002257878918096945,-0.0213520922246222,0.8608056296218438
ticker,APP,all,weighted_net,30,20D,all,0,5,0.4,0.2,0.03622410863243014,0.6244653702374747,-0.020042794145460306,-0.050756556825823695,0.11180739970293552,-0.1079429233777242,1.0358011086256056,0.6905340724170704,-0.02279344477146439,-0.034414144374461886,0.6384614419765122
ticker,APP,all,weighted_net,30,5D,all,0,5,0.0,0.0,0.0,0.43448246478317476,-0.07077181066088048,-0.05967313585291112,,-0.07077181066088048,,,-0.057699171854963024,-0.04572374375271193,
ticker,ARM,all,author_net,7,1D,all,0,6,0.5,0.5,0.1876163064826506,0.8123836935173494,-0.001396227721029301,-0.005468340041155595,0.010370191976106927,-0.01316264741816553,0.7878500157798966,0.7878500157798966,0.001367118616379041,0.0019482547503512082,1.2739963825795506
ticker,ARM,all,author_net,7,20D,all,0,5,0.8,0.8,0.37553462976252533,0.9637758913675698,0.15988616731398958,0.2266636254775618,0.2443016313009903,-0.17777568863401338,1.374212825038939,5.496851300155756,0.12691448678858516,0.1867216307712487,4.597626812685921
ticker,ARM,all,author_net,7,5D,all,0,6,0.5,0.5,0.1876163064826506,0.8123836935173494,0.07379160234498662,0.03701130051138907,0.204842496955382,-0.05725929226540875,3.5774542236025964,3.5774542236025964,0.07110271200377273,0.028229923761127818,3.7178632504032016
ticker,ARM,all,weighted_net,7,1D,all,0,6,0.5,0.5,0.1876163064826506,0.8123836935173494,-0.001396227721029301,-0.005468340041155595,0.010370191976106927,-0.01316264741816553,0.7878500157798966,0.7878500157798966,0.001367118616379041,0.0019482547503512082,1.2739963825795506
ticker,ARM,all,weighted_net,7,20D,all,0,5,0.8,0.8,0.37553462976252533,0.9637758913675698,0.15988616731398958,0.2266636254775618,0.2443016313009903,-0.17777568863401338,1.374212825038939,5.496851300155756,0.12691448678858516,0.1867216307712487,4.597626812685921
ticker,ARM,all,weighted_net,7,5D,all,0,6,0.5,0.5,0.1876163064826506,0.8123836935173494,0.07379160234498662,0.03701130051138907,0.204842496955382,-0.05725929226540875,3.5774542236025964,3.5774542236025964,0.07110271200377273,0.028229923761127818,3.7178632504032016
ticker,ASTS,all,author_net,1,1D,all,0,11,0.2727272727272727,0.2727272727272727,0.09746059290024889,0.5656453011761291,-0.014086660899512805,-0.027790558571822888,0.06250125769742192,-0.042807130373363325,1.4600665158417914,0.5475249434406717,-0.013608154817366314,-0.01963862084171275,0.5386247268811813
ticker,ASTS,all,author_net,1,20D,all,0,7,0.42857142857142855,0.42857142857142855,0.15821985525146975,0.7495416354723428,0.0636003560191929,-0.09826718837339299,0.5002536471577754,-0.263889612334744,1.8956928343325754,1.4217696257494317,0.04823802456071354,-0.1092332882325937,1.3272475352157604
ticker,ASTS,all,author_net,1,5D,all,0,10,0.3,0.3,0.10779126740630099,0.6032218525388546,0.0011073762194252711,-0.08256682262275977,0.27490138203009856,-0.116232911985149,2.3650907246066635,1.0136103105457128,-0.003489158386250346,-0.07363973629608289,0.9568413337542753
ticker,ASTS,all,author_net,3,1D,all,0,12,0.25,0.25,0.08894166839405471,0.5323053349335657,-0.0036464722907285363,-0.022395287097181638,0.08928265690815862,-0.03462284869035759,2.5787207085887105,0.8595735695295701,-0.0028569918336427504,-0.014895223485747455,0.878087387156336
ticker,ASTS,all,author_net,3,20D,all,0,8,0.5,0.5,0.21521606221387757,0.7847839377861224,0.13975512927599654,0.024899850013890223,0.3699254915585098,-0.09041523300651669,4.0914067160767855,4.0914067160767855,0.10378926107894436,0.007351604964864589,2.6000224424776768
ticker,ASTS,all,author_net,3,5D,all,0,11,0.5454545454545454,0.5454545454545454,0.280091537409322,0.7872872837754024,0.059648028167054806,0.10095065640561329,0.20671180311397686,-0.11682850176925166,1.7693610718577388,2.1232332862292864,0.05059679690712406,0.08718994447416972,1.9211524710157548
ticker,ASTS,all,author_net,7,1D,all,0,9,0.4444444444444444,0.4444444444444444,0.18877852109766452,0.733348706504507,-7.9093432300898e-06,-0.04155468265453788,0.10031608616428195,-0.08026710574923972,1.2497782899719432,0.9998226319775546,-0.001606150619282561,-0.03908160611857037,0.9634695390292553
ticker,ASTS,all,author_net,7,20D,all,0,8,0.375,0.375,0.13684428582359742,0.6942576053973727,0.02280705618828767,-0.03588878760731151,0.2949515700322631,-0.14047965211809757,2.0996035054550464,1.2597621032730277,-0.0044446993748418345,-0.04117150403630199,0.9579829701873293
ticker,ASTS,all,author_net,7,5D,all,0,8,0.625,0.625,0.30574239460262737,0.8631557141764026,0.01582455462801584,0.03230597323542461,0.11411386632352039,-0.14799096486449173,0.7710867107867633,1.2851445179779388,0.006995342168335472,0.024692004904514953,1.1195978929090078
ticker,ASTS,all,author_net,7,60D,all,0,5,0.6,0.4,0.11762077423264783,0.769275718723987,0.11115237711215073,0.09558080808080804,0.32156384838638147,-0.2044648297991954,1.5727098332861884,2.3590647499292827,0.045538299070271536,-0.030627264477103067,1.4257005604847046
ticker,ASTS,all,weighted_net,1,1D,all,0,12,0.3333333333333333,0.3333333333333333,0.13812009109121315,0.6093779111272004,-0.009826800954769307,-0.023306713476106744,0.05613385788241873,-0.042807130373363325,1.3113202728802382,0.6556601364401191,-0.00932519307781371,-0.019544473696203324,0.6550934298998629
ticker,ASTS,all,weighted_net,1,20D,all,0,7,0.42857142857142855,0.42857142857142855,0.15821985525146975,0.7495416354723428,0.0636003560191929,-0.09826718837339299,0.5002536471577754,-0.263889612334744,1.8956928343325754,1.4217696257494317,0.04823802456071354,-0.1092332882325937,1.3272475352157604
ticker,ASTS,all,weighted_net,1,5D,all,0,10,0.3,0.3,0.10779126740630099,0.6032218525388546,0.0011073762194252711,-0.08256682262275977,0.27490138203009856,-0.116232911985149,2.3650907246066635,1.0136103105457128,-0.003489158386250346,-0.07363973629608289,0.9568413337542753
ticker,ASTS,all,weighted_net,3,1D,all,0,14,0.21428571428571427,0.21428571428571427,0.07571386712693184,0.47589230586600295,-0.01009659871908175,-0.022395287097181638,0.08928265690815862,-0.03720003207196549,2.400069353043472,0.654564369011856,-0.008494911869044275,-0.017216515155616008,0.6749353500240171
ticker,ASTS,all,weighted_net,3,20D,all,0,10,0.5,0.4,0.16818032970623614,0.6873262302663417,0.08160291364874481,-0.0013194193095837914,0.2963843021820606,-0.1331784748845709,2.2254670091314996,2.2254670091314996,0.04547577290111728,-0.028917657487315396,1.508395835330307
ticker,ASTS,all,weighted_net,3,5D,all,0,13,0.46153846153846156,0.46153846153846156,0.23206067809538303,0.7085620428549398,0.028442873450951627,-0.06231021498846101,0.20671180311397686,-0.12435906626021286,1.662217394600298,1.4247577668002556,0.020234440980040423,-0.06919482387509734,1.2930169638024538
ticker,ASTS,all,weighted_net,7,1D,all,0,8,0.5,0.5,0.21521606221387757,0.7847839377861224,0.01298206867390038,0.0107682970006574,0.10031608616428195,-0.07435194881648119,1.3492058750455433,1.3492058750455433,0.010820355895762288,0.009995233107789714,1.2937433539478718
ticker,ASTS,all,weighted_net,7,20D,all,0,7,0.42857142857142855,0.2857142857142857,0.08221892400405678,0.6410655481673808,0.0009416971136729314,-0.00485838329543109,0.13491956599647018,-0.09954170454842501,1.3554074305693105,1.0165555729269828,-0.03419293508389828,-0.06350905411554442,0.5995661252905167
ticker,ASTS,all,weighted_net,7,5D,all,0,7,0.5714285714285714,0.5714285714285714,0.2504583645276572,0.8417801447485302,0.015678801635124424,0.03103913630229438,0.13424913036226177,-0.1424149700010587,0.9426616482892477,1.256882197718997,0.005359575637338957,0.02568807876434409,1.0810874153445131
ticker,ASTS,all,weighted_net,7,60D,all,0,6,0.5,0.3333333333333333,0.09677141110578041,0.700006684861608,0.006265554499413665,0.021276035630232448,0.32156384838638147,-0.30903273938755416,1.0405494544806535,1.0405494544806537,-0.030758995825992046,-0.040679999337654316,0.8051395661601266
ticker,AVGO,all,author_net,3,1D,all,0,6,0.3333333333333333,0.3333333333333333,0.09677141110578041,0.700006684861608,-0.0019051671857992503,-0.005470136757538269,0.015582532145621664,-0.010649016851509707,1.4632836404435339,0.7316418202217669,-0.0010946122372288054,-0.0051968724226444385,0.8350946753943091
ticker,AVGO,all,author_net,3,20D,all,0,5,0.4,0.2,0.03622410863243014,0.6244653702374747,-0.02622099315680173,-0.04612289503750433,0.053774908070717276,-0.07955159397514773,0.6759752430292822,0.4506501620195215,-0.04476412552190705,-0.053938758145554155,0.05643445829937049
ticker,AVGO,all,author_net,3,5D,all,0,5,0.4,0.4,0.11762077423264783,0.769275718723987,-0.01203223512113467,-0.006423730014406104,0.043750521139476084,-0.04922073929487517,0.8888635515483075,0.592575701032205,-0.008102150622913529,-0.00881214619592563,0.6396612520687407
ticker,AVGO,all,author_net,30,1D,all,0,7,0.7142857142857143,0.8571428571428571,0.4868721707256811,0.9743203756552565,0.0050094137553638686,0.00670159619836741,0.013669137791567065,-0.016639896335144122,0.8214677252944962,2.0536693132362402,0.0058133678855073955,0.008199489114413705,2.2100573912146606
ticker,AVGO,all,author_net,30,20D,all,0,7,0.2857142857142857,0.42857142857142855,0.15821985525146975,0.7495416354723428,-0.059468377125939366,-0.041824052637991826,0.03486797421285148,-0.0972029176614557,0.35871324700655394,0.14348529880262156,-0.04248011616282226,-0.015718114205239275,0.22215490956249875
ticker,AVGO,all,author_net,30,5D,all,0,7,0.7142857142857143,0.7142857142857143,0.35893445183261935,0.9177810759959433,0.027284437806114843,0.033362008289669065,0.04601316314197139,-0.019537375533526524,2.3551353180989887,5.887838295247472,0.019518967158191552,0.0343397237261901,3.4134661956011154
ticker,AVGO,all,author_net,30,60D,all,0,6,0.6666666666666666,0.6666666666666666,0.299993315138392,0.9032285888942195,0.12739510584627542,0.2034444361224495,0.27992124185138867,-0.17765716616395105,1.5756259536024746,3.151251907204949,0.11125593564319199,0.16572457397017054,5.046701487095784
ticker,AVGO,all,author_net,7,1D,all,0,6,0.3333333333333333,0.3333333333333333,0.09677141110578041,0.700006684861608,-0.009831547474120092,-0.010701521961268556,0.015582532145621664,-0.02253858728399097,0.6913712891264417,0.3456856445632209,-0.008180430393067206,-0.008396133227860814,0.4039168810034941
ticker,AVGO,all,author_net,7,5D,all,0,5,0.2,0.2,0.03622410863243014,0.6244653702374747,-0.041096686574244055,-0.03832179930795854,0.04704439047595188,-0.06313195583679304,0.7451755589129809,0.18629388972824523,-0.027953795090484214,-0.023818431941971085,0.22319823828939145
ticker,AVGO,all,author_net,90,1D,all,0,5,0.6,0.6,0.2307242812760128,0.882379225767352,-0.0006146775535859738,0.004902516436182225,0.013495557672563644,-0.0217800303928104,0.6196298824733749,0.9294448237100625,0.0009419907485060053,0.007375592972149736,1.1210242235509054
ticker,AVGO,all,author_net,90,20D,all,0,5,0.2,0.4,0.11762077423264783,0.769275718723987,0.011202017722095458,-0.03525277714803898,0.2747528540385027,-0.05468569135700635,5.024218350735018,1.2560545876837546,0.0019835578346591555,-0.030407272539777153,1.0535760692799276
ticker,AVGO,all,author_net,90,5D,all,0,5,0.4,0.4,0.11762077423264783,0.769275718723987,0.01580955232515895,-0.02754129785194781,0.10119041012284369,-0.04111101953996421,2.461393836863521,1.6409292245756806,0.013933865698432158,-0.023818431941971085,1.7407997181979686
ticker,AVGO,all,author_net,90,60D,all,0,5,0.8,0.6,0.2307242812760128,0.882379225767352,0.06570809731983904,0.13025678670751162,0.11401057973177434,-0.12750183232790213,0.894187774796587,3.576751099186348,0.04896062153055645,0.02815413613829787,4.0575881969448435
ticker,AVGO,all,author_net_shift,30,1D,all,0,5,0.6,0.6,0.2307242812760128,0.882379225767352,0.007648741916159008,0.00670159619836741,0.014824822746737501,-0.003115379329708734,4.7585931528034875,7.137889729205233,0.00624134998897925,0.00823112501439327,6.788111592693467
ticker,AVGO,all,weighted_net,3,1D,all,0,5,0.4,0.4,0.11762077423264783,0.769275718723987,0.000704212173225871,-0.001186595221143838,0.015582532145621664,-0.009214667808371324,1.6910573956301793,1.1273715970867861,0.000563016725371801,-0.001010987795057039,1.0924670639930463
ticker,AVGO,all,weighted_net,30,1D,all,0,10,0.6,0.6,0.31267376973365824,0.8318196702937638,0.00460817368905615,0.0028713229281349673,0.019461171999944665,-0.01767132377727662,1.1012854636826694,1.651928195524004,0.0037476257481353194,0.004359283333911945,1.6161187716143333
ticker,AVGO,all,weighted_net,30,20D,all,0,10,0.5,0.5,0.236593090512564,0.7634069094874361,-0.016436051621749624,0.0042602800677976616,0.09211368517739713,-0.12498578842089639,0.736993272124662,0.7369932721246621,-0.017050045711345975,-0.007302024943359908,0.6474304747382132
ticker,AVGO,all,weighted_net,30,5D,all,0,10,0.5,0.5,0.236593090512564,0.7634069094874361,0.004298671904882256,0.008394318919366928,0.06090448805581987,-0.052307144246055357,1.1643627067331794,1.1643627067331794,0.00022882276386283485,0.008526174089356298,1.0099229796560782
ticker,AVGO,all,weighted_net,30,60D,all,0,9,0.3333333333333333,0.4444444444444444,0.18877852109766452,0.733348706504507,-0.03247469403925233,-0.12750183232790213,0.23068476809404923,-0.1640544251059031,1.4061477948256125,0.7030738974128061,-0.018070537889623317,-0.055364574724046656,0.7533771941820686
ticker,AVGO,all,weighted_net,30,90D,all,0,6,0.5,0.5,0.1876163064826506,0.8123836935173494,0.001466636053951827,0.03619407089178556,0.16426461957687835,-0.1613313474689747,1.0181816624848294,1.0181816624848294,-0.019110824329777416,-0.004769594948715428,0.6927312573831361
ticker,AVGO,all,weighted_net,7,1D,all,0,7,0.42857142857142855,0.42857142857142855,0.15821985525146975,0.7495416354723428,-0.005261473666467961,-0.0097536782939327,0.017774677823562717,-0.02253858728399097,0.7886331827100792,0.5914748870325593,-0.004405345442552159,-0.0052879876651070745,0.6254951659358307
ticker,AVGO,all,weighted_net,7,20D,all,0,5,0.4,0.6,0.2307242812760128,0.882379225767352,0.024093777749221012,-0.015080738177624009,0.16404075690583397,-0.06920420835518763,2.3703870155396016,1.5802580103597346,0.005080843103372068,0.013386665066852155,1.1388085107837689
ticker,AVGO,all,weighted_net,7,5D,all,0,6,0.3333333333333333,0.3333333333333333,0.09677141110578041,0.700006684861608,-0.007201461972685823,-0.02237276466118232,0.10465952575552862,-0.06313195583679304,1.6577900109112964,0.8288950054556482,-0.00372386140819068,-0.016315289068948358,0.8758221375143423
ticker,AVGO,all,weighted_net,90,1D,all,0,8,0.5,0.5,0.21521606221387757,0.7847839377861224,0.003263651475118118,-0.002868449044376997,0.022023393960498655,-0.01549609101026242,1.4212225487004093,1.4212225487004093,0.00698084141872124,-0.0016760493041051427,2.3345354314147087
ticker,AVGO,all,weighted_net,90,20D,all,0,8,0.625,0.875,0.5291118177871464,0.9775825085499433,0.0037406455478463108,0.021235515153626094,0.03667103574874799,-0.05114333812032316,0.717024681933614,1.1950411365560234,0.011928017995599602,0.015550289769675651,2.228334745181737
ticker,AVGO,all,weighted_net,90,5D,all,0,8,0.5,0.625,0.30574239460262737,0.8631557141764026,0.003481265530793601,-0.0036356130430340583,0.04987356906076024,-0.042911037999173035,1.1622550137734113,1.1622550137734113,0.0068520709191476625,0.012523057202156462,1.4012400094913566
ticker,AVGO,all,weighted_net,90,60D,all,0,6,0.5,0.5,0.1876163064826506,0.8123836935173494,0.0006832763828646023,-0.021474789881526346,0.15408215099262332,-0.1527155982268941,1.0089483509320305,1.0089483509320303,0.00594181986203729,0.0019093647352239618,1.0916968320720495
ticker,AVGO,all,weighted_net,90,90D,all,0,6,0.5,0.5,0.1876163064826506,0.8123836935173494,0.016063990300975568,-0.029755639438147963,0.17387664218558938,-0.14174866158363822,1.226654560565245,1.226654560565245,0.011315525065066298,0.002923599078342276,1.211461998904604
ticker,BA,all,weighted_net,90,1D,all,0,8,0.625,0.625,0.30574239460262737,0.8631557141764026,0.00035978832843763797,0.005460333220449531,0.01111569918717752,-0.017566729769462164,0.6327699767147865,1.0546166278579774,-0.0003490529038846918,0.007391149267203911,0.9492714733143561
ticker,BA,all,weighted_net,90,20D,all,0,8,0.5,0.5,0.21521606221387757,0.7847839377861224,0.03590980364896483,0.006953826696761478,0.1457629211120709,-0.07394331381414124,1.9712792623610353,1.9712792623610353,0.02854638192258041,0.02056792929029555,1.843368215984516
ticker,BA,all,weighted_net,90,5D,all,0,8,0.625,0.625,0.30574239460262737,0.8631557141764026,0.02514736406462484,0.02933062834307293,0.06728931829726273,-0.04508922632310497,1.4923591239972511,2.487265206662085,0.018379473316339823,0.02905136933427027,2.081013087519221
ticker,BA,all,weighted_net,90,60D,all,0,7,0.7142857142857143,0.7142857142857143,0.35893445183261935,0.9177810759959433,0.05008538579053201,0.026457983976150623,0.0854160052786389,-0.03824116292973523,2.2336142192010033,5.584035548002508,0.04791280377269962,0.057077321656280766,2.221343528422267
ticker,BA,all,weighted_net,90,90D,all,0,5,0.8,0.8,0.37553462976252533,0.9637758913675698,0.07471746627561895,0.11733377033061576,0.12130523603405549,-0.11163361275812722,1.086637196781255,4.34654878712502,0.08431269667014282,0.16392368104779242,3.3766483802810043
ticker,BABA,all,weighted_net,30,1D,all,0,5,0.4,0.4,0.11762077423264783,0.769275718723987,-0.004573962259183962,-0.008313990293310702,0.013591183059136092,-0.016684059138063995,0.8146208873192236,0.543080591546149,-0.0037534359036591526,-0.005603963193039796,0.5384640249578763
ticker,BE,all,author_net,3,1D,all,0,8,0.75,0.75,0.40927543031016883,0.9285207872478909,0.013407742213532178,0.022038722616476325,0.037192710608674205,-0.057947162971893895,0.6418383351522107,1.925515005456632,0.014902857094011568,0.022395031702406865,2.1351827934163277
ticker,BE,all,author_net,3,20D,all,0,7,0.5714285714285714,0.5714285714285714,0.2504583645276572,0.8417801447485302,0.15326080443016427,0.21948164146868243,0.3235714614007962,-0.07382007153067827,4.383245026609407,5.844326702145876,0.12810096175122296,0.16037798301096906,6.492231843180109
ticker,BE,all,author_net,3,5D,all,0,7,0.42857142857142855,0.42857142857142855,0.15821985525146975,0.7495416354723428,-0.0040643038340898285,-0.04897033586663402,0.12030874411706287,-0.09734408979745435,1.2359121582768045,0.9269341187076033,-0.0031501446433192764,-0.045724188870756355,0.9362366466389317
ticker,BE,all,author_net,7,1D,all,0,9,0.6666666666666666,0.6666666666666666,0.3542021355803963,0.879416181613089,0.019277695724019717,0.025915865208134603,0.03640662933346898,-0.01498017149487881,2.4303212647408685,4.860642529481738,0.020270296682540052,0.025827848661023722,5.9630921990056684
ticker,BE,all,author_net,7,20D,all,0,8,0.75,0.625,0.30574239460262737,0.8631557141764026,0.1460372589783721,0.10946994894380657,0.2168708708098982,-0.06646357651620616,3.263003319675664,9.789009959026991,0.12837984634479432,0.135445508497877,8.159600057304816
ticker,BE,all,author_net,7,5D,all,0,8,0.625,0.5,0.21521606221387757,0.7847839377861224,0.0374508165654593,0.02746622791726505,0.0917010689218197,-0.05296627069514137,1.731310657109025,2.885517761848375,0.028787167647650158,0.014149057338438742,2.4462923943564427
ticker,BE,all,weighted_net,3,1D,all,0,8,0.75,0.75,0.40927543031016883,0.9285207872478909,0.013407742213532178,0.022038722616476325,0.037192710608674205,-0.057947162971893895,0.6418383351522107,1.925515005456632,0.014902857094011568,0.022395031702406865,2.1351827934163277
ticker,BE,all,weighted_net,3,20D,all,0,7,0.5714285714285714,0.5714285714285714,0.2504583645276572,0.8417801447485302,0.15326080443016427,0.21948164146868243,0.3235714614007962,-0.07382007153067827,4.383245026609407,5.844326702145876,0.12810096175122296,0.16037798301096906,6.492231843180109
ticker,BE,all,weighted_net,3,5D,all,0,7,0.42857142857142855,0.42857142857142855,0.15821985525146975,0.7495416354723428,-0.0040643038340898285,-0.04897033586663402,0.12030874411706287,-0.09734408979745435,1.2359121582768045,0.9269341187076033,-0.0031501446433192764,-0.045724188870756355,0.9362366466389317
ticker,BE,all,weighted_net,7,1D,all,0,9,0.6666666666666666,0.6666666666666666,0.3542021355803963,0.879416181613089,0.019277695724019717,0.025915865208134603,0.03640662933346898,-0.01498017149487881,2.4303212647408685,4.860642529481738,0.020270296682540052,0.025827848661023722,5.9630921990056684
ticker,BE,all,weighted_net,7,20D,all,0,8,0.75,0.625,0.30574239460262737,0.8631557141764026,0.1460372589783721,0.10946994894380657,0.2168708708098982,-0.06646357651620616,3.263003319675664,9.789009959026991,0.12837984634479432,0.135445508497877,8.159600057304816
ticker,BE,all,weighted_net,7,5D,all,0,8,0.625,0.5,0.21521606221387757,0.7847839377861224,0.0374508165654593,0.02746622791726505,0.0917010689218197,-0.05296627069514137,1.731310657109025,2.885517761848375,0.028787167647650158,0.014149057338438742,2.4462923943564427
ticker,COIN,all,author_net,30,1D,all,0,8,0.625,0.5,0.21521606221387757,0.7847839377861224,0.008556087100577606,0.0012095598001589103,0.03272429262301533,-0.031724255436818595,1.0315227945440166,1.7192046575733608,0.005121871537482281,0.0006770968235736419,1.3909610268299266
ticker,COIN,all,author_net,30,20D,all,0,7,0.2857142857142857,0.2857142857142857,0.08221892400405678,0.6410655481673808,-0.008034882283016838,-0.04719571702325198,0.3286888299434483,-0.14272436717360287,2.302962251313733,0.921184900525493,-0.02962142834029737,-0.06794542186386576,0.725979956088792
ticker,COIN,all,author_net,30,5D,all,0,8,0.5,0.375,0.13684428582359742,0.6942576053973727,0.02346469079620274,-0.019662581515174304,0.10803928861983234,-0.06110990702742686,1.7679504662205263,1.7679504662205263,0.007461354882718735,-0.028509162592590953,1.2194153765130644
ticker,COIN,all,author_net,30,60D,all,0,6,0.16666666666666666,0.16666666666666666,0.030053369748306635,0.5635028221864702,-0.14840101776467832,-0.22442052935487472,0.303523684105511,-0.23878595813871617,1.271111946746832,0.25422238934936636,-0.16787912735955546,-0.2169798975433168,0.22434023139933118
ticker,COIN,all,author_net,30,90D,all,0,5,0.2,0.2,0.03622410863243014,0.6244653702374747,-0.22988606086851404,-0.28196922104348165,0.28165529350732277,-0.35777139946247327,0.7872493271695008,0.1968123317923752,-0.24641762346614993,-0.33211680073651584,0.22723911823238496
ticker,COIN,all,author_net,90,1D,all,0,6,0.5,0.5,0.1876163064826506,0.8123836935173494,-0.0030186690652744264,-0.0034933573671287466,0.027358724592559207,-0.03339606272310806,0.819220062538349,0.8192200625383489,-0.0024135187304687813,0.0015705008332042025,0.8502784823554246
ticker,COIN,all,author_net,90,20D,all,0,6,0.3333333333333333,0.3333333333333333,0.09677141110578041,0.700006684861608,-0.08172500682595907,-0.07925608858235916,0.11780533711563551,-0.18149017879675636,0.6491003419394998,0.3245501709697499,-0.10190238508454307,-0.10242777089491822,0.21015907419144797
ticker,COIN,all,author_net,90,5D,all,0,6,0.5,0.3333333333333333,0.09677141110578041,0.700006684861608,-0.03389089020846255,-0.03304072372088779,0.02549826575996572,-0.09328004617689083,0.27335177034124,0.27335177034124,-0.037231439257192224,-0.04202015971994477,0.1800711980162297
ticker,COIN,all,author_net,90,60D,all,0,6,0.16666666666666666,0.16666666666666666,0.030053369748306635,0.5635028221864702,-0.22950005369797047,-0.2753668672336712,0.12126262626262618,-0.2996525896900898,0.40467738452732827,0.08093547690546564,-0.21150820833761586,-0.29010948760377475,0.17063188408783067
ticker,COIN,all,weighted_net,30,1D,all,0,7,0.8571428571428571,0.7142857142857143,0.35893445183261935,0.9177810759959433,0.03227488500353627,0.04513348497545788,0.039437623467264794,-0.010701545778834864,3.685226815107694,22.111360890646164,0.02743309083382539,0.0417788914859607,13.698524375454644
ticker,COIN,all,weighted_net,30,20D,all,0,5,0.6,0.6,0.2307242812760128,0.882379225767352,0.11411377510337233,0.07170339279468341,0.24302701756052666,-0.07925608858235916,3.0663513921455325,4.599527088218299,0.0799703808994918,0.0553609803433216,2.951872529314689
ticker,COIN,all,weighted_net,30,5D,all,0,6,0.6666666666666666,0.5,0.1876163064826506,0.8123836935173494,0.05589281170734569,0.05105102225336322,0.11585452055292686,-0.06403060598381666,1.809361613447925,3.61872322689585,0.04041216324780109,0.026384927257817714,2.8920509405194426
ticker,COIN,all,weighted_net,90,1D,all,0,5,0.4,0.2,0.03622410863243014,0.6244653702374747,0.00541269428303377,-0.0037466477362360084,0.023593587140802175,-0.0067079009554785,3.5172831706068552,2.3448554470712373,0.002976729139628631,-0.00564599266351129,1.553393183894413
ticker,CRDO,all,author_net,7,1D,all,0,6,0.3333333333333333,0.3333333333333333,0.09677141110578041,0.700006684861608,-0.01541725265019737,-0.021652126683890438,0.03444862907800661,-0.04035019351429936,0.8537413597731236,0.4268706798865618,-0.014485387282282047,-0.022370710616018807,0.43901272123552026
ticker,CRDO,all,author_net,7,5D,all,0,6,0.3333333333333333,0.16666666666666666,0.030053369748306635,0.5635028221864702,-0.07257223103793155,-0.05528610069543255,0.010689943271299684,-0.11420331819254717,0.09360448926077966,0.04680224463038983,-0.06491357122242027,-0.03390948003448402,0.08932483992170893
ticker,CRDO,all,weighted_net,30,1D,all,0,6,0.3333333333333333,0.3333333333333333,0.09677141110578041,0.700006684861608,-0.027516252404686803,-0.037052134821906724,0.021243986605171905,-0.05189637190961616,0.4093539841700474,0.2046769920850237,-0.02614781574054627,-0.035194461232122165,0.1678350534637765
ticker,CRDO,all,weighted_net,30,20D,all,0,6,0.5,0.5,0.1876163064826506,0.8123836935173494,-0.07471440020310542,-0.04850895023277163,0.16948496837406188,-0.3189137687802727,0.5314444999420352,0.5314444999420352,-0.06575046176356435,-0.021671955616077876,0.49921427052282813
ticker,CRDO,all,weighted_net,30,5D,all,0,6,0.5,0.5,0.1876163064826506,0.8123836935173494,-0.002842420119342696,0.042387514712331154,0.1322380943726286,-0.137922934611314,0.9587824878095432,0.9587824878095433,-0.0002082948487038827,0.028549191821323094,0.9965122173573818
ticker,CRDO,all,weighted_net,30,60D,all,0,5,0.4,0.4,0.11762077423264783,0.769275718723987,0.04956077499741747,-0.23238410596026493,0.8302690176623188,-0.4709113867791834,1.7631109397056115,1.1754072931370743,0.04179313895855141,-0.21517905488276967,1.1682119105943258
ticker,CRDO,all,weighted_net,7,1D,all,0,6,0.3333333333333333,0.3333333333333333,0.09677141110578041,0.700006684861608,-0.01541725265019737,-0.021652126683890438,0.03444862907800661,-0.04035019351429936,0.8537413597731236,0.4268706798865618,-0.014485387282282047,-0.022370710616018807,0.43901272123552026
ticker,CRDO,all,weighted_net,7,5D,all,0,6,0.3333333333333333,0.16666666666666666,0.030053369748306635,0.5635028221864702,-0.07257223103793155,-0.05528610069543255,0.010689943271299684,-0.11420331819254717,0.09360448926077966,0.04680224463038983,-0.06491357122242027,-0.03390948003448402,0.08932483992170893
ticker,CRM,all,weighted_net,90,1D,all,0,5,0.6,0.6,0.2307242812760128,0.882379225767352,0.008971025567799495,0.010770311402481969,0.020871657125068516,-0.008879921768104038,2.350432545480054,3.5256488182200814,0.010380092073678293,0.013480338502752875,5.0061842833157515
ticker,CRWV,all,author_net,3,1D,all,0,7,0.14285714285714285,0.14285714285714285,0.02567962434474355,0.5131278292743189,-0.042828033150161274,-0.04851223463210852,0.010759166810122123,-0.05175923314354184,0.2078695173146045,0.03464491955243409,-0.0402243640892118,-0.04339082581553089,0.03680490296419759
ticker,CRWV,all,author_net,3,20D,all,0,6,0.16666666666666666,0.16666666666666666,0.030053369748306635,0.5635028221864702,-0.20743525886822126,-0.1871885411685752,0.01802049030369579,-0.2525264087026047,0.07136081487983367,0.014272162975966734,-0.20279272344827848,-0.20698285556195595,0.016568589462381666
ticker,CRWV,all,author_net,3,5D,all,0,6,0.3333333333333333,0.16666666666666666,0.030053369748306635,0.5635028221864702,-0.05666053107763219,-0.08580575088121134,0.08916067055500265,-0.12957113189394961,0.6881214144828046,0.3440607072414023,-0.05570262999072645,-0.09242294594709088,0.3091133885536845
ticker,CRWV,all,author_net,30,1D,all,0,8,0.25,0.125,0.02241749145005667,0.4708881822128535,-0.01969924763689429,-0.018295602047667725,0.010262199222376145,-0.029686396589984437,0.3456869273867477,0.11522897579558257,-0.020412325873023857,-0.013108320059498801,0.098074293380404
ticker,CRWV,all,author_net,30,20D,all,0,7,0.42857142857142855,0.42857142857142855,0.15821985525146975,0.7495416354723428,-0.07590554804882485,-0.0011012407312238626,0.13578697759554034,-0.23467494228209873,0.578617283443552,0.43396296258266404,-0.07964597076106984,-0.034754869319461035,0.4514788403669626
ticker,CRWV,all,author_net,30,5D,all,0,7,0.42857142857142855,0.5714285714285714,0.2504583645276572,0.8417801447485302,0.012181646215845212,-0.017326187504588586,0.1345165242723112,-0.07956951232650428,1.6905535843972277,1.2679151882979207,0.008764646535784713,0.007241979916454699,1.2058373084084588
ticker,CRWV,all,author_net,30,60D,all,0,5,0.4,0.4,0.11762077423264783,0.769275718723987,-0.08878480188604307,-0.2231577192397466,0.2381561460148549,-0.30674543381997504,0.7763967112697941,0.5175978075131961,-0.07768372580704783,-0.2466154406164457,0.6065742588252993
ticker,CRWV,all,author_net,7,1D,all,0,9,0.3333333333333333,0.2222222222222222,0.06322510711784671,0.5474110308930111,-0.032130322974429006,-0.03509503167722572,0.00712749736379666,-0.05175923314354184,0.13770484860218568,0.06885242430109284,-0.03165851140013228,-0.034230729461841025,0.03729156047010667
ticker,CRWV,all,author_net,7,20D,all,0,8,0.25,0.25,0.071479212752109,0.5907245696898311,-0.15138448672350002,-0.08267900402562556,0.029934626028553013,-0.21182419097418434,0.1413182596892403,0.0471060865630801,-0.1503468207051931,-0.13108415626662084,0.061500343765607146
ticker,CRWV,all,author_net,7,5D,all,0,8,0.375,0.25,0.071479212752109,0.5907245696898311,-0.04263461203156986,-0.052110530445904524,0.07648013272951264,-0.11410345888821935,0.6702700643320187,0.4021620385992112,-0.04502925690880061,-0.05927208843815579,0.33896420370145636
ticker,CRWV,all,author_net,90,1D,all,0,6,0.3333333333333333,0.16666666666666666,0.030053369748306635,0.5635028221864702,-0.012722966804929106,-0.010567614810106485,0.0077288969650052275,-0.022948898689896274,0.33678727112112067,0.16839363556056033,-0.015243036010930633,-0.01404672798920159,0.10525770184514538
ticker,CRWV,all,author_net,90,20D,all,0,6,0.3333333333333333,0.3333333333333333,0.09677141110578041,0.700006684861608,0.05295556730641038,-0.023776426817224805,0.2653221327620815,-0.05322771542142518,4.984661292738561,2.4923306463692807,0.023307679245654838,-0.044335350449682176,1.398604687961228
ticker,CRWV,all,author_net,90,5D,all,0,6,0.5,0.6666666666666666,0.299993315138392,0.9032285888942195,0.03718289691919189,0.004982226444750049,0.10548840302700697,-0.031122609188623196,3.38944599367228,3.38944599367228,0.030087902946342965,0.004243226056087845,3.057083225577
ticker,CRWV,all,weighted_net,3,1D,all,0,7,0.14285714285714285,0.14285714285714285,0.02567962434474355,0.5131278292743189,-0.042828033150161274,-0.04851223463210852,0.010759166810122123,-0.05175923314354184,0.2078695173146045,0.03464491955243409,-0.0402243640892118,-0.04339082581553089,0.03680490296419759
ticker,CRWV,all,weighted_net,3,20D,all,0,6,0.16666666666666666,0.16666666666666666,0.030053369748306635,0.5635028221864702,-0.20743525886822126,-0.1871885411685752,0.01802049030369579,-0.2525264087026047,0.07136081487983367,0.014272162975966734,-0.20279272344827848,-0.20698285556195595,0.016568589462381666
ticker,CRWV,all,weighted_net,3,5D,all,0,6,0.3333333333333333,0.16666666666666666,0.030053369748306635,0.5635028221864702,-0.05666053107763219,-0.08580575088121134,0.08916067055500265,-0.12957113189394961,0.6881214144828046,0.3440607072414023,-0.05570262999072645,-0.09242294594709088,0.3091133885536845
ticker,CRWV,all,weighted_net,30,1D,all,0,8,0.5,0.25,0.071479212752109,0.5907245696898311,-0.016923262530343083,-0.007294667828778412,0.008416838870333648,-0.042263363931019815,0.1991521281663996,0.1991521281663996,-0.015742678037176216,-0.010038471781031566,0.1846207547979505
ticker,CRWV,all,weighted_net,30,20D,all,0,7,0.2857142857142857,0.2857142857142857,0.08221892400405678,0.6410655481673808,-0.1514028703901207,-0.07643312101910849,0.15600217437034014,-0.27436488829430505,0.5685937998123146,0.22743751992492584,-0.1440761632136097,-0.11731238426297574,0.23631922037044176
ticker,CRWV,all,weighted_net,30,5D,all,0,7,0.2857142857142857,0.2857142857142857,0.08221892400405678,0.6410655481673808,-0.0379058466650949,-0.05198829402651073,0.12548880718141614,-0.10326370820369932,1.21522662089449,0.486090648357796,-0.03779046177373729,-0.057339351564461016,0.4616017033363912
ticker,CRWV,all,weighted_net,30,60D,all,0,6,0.16666666666666666,0.16666666666666666,0.030053369748306635,0.5635028221864702,-0.23220882507990837,-0.27684879660414446,0.14724186704384712,-0.3080989635046595,0.4779044543641262,0.09558089087282524,-0.2114710173739143,-0.2483604259682683,0.11948710583198152
ticker,CRWV,all,weighted_net,30,90D,all,0,5,0.4,0.2,0.03622410863243014,0.6244653702374747,-0.09714456939442166,-0.2842614204734911,0.29713868373045377,-0.36000007147767193,0.8253850687051406,0.5502567124700937,-0.12127009861386873,-0.273789751662203,0.4673869632764079
ticker,CRWV,all,weighted_net,7,1D,all,0,9,0.3333333333333333,0.2222222222222222,0.06322510711784671,0.5474110308930111,-0.032130322974429006,-0.03509503167722572,0.00712749736379666,-0.05175923314354184,0.13770484860218568,0.06885242430109284,-0.03165851140013228,-0.034230729461841025,0.03729156047010667
ticker,CRWV,all,weighted_net,7,20D,all,0,8,0.25,0.25,0.071479212752109,0.5907245696898311,-0.15138448672350002,-0.08267900402562556,0.029934626028553013,-0.21182419097418434,0.1413182596892403,0.0471060865630801,-0.1503468207051931,-0.13108415626662084,0.061500343765607146
ticker,CRWV,all,weighted_net,7,5D,all,0,8,0.375,0.25,0.071479212752109,0.5907245696898311,-0.04263461203156986,-0.052110530445904524,0.07648013272951264,-0.11410345888821935,0.6702700643320187,0.4021620385992112,-0.04502925690880061,-0.05927208843815579,0.33896420370145636
ticker,CRWV,all,weighted_net,90,1D,all,0,6,0.6666666666666666,0.5,0.1876163064826506,0.8123836935173494,-0.010928311813480881,0.0029282609283651784,0.006960254101110813,-0.04670544364266427,0.14902447248681722,0.29804894497363443,-0.011984950052484214,0.0003742375310248347,0.19108732733544315
ticker,CRWV,all,weighted_net,90,20D,all,0,6,0.3333333333333333,0.3333333333333333,0.09677141110578041,0.700006684861608,-0.031192295339498244,-0.07126587593917416,0.2924896475073926,-0.19303326676294366,1.51522922661091,0.757614613305455,-0.03894561711624994,-0.08529518646742229,0.693751767233662
ticker,CRWV,all,weighted_net,90,5D,all,0,6,0.0,0.16666666666666666,0.030053369748306635,0.5635028221864702,-0.06675932796226292,-0.0423555544603601,,-0.06675932796226292,,,-0.05950807322223486,-0.03333791141631587,0.0034733374724322803
ticker,CRWV,all,weighted_net,90,60D,all,0,6,0.5,0.5,0.1876163064826506,0.8123836935173494,-0.020332759365537263,-0.02379036612383656,0.20650262307014314,-0.24716814180121768,0.8354742709366673,0.8354742709366674,-0.05841210185385785,-0.0627737856757778,0.5719662009188196
ticker,CRWV,all,weighted_net,90,90D,all,0,5,0.2,0.4,0.11762077423264783,0.769275718723987,-0.15949405110624854,-0.12058166527966363,0.2415789473684209,-0.2597623007249159,0.9300000296203456,0.2325000074050864,-0.16783935872831737,-0.17868366657081913,0.17245171650236976
ticker,EOSE,all,weighted_net,30,1D,all,0,5,0.4,0.4,0.11762077423264783,0.769275718723987,-0.014699688367902964,-0.018050541516245522,0.05648214357574233,-0.06215424299699982,0.9087415573297017,0.6058277048864679,-0.01814265416389673,-0.02043011289595076,0.5251327368630888
ticker,EOSE,all,weighted_net,30,20D,all,0,5,0.0,0.0,0.0,0.43448246478317476,-0.2573030272270521,-0.2168968318440292,,-0.2573030272270521,,,-0.2356057177663308,-0.18792915338626226,
ticker,EOSE,all,weighted_net,30,5D,all,0,5,0.4,0.4,0.11762077423264783,0.769275718723987,-0.07188877503627689,-0.0778210116731517,0.06394818570795957,-0.16244674886576785,0.39365629755262693,0.26243753170175127,-0.0663398428137437,-0.07459368699084146,0.240795373631339
ticker,GLD,all,author_net,30,1D,all,0,7,0.5714285714285714,0.42857142857142855,0.15821985525146975,0.7495416354723428,0.0003270158042022305,0.0018830640474252203,0.00473346167900382,-0.008322368043299833,0.568763800684666,1.137527601369332,-0.0003642519910194153,0.0,0.8317572509683869
ticker,GLD,all,author_net,30,20D,all,0,7,0.42857142857142855,0.42857142857142855,0.15821985525146975,0.7495416354723428,0.009326216019794617,-0.03106388448519648,0.07483723048847502,-0.03980704483171568,1.8799996534495207,1.4099997400871405,-0.006596274288686588,-0.04279468435195777,0.8539480742888472
ticker,GLD,all,author_net,30,5D,all,0,7,0.8571428571428571,0.5714285714285714,0.2504583645276572,0.8417801447485302,0.023233771083793858,0.028149122166216234,0.027286142892778642,-0.0010804597701148388,25.254196081616698,151.5251764897002,0.0150588030794081,0.017639331925930035,2.7583422717131425
ticker,GLD,all,author_net,7,1D,all,0,7,0.42857142857142855,0.5714285714285714,0.2504583645276572,0.8417801447485302,-0.0007627230422258625,0.0,0.005683594222863353,-0.007463281321390365,0.7615409332854323,0.7615409332854323,0.0007436456409245507,0.0004718546449276051,1.5626626449017555
ticker,GLD,all,author_net,7,20D,all,0,7,0.5714285714285714,0.5714285714285714,0.2504583645276572,0.8417801447485302,0.05159768036762539,0.054069694301170146,0.11715401418597493,-0.03581076472350734,3.271474795093422,4.361966393457896,0.03935728753261588,0.060977924235834036,2.2055085450947165
ticker,GLD,all,author_net,7,5D,all,0,7,0.8571428571428571,0.7142857142857143,0.35893445183261935,0.9177810759959433,0.026120267854473442,0.028149122166216234,0.03065372245857149,-0.0010804597701148388,28.37099844570187,170.2259906742112,0.0194038372237508,0.023117388871353395,3.5797298797911594
ticker,GLD,all,author_net,7,60D,all,0,5,0.6,0.6,0.2307242812760128,0.882379225767352,-0.005308646316703558,0.04039136979427993,0.06207306692058786,-0.10638121617264068,0.5834964964101617,0.8752447446152424,0.007510793708228758,0.09939802993160773,1.1281397785949316
ticker,GLD,all,author_net,90,1D,all,0,9,0.5555555555555556,0.3333333333333333,0.1205838183869109,0.6457978644196036,-0.0022268986346131664,0.0006449705732176625,0.0036047306395815327,-0.00951643522735654,0.37879001469154633,0.47348751836443287,-0.0012449857723695829,-0.0008743103358496152,0.46474705912750375
ticker,GLD,all,author_net,90,20D,all,0,8,0.375,0.375,0.13684428582359742,0.6942576053973727,-0.00855206377383616,-0.03349775628066343,0.056972143088588556,-0.04786658789129099,1.1902277893293134,0.714136673597588,-0.002646019959860385,-0.0393538261730364,0.9220943550238904
ticker,GLD,all,author_net,90,5D,all,0,8,0.625,0.5,0.21521606221387757,0.7847839377861224,0.01396975249845292,0.005110446534458246,0.027056380239526678,-0.00784129373667001,3.450499515532344,5.75083252588724,0.011102226459137998,0.005150846564397016,2.471546747932942
ticker,GLD,all,author_net,90,60D,all,0,6,0.5,0.5,0.1876163064826506,0.8123836935173494,-0.03355399448501042,-0.0027852481036400034,0.09942265524039795,-0.16653064421041877,0.5970231828009568,0.5970231828009568,0.0015422556376386194,0.031121110857684764,1.0203904254591174
ticker,GLD,all,author_net,90,90D,all,0,5,0.4,0.2,0.03622410863243014,0.6244653702374747,-0.042870907252256486,-0.07447635905275285,0.08324035579879663,-0.12694508261962523,0.6557194188310213,0.43714627922068083,-0.034197731767747944,-0.04810120021494768,0.5610266621463397
ticker,GLD,all,weighted_net,3,1D,all,0,6,0.5,0.5,0.1876163064826506,0.8123836935173494,-0.0008754600499000046,0.0001400634818115032,0.008576218753217235,-0.010327138853017245,0.8304544826287051,0.8304544826287051,-0.0021626589032726997,-0.0018206090564691912,0.3870797938718852
ticker,GLD,all,weighted_net,3,20D,all,0,6,0.3333333333333333,0.3333333333333333,0.09677141110578041,0.700006684861608,0.001981410927780869,-0.025533423127278132,0.08166659206261129,-0.03786117963963434,2.157000728448513,1.0785003642242565,-0.03394790517162281,-0.061896638129439074,0.45220392613294513
ticker,GLD,all,weighted_net,3,5D,all,0,6,0.6666666666666666,0.3333333333333333,0.09677141110578041,0.700006684861608,0.007117106956631258,0.010235189094044861,0.015916370126362156,-0.010481419382830537,1.5185319416218126,3.037063883243625,-0.004993972479386821,-0.012007764295894785,0.6083570509565381
ticker,GLD,all,weighted_net,3,60D,all,0,5,0.2,0.2,0.03622410863243014,0.6244653702374747,-0.08535883839085975,-0.14057457157143527,0.0661114763678865,-0.12322641708054632,0.5365040868198989,0.13412602170497473,-0.14910989826292936,-0.24168487775573722,0.13225494244541725
ticker,GLD,all,weighted_net,30,1D,all,0,8,0.625,0.75,0.40927543031016883,0.9285207872478909,7.337990909683789e-06,0.006297360998805179,0.008937462299528364,-0.014876202523454785,0.6007892326981286,1.0013153878302143,0.0021921269145432215,0.0031425564617030832,1.7067105173953423
ticker,GLD,all,weighted_net,30,20D,all,0,8,0.625,0.625,0.30574239460262737,0.8631557141764026,0.04032099698471188,0.020553269790146045,0.08845107154315945,-0.039895793946034076,2.2170525460103576,3.695087576683929,0.032950028966337225,0.031511415036473034,2.2267967762524883
ticker,GLD,all,weighted_net,30,5D,all,0,8,0.625,0.625,0.30574239460262737,0.8631557141764026,0.010274111260471702,0.019546911615040574,0.028460860177845014,-0.020037136935150485,1.4204055334830332,2.367342555805055,0.009587241209162212,0.008948180035974362,2.158314570275164
ticker,GLD,all,weighted_net,30,60D,all,0,7,0.42857142857142855,0.42857142857142855,0.15821985525146975,0.7495416354723428,-0.03298098708444782,-0.058810502226924966,0.12412020560509052,-0.15080688160160158,0.8230407278958837,0.6172805459219128,-0.03669959714461409,-0.11153867538508022,0.6578391591522771
ticker,GLD,all,weighted_net,30,90D,all,0,6,0.5,0.5,0.1876163064826506,0.8123836935173494,-0.025359397472114725,-0.009525800056158773,0.1455780542517268,-0.19629684919595625,0.7416219610657191,0.7416219610657191,-0.03548596511516877,-0.016379347994307514,0.6252478321516313
ticker,GLD,all,weighted_net,7,1D,all,0,9,0.6666666666666666,0.7777777777777778,0.45258896910698887,0.9367748928821533,0.00010233079579351983,0.0027941034781771013,0.0038851368543854625,-0.007463281321390365,0.5205668508368226,1.041133701673645,0.003230865428463255,0.0035674265005367634,4.143007269154609
ticker,GLD,all,weighted_net,7,20D,all,0,9,0.5555555555555556,0.5555555555555556,0.26665129349549305,0.8112214789023355,0.032281423203372225,0.03426639860371594,0.09813028551775047,-0.05002965468960058,1.9614423910494896,2.451802988811862,0.020681206473217854,0.05707560846855553,1.579055803528227
ticker,GLD,all,weighted_net,7,5D,all,0,9,0.7777777777777778,0.6666666666666666,0.3542021355803963,0.879416181613089,0.022998699042352966,0.026668339187155166,0.033793894033255244,-0.014784483425805017,2.2857676565331304,8.000186797865958,0.020601229674347337,0.023117388871353395,3.219734034494124
ticker,GLD,all,weighted_net,7,60D,all,0,6,0.5,0.5,0.1876163064826506,0.8123836935173494,-0.023549234952654725,-0.02125538749792788,0.049759640657729275,-0.09685811056303872,0.5137374698770726,0.5137374698770726,-0.022433276057636564,0.002104992290128671,0.6574714246050707
ticker,GLD,all,weighted_net,7,90D,all,0,5,0.4,0.4,0.11762077423264783,0.769275718723987,-0.03366196759524052,-0.02132286889508761,0.10832330494663533,-0.12831881595649108,0.8441731957951076,0.5627821305300718,-0.0528499684908099,-0.10197708661252436,0.46864518894415946
ticker,GLD,all,weighted_net,90,1D,all,0,5,0.8,0.6,0.2307242812760128,0.882379225767352,0.002414871140739816,0.006111963376920659,0.005053685196945934,-0.008140385084084656,0.6208164779362149,2.4832659117448594,0.0025592536250788277,0.0004718546449276051,6.459115692596997
ticker,GOOG,all,weighted_net,30,1D,all,0,6,0.16666666666666666,0.3333333333333333,0.09677141110578041,0.700006684861608,-0.006913306259005454,-0.006037731224510845,0.009836882081932341,-0.010263343927193014,0.9584480605652559,0.1916896121130512,-0.0045438447629223,-0.002163769438996266,0.1603814865582253
ticker,GOOG,all,weighted_net,30,20D,all,0,5,0.6,0.6,0.2307242812760128,0.882379225767352,0.03500905775925138,0.06671057420663118,0.08501659236351959,-0.04000224414715092,2.12529557218791,3.187943358281865,0.016501168350868345,0.03690302890066843,2.151554906226244
ticker,GOOG,all,weighted_net,30,5D,all,0,6,0.16666666666666666,0.3333333333333333,0.09677141110578041,0.700006684861608,-0.0191082671226509,-0.029655217468781747,0.10393954625023838,-0.043717829797228755,2.3775092847089825,0.4755018569417965,-0.005316844872931085,-0.0230096498141224,0.7662571728930485
ticker,GOOGL,all,author_net,3,1D,all,0,6,0.8333333333333334,0.8333333333333334,0.43649717781352987,0.9699466302516935,0.01721346848178314,0.017711716741410366,0.022082665479576845,-0.0071325165071853824,3.096055292312398,15.480276461561992,0.013943071038180802,0.012630327738491154,31.066941817787256
ticker,GOOGL,all,author_net,3,20D,all,0,5,0.8,0.6,0.2307242812760128,0.882379225767352,0.08228298666160763,0.11090285531982769,0.10398939937980267,-0.0045426642111725535,22.891720485094122,91.56688194037649,0.07377144349683065,0.09188845046766692,17.55922488456338
ticker,GOOGL,all,author_net,3,5D,all,0,5,1.0,0.8,0.37553462976252533,0.9637758913675698,0.030699083317930143,0.012891344383056946,0.030699083317930143,,,,0.025820676496360308,0.026940055120324602,14.825642089255757
ticker,GOOGL,all,author_net,30,1D,all,0,7,0.7142857142857143,0.8571428571428571,0.4868721707256811,0.9743203756552565,-0.0006408612018331697,0.0041047369989075655,0.010616236877977858,-0.02878360640136074,0.36882928184690494,0.9220732046172624,-0.00042639444913807257,0.004681722759737772,0.9366936628614455
ticker,GOOGL,all,author_net,30,20D,all,0,6,0.6666666666666666,0.6666666666666666,0.299993315138392,0.9032285888942195,0.07229831270736566,0.052230849879175145,0.11474535691231069,-0.012595775702524403,9.109828534761366,18.219657069522732,0.0538121735677109,0.05610115570258267,8.883988969263228
ticker,GOOGL,all,author_net,30,5D,all,0,6,0.8333333333333334,0.5,0.1876163064826506,0.8123836935173494,0.02217631885941947,0.009523936377422881,0.029032949558376053,-0.01210683463536344,2.398062782948427,11.990313914742135,0.011633514364626896,0.005505426989432682,4.006146822650806
ticker,GOOGL,all,author_net,30,60D,all,0,5,0.6,0.6,0.2307242812760128,0.882379225767352,0.12965548128193394,0.16007358124022208,0.25845388153086796,-0.06354211909146712,4.067441961745574,6.1011629426183625,0.10088431045329253,0.045239508752074054,12.403970495800804
ticker,GOOGL,all,author_net,7,1D,all,0,14,0.5714285714285714,0.6428571428571429,0.38764423103907397,0.8365526824644587,0.0008847089451970753,0.0012065924002814254,0.013527931432997131,-0.01597292103853633,0.8469290870692713,1.1292387827590282,0.0007982712596617854,0.0037099025672032715,1.142598411635623
ticker,GOOGL,all,author_net,7,20D,all,0,13,0.6153846153846154,0.6153846153846154,0.355228915126657,0.8229029220223743,0.07289468292351617,0.10700477157229116,0.15230956855561623,-0.05416913408784389,2.811740876430145,4.498785402288232,0.05098230614998873,0.08351233602999408,3.656255018469848
ticker,GOOGL,all,author_net,7,5D,all,0,13,0.7692307692307693,0.5384615384615384,0.29143795714506004,0.7679393219046169,0.024978405568241123,0.012891344383056946,0.04256988038612576,-0.03365984382470766,1.2647081967408829,4.215693989136276,0.011694558046382138,0.011472452855866289,2.176897736904565
ticker,GOOGL,all,author_net,7,60D,all,0,9,0.8888888888888888,0.7777777777777778,0.45258896910698887,0.9367748928821533,0.162588403008136,0.19058633862545116,0.1861654831570198,-0.026028238182934316,7.152442737329841,57.21954189863873,0.10621138014226844,0.057491192230737065,50.32541221818958
ticker,GOOGL,all,author_net,7,90D,all,0,6,1.0,0.8333333333333334,0.43649717781352987,0.9699466302516935,0.13570782896721012,0.1431759871103112,0.13570782896721012,,,,0.09689051906617423,0.1105442809851423,20.605491932598742
ticker,GOOGL,all,weighted_net,3,1D,all,0,8,0.75,0.75,0.40927543031016883,0.9285207872478909,0.013755942005334004,0.017711716741410366,0.021730632268304073,-0.010168128783576202,2.137131888357265,6.4113956650717965,0.008846794077495432,0.012630327738491154,3.4050106707160643
ticker,GOOGL,all,weighted_net,3,20D,all,0,7,0.7142857142857143,0.5714285714285714,0.2504583645276572,0.8417801447485302,0.060976365345540184,0.1030166654946909,0.10379485260278032,-0.04606985279756015,2.252988587979106,5.632471469947766,0.055451195250938445,0.09188845046766692,5.020377657252646
ticker,GOOGL,all,weighted_net,3,5D,all,0,7,0.7142857142857143,0.5714285714285714,0.2504583645276572,0.8417801447485302,0.00996672807012487,0.00925187430212171,0.030699083317930143,-0.04186416004938831,0.7333022633611562,1.8332556584028905,0.007641028254059577,0.011472452855866289,1.6296007555764669
ticker,GOOGL,all,weighted_net,3,60D,all,0,6,0.8333333333333334,0.8333333333333334,0.43649717781352987,0.9699466302516935,0.18073823363746686,0.17890382534105276,0.22209152800154705,-0.026028238182934316,8.53271460175755,42.66357300878775,0.16253259593208472,0.16768203768606704,204.6621404091824
ticker,GOOGL,all,weighted_net,3,90D,all,0,6,1.0,1.0,0.6096657120978346,1.0,0.13628363792174972,0.13404343689829268,0.13628363792174972,,,,0.11390476900259634,0.11055534435027775,
ticker,GOOGL,all,weighted_net,30,1D,all,0,6,0.8333333333333334,0.6666666666666666,0.299993315138392,0.9032285888942195,0.00790012305074154,0.004422374270078633,0.014215408698205279,-0.02367630518657715,0.6004065493404961,3.0020327467024805,0.0071061604595841765,0.004817250327348421,2.861279847597965
ticker,GOOGL,all,weighted_net,7,1D,all,0,13,0.6923076923076923,0.6923076923076923,0.42369343180549035,0.8731929634428948,0.007926255814076475,0.009034602361879474,0.016044407483109965,-0.010339585441248883,1.5517457227155538,3.4914278761099964,0.006613859141746965,0.004705306036531409,3.7536016992422123
ticker,GOOGL,all,weighted_net,7,20D,all,0,12,0.5833333333333334,0.5833333333333334,0.31951131254954973,0.8067396863412435,0.06836811137550537,0.07496895621414029,0.1579013340782311,-0.056978400408310634,2.771248981134968,3.8797485735889548,0.04587295006986298,0.04758735536331604,3.1143819366248144
ticker,GOOGL,all,weighted_net,7,5D,all,0,12,0.6666666666666666,0.5833333333333334,0.31951131254954973,0.8067396863412435,0.024888764428350457,0.03145231250526381,0.05183822129876377,-0.02901014931247617,1.786899499909506,3.573798999819012,0.012784753500977492,0.01400797580973967,2.2005386092130554
ticker,GOOGL,all,weighted_net,7,60D,all,0,8,0.875,0.75,0.40927543031016883,0.9285207872478909,0.15908866105597164,0.17663436267395516,0.18553393237581534,-0.026028238182934316,7.12817867547649,49.89725072833543,0.09807777329992536,0.05136535049140556,41.48720028122459
ticker,GOOGL,all,weighted_net,7,90D,all,0,5,1.0,0.8,0.37553462976252533,0.9637758913675698,0.14717631446765805,0.15907444084826827,0.14717631446765805,,,,0.09614893002414318,0.12049009769395513,17.212861434434156
ticker,HOOD,all,author_net,30,1D,all,0,8,0.375,0.375,0.13684428582359742,0.6942576053973727,-0.017092916640662384,-0.011105640897036029,0.010592055066894016,-0.03370389966519623,0.31426793849115703,0.18856076309469424,-0.014171117922372203,-0.007198043842294055,0.20585734752063573
ticker,HOOD,all,author_net,30,20D,all,0,7,0.42857142857142855,0.42857142857142855,0.15821985525146975,0.7495416354723428,-0.05225406546869893,-0.034867503486750384,0.07130686510711833,-0.14492476340056187,0.49202678295931496,0.3690200872194862,-0.07376026589546966,-0.01093312291025228,0.08393171701435306
ticker,HOOD,all,author_net,30,5D,all,0,8,0.25,0.25,0.071479212752109,0.5907245696898311,-0.025723113297165617,-0.03971901734982086,0.14405439642745044,-0.0823156165387043,1.7500251165550944,0.5833417055183647,-0.028754414548002358,-0.02847091597109025,0.4812498458969814
ticker,HOOD,all,author_net,30,60D,all,0,7,0.2857142857142857,0.2857142857142857,0.08221892400405678,0.6410655481673808,0.00021343641156124082,-0.19119070667957405,0.5788710921323593,-0.231249625876758,2.503230394157967,1.0012921576631868,-0.04848671717696378,-0.23498091329427184,0.7310262251693456
ticker,HOOD,all,author_net,30,90D,all,0,5,0.2,0.2,0.03622410863243014,0.6244653702374747,-0.2560733785059786,-0.3213754646840148,0.309116267275263,-0.39737078995128894,0.7779038497347918,0.19447596243369794,-0.3031366685571372,-0.3954369505771207,0.14277768581941264
ticker,HOOD,all,author_net,7,1D,all,0,10,0.2,0.2,0.05668215145437519,0.5098375284633583,-0.023654936497964386,-0.02034856455943762,0.01790154400567645,-0.034044056623874594,0.5258346325602796,0.1314586581400699,-0.021358361048279085,-0.022770224308188036,0.1304166204629265
ticker,HOOD,all,author_net,7,20D,all,0,9,0.2222222222222222,0.3333333333333333,0.1205838183869109,0.6457978644196036,-0.08700238159504331,-0.12939698492462304,0.10129700046741646,-0.1408022050414604,0.7194276569574227,0.2055507591306922,-0.09536242403746725,-0.1043028653376612,0.1367955760320218
ticker,HOOD,all,author_net,7,5D,all,0,10,0.2,0.2,0.05668215145437519,0.5098375284633583,-0.02404467136301981,-0.04715302912661973,0.12499192786970004,-0.06130382117119977,2.0388929349223117,0.5097232337305779,-0.023614609391908535,-0.03748842061477986,0.5044717970898183
ticker,HOOD,all,author_net,7,60D,all,0,7,0.5714285714285714,0.2857142857142857,0.08221892400405678,0.6410655481673808,0.05557029719107519,0.032977993890655144,0.2597094258051797,-0.21661520762773082,1.1989436413509316,1.598591521801242,-0.001673875448094862,-0.0799299917081171,0.9858788117959859
ticker,HOOD,all,author_net_shift,30,1D,all,0,5,0.4,0.4,0.11762077423264783,0.769275718723987,-0.011370438898453395,-0.01236979166666674,0.014573388124497821,-0.02866632358042087,0.5083800886993217,0.33892005913288115,-0.010028444183787033,-0.00828632231344728,0.3670835186341714
ticker,HOOD,all,weighted_net,30,1D,all,0,11,0.36363636363636365,0.36363636363636365,0.15166471095367573,0.6461988254921511,-0.006655612282408246,-0.013122236485522798,0.020281070431344972,-0.02204800240455294,0.9198597704777511,0.5256341545587149,-0.005682419341336529,-0.009824168193907523,0.5533027170852709
ticker,HOOD,all,weighted_net,30,20D,all,0,10,0.4,0.3,0.10779126740630099,0.6032218525388546,-0.06417177992868356,-0.06714171008402103,0.08212750800000476,-0.16170463854780912,0.5078859130916222,0.33859060872774815,-0.0767614222512867,-0.0446002723544926,0.17037057121138247
ticker,HOOD,all,weighted_net,30,5D,all,0,11,0.36363636363636365,0.36363636363636365,0.15166471095367573,0.6461988254921511,-0.03573257194000321,-0.0989778534923339,0.08251818165520858,-0.10330443113726709,0.798786467790152,0.45644941016580115,-0.02953853207148869,-0.07322622514397525,0.48290461178420835
ticker,HOOD,all,weighted_net,30,60D,all,0,9,0.4444444444444444,0.4444444444444444,0.18877852109766452,0.733348706504507,0.06442442921560036,-0.09248350612629586,0.4731408857380691,-0.26254873600237466,1.8021068885808298,1.441685510864664,0.02947028404203764,-0.1423079962774374,1.1907854364555666
ticker,HOOD,all,weighted_net,30,90D,all,0,7,0.42857142857142855,0.42857142857142855,0.15821985525146975,0.7495416354723428,-0.0887373928004227,-0.3232662192393736,0.33666056235261776,-0.40778585916520305,0.8255817478365015,0.6191863108773761,-0.11532582135891405,-0.35756616534986163,0.5491587685446577
ticker,HOOD,all,weighted_net,7,1D,all,0,10,0.2,0.2,0.05668215145437519,0.5098375284633583,-0.023654936497964386,-0.02034856455943762,0.01790154400567645,-0.034044056623874594,0.5258346325602796,0.1314586581400699,-0.021358361048279085,-0.022770224308188036,0.1304166204629265
ticker,HOOD,all,weighted_net,7,20D,all,0,9,0.2222222222222222,0.3333333333333333,0.1205838183869109,0.6457978644196036,-0.08700238159504331,-0.12939698492462304,0.10129700046741646,-0.1408022050414604,0.7194276569574227,0.2055507591306922,-0.09536242403746725,-0.1043028653376612,0.1367955760320218
ticker,HOOD,all,weighted_net,7,5D,all,0,10,0.2,0.2,0.05668215145437519,0.5098375284633583,-0.02404467136301981,-0.04715302912661973,0.12499192786970004,-0.06130382117119977,2.0388929349223117,0.5097232337305779,-0.023614609391908535,-0.03748842061477986,0.5044717970898183
ticker,HOOD,all,weighted_net,7,60D,all,0,7,0.5714285714285714,0.2857142857142857,0.08221892400405678,0.6410655481673808,0.05557029719107519,0.032977993890655144,0.2597094258051797,-0.21661520762773082,1.1989436413509316,1.598591521801242,-0.001673875448094862,-0.0799299917081171,0.9858788117959859
ticker,IBIT,all,author_net,30,1D,all,0,7,0.14285714285714285,0.42857142857142855,0.15821985525146975,0.7495416354723428,-0.014898141441750248,-0.018373729476153455,0.00369173973234882,-0.017996454970766757,0.2051370527331989,0.03418950878886648,-0.008913074546312374,-0.012491719959850212,0.1971314784651418
ticker,IBIT,all,author_net,30,20D,all,0,6,0.0,0.3333333333333333,0.09677141110578041,0.700006684861608,-0.05658152818963532,-0.03618435551808974,,-0.05658152818963532,,,-0.06656377047644539,-0.05707586382582602,0.08772842069007863
ticker,IBIT,all,author_net,30,5D,all,0,7,0.42857142857142855,0.5714285714285714,0.2504583645276572,0.8417801447485302,-0.003991931854795881,-0.006813417190775883,0.04286528356540217,-0.039134843419944415,1.0953227308316402,0.8214920481237302,-0.006070064486694575,0.0045407173865243955,0.7077274347166613
ticker,IBIT,all,author_net,30,60D,all,0,5,0.4,0.4,0.11762077423264783,0.769275718723987,-0.02873772363348548,-0.19316688567674123,0.24252535714130502,-0.2095797774833458,1.157198275776284,0.7714655171841892,0.01588526437858311,-0.1332567409465435,1.1915799738403008
ticker,IBIT,all,author_net,30,90D,all,0,5,1.0,1.0,0.5655175352168251,1.0,0.09886802151244704,0.11242138364779874,0.09886802151244704,,,,0.1574426828406913,0.16334381520285535,
ticker,IBIT,all,author_net,90,1D,all,0,5,0.4,0.6,0.2307242812760128,0.882379225767352,-0.003759893073853071,-0.001718039413845407,0.004694061264636451,-0.009395862632846086,0.49958811107209433,0.3330587407147296,0.00040840870695284525,0.005120738888558796,1.120635916313842
ticker,IBIT,all,author_net,90,5D,all,0,5,0.2,0.2,0.03622410863243014,0.6244653702374747,-0.011021276001402569,-0.024065653765110273,0.0478889757623141,-0.025748838942331737,1.8598499089441825,0.4649624772360456,-0.013833398757938764,-0.02507265975376094,0.28695051455533727
ticker,IBIT,all,high_low_divergence,90,1D,all,0,5,0.4,0.4,0.11762077423264783,0.769275718723987,-0.010524754907500466,-0.007602113129751453,0.009521562125817506,-0.02388896626304578,0.39857572826608917,0.2657171521773928,-0.006431998182226839,-0.0036883082108447596,0.4068977415652044
ticker,IBIT,all,weighted_net,30,1D,all,0,7,0.2857142857142857,0.5714285714285714,0.2504583645276572,0.8417801447485302,-0.008074475559310765,-0.004250495891187311,0.004694061264636451,-0.013181890288889653,0.35609925145506915,0.14243970058202768,-0.003658951745767041,0.004597990587303369,0.4792059707192797
ticker,IBIT,all,weighted_net,30,20D,all,0,6,0.3333333333333333,0.3333333333333333,0.09677141110578041,0.700006684861608,-0.03985420126123229,-0.008995902442133885,0.02277243269990281,-0.07116751824179984,0.31998351582994433,0.15999175791497217,-0.04211011458782445,-0.016052910183084912,0.16767650984250984
ticker,IBIT,all,weighted_net,30,5D,all,0,7,0.42857142857142855,0.42857142857142855,0.15821985525146975,0.7495416354723428,0.005245150260855401,-0.00807568066451314,0.04382134875527196,-0.023686998609957016,1.8500169429170021,1.3875127071877515,0.001066227368518659,-0.0075736624869930935,1.0757532735599074
ticker,IBIT,all,weighted_net,90,1D,all,0,14,0.42857142857142855,0.7142857142857143,0.4535091567010681,0.8827862135542308,0.003288987338431399,-0.002568560573090073,0.015083327824148285,-0.005556768025856265,2.714406603616323,2.035804952712242,0.004034139690149993,0.006218403117650373,2.75323459496513
ticker,IBIT,all,weighted_net,90,20D,all,0,14,0.5714285714285714,0.6428571428571429,0.38764423103907397,0.8365526824644587,0.016028502735844146,0.00865360263335524,0.08914702978640368,-0.08146286666490189,1.0943271877861929,1.459102917048257,0.02027017153101939,0.014302440949905904,1.5682906949472593
ticker,IBIT,all,weighted_net,90,5D,all,0,14,0.6428571428571429,0.6428571428571429,0.38764423103907397,0.8365526824644587,0.021811479355007355,0.039903859111782736,0.05782948041102603,-0.043020922545826255,1.3442175803976675,2.4195916447158012,0.01968821266385872,0.025695806056545423,2.497979871225953
ticker,IBIT,all,weighted_net,90,60D,all,0,11,0.45454545454545453,0.45454545454545453,0.21271271622459764,0.719908462590678,-0.0021996184457907016,-0.09565654029625903,0.19874694739114096,-0.16965508997656709,1.171476478652023,0.976230398876686,-0.0014634989015254072,-0.05403080706788277,0.9850026187148564
ticker,IBIT,all,weighted_net,90,90D,all,0,9,0.4444444444444444,0.4444444444444444,0.18877852109766452,0.733348706504507,-0.03706932777063446,-0.02379619260918253,0.14296118639445363,-0.18109373910270493,0.7894319654716228,0.6315455723772982,-0.025408319349759276,-0.11600912705704869,0.7778971413286238
ticker,INTC,all,author_net,1,1D,all,0,5,0.4,0.4,0.11762077423264783,0.769275718723987,0.006370893689912749,-0.0020374143359881414,0.037009965389911526,-0.014055154110086435,2.6331952748459706,1.7554635165639805,0.0067153240203695844,-0.0032625944507823634,1.7724772298181957
ticker,INTC,all,author_net,3,1D,all,0,10,0.5,0.5,0.236593090512564,0.7634069094874361,0.008943236483719374,0.004640260821862474,0.041484497057150585,-0.023598024089711834,1.7579648575423237,1.7579648575423235,0.009598023130691625,0.007850959414191616,1.860524419148737
ticker,INTC,all,author_net,3,20D,all,0,7,0.5714285714285714,0.5714285714285714,0.2504583645276572,0.8417801447485302,0.18437335842760325,0.07387692154619185,0.37682112347816954,-0.07222366163981846,5.217419262919508,6.956559017226011,0.15954823889593306,0.021505667545609786,5.939721044592921
ticker,INTC,all,author_net,3,5D,all,0,9,0.8888888888888888,0.8888888888888888,0.5650002944233439,0.9801091123614551,0.1080512932076474,0.12225225225225222,0.13783102425390728,-0.1301865551624316,1.058719343805801,8.469754750446407,0.10279141234549538,0.12441809383641067,7.978109832732526
ticker,INTC,all,author_net,7,1D,all,0,5,0.8,0.8,0.37553462976252533,0.9637758913675698,0.02318272735367428,0.031180811808118047,0.037835753162060004,-0.03542937587986861,1.0679203971966869,4.271681588786747,0.020626982383222647,0.024546055791630828,3.830958801291934
ticker,INTC,all,author_net,7,5D,all,0,5,0.8,1.0,0.5655175352168251,1.0,0.14117929889965944,0.1431252932895355,0.17961065498988793,-0.012546125461254554,14.316025735958782,57.26410294383513,0.13548574023101795,0.14088958584782363,
ticker,INTC,all,weighted_net,1,1D,all,0,5,0.4,0.4,0.11762077423264783,0.769275718723987,0.006370893689912749,-0.0020374143359881414,0.037009965389911526,-0.014055154110086435,2.6331952748459706,1.7554635165639805,0.0067153240203695844,-0.0032625944507823634,1.7724772298181957
ticker,INTC,all,weighted_net,3,1D,all,0,10,0.5,0.5,0.236593090512564,0.7634069094874361,0.012852605589966315,0.005970889711069682,0.041484497057150585,-0.01577928587721795,2.6290478149613654,2.629047814961365,0.013113871515432052,0.007850959414191616,2.716960253215961
ticker,INTC,all,weighted_net,3,20D,all,0,7,0.5714285714285714,0.5714285714285714,0.2504583645276572,0.8417801447485302,0.18437335842760325,0.07387692154619185,0.37682112347816954,-0.07222366163981846,5.217419262919508,6.956559017226011,0.15954823889593306,0.021505667545609786,5.939721044592921
ticker,INTC,all,weighted_net,3,5D,all,0,9,0.8888888888888888,0.8888888888888888,0.5650002944233439,0.9801091123614551,0.1080512932076474,0.12225225225225222,0.13783102425390728,-0.1301865551624316,1.058719343805801,8.469754750446407,0.10279141234549538,0.12441809383641067,7.978109832732526
ticker,INTC,all,weighted_net,7,1D,all,0,7,0.7142857142857143,0.7142857142857143,0.35893445183261935,0.9177810759959433,0.022420157055696808,0.031180811808118047,0.03888157792114688,-0.018733395107928374,2.0755222263310595,5.188805565827649,0.02068168330455733,0.024546055791630828,4.64722471467572
ticker,INTC,all,weighted_net,7,20D,all,0,5,1.0,1.0,0.5655175352168251,1.0,0.3526244845989817,0.15604026845637597,0.3526244845989817,,,,0.3231861660390316,0.14812266561422505,
ticker,INTC,all,weighted_net,7,5D,all,0,6,0.8333333333333334,1.0,0.6096657120978346,1.0,0.12543278636865732,0.14214562156279353,0.15302856873463969,-0.012546125461254554,12.197277096202221,60.9863854810111,0.12002690672390294,0.13695734891955247,
ticker,INTC,all,weighted_net,90,1D,all,0,8,0.75,0.625,0.30574239460262737,0.8631557141764026,0.013324166976803414,0.00810659274791542,0.022754342679383865,-0.014966360130937939,1.5203658391426036,4.561097517427811,0.012496931372444717,0.005563141534948968,4.124665547995181
ticker,INTC,all,weighted_net,90,20D,all,0,8,0.625,0.625,0.30574239460262737,0.8631557141764026,0.1004015357411458,0.14789428210443334,0.265166973837769,-0.17420752775322623,1.5221326957431565,2.5368878262385945,0.09775974933906699,0.13125275260199298,2.5637103272772714
ticker,INTC,all,weighted_net,90,5D,all,0,8,0.75,0.75,0.40927543031016883,0.9285207872478909,0.024518730546021772,0.037974835918633376,0.07081490046223349,-0.11436977920261338,0.6191749337627064,1.8575248012881191,0.02004265345505704,0.03373205751139563,1.6793985583294835
ticker,INTC,all,weighted_net,90,60D,all,0,8,0.625,0.5,0.21521606221387757,0.7847839377861224,0.056545343749527605,0.10355120412006491,0.1779813521617116,-0.1458480036041124,1.2203207981154234,2.033867996859039,0.05223784773813431,0.08881525327001394,1.694109414798568
ticker,INTC,all,weighted_net,90,90D,all,0,8,0.625,0.625,0.30574239460262737,0.8631557141764026,0.13166208185532954,0.25887163329731866,1.250439220193106,-1.732966482040965,0.7215599569591372,1.2025999282652287,0.1273369675870955,0.24794668017219984,1.2028891946799458
ticker,IREN,all,author_net,1,1D,all,0,7,0.2857142857142857,0.2857142857142857,0.08221892400405678,0.6410655481673808,-0.038056848839120715,-0.039733090688504724,0.01609219100512438,-0.05971646477681876,0.2694766186388713,0.10779064745554852,-0.0333951336252187,-0.021891039791706923,0.1033303037144762
ticker,IREN,all,author_net,1,5D,all,0,6,0.0,0.0,2.7755575615628914e-17,0.3903342879021653,-0.10753783896463119,-0.1017150325402752,,-0.10753783896463119,,,-0.09423674014462945,-0.08430195010799524,
ticker,IREN,all,author_net,3,1D,all,0,9,0.5555555555555556,0.5555555555555556,0.26665129349549305,0.8112214789023355,-0.006342455208862908,0.00967776241625029,0.03574236577001515,-0.05894848143246048,0.6063322565987816,0.7579153207484772,-0.004488473146620116,0.00012090735440750677,0.8003576525757081
ticker,IREN,all,author_net,3,20D,all,0,7,0.42857142857142855,0.42857142857142855,0.15821985525146975,0.7495416354723428,0.022269335199474476,-0.08180381670110604,0.2603209131233726,-0.1562693482434491,1.6658475641545742,1.2493856731159307,0.02569545600716386,-0.07394266460799714,1.342051801155532
ticker,IREN,all,author_net,3,5D,all,0,8,0.375,0.375,0.13684428582359742,0.6942576053973727,0.03864967583431013,-0.047213637072448744,0.24414675372033856,-0.08464857089730693,2.8842395226793607,1.7305437136076165,0.041406065779635556,-0.027588534809100895,1.8990089179253102
ticker,IREN,all,author_net,3,60D,all,0,6,0.3333333333333333,0.16666666666666666,0.030053369748306635,0.5635028221864702,-0.1377740622975864,-0.1068201283434827,0.015866035139867063,-0.21459411101631312,0.07393509106436266,0.03696754553218133,-0.10445523111713795,-0.11326473568599654,0.07963996755815206
ticker,IREN,all,author_net,3,90D,all,0,5,0.8,0.8,0.37553462976252533,0.9637758913675698,0.07652731727828888,0.15157408532879546,0.15561341651171834,-0.23981707965542898,0.6488837939954273,2.595535175981709,0.04570725359552019,0.08142590075232081,2.012371303636456
ticker,IREN,all,author_net,30,1D,all,0,6,0.5,0.5,0.1876163064826506,0.8123836935173494,0.023815534626723662,0.016689373297002708,0.062324008383641015,-0.02203940869529053,2.8278439428803126,4.241765914320468,0.023000727699097074,0.012031523994591842,4.775982149213524
ticker,IREN,all,author_net,30,20D,all,0,6,0.16666666666666666,0.16666666666666666,0.030053369748306635,0.5635028221864702,-0.20822677131550701,-0.3337428468450277,0.4543596730245232,-0.34074406018351305,1.3334338763816473,0.2666867752763295,-0.19748902140332217,-0.31707791100622407,0.2516344591396601
ticker,IREN,all,author_net,30,5D,all,0,6,0.5,0.5,0.1876163064826506,0.8123836935173494,0.04263541593220908,-0.004616869570039817,0.191946679297507,-0.10667584743308885,1.7993452493349376,1.7993452493349376,0.04709210928853408,0.002948603149099671,2.1219289538861537
ticker,IREN,all,author_net,7,1D,all,0,14,0.42857142857142855,0.42857142857142855,0.21380798904474121,0.6740935542034926,-0.009633480955789277,-0.013604442266862748,0.03865845792755759,-0.04585243511829942,0.8431058858230462,0.6323294143672846,-0.009185951742168503,-0.007939359429215476,0.6299889393923725
ticker,IREN,all,author_net,7,20D,all,0,12,0.25,0.25,0.08894166839405471,0.5323053349335657,-0.08819031933319506,-0.16785743684335208,0.3110108892310011,-0.22125738885459378,1.4056519912896182,0.46855066376320603,-0.09215579334710688,-0.18406031262978872,0.4271516710499936
ticker,IREN,all,author_net,7,5D,all,0,13,0.23076923076923078,0.23076923076923078,0.08179528718498569,0.5025637594672749,-0.033728579680474366,-0.08349598785512924,0.1908908224409298,-0.1011144003168956,1.8878697974044467,0.566360939221334,-0.03388882698664402,-0.06362703005675197,0.5547260493352194
ticker,IREN,all,author_net,7,60D,all,0,10,0.2,0.1,0.017876213095072896,0.4041500267952385,-0.16695473483991813,-0.13293446014710592,0.010098567943063519,-0.21121806053566355,0.047811100610680994,0.011952775152670249,-0.15490086025714717,-0.14974997505459958,0.040679762508691854
ticker,IREN,all,author_net,7,90D,all,0,9,0.4444444444444444,0.4444444444444444,0.18877852109766452,0.733348706504507,-0.0632024685736947,-0.09522224071916097,0.17151847201900317,-0.250979221047853,0.6833971007755283,0.5467176806204226,-0.08349185446330615,-0.15332424201031647,0.36728647693952643
ticker,IREN,all,author_net_shift,30,1D,all,0,5,1.0,1.0,0.5655175352168251,1.0,0.060025960340139496,0.07224823281006132,0.060025960340139496,,,,0.05207291830505232,0.06400882146922737,
ticker,IREN,all,author_net_shift,30,5D,all,0,5,0.4,0.4,0.11762077423264783,0.769275718723987,0.005342075241193944,-0.032055630936227875,0.12941709726766137,-0.07737460610978435,1.6726042790322655,1.1150695193548437,-0.00477911129017392,-0.016994377355818102,0.8985578315411497
ticker,IREN,all,weighted_net,1,1D,all,0,7,0.2857142857142857,0.2857142857142857,0.08221892400405678,0.6410655481673808,-0.03240176929837719,-0.021347309216413146,0.01609219100512438,-0.051799353419777816,0.3106639357969307,0.12426557431877229,-0.028235161901636125,-0.021891039791706923,0.11994883606810708
ticker,IREN,all,weighted_net,1,5D,all,0,6,0.0,0.0,2.7755575615628914e-17,0.3903342879021653,-0.10753783896463119,-0.1017150325402752,,-0.10753783896463119,,,-0.09423674014462945,-0.08430195010799524,
ticker,IREN,all,weighted_net,3,1D,all,0,11,0.6363636363636364,0.6363636363636364,0.35380117450784887,0.8483352890463243,0.0009113572410122218,0.021347309216413146,0.03511697934013948,-0.05894848143246048,0.5957232228344056,1.04251563996021,0.003003254796533486,0.022103036836268908,1.163266240161366
ticker,IREN,all,weighted_net,3,20D,all,0,8,0.375,0.375,0.13684428582359742,0.6942576053973727,-0.019427759262297298,-0.0860030858971404,0.2603209131233726,-0.18727696269369923,1.3900316909194024,0.8340190145516414,-0.017406886444075315,-0.07886505633846352,0.8351960083945217
ticker,IREN,all,weighted_net,3,5D,all,0,9,0.4444444444444444,0.4444444444444444,0.18877852109766452,0.733348706504507,0.040578274868032255,-0.010411502231036263,0.19711183207470623,-0.08464857089730693,2.3285901933753412,1.8628721547002731,0.04326904832878357,-0.0029013671944334574,2.0568902655551344
ticker,IREN,all,weighted_net,3,60D,all,0,6,0.3333333333333333,0.16666666666666666,0.030053369748306635,0.5635028221864702,-0.1377740622975864,-0.1068201283434827,0.015866035139867063,-0.21459411101631312,0.07393509106436266,0.03696754553218133,-0.10445523111713795,-0.11326473568599654,0.07963996755815206
ticker,IREN,all,weighted_net,3,90D,all,0,5,0.8,0.8,0.37553462976252533,0.9637758913675698,0.07652731727828888,0.15157408532879546,0.15561341651171834,-0.23981707965542898,0.6488837939954273,2.595535175981709,0.04570725359552019,0.08142590075232081,2.012371303636456
ticker,IREN,all,weighted_net,7,1D,all,0,16,0.5,0.5,0.27999563610326017,0.7200043638967398,-0.004235106678134329,-0.0014395537327302477,0.037382221762030765,-0.04585243511829942,0.8152723332050854,0.8152723332050854,-0.003448203956806853,-0.0033492671225784365,0.8412639972662891
ticker,IREN,all,weighted_net,7,20D,all,0,13,0.23076923076923078,0.23076923076923078,0.08179528718498569,0.5025637594672749,-0.10535317326869542,-0.23053567555844734,0.3110108892310011,-0.23026239201860438,1.3506803542884787,0.4052041062865436,-0.1096148310590794,-0.23403156667037806,0.36655683960854135
ticker,IREN,all,weighted_net,7,5D,all,0,14,0.2857142857142857,0.2857142857142857,0.11721378644576919,0.5464908432989318,-0.027318890622025534,-0.07146312162893986,0.15716988361514966,-0.1011144003168956,1.5543768555475233,0.6217507422190093,-0.027312988721743186,-0.06338413704293289,0.6135221032642822
ticker,IREN,all,weighted_net,7,60D,all,0,10,0.2,0.1,0.017876213095072896,0.4041500267952385,-0.16695473483991813,-0.13293446014710592,0.010098567943063519,-0.21121806053566355,0.047811100610680994,0.011952775152670249,-0.15490086025714717,-0.14974997505459958,0.040679762508691854
ticker,IREN,all,weighted_net,7,90D,all,0,9,0.4444444444444444,0.4444444444444444,0.18877852109766452,0.733348706504507,-0.0632024685736947,-0.09522224071916097,0.17151847201900317,-0.250979221047853,0.6833971007755283,0.5467176806204226,-0.08349185446330615,-0.15332424201031647,0.36728647693952643
ticker,IWM,all,author_net,1,1D,all,0,5,0.2,0.2,0.03622410863243014,0.6244653702374747,-0.006282202076504362,-0.004014989293361748,0.003190225691498405,-0.008650309018505054,0.3687990434415417,0.09219976086038542,-0.00400993851359015,-0.0034531832347269864,0.22737052853019807
ticker,IWM,all,author_net,3,1D,all,0,13,0.3076923076923077,0.38461538461538464,0.17709707797762575,0.6447710848733431,-0.0019331893049983062,-0.004014989293361748,0.011202216405953369,-0.0077711473987546065,1.4415138242968626,0.6406728107986056,-0.001244572990955962,-0.0034531832347269864,0.6826006681513446
ticker,IWM,all,author_net,3,20D,all,0,10,0.8,0.7,0.39677814746114537,0.8922087325936989,0.026774957867322625,0.03334176162134106,0.0416180883372019,-0.03259756401219449,1.2767238779447723,5.106895511779089,0.009286324165148508,0.011835584800664711,2.531850161955605
ticker,IWM,all,author_net,3,5D,all,0,11,0.6363636363636364,0.45454545454545453,0.21271271622459764,0.719908462590678,0.006785335722797593,0.006629233834450243,0.02388255759025523,-0.02313480254525327,1.0323216523477692,1.8065628916085958,0.00015674874332645544,-0.0019309377287528573,1.0199165199347573
ticker,IWM,all,author_net,30,1D,all,0,13,0.6153846153846154,0.5384615384615384,0.29143795714506004,0.7679393219046169,0.002905374251565716,0.003190225691498405,0.00844379560632344,-0.0059560999160466425,1.4176719204415233,2.2682750727064374,0.0007849752523597397,0.0016948441550779236,1.2807914457894733
ticker,IWM,all,author_net,30,20D,all,0,11,0.5454545454545454,0.45454545454545453,0.21271271622459764,0.719908462590678,0.012209230004132644,0.018992993543069048,0.05759893617279477,-0.0422584173982619,1.3630168785062884,1.635620254207546,-0.0034031943841337734,-0.00310788919835725,0.7563722109926735
ticker,IWM,all,author_net,30,5D,all,0,11,0.7272727272727273,0.45454545454545453,0.21271271622459764,0.719908462590678,0.010572935194188206,0.014521401961529623,0.028486172689568545,-0.03719569812682603,0.7658458941256957,2.042255717668522,-0.002630727137942697,-0.0057247052896263195,0.7420437456668483
ticker,IWM,all,author_net,30,60D,all,0,7,0.8571428571428571,0.8571428571428571,0.4868721707256811,0.9743203756552565,0.07996683487439551,0.0740999506822293,0.09506544098280915,-0.010624801776086268,8.947502549814843,53.685015298889056,0.015696537875555756,0.019030523697304957,3.3894194144833567
ticker,IWM,all,author_net,30,90D,all,0,5,0.8,0.8,0.37553462976252533,0.9637758913675698,0.06695756137688198,0.10396867634760132,0.11897135304565926,-0.14109760529822712,0.8431847783256043,3.3727391133024174,0.021359008835333836,0.04012879625376198,2.6537275950576706
ticker,IWM,all,author_net,7,1D,all,0,15,0.4666666666666667,0.4,0.1982449614134158,0.6425316987937539,-0.001039210827652089,-0.00014824148537950776,0.00842633208918848,-0.009321560879887586,0.9039614929050485,0.7909663062919173,-0.0015328863925469542,-0.0034531832347269864,0.6083364714550175
ticker,IWM,all,author_net,7,20D,all,0,13,0.5384615384615384,0.46153846153846156,0.23206067809538303,0.7085620428549398,0.018268358691537825,0.018992993543069048,0.06420717158701317,-0.035326923019850076,1.8175138420896544,2.1204328157712635,-0.0023262284210042042,-0.0067567631686358265,0.8303971223242671
ticker,IWM,all,author_net,7,5D,all,0,13,0.6153846153846154,0.38461538461538464,0.17709707797762575,0.6447710848733431,0.00790715518729011,0.012740424132829276,0.026787225052646274,-0.022300956597279754,1.20116932813159,1.9218709250105444,-0.002680167938951479,-0.0019309377287528573,0.6326098118516824
ticker,IWM,all,author_net,7,60D,all,0,8,0.875,0.875,0.5291118177871464,0.9775825085499433,0.08228967033174821,0.07050413634398434,0.09556316634715313,-0.010624801776086268,8.994348163957428,62.96043714770199,0.02248767133401132,0.019610086871142962,25.438903624848642
ticker,IWM,all,author_net,7,90D,all,0,5,1.0,0.8,0.37553462976252533,0.9637758913675698,0.09940954605975683,0.09454765141217347,0.09940954605975683,,,,0.024207435336812556,0.04012879625376198,5.2318087432175835
ticker,IWM,all,author_net,90,1D,all,0,11,0.36363636363636365,0.36363636363636365,0.15166471095367573,0.6461988254921511,-0.00231739471405394,-0.0027132847918670544,0.007186202819606802,-0.007748021876145793,0.9274887105999674,0.5299935489142671,-0.0025471131726321813,-0.0028925776103574385,0.41820339631914577
ticker,IWM,all,author_net,90,20D,all,0,11,0.45454545454545453,0.36363636363636365,0.15166471095367573,0.6461988254921511,-0.006428139374705675,-0.014521401961529623,0.03798610739786863,-0.043440011685184264,0.8744497509153353,0.7287081257627793,-0.005636666248316541,-0.00310788919835725,0.6918164550162406
ticker,IWM,all,author_net,90,5D,all,0,11,0.5454545454545454,0.2727272727272727,0.09746059290024889,0.5656453011761291,-0.0053243185083426655,0.0011405543093943038,0.012243325319526358,-0.026405491101785493,0.46366588193084146,0.5563990583170098,-0.006884487631807884,-0.005849416655646866,0.4262654006778418
ticker,IWM,all,author_net,90,60D,all,0,7,0.8571428571428571,0.7142857142857143,0.35893445183261935,0.9177810759959433,0.06187855452799811,0.0740999506822293,0.07396244724534551,-0.010624801776086268,6.961301378046996,41.767808268281975,0.01629581041049661,0.019030523697304957,3.0177781562109534
ticker,IWM,all,author_net,90,90D,all,0,7,0.8571428571428571,0.8571428571428571,0.4868721707256811,0.9743203756552565,0.07182523735886846,0.10396867634760132,0.10731237780171772,-0.14109760529822712,0.7605542105048475,4.5633252630290855,0.037459038523535035,0.04428840746321305,5.060388037459324
ticker,IWM,all,author_net_shift,90,1D,all,0,6,0.3333333333333333,0.16666666666666666,0.030053369748306635,0.5635028221864702,-0.0021597490902471317,-0.0016663177992353728,0.009995006748321877,-0.008237127009531636,1.2134093278829015,0.6067046639414507,-0.002910284460615753,-0.004511142812443025,0.40893776830453554
ticker,IWM,all,author_net_shift,90,20D,all,0,5,0.8,0.4,0.11762077423264783,0.769275718723987,0.02321707122290566,0.02899993136110912,0.04263488528013254,-0.054454185006001854,0.7829496534643461,3.1317986138573843,-0.0007645459930655241,-0.010426400848356332,0.953204079544588
ticker,IWM,all,author_net_shift,90,5D,all,0,6,0.6666666666666666,0.6666666666666666,0.299993315138392,0.9032285888942195,0.0035638529257628706,0.0034304318147369006,0.01955721028240981,-0.028422861787531006,0.6880802654076683,1.3761605308153366,0.0028278089695494093,0.004610245778950306,1.3981121534127399
ticker,IWM,all,weighted_net,1,1D,all,0,5,0.2,0.2,0.03622410863243014,0.6244653702374747,-0.006282202076504362,-0.004014989293361748,0.003190225691498405,-0.008650309018505054,0.3687990434415417,0.09219976086038542,-0.00400993851359015,-0.0034531832347269864,0.22737052853019807
ticker,IWM,all,weighted_net,3,1D,all,0,14,0.2857142857142857,0.42857142857142855,0.21380798904474121,0.6740935542034926,-0.0020460239750708336,-0.0036657571936368205,0.010422732054499617,-0.007033526386899014,1.4818643566779677,0.5927457426711871,-0.001073634076368449,-0.002803562161603046,0.7051327042399034
ticker,IWM,all,weighted_net,3,20D,all,0,12,0.6666666666666666,0.75,0.46769466506643426,0.9110583316059453,0.019648924121157485,0.022258527553622343,0.0416180883372019,-0.02428940431093135,1.713425648667384,3.426851297334768,0.010254266805921805,0.011835584800664711,3.029823640187701
ticker,IWM,all,weighted_net,3,5D,all,0,13,0.5384615384615384,0.5384615384615384,0.29143795714506004,0.7679393219046169,0.005074751926324646,0.0017172688556119642,0.02388255759025523,-0.0168676880149277,1.415876175153314,1.6518555376788664,0.0008132939501462023,0.00081599862939985,1.1221258491618482
ticker,IWM,all,weighted_net,7,1D,all,0,12,0.3333333333333333,0.3333333333333333,0.13812009109121315,0.6093779111272004,-0.0030224420595017696,-0.0030149049428894736,0.009117850827697754,-0.009092588503101531,1.0027783424475447,0.5013891712237724,-0.002921741407230024,-0.003997444221716551,0.33484585839417214
ticker,IWM,all,weighted_net,7,20D,all,0,11,0.5454545454545454,0.5454545454545454,0.280091537409322,0.7872872837754024,0.012576835929202536,0.007926664869236988,0.0551849690323404,-0.0385529237945629,1.4314081423864178,1.7176897708637011,0.0007219100206135739,0.006243196914937799,1.0526489693698502
ticker,IWM,all,weighted_net,7,5D,all,0,11,0.6363636363636364,0.45454545454545453,0.21271271622459764,0.719908462590678,0.0030573558390873945,0.0037206794284174727,0.016803065542937423,-0.020997636142650156,0.8002360565152965,1.400413098901769,-0.0011739197325939634,-0.0008297680978937017,0.7733768975921053
ticker,IWM,all,weighted_net,7,60D,all,0,7,0.8571428571428571,1.0,0.6456695649333126,1.0,0.07708934848993185,0.06690832200573937,0.0917083735342682,-0.010624801776086268,8.63153736577754,51.78922419466524,0.02672435042369998,0.022136341887688094,
ticker,IWM,all,weighted_net,7,90D,all,0,5,1.0,1.0,0.5655175352168251,1.0,0.10364959155135041,0.09454765141217347,0.10364959155135041,,,,0.03198505564395493,0.04012879625376198,
ticker,LITE,all,author_net,3,1D,all,0,8,0.375,0.375,0.13684428582359742,0.6942576053973727,-0.01603508141731093,-0.0136172524055852,0.020260170921058585,-0.037812232820332636,0.5358099591030804,0.32148597546184826,-0.018891532514271447,-0.012475279251490612,0.233333501451722
ticker,LITE,all,author_net,3,20D,all,0,8,0.75,0.5,0.21521606221387757,0.7847839377861224,0.009949143893979925,0.025311778992107015,0.06247673112899599,-0.14763361781106826,0.4231876997619172,1.2695630992857516,-0.017639251023628857,-0.008189939828376014,0.563620936641122
ticker,LITE,all,author_net,3,5D,all,0,8,0.5,0.5,0.21521606221387757,0.7847839377861224,-0.02323687601053663,-0.0008219993682284099,0.05195662107070054,-0.0984303730917738,0.5278515100441364,0.5278515100441364,-0.03202000611847883,-0.01861058207842431,0.38353348798058484
ticker,LITE,all,author_net,7,1D,all,0,10,0.4,0.4,0.16818032970623614,0.6873262302663417,-0.020457694304821705,-0.014062665024561216,0.02394328724823136,-0.050058348673523746,0.47830757271653973,0.3188717151443598,-0.024504501173033665,-0.012501603588637777,0.20489603339390217
ticker,LITE,all,author_net,7,20D,all,0,9,0.7777777777777778,0.6666666666666666,0.3542021355803963,0.879416181613089,0.06191877900116489,0.05464606871109057,0.12544750651187125,-0.16043176728630743,0.7819368235718362,2.7367788825014268,0.03718482195549855,0.018410444214875366,2.290420493964816
ticker,LITE,all,author_net,7,5D,all,0,10,0.6,0.6,0.31267376973365824,0.8318196702937638,-0.0006975056455407081,0.016190100493200354,0.07275787560123415,-0.11088057751570299,0.6561823290551505,0.9842734935827259,-0.008004710545653548,0.016748311589738607,0.818258717634456
ticker,LITE,all,author_net,7,60D,all,0,6,0.8333333333333334,0.6666666666666666,0.299993315138392,0.9032285888942195,0.2839652584237509,0.2552630660205226,0.37386045736478474,-0.1655107362814182,2.2588290389156938,11.29414519457847,0.17191474796737127,0.12479258300670004,4.141799945322826
ticker,LITE,all,weighted_net,3,1D,all,0,8,0.375,0.375,0.13684428582359742,0.6942576053973727,-0.01603508141731093,-0.0136172524055852,0.020260170921058585,-0.037812232820332636,0.5358099591030804,0.32148597546184826,-0.018891532514271447,-0.012475279251490612,0.233333501451722
ticker,LITE,all,weighted_net,3,20D,all,0,8,0.75,0.5,0.21521606221387757,0.7847839377861224,0.009949143893979925,0.025311778992107015,0.06247673112899599,-0.14763361781106826,0.4231876997619172,1.2695630992857516,-0.017639251023628857,-0.008189939828376014,0.563620936641122
ticker,LITE,all,weighted_net,3,5D,all,0,8,0.5,0.5,0.21521606221387757,0.7847839377861224,-0.02323687601053663,-0.0008219993682284099,0.05195662107070054,-0.0984303730917738,0.5278515100441364,0.5278515100441364,-0.03202000611847883,-0.01861058207842431,0.38353348798058484
ticker,LITE,all,weighted_net,7,1D,all,0,10,0.5,0.5,0.236593090512564,0.7634069094874361,-0.0072723550907209614,0.007057960510057526,0.028486918199839017,-0.04303162838128094,0.6619995401389697,0.6619995401389697,-0.012514147904200634,0.0019960950559282375,0.44265139400747794
ticker,LITE,all,weighted_net,7,20D,all,0,9,0.7777777777777778,0.6666666666666666,0.3542021355803963,0.879416181613089,0.0458834771679347,0.05464606871109057,0.10483068986914675,-0.16043176728630743,0.6534285051043869,2.286999767865354,0.02191608714337354,0.018410444214875366,1.7605513892516056
ticker,LITE,all,weighted_net,7,5D,all,0,10,0.6,0.6,0.31267376973365824,0.8318196702937638,0.0044906117849036085,0.03312007366917147,0.081404737985308,-0.11088057751570299,0.7341658909900556,1.1012488364850834,-0.0049310334182342316,0.017462663130411116,0.8880443794055926
ticker,LITE,all,weighted_net,7,60D,all,0,6,0.8333333333333334,0.6666666666666666,0.299993315138392,0.9032285888942195,0.2904566435947158,0.2552630660205226,0.3816501195699426,-0.1655107362814182,2.305893431112663,11.529467155563317,0.18558907008514666,0.12479258300670004,4.391702789551801
ticker,LLY,all,author_net,30,1D,all,0,6,0.5,0.5,0.1876163064826506,0.8123836935173494,-0.005153049562153918,-0.0056851350491689545,0.011088139532568672,-0.021394238656876507,0.5182768926906748,0.5182768926906748,-0.0023493356521080977,-0.0012534471239404876,0.6785301065644899
ticker,LLY,all,author_net,30,20D,all,0,5,0.4,0.4,0.11762077423264783,0.769275718723987,-0.0002588916027556509,-0.010695278969957145,0.06110475223970313,-0.041167987497728174,1.4842783423181702,0.9895188948787802,-0.01642844364084861,-0.02172226819847134,0.39794306731789214
ticker,LLY,all,author_net,30,5D,all,0,5,0.2,0.2,0.03622410863243014,0.6244653702374747,-0.014541529722668579,-0.007690933984165871,0.006896551724138167,-0.019901050084370264,0.3465421017936399,0.08663552544840998,-0.01969349206550437,-0.029324119538471027,0.168845866920632
ticker,LLY,all,weighted_net,30,1D,all,0,5,0.6,0.6,0.2307242812760128,0.882379225767352,-0.0010655386330578943,0.00607178998749891,0.011088139532568672,-0.019296055881497742,0.5746324326931842,0.8619486490397762,0.002499260673903736,0.006086679359465164,1.7241584399780836
ticker,MDB,all,weighted_net,90,1D,all,0,5,0.6,0.6,0.2307242812760128,0.882379225767352,-0.002852956337816637,0.0011187199132145498,0.008517024446177487,-0.01990792751380782,0.42782074830593064,0.6417311224588959,-0.0017781622940379771,0.00498863640449021,0.7462062358030395
ticker,MDB,all,weighted_net,90,20D,all,0,5,0.4,0.4,0.11762077423264783,0.769275718723987,-0.03180914006029793,-0.04588043931226393,0.08166771797200423,-0.10746037874849938,0.7599798076567329,0.5066532051044886,-0.03222377747571945,-0.036147691007517135,0.44391631595414927
ticker,MDB,all,weighted_net,90,5D,all,0,5,0.4,0.4,0.11762077423264783,0.769275718723987,-0.016379857433665813,-0.058241236694013265,0.06616957674875745,-0.07141281355528133,0.926578487172123,0.6177189914480821,-0.015947966190256936,-0.028164288307677476,0.5944077669282776
ticker,META,all,author_net,1,1D,all,0,5,0.6,0.6,0.2307242812760128,0.882379225767352,-0.0014095203150406687,0.002130864968308499,0.0068795842620041165,-0.013843177180607846,0.4969657017495486,0.745448552624323,0.0007564219503280567,0.0009630206020490029,1.2526767141069635
ticker,META,all,author_net,3,1D,all,0,16,0.375,0.3125,0.14164643854782039,0.5559564416525933,-0.004458156295616904,-0.005349616088810405,0.008566116550279316,-0.012272720003154635,0.6979802804983282,0.4187881682989969,-0.004642854643790051,-0.00386307552666848,0.3213115203581256
ticker,META,all,author_net,3,20D,all,0,14,0.35714285714285715,0.35714285714285715,0.1634473175355414,0.612355768960926,-0.01961157702756544,-0.04452300315781704,0.10003294007266424,-0.0860807531943597,1.1620825371590582,0.6456014095328101,-0.0363044784494756,-0.029411871177055904,0.33373183871666695
ticker,META,all,author_net,3,5D,all,0,15,0.6,0.4666666666666667,0.24809535365737387,0.698830199745016,0.007105543017518253,0.005324653075209795,0.045127579069409215,-0.049927511060318196,0.9038619813210775,1.3557929719816164,-0.001230857976005765,-0.00018430981761285992,0.9440601233712705
ticker,META,all,author_net,3,60D,all,0,11,0.2727272727272727,0.09090909090909091,0.016232172885884855,0.37735843645159567,-0.058890901119419393,-0.07167880948690131,0.01921404031840453,-0.08818025415860337,0.21789504353033098,0.08171064132387412,-0.10443183136319396,-0.12387828954655211,0.00490472382629141
ticker,META,all,author_net,3,90D,all,0,9,0.2222222222222222,0.2222222222222222,0.06322510711784671,0.5474110308930111,-0.08251352327732443,-0.08351550454000334,0.02988899495771552,-0.11462852848733585,0.2607465641593546,0.07449901833124417,-0.11895842952130442,-0.11630703874200643,0.01575305383197632
ticker,META,all,author_net,30,1D,all,0,12,0.3333333333333333,0.4166666666666667,0.19326031365875665,0.6804886874504503,-0.0036710275800442746,-0.007247472964949264,0.008978852718093844,-0.009995967729113334,0.8982474695214216,0.4491237347607108,-0.00438676187655306,-0.003346679721473067,0.3923941114226118
ticker,META,all,author_net,30,20D,all,0,10,0.3,0.3,0.10779126740630099,0.6032218525388546,-0.06073384537951113,-0.06140517687503633,0.02942942194089963,-0.09937524565968717,0.2961443943663935,0.12691902615702577,-0.05628895397156951,-0.04990729115358572,0.11393294406351229
ticker,META,all,author_net,30,5D,all,0,11,0.5454545454545454,0.45454545454545453,0.21271271622459764,0.719908462590678,-0.00783529691412827,0.0029300581457134545,0.02284737612875352,-0.044654504565586416,0.5116477352289595,0.6139772822747513,-0.009620618029692486,-0.0034195407312873627,0.4641979747308053
ticker,META,all,author_net,30,60D,all,0,9,0.1111111111111111,0.1111111111111111,0.019890887638544907,0.434999705576656,-0.09757452257724115,-0.09722117526126428,0.0141990347759966,-0.11154621724639588,0.1272928399233133,0.015911604990414163,-0.09772435795386464,-0.10713182052252446,0.00639651238162714
ticker,META,all,author_net,30,90D,all,0,9,0.3333333333333333,0.3333333333333333,0.1205838183869109,0.6457978644196036,-0.041807082748845786,-0.07448116716513087,0.06023561640288977,-0.09282843232471356,0.6488918846780238,0.32444594233901186,-0.08880660754909465,-0.11630703874200643,0.0831351198136996
ticker,META,all,author_net,7,1D,all,0,19,0.42105263157894735,0.3684210526315789,0.19149512745135072,0.5896046683519693,-0.002651453039651723,-0.006398093117345516,0.012835188443254403,-0.013914465027219814,0.922434920648828,0.670861760471875,-0.0028203653249522288,-0.004125531634188495,0.5731312337431412
ticker,META,all,author_net,7,20D,all,0,16,0.1875,0.25,0.10182067491213048,0.49498316535508774,-0.04070844035470783,-0.04344711985493677,0.10699390052452078,-0.07479359594222212,1.430522214858787,0.3301205111212585,-0.046633298569834385,-0.03431038502063588,0.20245140209905027
ticker,META,all,author_net,7,5D,all,0,18,0.6111111111111112,0.4444444444444444,0.24559518127005633,0.6628358435795723,0.00586220892609737,0.00540071730351277,0.04235020935436748,-0.051476077461184225,0.8227163265558035,1.2928399417305483,0.0004244867734320485,-0.002095406478839601,1.0217084048584102
ticker,META,all,author_net,7,60D,all,0,13,0.3076923076923077,0.07692307692307693,0.013710421242556586,0.3331395092109959,-0.05288054957825391,-0.06333711343365911,0.0231816305272331,-0.08668596295847036,0.26742081112185356,0.11885369383193493,-0.10194275836984137,-0.12387828954655211,0.004254261645827958
ticker,META,all,author_net,7,90D,all,0,10,0.2,0.2,0.05668215145437519,0.5098375284633583,-0.08119781683881575,-0.08197457952347637,0.02988899495771552,-0.10896951978794855,0.2742876633381391,0.06857191583453477,-0.12233413257509247,-0.12015192537268043,0.013813690928517105
ticker,META,all,author_net,90,1D,all,0,6,0.3333333333333333,0.3333333333333333,0.09677141110578041,0.700006684861608,-0.0027886882265279467,-0.0034068203529645236,0.003386861055582835,-0.0058764628675833375,0.5763434793855274,0.2881717396927637,-0.005299518530979874,-0.005428157402105338,0.16119312692096016
ticker,META,all,author_net,90,20D,all,0,5,0.4,0.4,0.11762077423264783,0.769275718723987,-0.05588640417674777,-0.0565846392749052,0.044168288390350696,-0.12258953255481342,0.3602941251986726,0.24019608346578172,-0.052823431363034155,-0.04714183138694916,0.11255192869741933
ticker,META,all,author_net,90,5D,all,0,6,0.5,0.3333333333333333,0.09677141110578041,0.700006684861608,0.014822000373595582,-0.004330623733018235,0.07742902556864321,-0.04778502482145205,1.6203617316922088,1.6203617316922088,0.007151970360168384,-0.01343569284531937,1.2795000839253146
ticker,META,all,author_net,90,60D,all,0,5,0.2,0.0,0.0,0.43448246478317476,-0.07674306919213411,-0.07476195096259142,0.0025247377252268777,-0.09656002092147437,0.026146822475111863,0.006536705618777966,-0.08441019184356433,-0.0614195009915508,
ticker,META,all,author_net,90,90D,all,0,5,0.4,0.4,0.11762077423264783,0.769275718723987,-0.010357020724709187,-0.039627405165519436,0.07632508860706583,-0.0681450936125592,1.120037915583684,0.7466919437224561,-0.03816071322684069,-0.03723671998334033,0.2535880990531794
ticker,META,all,author_net_shift,30,1D,all,0,9,0.6666666666666666,0.8888888888888888,0.5650002944233439,0.9801091123614551,0.005608948629127419,0.010419757395933371,0.011231592325186354,-0.005636338762990449,1.9927106580136171,3.9854213160272343,0.0035608694186034396,0.002666994276925072,2.9256015820316934
ticker,META,all,author_net_shift,30,20D,all,0,6,0.0,0.0,2.7755575615628914e-17,0.3903342879021653,-0.06915976824945781,-0.05104332232944442,,-0.06915976824945781,,,-0.05840387018143828,-0.059145948850788166,
ticker,META,all,author_net_shift,30,5D,all,0,8,0.375,0.375,0.13684428582359742,0.6942576053973727,-0.002765666787199958,-0.0044204624481153365,0.036793957074509796,-0.02650144110422581,1.3883757086946786,0.8330254252168072,-0.007883819233736544,-0.004492453945342589,0.4231095971911885
ticker,META,all,author_net_shift,30,60D,all,0,6,0.0,0.0,2.7755575615628914e-17,0.3903342879021653,-0.03743634347071453,-0.0398021957211,,-0.03743634347071453,,,-0.07120894402858789,-0.03992084658970091,
ticker,META,all,author_net_shift,30,90D,all,0,5,1.0,0.4,0.11762077423264783,0.769275718723987,0.025089377951709825,0.025065942710823963,0.025089377951709825,,,,-0.021251402842050758,-0.005600032763011464,0.1455132681157685
ticker,META,all,author_net_shift,90,1D,all,0,7,0.2857142857142857,0.2857142857142857,0.08221892400405678,0.6410655481673808,-0.005717799563314371,-0.006289892594396496,0.021255863896265215,-0.016507264947146206,1.287667215878785,0.515066886351514,-0.005009148714089735,-0.005887705268368126,0.44824569159010574
ticker,META,all,author_net_shift,90,20D,all,0,6,0.6666666666666666,0.5,0.1876163064826506,0.8123836935173494,0.04346361564042165,0.017276166283577643,0.08021564711322615,-0.030040447305187346,2.6702547501472993,5.340509500294599,0.022767448993837962,-0.0024933522927834684,4.045695135652469
ticker,META,all,author_net_shift,90,5D,all,0,7,0.42857142857142855,0.2857142857142857,0.08221892400405678,0.6410655481673808,-0.008117359807498534,-0.023561586199642437,0.040756540054434374,-0.044772784703948215,0.9102971888822525,0.6827228916616893,-0.009115406407466473,-0.013403188765984009,0.6212565591679731
ticker,META,all,author_net_shift,90,60D,all,0,5,0.4,0.2,0.03622410863243014,0.6244653702374747,-0.030484151191566222,-0.06170959624292749,0.05115083811666721,-0.08490747739705518,0.6024303122028833,0.40162020813525556,-0.0988985404678983,-0.1364009249724054,0.10857681151172092
ticker,META,all,high_low_divergence,30,1D,all,0,9,0.2222222222222222,0.2222222222222222,0.06322510711784671,0.5474110308930111,-0.003033633548131995,-0.00280315936193265,0.0083842569821716,-0.0062958879853615935,1.331703645564473,0.38048675587556374,-0.001258188421598737,-0.004288577278549588,0.6896313931299697
ticker,META,all,high_low_divergence,30,20D,all,0,7,0.42857142857142855,0.42857142857142855,0.15821985525146975,0.7495416354723428,-0.02466707081666497,-0.05231325694125333,0.06121306850308594,-0.08907717530647816,0.6871913965892699,0.5153935474419523,-0.013227152139923648,-0.04247431027036119,0.6670952020505215
ticker,META,all,high_low_divergence,30,5D,all,0,9,0.3333333333333333,0.3333333333333333,0.1205838183869109,0.6457978644196036,-0.005018814994411246,-0.010680887707159248,0.05191151660363295,-0.03348398079343334,1.550338859763457,0.7751694298817285,-0.0017575124378919184,-0.01328707255761108,0.9002763896630999
ticker,META,all,high_low_divergence,30,60D,all,0,6,0.6666666666666666,0.3333333333333333,0.09677141110578041,0.700006684861608,0.01943112844378808,0.0059194925029666945,0.0594487444152762,-0.060604103499188156,0.9809359594944353,1.9618719189888707,-0.015354015354866876,-0.02069624038820761,0.6133770145890198
ticker,META,all,high_low_divergence,30,90D,all,0,5,0.6,0.4,0.11762077423264783,0.769275718723987,0.00382640890932473,0.036355827290871945,0.044752404129956624,-0.05756258392162311,0.7774564844220899,1.1661847266331349,-0.01444302461497544,-0.004300113447619491,0.6816123950573083
ticker,META,all,weighted_net,1,1D,all,0,7,0.5714285714285714,0.5714285714285714,0.2504583645276572,0.8417801447485302,-0.0012010422097575857,0.002130864968308499,0.008599833451750472,-0.014268876425101662,0.6026987126065324,0.8035982834753765,5.8802970591861504e-05,0.0009630206020490029,1.0135630693098823
ticker,META,all,weighted_net,1,20D,all,0,5,0.2,0.2,0.03622410863243014,0.6244653702374747,-0.026672884124312745,-0.0565846392749052,0.24982410664691712,-0.09579713181712021,2.607845369774111,0.6519613424435278,-0.03831400389288429,-0.04714183138694916,0.4198424911213741
ticker,META,all,weighted_net,1,5D,all,0,6,0.6666666666666666,0.6666666666666666,0.299993315138392,0.9032285888942195,0.02438045929473189,0.030918612865662942,0.08011823285518713,-0.08709508782617859,0.9198938178360228,1.8397876356720455,0.017633181679976666,0.02580774364545768,1.6667075724538902
ticker,META,all,weighted_net,3,1D,all,0,17,0.35294117647058826,0.35294117647058826,0.17309720397243744,0.5869963651478132,-0.0034450410949205894,-0.006398093117345516,0.010794399079603187,-0.011212008462842649,0.9627533831584727,0.5251382089955305,-0.003964153055865179,-0.0036006194191484653,0.39978555013489475
ticker,META,all,weighted_net,3,20D,all,0,15,0.3333333333333333,0.3333333333333333,0.1517632443971473,0.5828645226148023,-0.026770764690827842,-0.040386883698985576,0.10003294007266424,-0.09017261707257387,1.1093494158227042,0.5546747079113521,-0.04498617289511704,-0.028679047431301896,0.27393247618261235
ticker,META,all,weighted_net,3,5D,all,0,16,0.6875,0.5625,0.331785563988119,0.7690134759450765,0.008180531624442038,0.010923168319775467,0.04143767208001996,-0.06498517737782938,0.6376480568653031,1.4028257251036667,0.0012796927883505088,0.00429688944241402,1.0607716065919153
ticker,META,all,weighted_net,3,60D,all,0,12,0.25,0.08333333333333333,0.014865094404917095,0.35387991114111694,-0.06385383455962347,-0.07826522076718956,0.01921404031840453,-0.09154312618563282,0.2098905851155001,0.06996352837183337,-0.11011801528102899,-0.12893880481895958,0.004266570629008299
ticker,META,all,weighted_net,3,90D,all,0,10,0.2,0.2,0.05668215145437519,0.5098375284633583,-0.08316411381287163,-0.0862563934796734,0.02988899495771552,-0.11142739100551842,0.26823741171715376,0.06705935292928844,-0.12048754222056735,-0.12015192537268043,0.014022430691983511
ticker,META,all,weighted_net,30,1D,all,0,5,0.6,0.6,0.2307242812760128,0.882379225767352,0.0009570958347208114,0.001591946268022948,0.013162402890282365,-0.01735086474862152,0.7586021262328199,1.1379031893492297,0.0004371362962347636,0.0007426906354376372,1.075332408409605
ticker,META,all,weighted_net,30,20D,all,0,5,0.2,0.2,0.03622410863243014,0.6244653702374747,-0.029250669562161335,-0.040386883698985576,0.04871355580150705,-0.04874172590307843,0.99942205367066,0.249855513417665,-0.03649303893843962,-0.028679047431301896,0.20269671561156333
ticker,META,all,weighted_net,30,5D,all,0,5,0.8,0.6,0.2307242812760128,0.882379225767352,0.011883278123531071,0.016019177352459835,0.02152511058708209,-0.02668405173067301,0.8066657494273715,3.226662997709486,0.011103205070287659,0.0035783583543931297,2.3866751808015203
ticker,META,all,weighted_net,30,60D,all,0,5,0.2,0.2,0.03622410863243014,0.6244653702374747,-0.07027598450725303,-0.08783518125344036,0.007787011388119547,-0.08979173348109618,0.08672303213478938,0.021680758033697345,-0.05679126704013506,-0.06852907750900239,0.08089397017235844
ticker,META,all,weighted_net,30,90D,all,0,5,0.6,0.2,0.03622410863243014,0.6244653702374747,-0.016274075681541888,0.014389042782394723,0.02150636568424739,-0.0729447377302258,0.2948309412501443,0.44224641187521646,-0.060715813314915754,-0.031738843343580125,0.03030739541416602
ticker,META,all,weighted_net,7,1D,all,0,18,0.4444444444444444,0.3333333333333333,0.1627877475083369,0.5625053270405489,-0.00250037461306483,-0.005349616088810405,0.012250507012930206,-0.01430107991386086,0.8566141219207368,0.6852912975365895,-0.0026238055686522276,-0.004330721947763239,0.634992232259481
ticker,META,all,weighted_net,7,20D,all,0,15,0.3333333333333333,0.3333333333333333,0.1517632443971473,0.5828645226148023,-0.028417036755769388,-0.040386883698985576,0.0984681391108656,-0.09185962468908689,1.0719414480969878,0.5359707240484939,-0.03697204924528305,-0.03315395935005472,0.4088773639472291
ticker,META,all,weighted_net,7,5D,all,0,17,0.5882352941176471,0.47058823529411764,0.26165106442409436,0.6903676493999558,0.004227965606639615,0.005324653075209795,0.0481486684465655,-0.058515895593254506,0.8228305823301095,1.175472260471585,0.0015875733884461924,-0.00018430981761285992,1.078212764919035
ticker,META,all,weighted_net,7,60D,all,0,12,0.4166666666666667,0.16666666666666666,0.04696514218385378,0.4480308622529734,-0.029126299326067927,-0.05506350132788279,0.0478496486306635,-0.08410911929516181,0.5688996512107808,0.40635689372198625,-0.07167499153112379,-0.10091289657087904,0.17836090985026365
ticker,META,all,weighted_net,7,90D,all,0,9,0.3333333333333333,0.3333333333333333,0.1205838183869109,0.6457978644196036,-0.04884576781415003,-0.06073190915499438,0.053671149325933455,-0.10010422638419177,0.5361526807064869,0.26807634035324346,-0.07363632271924155,-0.11630703874200643,0.18088374050599185
ticker,MRVL,all,author_net,1,1D,all,0,8,0.375,0.375,0.13684428582359742,0.6942576053973727,-0.008141698086915783,-0.011803831582834157,0.03575151045796806,-0.034477623213846086,1.0369482326615365,0.6221689395969218,-0.006140786430007733,-0.009621243515026745,0.6955877602657586
ticker,MRVL,all,author_net,1,5D,all,0,6,0.16666666666666666,0.16666666666666666,0.030053369748306635,0.5635028221864702,-0.0498550226954676,-0.058570670319278706,0.1351914302717716,-0.08686431328891545,1.5563517991803784,0.3112703598360757,-0.05042955202305186,-0.06834933716412683,0.2509651107447237
ticker,MRVL,all,author_net,3,1D,all,0,9,0.5555555555555556,0.4444444444444444,0.18877852109766452,0.733348706504507,-0.002221645769063042,0.01023313072247456,0.018627757360432807,-0.028283399680932853,0.6586109721806406,0.8232637152258008,-0.005437081545591132,-0.0025951416679537154,0.5515616757417794
ticker,MRVL,all,author_net,3,20D,all,0,6,0.8333333333333334,0.8333333333333334,0.43649717781352987,0.9699466302516935,0.3470623180530705,0.44364954925023803,0.44517484148171177,-0.14350029909013629,3.102257237820012,15.51128618910006,0.3081130201735691,0.3478870462582636,15.538446414205298
ticker,MRVL,all,author_net,3,5D,all,0,8,0.625,0.625,0.30574239460262737,0.8631557141764026,-0.008171757616376396,0.04247847994801157,0.07550393399033957,-0.14763124362756966,0.5114360086325213,0.8523933477208687,-0.0183642514006592,0.02254219052470452,0.6460377096187969
ticker,MRVL,all,author_net,7,1D,all,0,10,0.4,0.5,0.236593090512564,0.7634069094874361,-0.005708101968416268,-0.00586694020606765,0.023173841663611694,-0.02496273105643491,0.928337592998981,0.6188917286659873,-0.00640771008241744,-0.0018558542770882314,0.5330984651718992
ticker,MRVL,all,author_net,7,20D,all,0,6,0.8333333333333334,0.8333333333333334,0.43649717781352987,0.9699466302516935,0.3521462100436698,0.43612793578890985,0.45127551187043097,-0.14350029909013629,3.144770531711387,15.723852658556936,0.3269224942916351,0.3479224773464529,16.42597960378241
ticker,MRVL,all,author_net,7,5D,all,0,9,0.4444444444444444,0.5555555555555556,0.26665129349549305,0.8112214789023355,-0.022996287144210894,-0.010694609484714235,0.07932516590328864,-0.10485344958221052,0.756533678380258,0.6052269427042063,-0.02857887248422338,0.00212779504813132,0.47786030501008814
ticker,MRVL,all,weighted_net,1,1D,all,0,8,0.375,0.375,0.13684428582359742,0.6942576053973727,-0.008141698086915783,-0.011803831582834157,0.03575151045796806,-0.034477623213846086,1.0369482326615365,0.6221689395969218,-0.006140786430007733,-0.009621243515026745,0.6955877602657586
ticker,MRVL,all,weighted_net,1,5D,all,0,6,0.16666666666666666,0.16666666666666666,0.030053369748306635,0.5635028221864702,-0.0498550226954676,-0.058570670319278706,0.1351914302717716,-0.08686431328891545,1.5563517991803784,0.3112703598360757,-0.05042955202305186,-0.06834933716412683,0.2509651107447237
ticker,MRVL,all,weighted_net,3,1D,all,0,10,0.5,0.4,0.16818032970623614,0.6873262302663417,0.005760269941148377,0.002230584278767711,0.03533964327648227,-0.023819103394185515,1.483668074807091,1.483668074807091,0.003046796027832599,-0.004309396483856087,1.2646075140438564
ticker,MRVL,all,weighted_net,3,20D,all,0,7,0.8571428571428571,0.8571428571428571,0.4868721707256811,0.9743203756552565,0.3541048673151659,0.39636016288773823,0.43703906171604956,-0.14350029909013629,3.045562026609672,18.273372159658035,0.3234355838178815,0.4153709656837561,18.805022925214224
ticker,MRVL,all,weighted_net,3,5D,all,0,9,0.6666666666666666,0.6666666666666666,0.3542021355803963,0.879416181613089,0.03417227444718228,0.06395427034297252,0.11701476174324421,-0.13151270014494157,0.8897601647162667,1.7795203294325335,0.028097958765898476,0.02647010767787794,1.6958634595829805
ticker,MRVL,all,weighted_net,7,1D,all,0,8,0.625,0.75,0.40927543031016883,0.9285207872478909,0.004852383868337945,0.0053125570739437356,0.01908691132736755,-0.018871828563378063,1.0113970282883382,1.6856617138138967,0.0033725336315382215,0.005497328072785357,1.5602968621089277
ticker,MRVL,all,weighted_net,7,20D,all,0,6,1.0,1.0,0.6096657120978346,1.0,0.4268765312022717,0.4415931715213619,0.4268765312022717,,,,0.4048624045555013,0.40807197007015267,
ticker,MRVL,all,weighted_net,7,5D,all,0,7,0.7142857142857143,0.8571428571428571,0.4868721707256811,0.9743203756552565,0.11415977306420518,0.07852175319424237,0.1730179491969021,-0.03298566726753721,5.245246300267433,13.113115750668582,0.10719441677299528,0.048667940008074506,25.010487537491777
ticker,MSFT,all,author_net,3,1D,all,0,9,0.5555555555555556,0.5555555555555556,0.26665129349549305,0.8112214789023355,-0.002335967147923069,0.0040388311719912195,0.008638316159563475,-0.01605382128228125,0.5380847343241365,0.6726059179051707,-0.003012693743463357,0.004286548635009879,0.5658002408833047
ticker,MSFT,all,author_net,3,20D,all,0,7,0.14285714285714285,0.0,5.551115123125783e-17,0.35433043506668743,-0.07693692803199127,-0.08512307896611238,0.0018402213014518942,-0.09006645292089847,0.020431817194667166,0.003405302865777861,-0.0856531632517533,-0.08733211860480383,
ticker,MSFT,all,author_net,3,5D,all,0,8,0.375,0.375,0.13684428582359742,0.6942576053973727,-0.015570327599190067,-0.01470023628858258,0.0470886387705336,-0.053165707421024264,0.885695706024077,0.5314174236144462,-0.01648815905506036,-0.024656201234782238,0.465920028661723
ticker,MSFT,all,author_net,30,1D,all,0,8,0.75,0.75,0.40927543031016883,0.9285207872478909,0.005223257233691145,0.0030749773344798115,0.008047349268673676,-0.0032490188712564483,2.476855194614993,7.43056558384498,0.002382204757471043,0.0022931169913036897,2.6131305862496275
ticker,MSFT,all,author_net,30,20D,all,0,8,0.5,0.5,0.21521606221387757,0.7847839377861224,0.008583278231817301,-0.003510222735663926,0.06440915636332539,-0.04724259989969079,1.3633702738647744,1.3633702738647744,0.006676348366962681,0.0026218836467903905,1.4278033599306237
ticker,MSFT,all,author_net,30,5D,all,0,8,0.5,0.5,0.21521606221387757,0.7847839377861224,0.021315464302689158,0.00884567277436299,0.064431583759606,-0.02180065515422769,2.955488415544756,2.955488415544756,0.013637659194341567,0.006036386461408083,2.4836938812409755
ticker,MSFT,all,author_net,30,60D,all,0,8,0.625,0.125,0.02241749145005667,0.4708881822128535,-0.00535507846197715,0.025864763083693232,0.0924073692163497,-0.16829249125918858,0.5490878917112968,0.9151464861854948,-0.05580193005168206,-0.07173272915445439,0.30036131225747503
ticker,MSFT,all,author_net,30,90D,all,0,6,0.16666666666666666,0.16666666666666666,0.030053369748306635,0.5635028221864702,-0.09495171097100387,-0.13096108507220133,0.11710117448780755,-0.13736228806276615,0.8524987180928398,0.17049974361856796,-0.13240081862825212,-0.19546755174706937,0.18889860041847634
ticker,MSFT,all,author_net,7,1D,all,0,11,0.6363636363636364,0.7272727272727273,0.43435469882387084,0.902539407099751,0.0011840390969767604,0.005511728749804101,0.010420947861411265,-0.014980551240783624,0.6956318024560324,1.2173556542980568,0.00024488056686204504,0.004286548635009879,1.0525509135867528
ticker,MSFT,all,author_net,7,20D,all,0,9,0.2222222222222222,0.2222222222222222,0.06322510711784671,0.5474110308930111,-0.013877847506001592,-0.03489258324203315,0.12024111418815708,-0.052197550847189786,2.303577701186925,0.6581650574819786,-0.03491357523957561,-0.06474463674452047,0.3183549464531283
ticker,MSFT,all,author_net,7,5D,all,0,10,0.5,0.5,0.236593090512564,0.7634069094874361,0.005087281315753511,0.0032610197873563784,0.06110012878201867,-0.05092556615051165,1.1997928231457629,1.1997928231457629,3.609560882505969e-05,0.0024331840256502923,1.00171434436365
ticker,MSFT,all,author_net,7,60D,all,0,6,0.5,0.16666666666666666,0.030053369748306635,0.5635028221864702,-0.01993713470887389,-0.0011812551659086123,0.09552696875543765,-0.13540123817318542,0.7055103043685136,0.7055103043685136,-0.06668324149222056,-0.07511920563855323,0.32387046158636407
ticker,MSFT,all,author_net,90,1D,all,0,5,1.0,1.0,0.5655175352168251,1.0,0.00950615027603936,0.005970149253731183,0.00950615027603936,,,,0.007079600305065559,0.0061311680636557675,
ticker,MSFT,all,author_net,90,20D,all,0,5,0.2,0.2,0.03622410863243014,0.6244653702374747,-0.020599287693286672,-0.0290522365914595,0.11112003319013408,-0.05352911791414186,2.075880147480952,0.518970036870238,-0.02877812088173366,-0.020923219802168047,0.13385690343884724
ticker,MSFT,all,author_net,90,5D,all,0,5,0.6,0.6,0.2307242812760128,0.882379225767352,0.04240787315992263,0.05065493246009001,0.0860947650190252,-0.023122464628731243,3.7234250933633852,5.585137640045078,0.034841840255339894,0.05326073843002088,6.751319922469183
ticker,MSFT,all,author_net,90,60D,all,0,5,0.4,0.0,0.0,0.43448246478317476,-0.042581652761537137,-0.05547115857200302,0.05057645951330281,-0.10468706094476377,0.48312044541959737,0.3220802969463982,-0.08981043174290523,-0.08488334962802957,
ticker,MSFT,all,author_net_shift,30,1D,all,0,5,0.6,0.8,0.37553462976252533,0.9637758913675698,0.005258648864289994,0.005788694880141998,0.012450218251491544,-0.005528705216512331,2.251922966394925,3.3778844495923877,0.0037968157055270567,0.0061311680636557675,2.4884267781705383
ticker,MSFT,all,high_low_divergence,30,1D,all,0,5,0.6,0.8,0.37553462976252533,0.9637758913675698,0.01476184922538033,0.003692261321678769,0.02726125420583736,-0.003987258245305214,6.837092690932685,10.255639036399026,0.014564727714001191,0.0009430185520961087,45.211099066135326
ticker,MSFT,all,high_low_divergence,30,5D,all,0,5,0.6,0.6,0.2307242812760128,0.882379225767352,0.012245216254415058,0.0012107434953423368,0.034031909416665486,-0.020434823488960585,1.665387980231412,2.498081970347118,0.014697689826488359,0.012966455473186755,3.110322469995817
ticker,MSFT,all,weighted_net,3,1D,all,0,11,0.45454545454545453,0.45454545454545453,0.21271271622459764,0.719908462590678,-0.003342490752563815,-0.00156850743128234,0.008638316159563475,-0.013326496512669891,0.6482060871250576,0.5401717392708814,-0.0026000544643982704,-0.00040066306502284377,0.5526461185151338
ticker,MSFT,all,weighted_net,3,20D,all,0,9,0.3333333333333333,0.2222222222222222,0.06322510711784671,0.5474110308930111,-0.031155391811016207,-0.02011446875662437,0.08666673040874832,-0.09006645292089847,0.9622531763837088,0.4811265881918544,-0.05421979673618792,-0.0745878923287604,0.18612267678491562
ticker,MSFT,all,weighted_net,3,5D,all,0,10,0.4,0.4,0.16818032970623614,0.6873262302663417,-0.009830115263752003,-0.004645364938538676,0.043302110467786925,-0.04525159908477796,0.9569189010682538,0.6379459340455026,-0.012140906888984204,-0.012178786624004345,0.5098066361689334
ticker,MSFT,all,weighted_net,30,1D,all,0,9,0.5555555555555556,0.6666666666666666,0.3542021355803963,0.879416181613089,0.0001560735386436147,0.00012444121110011253,0.009248294761617726,-0.011209202990074024,0.8250626534114226,1.0313283167642782,0.00014689599360804027,0.0019404042845688751,1.0383350297292986
ticker,MSFT,all,weighted_net,30,20D,all,0,9,0.4444444444444444,0.3333333333333333,0.1205838183869109,0.6457978644196036,-0.01139440317625922,-0.0290522365914595,0.05934673398050319,-0.06798731290166915,0.8729089509146666,0.6983271607317332,-0.00948072247395457,-0.007459699275536802,0.7012497179086397
ticker,MSFT,all,weighted_net,30,5D,all,0,9,0.4444444444444444,0.4444444444444444,0.18877852109766452,0.733348706504507,-0.01348195143991794,-0.017048445920721522,0.028863146414265906,-0.04735802972326501,0.6094667912268878,0.48757343298151024,-0.011535499677837279,-0.00463622968684918,0.37581391209663556
ticker,MSFT,all,weighted_net,30,60D,all,0,9,0.3333333333333333,0.3333333333333333,0.1205838183869109,0.6457978644196036,0.007960824524042934,-0.013488394261474856,0.1685001935817327,-0.07230886000480195,2.3302841943648787,1.1651420971824393,-0.019623662485263347,-0.06647165710747238,0.6861747071033598
ticker,MSFT,all,weighted_net,30,90D,all,0,8,0.375,0.375,0.13684428582359742,0.6942576053973727,-0.053513010729581034,-0.08863747594064009,0.14372945106130783,-0.17185848780411433,0.8363244253908005,0.5017946552344803,-0.061070820612232055,-0.15861138870569114,0.5178204375382135
ticker,MSFT,all,weighted_net,7,1D,all,0,14,0.5714285714285714,0.5714285714285714,0.3259064457965074,0.7861920109552588,0.001018295126802222,0.0032322136341789154,0.01211644269989176,-0.013779234970650497,0.8793262271598931,1.1724349695465242,0.0005908764411869462,0.0021917001465475705,1.14853767306545
ticker,MSFT,all,weighted_net,7,20D,all,0,12,0.3333333333333333,0.3333333333333333,0.13812009109121315,0.6093779111272004,0.006255869598777414,-0.02750352599932876,0.12466054957527681,-0.05294647038947228,2.3544638322116356,1.1772319161058178,-0.02189950583493966,-0.045597777914456905,0.4957343399923471
ticker,MSFT,all,weighted_net,7,5D,all,0,13,0.46153846153846156,0.46153846153846156,0.23206067809538303,0.7085620428549398,0.004991220448769736,-0.005681057403546408,0.056240528244940045,-0.03893675766223338,1.444407075001276,1.2380632071439508,0.0008638174519465333,-0.0006992402968437617,1.0532519504168356
ticker,MSFT,all,weighted_net,7,60D,all,0,9,0.5555555555555556,0.2222222222222222,0.06322510711784671,0.5474110308930111,-0.0009588802524659076,0.030312763480146332,0.09406999318251005,-0.11974497204618587,0.7855861634526674,0.9819827043158342,-0.050807454039367816,-0.07954684886688135,0.4373021216943674
ticker,MSFT,all,weighted_net,7,90D,all,0,6,0.3333333333333333,0.3333333333333333,0.09677141110578041,0.700006684861608,-0.06622198933774887,-0.11332612605178854,0.165773372683564,-0.1822196703484053,0.9097446634965597,0.45487233174827985,-0.06427053645184215,-0.16579244567817314,0.5132547791365414
ticker,MSFT,all,weighted_net,90,1D,all,0,5,0.8,0.8,0.37553462976252533,0.9637758913675698,0.004375442835356203,0.0029601948270070455,0.005736784191183758,-0.0010699225879540197,5.3618684713947715,21.447473885579086,0.004343766222135481,0.0036432154305112707,12.323279466353165
ticker,MSFT,all,weighted_net,90,20D,all,0,5,0.6,0.6,0.2307242812760128,0.882379225767352,0.0006785192490605052,0.015325831373866228,0.07041666125872503,-0.10392869376543629,0.6775478331100088,1.0163217496650132,0.0004187544644656205,0.01334220000604236,1.0102620034280672
ticker,MSFT,all,weighted_net,90,5D,all,0,5,0.6,0.6,0.2307242812760128,0.882379225767352,-0.002170419850286276,0.03296103459858912,0.03748167575627522,-0.06164856326012852,0.607989444914066,0.911984167371099,-0.0047722123079458004,0.02277962042167414,0.7881968535114822
ticker,MSFT,all,weighted_net,90,60D,all,0,5,0.4,0.4,0.11762077423264783,0.769275718723987,0.007326466616825944,-0.08608824150306094,0.19036560784669204,-0.11469962753641812,1.6596881082830834,1.1064587388553888,-0.005307634704943287,-0.11062078349505156,0.9333607688345488
ticker,MSFT,all,weighted_net,90,90D,all,0,5,0.4,0.4,0.11762077423264783,0.769275718723987,-0.03006622671104957,-0.09636900992189146,0.17785254174941123,-0.16867873901802344,1.0543862420646124,0.7029241613764082,-0.048238140975847374,-0.1869939198876065,0.62077854499301
ticker,MSTR,all,author_net,30,1D,all,0,9,0.3333333333333333,0.125,0.02241749145005667,0.4708881822128535,-0.00991920342027207,-0.004937902139757533,0.026855859259199644,-0.028306734760007928,0.9487445121060696,0.47437225605303485,-0.020591457932969917,-0.012306282891082598,0.05671513401108475
ticker,MSTR,all,author_net,30,20D,all,0,8,0.25,0.2857142857142857,0.08221892400405678,0.6410655481673808,-0.17200586655595657,-0.2186797821864936,0.05620039147284217,-0.24807461923222282,0.22654631758290816,0.07551543919430273,-0.1667041128310792,-0.20378794650936305,0.11476742466374176
ticker,MSTR,all,author_net,30,5D,all,0,9,0.1111111111111111,0.125,0.02241749145005667,0.4708881822128535,-0.04257828495804524,-0.02786433365292429,0.06748066748066739,-0.05633565401288432,1.1978323259588703,0.1497290407448588,-0.05170652489196027,-0.040304468483031375,0.11247072860499539
ticker,MSTR,all,author_net,30,60D,all,0,6,0.3333333333333333,0.3333333333333333,0.09677141110578041,0.700006684861608,-0.1916839757873147,-0.3304418310646958,0.3024524688078927,-0.43875219808491844,0.6893469027119369,0.34467345135596844,-0.20320038292845033,-0.3239452283925036,0.3164428473703112
ticker,MSTR,all,author_net,30,90D,all,0,6,0.3333333333333333,0.3333333333333333,0.09677141110578041,0.700006684861608,-0.23446334475757272,-0.3073761078852486,0.1779274115961476,-0.44065872293443287,0.4037759888452771,0.20188799442263855,-0.2666629013394985,-0.3234745219570517,0.14404133145228695
ticker,MSTR,all,author_net,7,1D,all,0,7,0.42857142857142855,0.3333333333333333,0.09677141110578041,0.700006684861608,0.002516798942780642,-0.0020187746038153875,0.032248795611223846,-0.01978219855855176,1.630192696518195,1.2226445223886462,-0.009182569018078754,-0.0044242982294638855,0.34806041697067885
ticker,MSTR,all,author_net,7,20D,all,0,5,0.4,0.4,0.11762077423264783,0.769275718723987,-0.1462676855952813,-0.20146212847555134,0.05620039147284217,-0.2812464036406969,0.19982616931393843,0.13321744620929227,-0.14750023440218613,-0.20378794650936305,0.17021846034965085
ticker,MSTR,all,author_net,7,5D,all,0,7,0.14285714285714285,0.16666666666666666,0.030053369748306635,0.5635028221864702,-0.004608603479144173,-0.027354395881699745,0.13005115689679436,-0.02705189687513393,4.807469047256986,0.8012448412094978,-0.004810521024972536,-0.02914816609100901,0.8289211940630081
ticker,MSTR,all,author_net,90,1D,all,0,7,0.42857142857142855,0.42857142857142855,0.15821985525146975,0.7495416354723428,-0.01235860886527069,-0.0020187746038153875,0.03799741336568293,-0.0501256255384859,0.7580436744177673,0.5685327558133254,-0.01517969112754171,-0.007982929731789934,0.49213133555694066
ticker,MSTR,all,author_net,90,20D,all,0,5,0.2,0.2,0.03622410863243014,0.6244653702374747,-0.19461613065355482,-0.20146212847555134,0.09091622831121926,-0.2659992203947483,0.34179133373510534,0.08544783343377634,-0.19772253365556683,-0.20378794650936305,0.09773574562283145
ticker,MSTR,all,author_net,90,5D,all,0,7,0.14285714285714285,0.16666666666666666,0.030053369748306635,0.5635028221864702,-0.028320247933473604,-0.027354395881699745,0.05111093664128119,-0.04155877869593274,1.2298469359563566,0.20497448932605944,-0.02458890616188734,-0.030660732239913224,0.29668841618664693
ticker,MSTR,all,high_low_divergence,30,1D,all,0,5,0.2,0.2,0.03622410863243014,0.6244653702374747,-0.023750842977449827,-0.01533612171910037,0.025296850800206494,-0.036012766421863907,0.702441198320393,0.17561029958009824,-0.023318464835495645,-0.01830707093887929,0.17646679970679244
ticker,MSTR,all,high_low_divergence,30,5D,all,0,5,0.6,0.75,0.30064184258240184,0.9544127391902995,-0.02200039342362319,0.003940110323089052,0.05928582700816676,-0.1439297240713081,0.4119081544184325,0.6178622316276488,0.01660607064482758,0.018378886248039017,1.6028551501720103
ticker,MSTR,all,weighted_net,1,1D,all,0,5,0.2,0.25,0.04558726080970055,0.6993581574175981,-0.03685575562274621,-0.03775449693615329,0.009213820731096778,-0.04837314971120696,0.19047386382950673,0.047618465957376684,-0.03496826201586159,-0.038421286820974565,0.08335480803275426
ticker,MSTR,all,weighted_net,3,1D,all,0,6,0.5,0.5,0.1876163064826506,0.8123836935173494,-0.007899036275606878,-0.005653506301118327,0.03611462808501109,-0.05191270063622485,0.6956800097548804,0.6956800097548804,-0.009183412554476874,-0.006689819295563393,0.6389040885091244
ticker,MSTR,all,weighted_net,3,5D,all,0,5,0.2,0.3333333333333333,0.06149194472039621,0.7923403991979522,-0.04269725911074214,-0.02786433365292429,0.05111093664128119,-0.06614930804874797,0.7726601857061842,0.19316504642654606,0.0031052544877685126,-0.014546343009925411,1.176033281799211
ticker,MSTR,all,weighted_net,30,1D,all,0,12,0.3333333333333333,0.2727272727272727,0.09746059290024889,0.5656453011761291,-0.03562184159890561,-0.04012188163400254,0.02865316512060545,-0.06775934495866114,0.422866619181255,0.2114333095906275,-0.04185493791225168,-0.03946502899414717,0.07868172410489468
ticker,MSTR,all,weighted_net,30,20D,all,0,8,0.25,0.25,0.071479212752109,0.5907245696898311,-0.09420127960885329,-0.09853065269854933,0.07211877156957525,-0.14964129666832945,0.4819443106632655,0.16064810355442183,-0.1029063695312759,-0.11911493979657878,0.17877825446461765
ticker,MSTR,all,weighted_net,30,5D,all,0,12,0.16666666666666666,0.2,0.05668215145437519,0.5098375284633583,-0.010562849165838939,-0.012168592688888813,0.11849959905559315,-0.036375338810125356,3.2576905929081788,0.6515381185816357,0.0031943515471629324,-0.017535639992680707,1.151167937931375
ticker,MSTR,all,weighted_net,30,60D,all,0,7,0.42857142857142855,0.42857142857142855,0.15821985525146975,0.7495416354723428,-0.14912697194821417,-0.26426174496644295,0.2636075344336832,-0.45867785173463715,0.5747117141949778,0.43103378564623335,-0.16206977659629304,-0.21674237526313023,0.3805763686210813
ticker,MSTR,all,weighted_net,30,90D,all,0,6,0.3333333333333333,0.5,0.1876163064826506,0.8123836935173494,-0.12890785432449722,-0.10549501814047979,0.08961606173135805,-0.23816981235242488,0.37626960716058877,0.18813480358029439,-0.15017677396212312,-0.08480394018576143,0.1538691142480693
ticker,MSTR,all,weighted_net,7,1D,all,0,8,0.5,0.42857142857142855,0.15821985525146975,0.7495416354723428,0.021981170431281977,0.005099571601459685,0.06764027221950969,-0.023677931356945736,2.8566799692012768,2.8566799692012768,0.012618917196499832,-0.007982929731789934,1.870654960181382
ticker,MSTR,all,weighted_net,7,20D,all,0,5,0.4,0.4,0.11762077423264783,0.769275718723987,-0.12112298996907403,-0.20146212847555134,0.11906213053836034,-0.2812464036406969,0.42333743293111326,0.2822249552874088,-0.12480470914713089,-0.20378794650936305,0.29789505669975125
ticker,MSTR,all,weighted_net,7,5D,all,0,7,0.2857142857142857,0.3333333333333333,0.09677141110578041,0.700006684861608,0.010729108073057205,-0.005203132390813048,0.10004080245883651,-0.024995569681254513,4.002341364272339,1.6009365457089355,0.010228057216058684,-0.02646023345156795,1.4124486834314327
ticker,MSTR,all,weighted_net,90,1D,all,0,5,0.6,0.6,0.2307242812760128,0.882379225767352,0.025190375395787612,0.017866273648750264,0.06078375892750639,-0.028199699901790554,2.155475382333657,3.233213073500486,0.025173073418994087,0.009904514220549165,3.889436705358699
ticker,MSTR,all,weighted_net,90,20D,all,0,5,0.4,0.4,0.11762077423264783,0.769275718723987,-0.0071929060791227515,-0.0531987012523637,0.16187894883130383,-0.11990747601940714,1.3500321598388374,0.9000214398925583,-0.006381603180717521,-0.030389491387524115,0.9143164678415476
ticker,MSTR,all,weighted_net,90,5D,all,0,5,0.4,0.4,0.11762077423264783,0.769275718723987,0.004008683855961803,-0.01209547935918931,0.046389886528377444,-0.02424545125898196,1.913343910693016,1.2755626071286772,0.004258057937691984,-0.008849332363311646,1.3418547779635526
ticker,MSTR,all,weighted_net,90,60D,all,0,5,0.4,0.4,0.11762077423264783,0.769275718723987,-0.07057017209271979,-0.028605482717520836,0.3358677183398544,-0.3415287657144359,0.9834243907310727,0.6556162604873818,-0.08449403411069856,-0.00892380738551024,0.5722333859164871
ticker,MSTR,all,weighted_net,90,90D,all,0,5,0.2,0.4,0.11762077423264783,0.769275718723987,-0.17387971330868784,-0.14261248082206435,0.20616648892792167,-0.26889126386784024,0.7667281040013716,0.1916820260003429,-0.17005513089247679,-0.2022927497064526,0.27122455948363594
ticker,MU,all,author_net,1,1D,all,0,21,0.3333333333333333,0.4,0.21880653237281705,0.6134184992377469,-0.01032354810184614,-0.010481476700658354,0.022977687197944414,-0.026974165751741417,0.8518405132311091,0.42592025661555455,-0.009829345033733606,-0.009555781054553847,0.41195915930767085
ticker,MU,all,author_net,1,20D,all,0,17,0.6470588235294118,0.6875,0.44404355834740666,0.8583535614521796,0.26794952448929643,0.20806763908609782,0.44814121204595575,-0.06240190269791235,7.181531214126718,13.166140559232316,0.265914740675397,0.30559206913964976,14.463043934064938
ticker,MU,all,author_net,1,5D,all,0,21,0.5714285714285714,0.631578947368421,0.41039533164803066,0.8085048725486492,0.03048698008876454,0.06631767243647091,0.13319152860652683,-0.10645241793491851,1.251183685540668,1.6682449140542237,0.046140459027344836,0.05081592915831079,2.6012898387180874
ticker,MU,all,author_net,1,60D,all,0,8,1.0,1.0,0.6755924351161198,1.0,1.0550490461914115,0.8607536379593456,1.0550490461914115,,,,0.9907304446207185,0.8144590570733306,
ticker,MU,all,author_net,1,90D,all,0,5,1.0,1.0,0.5655175352168251,1.0,1.1353780881464828,1.3028776978417267,1.1353780881464828,,,,1.075348154904022,1.2508099603608052,
ticker,MU,all,author_net,3,1D,all,0,23,0.4782608695652174,0.5217391304347826,0.32962737336427406,0.7076284258335335,2.4432942640100595e-05,-0.0011611511984738199,0.0372996001676678,-0.034144470346968624,1.0924052939945308,1.0013715194949866,-0.0010278226026735724,0.0003187642349299358,0.9405322083247517
ticker,MU,all,author_net,3,20D,all,0,21,0.6190476190476191,0.6,0.3865815007622531,0.781193467627183,0.13633179566521342,0.07591124079346767,0.29388314207877986,-0.11968914225683194,2.455386817361913,3.9900035782131087,0.13482037835601207,0.09597645081629164,4.229343489346161
ticker,MU,all,author_net,3,5D,all,0,22,0.5909090909090909,0.5909090909090909,0.3873481847631513,0.7674418380352814,0.01963608373952038,0.06423081239071637,0.12026200744611747,-0.12571247272556432,0.9566434009189728,1.3818182457718498,0.019635770468143274,0.05062902623925036,1.4178112275871677
ticker,MU,all,author_net,3,60D,all,0,13,0.9230769230769231,0.9230769230769231,0.6668604907890041,0.9862895787574435,0.7947094985109385,0.7728928960876618,0.8998468749244651,-0.46693901845138264,1.9271186158501692,23.12542339020203,0.7443453506719612,0.7184878703449693,24.680751347084634
ticker,MU,all,author_net,3,90D,all,0,9,0.8888888888888888,0.875,0.5291118177871464,0.9775825085499433,0.9177905207799785,1.3028776978417267,1.2754564115227331,-1.9435366051620582,0.6562554099239009,5.250043279391207,0.8199275861316966,1.1635134998923613,4.574567787248421
ticker,MU,all,author_net,30,1D,all,0,6,0.6666666666666666,0.6666666666666666,0.299993315138392,0.9032285888942195,0.00794132916208671,0.016121794453755167,0.02694533804170368,-0.03006668859714723,0.8961857556957668,1.7923715113915335,0.004019564161869678,0.01058788602750993,1.4948770799596174
ticker,MU,all,author_net,30,20D,all,0,6,0.6666666666666666,0.5,0.1876163064826506,0.8123836935173494,0.00989740484865916,0.01601483481281374,0.05705379441267333,-0.08441537427936918,0.6758697085658374,1.3517394171316748,0.012052065358049332,0.008807054405423231,1.4092078190354336
ticker,MU,all,author_net,30,5D,all,0,6,0.8333333333333334,0.6666666666666666,0.299993315138392,0.9032285888942195,0.012016770731027212,0.031448600463130916,0.04485225502466532,-0.15216065073716334,0.2947690799649736,1.4738453998248682,0.015438419209539108,0.03297742510807783,1.698396852920616
ticker,MU,all,author_net,30,60D,all,0,6,0.8333333333333334,0.8333333333333334,0.43649717781352987,0.9699466302516935,0.340807654997146,0.5731504485810942,0.5800927243799002,-0.8556176919166245,0.6779812173828066,3.3899060869140327,0.3164959335458057,0.5326485487146805,3.256766636163951
ticker,MU,all,author_net,30,90D,all,0,6,0.8333333333333334,0.8333333333333334,0.43649717781352987,0.9699466302516935,0.8904988789404814,1.0238905518872392,1.2760922998734685,-1.0374682257244534,1.2300061517376943,6.150030758688471,0.8538211211103887,0.9933528798916453,6.0621369043608055
ticker,MU,all,author_net,7,1D,all,0,15,0.5333333333333333,0.5333333333333333,0.30116980025498397,0.7519046463426261,0.002021369075623225,0.0058616647127784915,0.029138138362017063,-0.028969224394541162,1.0058308073828766,1.1495209227232877,-0.0004188205407743784,0.0015584394671903645,0.9676660139829648
ticker,MU,all,author_net,7,20D,all,0,15,0.6666666666666666,0.6,0.357468301206246,0.8017550385865841,0.11842992115406127,0.07006599547184322,0.20811717403807525,-0.06094458461396677,3.4148591766819707,6.829718353363941,0.1152582160607787,0.09769976281969506,7.372178601059409
ticker,MU,all,author_net,7,5D,all,0,15,0.6,0.5333333333333333,0.30116980025498397,0.7519046463426261,0.008255073818542298,0.026654676258992982,0.08733344215698945,-0.11036247868912842,0.79133273549421,1.186999103241315,0.011905176944714883,0.03541984814648491,1.3069945974011352
ticker,MU,all,author_net,7,60D,all,0,12,0.9166666666666666,0.9166666666666666,0.646120088858883,0.9851349055950829,0.7044509033400396,0.7467927856382638,0.8109408962301689,-0.46693901845138264,1.736716924877426,19.103886173651684,0.6665434700550618,0.6895196881781516,20.574350901435196
ticker,MU,all,author_net,7,90D,all,0,9,0.8888888888888888,0.875,0.5291118177871464,0.9775825085499433,0.8809440706145301,1.1494347379239467,1.2340041550866037,-1.9435366051620582,0.6349271486881558,5.0794171895052465,0.8031220804034686,1.0535075545686303,4.5013022691214415
ticker,MU,all,author_net_shift,30,1D,all,0,12,0.5833333333333334,0.5833333333333334,0.31951131254954973,0.8067396863412435,-0.002191017116049863,0.0034916532017452706,0.011887606670517612,-0.021901090417244327,0.5427860642572222,0.7599004899601111,-0.0038662066993071045,0.0020869941403253156,0.5492445651202175
ticker,MU,all,author_net_shift,30,20D,all,0,9,0.4444444444444444,0.5,0.21521606221387757,0.7847839377861224,0.07311348034808093,-0.036565475877308296,0.3648915952728431,-0.16030901159172878,2.2761764398007793,1.8209411518406233,0.07662523083095046,0.03287988322806201,1.851057985745654
ticker,MU,all,author_net_shift,30,5D,all,0,12,0.5,0.5454545454545454,0.280091537409322,0.7872872837754024,-0.004677278644793652,0.00666919367196106,0.09821175818709844,-0.10756631547668576,0.9130345104028886,0.9130345104028887,0.010594346563324496,0.05081592915831079,1.2665264605427595
ticker,MU,all,author_net_shift,30,60D,all,0,6,0.6666666666666666,0.6,0.2307242812760128,0.882379225767352,0.2884004901007395,0.17317672967310405,0.8257615883002223,-0.7863217062982262,1.050157437707866,2.100314875415732,0.08152653877731834,0.09711112891941864,1.2669942447492921
ticker,MU,all,author_net_shift,30,90D,all,0,5,0.6,0.6,0.2307242812760128,0.882379225767352,0.24438062291341378,1.2008837034683917,1.419654782753975,-1.5185306168474282,0.9348871646073715,1.4023307469110573,0.21080044945186766,1.1329747471929599,1.361902813893654
ticker,MU,all,author_net_shift,7,1D,all,0,10,0.4,0.4,0.16818032970623614,0.6873262302663417,-0.013825679624009202,-0.01339408448193019,0.018941972812023755,-0.03567078124803117,0.5310220900493803,0.35401472669958683,-0.01564682860235884,-0.006420899065549213,0.2174454590982214
ticker,MU,all,author_net_shift,7,20D,all,0,8,0.375,0.42857142857142855,0.15821985525146975,0.7495416354723428,-0.06403060280921753,-0.0634475377943775,0.2154153130797333,-0.23169815234258806,0.9297239140742952,0.5578343484445771,-0.04025184405101802,-0.021584896417723765,0.7017685476499376
ticker,MU,all,author_net_shift,7,5D,all,0,10,0.3,0.3333333333333333,0.1205838183869109,0.6457978644196036,-0.09191417465409939,-0.10516575740811668,0.04001847492807342,-0.1484567387607449,0.26956320920243165,0.115527089658185,-0.0705637379038547,-0.0723976612866194,0.16403289386003117
ticker,MU,all,author_net_shift,90,1D,all,0,8,0.625,0.625,0.30574239460262737,0.8631557141764026,0.00569703332505761,0.00879309783681359,0.018268652424812837,-0.015255665174534435,1.1974995659519219,1.9958326099198698,0.004930192937987715,0.003139936153574663,1.7887066004195113
ticker,MU,all,author_net_shift,90,20D,all,0,7,1.0,1.0,0.6456695649333126,1.0,0.23375294406727448,0.09932380952380959,0.23375294406727448,,,,0.21872529289667986,0.11821790004114108,
ticker,MU,all,author_net_shift,90,5D,all,0,8,0.625,0.8571428571428571,0.4868721707256811,0.9743203756552565,0.03889456681301941,0.061847881673773974,0.1188862079412766,-0.09442483506740924,1.2590565591817509,2.0984275986362513,0.06602727069146941,0.08791409569799125,7.3840583608148735
ticker,MU,all,high_low_divergence,3,1D,all,0,6,0.3333333333333333,0.3333333333333333,0.09677141110578041,0.700006684861608,0.002391017210848815,-0.010553010669553498,0.054023930507457296,-0.023425439437455425,2.3062077726096915,1.1531038863048457,0.002845507494305529,-0.013168359543588193,1.1800104482572957
ticker,MU,all,high_low_divergence,3,20D,all,0,6,0.6666666666666666,0.5,0.1876163064826506,0.8123836935173494,0.082669160430967,0.044045349824330005,0.23668140784274258,-0.22535533439258415,1.0502587324177899,2.1005174648355798,0.06678926652522295,0.012828168289918396,1.8698475915850667
ticker,MU,all,high_low_divergence,3,5D,all,0,6,0.3333333333333333,0.3333333333333333,0.09677141110578041,0.700006684861608,-0.079187192863172,-0.13807421367356165,0.11556497031270685,-0.17656327445111142,0.6545243945660151,0.32726219728300754,-0.0663999058595003,-0.10212391246124769,0.342751970854356
ticker,MU,all,high_low_divergence,7,1D,all,0,5,0.4,0.6,0.2307242812760128,0.882379225767352,0.005769122492333789,-0.004298502171408147,0.04765521185472665,-0.022154937082594788,2.150997390652272,1.4339982604348482,0.00558977975635786,0.004430449791197999,1.4318876557730602
ticker,MU,all,high_low_divergence,7,20D,all,0,5,0.8,0.6,0.2307242812760128,0.882379225767352,0.2704076270743715,0.07591124079346767,0.34583894502358203,-0.03131764472247056,11.0429423441106,44.1717693764424,0.2244615797674676,0.007886825675577969,24.169377687127813
ticker,MU,all,high_low_divergence,7,5D,all,0,5,0.4,0.4,0.11762077423264783,0.769275718723987,0.017906126965216363,-0.10090124008753576,0.23329015113037044,-0.1256832224782197,1.8561757610153455,1.2374505073435638,0.026097486775694456,-0.07894699528045723,1.427938854312003
ticker,MU,all,weighted_net,1,1D,all,0,22,0.4090909090909091,0.42857142857142855,0.2446996892537596,0.6345344563069328,-0.006155560969223822,-0.006303940310216305,0.02419443488210444,-0.027167096558604924,0.8905786023144633,0.6165544169869361,-0.008442908452050413,-0.006879484911767486,0.4696479047848038
ticker,MU,all,weighted_net,1,20D,all,0,19,0.5789473684210527,0.6111111111111112,0.3861904160223791,0.7969475342783638,0.21578574385520793,0.1342550410014658,0.44814121204595575,-0.10370302490707024,4.321389973412458,5.94191121344213,0.21084097542471736,0.1805581770699035,5.893658010040875
ticker,MU,all,weighted_net,1,5D,all,0,22,0.6363636363636364,0.6190476190476191,0.4087865377511576,0.7924898863143551,0.04198725305737715,0.06676499400592883,0.13245310719970768,-0.11632799169170131,1.1386176729564972,1.9925809276738702,0.03772575334761345,0.05081592915831079,2.002014398589796
ticker,MU,all,weighted_net,1,60D,all,0,8,1.0,1.0,0.6755924351161198,1.0,1.0550490461914115,0.8607536379593456,1.0550490461914115,,,,0.9907304446207185,0.8144590570733306,
ticker,MU,all,weighted_net,1,90D,all,0,5,1.0,1.0,0.5655175352168251,1.0,1.1353780881464828,1.3028776978417267,1.1353780881464828,,,,1.075348154904022,1.2508099603608052,
ticker,MU,all,weighted_net,3,1D,all,0,22,0.5454545454545454,0.5909090909090909,0.3873481847631513,0.7674418380352814,0.0020323361424958923,0.001623694424190969,0.02873730377211035,-0.030013625013041455,0.9574752719680971,1.1489703263617164,0.0013294970285513306,0.005122980428712731,1.10478179770381
ticker,MU,all,weighted_net,3,20D,all,0,21,0.6666666666666666,0.65,0.43285427668523624,0.818808175898918,0.14877271351373939,0.07212957791430608,0.28625205497454476,-0.12618596940787133,2.2684935283834236,4.536987056766847,0.14801315244662633,0.07712551696954018,4.888417240310699
ticker,MU,all,weighted_net,3,5D,all,0,22,0.6818181818181818,0.6818181818181818,0.47318597741042745,0.8363940681864375,0.03500642630097267,0.06575316891534311,0.1129140382547714,-0.13193845645716748,0.8558083919333089,1.8338751255713763,0.03277361228846633,0.05729285151266772,1.8429841999486027
ticker,MU,all,weighted_net,3,60D,all,0,13,1.0,1.0,0.7719046276458016,0.9999999999999999,0.8419596094967882,0.7728928960876618,0.8419596094967882,,,,0.7848471050447023,0.7184878703449693,
ticker,MU,all,weighted_net,3,90D,all,0,9,1.0,1.0,0.6755924351161198,1.0,1.312703444638019,1.3613150494014583,1.312703444638019,,,,1.238194108727469,1.2543702210807908,
ticker,MU,all,weighted_net,30,1D,all,0,5,0.4,0.4,0.11762077423264783,0.769275718723987,-0.012796675104722044,-0.029113312394298152,0.031165247196465684,-0.042104623305513865,0.7401858691462132,0.4934572460974755,-0.013844494685581066,-0.0335989363372351,0.4521505029962475
ticker,MU,all,weighted_net,30,20D,all,0,5,0.6,0.6,0.2307242812760128,0.882379225767352,0.0016052428984471233,0.016429089151968945,0.1902139797814187,-0.28130786242601025,0.676177260532307,1.0142658907984605,0.006082694186978199,0.01188463735404266,1.0552888655568797
ticker,MU,all,weighted_net,30,5D,all,0,5,0.2,0.2,0.03622410863243014,0.6244653702374747,-0.059323525221841214,-0.027850685331000213,0.026654676258992982,-0.08081807559204976,0.32981082590408844,0.08245270647602211,-0.04427676169862917,-0.03008639277271208,0.13792579361978916
ticker,MU,all,weighted_net,30,60D,all,0,5,0.6,0.6,0.2307242812760128,0.882379225767352,-0.10197929495161966,0.10166229221347334,0.3818239112224389,-0.8276841042127075,0.46131598913045396,0.691973983695681,-0.0861486486310817,0.1450553411957911,0.7391425710280101
ticker,MU,all,weighted_net,30,90D,all,0,5,0.6,0.6,0.2307242812760128,0.882379225767352,0.17202943573266016,0.6282113231859547,0.972888524652855,-1.0292591976476322,0.9452318005769469,1.4178477008654202,0.16949608480361683,0.6643463331131554,1.4273919951036464
ticker,MU,all,weighted_net,7,1D,all,0,12,0.5,0.5,0.2537815976337061,0.7462184023662939,-0.0008742425911686114,-0.0007128815721727522,0.029528730376184937,-0.03127721555852216,0.9440971598297914,0.9440971598297915,-0.002124137417126054,-0.0008283764886569678,0.846209200289285
ticker,MU,all,weighted_net,7,20D,all,0,12,0.6666666666666666,0.5833333333333334,0.31951131254954973,0.8067396863412435,0.11600962084940288,0.04953463849299011,0.23121983929022996,-0.11441081603225131,2.020961368067258,4.041922736134516,0.11123966285626065,0.06113459705228613,4.410542977335625
ticker,MU,all,weighted_net,7,5D,all,0,12,0.5833333333333334,0.5,0.2537815976337061,0.7462184023662939,-0.0007651384145911377,0.013784970963447996,0.075038571918878,-0.10689033288144793,0.7020145778954892,0.982820409053685,0.0028322791741761297,0.013052654808472064,1.0727458642027787
ticker,MU,all,weighted_net,7,60D,all,0,12,0.9166666666666666,0.9166666666666666,0.646120088858883,0.9851349055950829,0.6595020005737328,0.7467927856382638,0.8109408962301689,-1.0063258516470643,0.8058432513712066,8.864275765083272,0.6200974212023102,0.6895196881781516,8.703271641270089
ticker,MU,all,weighted_net,7,90D,all,0,9,0.8888888888888888,0.875,0.5291118177871464,0.9775825085499433,1.0113243750403536,1.1494347379239467,1.2340041550866037,-0.7701138653296471,1.6023658456771044,12.818926765416835,0.9355267219283604,1.0535075545686303,10.647244575762507
ticker,NBIS,all,author_net,1,1D,all,0,12,0.3333333333333333,0.3333333333333333,0.13812009109121315,0.6093779111272004,-0.021093623202373336,-0.0225071687503533,0.018299378871430683,-0.04079012423927535,0.44862277849624366,0.22431138924812183,-0.019644703376604327,-0.022281842220090664,0.2521984667926866
ticker,NBIS,all,author_net,1,20D,all,0,8,0.75,0.75,0.40927543031016883,0.9285207872478909,0.22031149757240104,0.28804566237013074,0.3396481959234832,-0.13769859748084562,2.4666060667083376,7.399818200125013,0.19793686167308383,0.24925914410093053,6.863020237129649
ticker,NBIS,all,author_net,1,5D,all,0,11,0.45454545454545453,0.45454545454545453,0.21271271622459764,0.719908462590678,0.007219419938696428,-0.051437593485125443,0.14652201292401937,-0.10886607421573935,1.345892317506163,1.1215769312551358,0.009214572913164087,-0.02613977525463418,1.1675237910599254
ticker,NBIS,all,author_net,3,1D,all,0,15,0.4666666666666667,0.4666666666666667,0.24809535365737387,0.698830199745016,-0.01026489790006042,-0.007260835827513468,0.02217100957268598,-0.038646316938713524,0.57369010371274,0.5019788407486475,-0.010928535941751479,-0.009011436324195321,0.46645053479730647
ticker,NBIS,all,author_net,3,20D,all,0,13,0.7692307692307693,0.7692307692307693,0.49743624053272495,0.9182047128150143,0.19205301660313545,0.23040410519563803,0.29253780413474556,-0.14289627516889822,2.0472038462092623,6.824012820697542,0.1761204661842498,0.2198249951892708,6.561319954081025
ticker,NBIS,all,author_net,3,5D,all,0,14,0.5714285714285714,0.5714285714285714,0.3259064457965074,0.7861920109552588,0.04384025489314852,0.05643138424569916,0.13734256238075107,-0.08082948842365488,1.6991640682035734,2.265552090938098,0.04086615143614404,0.05363600789208445,2.2862926045162837
ticker,NBIS,all,author_net,3,60D,all,0,5,0.8,0.8,0.37553462976252533,0.9637758913675698,0.5500578001915185,0.7590992188798404,0.748016823244605,-0.2417782920208269,3.0938130011282006,12.375252004512802,0.5000615947288672,0.6802164276426121,10.426728827721318
ticker,NBIS,all,author_net,7,1D,all,0,9,0.4444444444444444,0.3333333333333333,0.1205838183869109,0.6457978644196036,-0.015172863393302557,-0.016154154243246843,0.02116243278499541,-0.04424110033594093,0.4783432741116366,0.3826746192893093,-0.016655938615154686,-0.014867381380842759,0.3237642005947733
ticker,NBIS,all,author_net,7,20D,all,0,8,0.75,0.75,0.40927543031016883,0.9285207872478909,0.13198020199531843,0.1519889816786002,0.22754394688169324,-0.15471103266380604,1.4707674233947903,4.412302270184371,0.11350449432012776,0.13391047306156484,3.940813098001429
ticker,NBIS,all,author_net,7,5D,all,0,8,0.375,0.375,0.13684428582359742,0.6942576053973727,0.0031346339128099504,-0.01672378836246652,0.09757341390287788,-0.053528634081230805,1.8228265222461724,1.0936959133477033,-0.0036365426260992068,-0.027714237382901574,0.8969851952399647
ticker,NBIS,all,author_net,7,60D,all,0,8,0.75,0.75,0.40927543031016883,0.9285207872478909,0.4952239518599209,0.49876127921024915,0.7034044544528726,-0.12931755591893435,5.439357784443573,16.318073353330718,0.44323630462322144,0.4159131292398986,13.922216248755456
ticker,NBIS,all,author_net,7,90D,all,0,5,1.0,1.0,0.5655175352168251,1.0,0.9670966516862975,1.1699793689931064,0.9670966516862975,,,,0.9143879688495865,1.0777664345452402,
ticker,NBIS,all,weighted_net,1,1D,all,0,12,0.3333333333333333,0.3333333333333333,0.13812009109121315,0.6093779111272004,-0.021093623202373336,-0.0225071687503533,0.018299378871430683,-0.04079012423927535,0.44862277849624366,0.22431138924812183,-0.019644703376604327,-0.022281842220090664,0.2521984667926866
ticker,NBIS,all,weighted_net,1,20D,all,0,8,0.75,0.75,0.40927543031016883,0.9285207872478909,0.22031149757240104,0.28804566237013074,0.3396481959234832,-0.13769859748084562,2.4666060667083376,7.399818200125013,0.19793686167308383,0.24925914410093053,6.863020237129649
ticker,NBIS,all,weighted_net,1,5D,all,0,11,0.45454545454545453,0.45454545454545453,0.21271271622459764,0.719908462590678,0.007219419938696428,-0.051437593485125443,0.14652201292401937,-0.10886607421573935,1.345892317506163,1.1215769312551358,0.009214572913164087,-0.02613977525463418,1.1675237910599254
ticker,NBIS,all,weighted_net,3,1D,all,0,14,0.42857142857142855,0.42857142857142855,0.21380798904474121,0.6740935542034926,-0.01329722266671817,-0.011707495035380155,0.0205015696959423,-0.038646316938713524,0.5304922000317468,0.3978691500238101,-0.013725152242781155,-0.01193940885251904,0.3745873647247872
ticker,NBIS,all,weighted_net,3,20D,all,0,13,0.7692307692307693,0.7692307692307693,0.49743624053272495,0.9182047128150143,0.19205301660313545,0.23040410519563803,0.29253780413474556,-0.14289627516889822,2.0472038462092623,6.824012820697542,0.1761204661842498,0.2198249951892708,6.561319954081025
ticker,NBIS,all,weighted_net,3,5D,all,0,13,0.5384615384615384,0.5384615384615384,0.29143795714506004,0.7679393219046169,0.03754987626860424,0.0480208333333334,0.13901790314768347,-0.08082948842365488,1.719890919252678,2.0065394057947907,0.03358375008978547,0.044712690892071416,1.9815683327608276
ticker,NBIS,all,weighted_net,3,60D,all,0,5,0.8,0.8,0.37553462976252533,0.9637758913675698,0.5500578001915185,0.7590992188798404,0.748016823244605,-0.2417782920208269,3.0938130011282006,12.375252004512802,0.5000615947288672,0.6802164276426121,10.426728827721318
ticker,NBIS,all,weighted_net,7,1D,all,0,9,0.4444444444444444,0.3333333333333333,0.1205838183869109,0.6457978644196036,-0.015172863393302557,-0.016154154243246843,0.02116243278499541,-0.04424110033594093,0.4783432741116366,0.3826746192893093,-0.016655938615154686,-0.014867381380842759,0.3237642005947733
ticker,NBIS,all,weighted_net,7,20D,all,0,8,0.75,0.75,0.40927543031016883,0.9285207872478909,0.13198020199531843,0.1519889816786002,0.22754394688169324,-0.15471103266380604,1.4707674233947903,4.412302270184371,0.11350449432012776,0.13391047306156484,3.940813098001429
ticker,NBIS,all,weighted_net,7,5D,all,0,8,0.375,0.375,0.13684428582359742,0.6942576053973727,0.0031346339128099504,-0.01672378836246652,0.09757341390287788,-0.053528634081230805,1.8228265222461724,1.0936959133477033,-0.0036365426260992068,-0.027714237382901574,0.8969851952399647
ticker,NBIS,all,weighted_net,7,60D,all,0,8,0.75,0.75,0.40927543031016883,0.9285207872478909,0.4952239518599209,0.49876127921024915,0.7034044544528726,-0.12931755591893435,5.439357784443573,16.318073353330718,0.44323630462322144,0.4159131292398986,13.922216248755456
ticker,NBIS,all,weighted_net,7,90D,all,0,5,1.0,1.0,0.5655175352168251,1.0,0.9670966516862975,1.1699793689931064,0.9670966516862975,,,,0.9143879688495865,1.0777664345452402,
ticker,NFLX,all,author_net,90,1D,all,0,5,0.8,0.8,0.37553462976252533,0.9637758913675698,0.011854848558636588,0.011811163368533162,0.017249192116255085,-0.009722525671837401,1.7741472430584249,7.096588972233699,0.009500094071545973,0.012371927953985118,4.091948236813232
ticker,NFLX,all,author_net,90,5D,all,0,5,0.4,0.6,0.2307242812760128,0.882379225767352,-0.010830583971248498,-0.013153185397279832,0.03032586378573021,-0.038268215809234306,0.7924556487530948,0.5283037658353966,-0.0040249454383940895,0.007848358833913771,0.7862728227366217
ticker,NFLX,all,weighted_net,30,1D,all,0,10,0.5,0.6,0.31267376973365824,0.8318196702937638,0.0006487378069712446,-0.00034812058005911917,0.014358881973140836,-0.013061406359198346,1.0993365934923813,1.0993365934923813,0.0010377719927177841,0.004130666633746727,1.1940056208690026
ticker,NFLX,all,weighted_net,30,20D,all,0,6,0.3333333333333333,0.3333333333333333,0.09677141110578041,0.700006684861608,-0.03717680967315934,-0.08926835878820027,0.09792342918593866,-0.10472692910270834,0.9350358119438668,0.4675179059719334,-0.04590636535747342,-0.10515670582276426,0.436314596202011
ticker,NFLX,all,weighted_net,30,5D,all,0,8,0.375,0.5,0.21521606221387757,0.7847839377861224,-0.0035951838751050874,-0.009346760126341558,0.029332181168510923,-0.023351602901274693,1.2561099678048127,0.7536659806828875,-0.0005511868098552475,-0.0024158550649679422,0.9627409517339244
ticker,NFLX,all,weighted_net,30,60D,all,0,5,0.4,0.6,0.2307242812760128,0.882379225767352,-0.044798263415351335,-0.006945906125026324,0.14641081942933593,-0.1722709853118095,0.8498867012592584,0.5665911341728389,-0.062354300011169504,0.003104270970605394,0.44907942890858776
ticker,NFLX,all,weighted_net,30,90D,all,0,5,0.2,0.2,0.03622410863243014,0.6244653702374747,-0.03720167164801273,-0.05103117505995203,0.12450084302067621,-0.07762730031518497,1.6038280671255307,0.4009570167813827,-0.04868218644664433,-0.08066747024239207,0.3812183334130606
ticker,NFLX,all,weighted_net,90,1D,all,0,9,0.3333333333333333,0.4444444444444444,0.18877852109766452,0.733348706504507,-0.0032203730375691565,-0.0014230534661515692,0.015423682785252746,-0.012542400948980107,1.2297233080008443,0.6148616540004221,-0.005299036581619713,-0.002178781086007331,0.481057727180814
ticker,NFLX,all,weighted_net,90,20D,all,0,7,0.42857142857142855,0.5714285714285714,0.2504583645276572,0.8417801447485302,-0.020006540422854498,-0.03166336839912531,0.09064122822055087,-0.10299236690540853,0.8800771449771483,0.6600578587328613,-0.012496695347670774,0.015653709238113267,0.7897626471906539
ticker,NFLX,all,weighted_net,90,5D,all,0,7,0.5714285714285714,0.8571428571428571,0.4868721707256811,0.9743203756552565,0.009651811362212366,0.023506966012955877,0.02702666444535287,-0.013514659415308309,1.9998035921452273,2.6664047895269696,0.01391250514960737,0.01114405927915807,3.8831384831973805
ticker,NFLX,all,weighted_net,90,60D,all,0,7,0.5714285714285714,0.42857142857142855,0.15821985525146975,0.7495416354723428,-0.006997566369451528,0.01686385780823385,0.14733812028672144,-0.21277848191101548,0.6924484043848881,0.9232645391798507,-0.02246731725377014,-0.03482347404344455,0.80846846457269
ticker,NFLX,all,weighted_net,90,90D,all,0,7,0.42857142857142855,0.42857142857142855,0.15821985525146975,0.7495416354723428,-0.028875908847240037,-0.05025125628140714,0.10232366646248803,-0.1272755903295361,0.8039535797677804,0.6029651848258353,-0.045966253916073466,-0.05471649561585068,0.511398110698886
ticker,NVDA,all,author_net,1,1D,all,0,19,0.42105263157894735,0.3888888888888889,0.2030524657216362,0.613809583977621,-0.0006675526869981992,-0.0035947350956753166,0.019707320320009547,-0.015485642146640196,1.2726188641964258,0.9255409921428551,-0.004219542244078593,-0.005627769509028546,0.5370017951970514
ticker,NVDA,all,author_net,1,20D,all,0,15,0.4,0.3333333333333333,0.1517632443971473,0.5828645226148023,-0.00748786770464079,-0.017310032076097714,0.06276269107531818,-0.05432157355794677,1.155391623704843,0.7702610824698953,-0.02202315934999697,-0.01791371259314256,0.36251509969670365
ticker,NVDA,all,author_net,1,5D,all,0,19,0.42105263157894735,0.3125,0.14164643854782039,0.5559564416525933,-0.006537324415326156,-0.0015716893125127251,0.03260364967002012,-0.035003487386487085,0.9314400393889494,0.6774109377374177,-0.017778723098595732,-0.023030292351272075,0.3215587120338506
ticker,NVDA,all,author_net,1,60D,all,0,10,0.6,0.4,0.16818032970623614,0.6873262302663417,0.05117707486884924,0.03709088743878142,0.1139782335992897,-0.04302466322681145,2.6491371471854426,3.9737057207781636,0.005403728754009895,-0.007699675400658745,1.2556490269708978
ticker,NVDA,all,author_net,1,90D,all,0,8,0.875,0.625,0.30574239460262737,0.8631557141764026,0.08109112750245233,0.08109839993092582,0.10598987392989434,-0.09320009748964175,1.1372292174015595,7.960604521810916,0.02552284317265767,0.032127286349373896,2.5014646930281037
ticker,NVDA,all,author_net,3,1D,all,0,30,0.3333333333333333,0.3448275862068966,0.19940718526674994,0.5265489590952386,-0.0034476966699754936,-0.007311691791895669,0.019914255949460724,-0.015128672979693603,1.316325362851755,0.6581626814258775,-0.003117296541379274,-0.00610939366549712,0.6337236832244423
ticker,NVDA,all,author_net,3,20D,all,0,28,0.42857142857142855,0.4444444444444444,0.27585858177023004,0.6268697548677552,0.0030306359702227076,-0.01269062724971054,0.07536797260965598,-0.051222366509352246,1.4713879452620604,1.1035409589465452,-0.009012256544331576,-0.00977677292161161,0.6822532021585477
ticker,NVDA,all,author_net,3,5D,all,0,30,0.43333333333333335,0.3793103448275862,0.2268802210080984,0.5599745579401147,-0.005220074439623549,-0.00315821823514828,0.03392178738763543,-0.035152086425174534,0.9650006823874326,0.737941698296272,-0.00880084501903855,-0.0087234447930149,0.559040487096088
ticker,NVDA,all,author_net,3,60D,all,0,22,0.6363636363636364,0.5,0.3072210627372502,0.6927789372627497,0.042545995738369445,0.02213247233738902,0.08978860963236476,-0.04012857857612237,2.2375228034065353,3.915664905961437,0.007896712121295264,-0.00016238571800497592,1.5108353254768054
ticker,NVDA,all,author_net,3,90D,all,0,17,0.6470588235294118,0.625,0.38641040545502714,0.8151876744113636,0.04009437608603744,0.035504922021900365,0.09541916154907876,-0.061334397262871654,1.5557202125933351,2.852153723087781,0.010733282156646748,0.01714801736021787,1.5561421851733337
ticker,NVDA,all,author_net,30,1D,all,0,11,0.7272727272727273,0.7272727272727273,0.43435469882387084,0.902539407099751,0.006640837622948597,0.00987639718493094,0.012214645985151332,-0.008222651342925361,1.4854875241257335,3.961300064335289,0.0038464895477776347,0.007780768727529086,2.27981462512642
ticker,NVDA,all,author_net,30,20D,all,0,11,0.45454545454545453,0.5454545454545454,0.280091537409322,0.7872872837754024,0.004214396763443908,-0.017310032076097714,0.05268399910532171,-0.03617693852145426,1.4562868296353533,1.213572358029461,-0.0003893704950315158,0.017995620803859302,0.9811124341452669
ticker,NVDA,all,author_net,30,5D,all,0,11,0.45454545454545453,0.45454545454545453,0.21271271622459764,0.719908462590678,-0.0034499363444551786,-0.0010796804145974948,0.047360666106463924,-0.04579210505355443,1.0342539625788123,0.8618783021490102,-0.0026372076773098444,-0.01005173886114974,0.8742585868961648
ticker,NVDA,all,author_net,30,60D,all,0,11,0.5454545454545454,0.2727272727272727,0.09746059290024889,0.5656453011761291,0.004702686038601386,5.460601758300321e-05,0.0522234378889637,-0.05232221618183339,0.9981121156541533,1.197734538784984,-0.012856693823681275,-0.01601728422190507,0.5634137871485501
ticker,NVDA,all,author_net,30,90D,all,0,11,0.45454545454545453,0.2727272727272727,0.09746059290024889,0.5656453011761291,-0.014824160485093586,-0.002692631979764437,0.06684249535077944,-0.08287970701498777,0.8065001404830231,0.6720834504025193,-0.023429889876574805,-0.020501108534518586,0.26644732193297854
ticker,NVDA,all,author_net,7,1D,all,0,27,0.37037037037037035,0.38461538461538464,0.22428594435712798,0.5746514991488447,-0.0008680141642714393,-0.008216766115621721,0.019740892306825943,-0.012990900323740487,1.5195938553042427,0.8938787384142605,-0.0026505807321273297,-0.005627769509028546,0.6691852439712002
ticker,NVDA,all,author_net,7,20D,all,0,24,0.5416666666666666,0.5416666666666666,0.3507486535891948,0.72108666268789,0.02232987518966419,0.005312868402399529,0.08583404971937679,-0.05272051289090524,1.6280958779174535,1.9241133102660812,0.006884163748627446,0.001611853993231327,1.3050420367212636
ticker,NVDA,all,author_net,7,5D,all,0,27,0.48148148148148145,0.4230769230769231,0.2554444331365656,0.6105138625340828,-0.0030533734868343006,-0.0010796804145974948,0.03762076885695859,-0.0408222199489277,0.9215757718229334,0.8557489309784381,-0.00722594607029217,-0.011284689947865634,0.6372508770612083
ticker,NVDA,all,author_net,7,60D,all,0,23,0.6521739130434783,0.43478260869565216,0.25634635325674215,0.6318862491498354,0.03441022386906245,0.013025163507371706,0.07541012757777385,-0.042464595584771406,1.775835293832807,3.3296911759365133,0.003767960192016997,-0.0044420882718392285,1.2127125087008037
ticker,NVDA,all,author_net,7,90D,all,0,18,0.6666666666666666,0.5882352941176471,0.3600544264299978,0.7838894320978518,0.03907799859597232,0.03591026031675759,0.09511871280258072,-0.07300342981724446,1.3029348489611965,2.6058696979223925,0.012088032997687811,0.014427985438049795,1.5693263999232607
ticker,NVDA,all,author_net,90,1D,all,0,8,0.625,0.625,0.30574239460262737,0.8631557141764026,0.004313811092505851,0.007498362442951878,0.011835688553764578,-0.008222651342925361,1.4394005120924673,2.399000853487445,0.0008268908739045705,0.002943458558503309,1.2000912110378792
ticker,NVDA,all,author_net,90,20D,all,0,8,0.5,0.625,0.30574239460262737,0.8631557141764026,0.017300322690754807,0.008526528025215585,0.06383299062855724,-0.029232345247047625,2.1836424716899567,2.1836424716899567,0.010919120518664463,0.02476501362386202,1.789039371959002
ticker,NVDA,all,author_net,90,5D,all,0,8,0.5,0.5,0.21521606221387757,0.7847839377861224,0.004086834398680031,0.004921842673738908,0.04572077761244714,-0.03754710881508708,1.217691030156648,1.217691030156648,0.001603351855962623,-0.003920236274390143,1.0927746791760466
ticker,NVDA,all,author_net,90,60D,all,0,8,0.5,0.25,0.071479212752109,0.5907245696898311,-0.004221587103647784,-0.00047042954291737216,0.023338043926241725,-0.03178121813353729,0.7343344684958484,0.7343344684958484,-0.022828819460611632,-0.019427436326431513,0.22524668274849557
ticker,NVDA,all,author_net,90,90D,all,0,8,0.5,0.375,0.13684428582359742,0.6942576053973727,0.009208276103369897,0.011609848985285054,0.06430965288861185,-0.04589310068187205,1.4012923932597652,1.4012923932597652,-0.012881371990074775,-0.015181708976356179,0.4760087355856371
ticker,NVDA,all,author_net_shift,3,1D,all,0,5,0.4,0.3333333333333333,0.06149194472039621,0.7923403991979522,-0.005228746324442058,-0.008216766115621721,0.011534210288108526,-0.016404050732809112,0.7031318346900376,0.468754556460025,-0.00042092452331636093,-0.0007916257875555388,0.9250913436510484
ticker,NVDA,all,author_net_shift,30,1D,all,0,9,0.2222222222222222,0.2222222222222222,0.06322510711784671,0.5474110308930111,-0.005297742377084358,-0.008048289738430525,0.026134983588202987,-0.014278521224309313,1.8303704688765625,0.5229629911075893,-0.006558080670773212,-0.008369237409371677,0.41052475055940774
ticker,NVDA,all,author_net_shift,30,20D,all,0,9,0.5555555555555556,0.6666666666666666,0.3542021355803963,0.879416181613089,-0.003025090589930884,0.02114736900226366,0.040668859359035615,-0.057642528026139006,0.7055356652746669,0.8819195815933336,-0.00038884827060480117,0.010989995097559824,0.982684452625652
ticker,NVDA,all,author_net_shift,30,5D,all,0,9,0.4444444444444444,0.4444444444444444,0.18877852109766452,0.733348706504507,-0.0030845663217835056,-0.01609657947686105,0.029772897867930886,-0.02937053767355502,1.013699449388635,0.810959559510908,-0.007038301671213714,-0.021483285706821786,0.5956683070190083
ticker,NVDA,all,author_net_shift,30,60D,all,0,8,0.5,0.5,0.21521606221387757,0.7847839377861224,0.01827552618728799,0.011271741133602298,0.0815199595025341,-0.04496890712795812,1.8128072196767135,1.8128072196767135,0.013125571576884959,0.019135547753953763,1.5853306805581786
ticker,NVDA,all,author_net_shift,30,90D,all,0,8,0.75,0.7142857142857143,0.35893445183261935,0.9177810759959433,0.02790404974242651,0.08009694428635727,0.08917810941612929,-0.15591812927868182,0.5719547164187425,1.7158641492562274,0.011355126151773556,0.055015135082743694,1.3938996433044957
ticker,NVDA,all,author_net_shift,7,1D,all,0,16,0.5,0.4,0.1982449614134158,0.6425316987937539,0.0010416732477082566,-3.347231082839741e-05,0.014762023963675153,-0.01267867746825864,1.1643189126493847,1.1643189126493847,0.0035415671198375594,-0.002654475582738458,2.2506835452245815
ticker,NVDA,all,author_net_shift,7,20D,all,0,12,0.5,0.5,0.2537815976337061,0.7462184023662939,0.006317452342157387,-0.014577995002060029,0.08252875758000718,-0.0698938528956924,1.1807727598472895,1.1807727598472895,-0.004480007390969432,0.0006474726686370169,0.8542626437688631
ticker,NVDA,all,author_net_shift,7,5D,all,0,15,0.4666666666666667,0.5,0.26799202452413634,0.7320079754758637,-0.0063088298689823056,-0.016447757661814943,0.0355656846444541,-0.042949030068239163,0.8280905200407529,0.7245792050356589,-0.00595259675293941,-0.005198292708407881,0.6551553049073822
ticker,NVDA,all,author_net_shift,7,60D,all,0,9,0.5555555555555556,0.4444444444444444,0.18877852109766452,0.733348706504507,0.024007106207829358,0.0009740786839114168,0.10246136066670679,-0.07406071186576743,1.383477934325214,1.7293474179065176,0.010118702381909225,-0.015452804090648975,1.679098860398442
ticker,NVDA,all,author_net_shift,90,1D,all,0,5,0.6,0.4,0.11762077423264783,0.769275718723987,0.004556241465054778,0.000838926174496768,0.019111933082079702,-0.017277295960482608,1.1061877463807621,1.6592816195711433,0.0021488558241982147,-0.0007916257875555388,1.4194346342553734
ticker,NVDA,all,weighted_net,1,1D,all,0,19,0.3684210526315789,0.3684210526315789,0.19149512745135072,0.5896046683519693,-0.003557817996192317,-0.0064066174681696175,0.015979241316056752,-0.014954435928337608,1.0685285217463274,0.6233083043520244,-0.004261853520349637,-0.0050651670643384605,0.5210459386451946
ticker,NVDA,all,weighted_net,1,20D,all,0,16,0.4375,0.375,0.18481232558863633,0.6135895945449727,0.0017263512137205075,-0.011901135339034918,0.07378796877729273,-0.05432157355794677,1.3583547740674422,1.0564981576080106,-0.016845817267206006,-0.013845242757377085,0.4798709742256801
ticker,NVDA,all,weighted_net,1,5D,all,0,19,0.3684210526315789,0.29411764705882354,0.1327998961029523,0.5313311006653985,-0.013909589885500045,-0.0018174589651842599,0.02509671858998741,-0.03666326982953439,0.684519376113326,0.39930296939944016,-0.01782003258046619,-0.018480984290393465,0.30798357042365526
ticker,NVDA,all,weighted_net,1,60D,all,0,11,0.6363636363636364,0.45454545454545453,0.21271271622459764,0.719908462590678,0.061990262646151144,0.055989159891598916,0.12199879171641548,-0.04302466322681145,2.835554832196575,4.962220956344006,0.007632870606077596,-0.0062307196389418396,1.3972200744142727
ticker,NVDA,all,weighted_net,1,90D,all,0,8,0.875,0.625,0.30574239460262737,0.8631557141764026,0.08109112750245233,0.08109839993092582,0.10598987392989434,-0.09320009748964175,1.1372292174015595,7.960604521810916,0.02552284317265767,0.032127286349373896,2.5014646930281037
ticker,NVDA,all,weighted_net,3,1D,all,0,34,0.3235294117647059,0.3125,0.17952541633609734,0.4856667830095541,-0.0035601864981691478,-0.008697514596388733,0.0218246300807475,-0.015700750948955372,1.3900373397235226,0.6648004668242935,-0.003966193872755212,-0.006149882809607876,0.5291049159648872
ticker,NVDA,all,weighted_net,3,20D,all,0,30,0.4666666666666667,0.4482758620689655,0.28413168023037194,0.6245203678902909,0.0010412458314953855,-0.01269062724971054,0.07530905602490821,-0.06394308808774084,1.1777513141306426,1.0305323998643123,-0.007276299839625706,-0.00977677292161161,0.732988436433805
ticker,NVDA,all,weighted_net,3,5D,all,0,34,0.4117647058823529,0.375,0.22933887309454212,0.5474559264692255,-0.0074756680878155304,-0.0041314054988064175,0.038597431731479566,-0.0397268379613221,0.9715706991091987,0.6800994893764392,-0.011444901867449522,-0.00938759182708232,0.4682396005918872
ticker,NVDA,all,weighted_net,3,60D,all,0,24,0.625,0.5,0.3142742581957335,0.6857257418042665,0.03459742430063783,0.02213247233738902,0.09440984326935421,-0.06508994064722279,1.4504521333187361,2.4174202221978938,0.013055849901051986,-0.00016238571800497592,1.9955740678469325
ticker,NVDA,all,weighted_net,3,90D,all,0,17,0.7058823529411765,0.625,0.38641040545502714,0.8151876744113636,0.04736836614755663,0.035504922021900365,0.08965251537003104,-0.05411359198638195,1.6567467077881781,3.9761920986916275,0.01173042730666092,0.01714801736021787,1.6328019757820675
ticker,NVDA,all,weighted_net,7,1D,all,0,19,0.42105263157894735,0.3157894736842105,0.1536437908779228,0.5398959232467253,0.00023892817728318603,-0.0064066174681696175,0.017902494195273927,-0.012607301653982807,1.4200099820422953,1.0327345323943966,-0.0014821363357983826,-0.0050651670643384605,0.7855440422364683
ticker,NVDA,all,weighted_net,7,20D,all,0,19,0.5789473684210527,0.47368421052631576,0.2732980516117956,0.6829219075488682,0.010229861336766066,0.0036819255921305416,0.05391206942069344,-0.04983317477863407,1.0818509890284613,1.4875451099141341,-0.0003304877169311978,-0.003187524851833823,0.9832166448675405
ticker,NVDA,all,weighted_net,7,5D,all,0,19,0.47368421052631576,0.5263157894736842,0.3170780924511316,0.7267019483882042,0.006938563692713991,-0.0006594493597845696,0.051035149792432316,-0.0327483637970325,1.5584030429348315,1.4025627386413482,0.002251737942599626,0.0039001858693972213,1.1346355535588781
ticker,NVDA,all,weighted_net,7,60D,all,0,18,0.6111111111111112,0.3333333333333333,0.1627877475083369,0.5625053270405489,0.025945082977690492,0.011779484920935945,0.0656069257014521,-0.036380669873934894,1.8033457308177963,2.8338290055708226,0.0017961637408154818,-0.007699675400658745,1.1062896759501686
ticker,NVDA,all,weighted_net,7,90D,all,0,16,0.75,0.625,0.38641040545502714,0.8151876744113636,0.0544973219675209,0.06548742252196815,0.09336320112164744,-0.06210031549485873,1.503425552312644,4.510276656937933,0.01433949616835628,0.020401686967360333,1.700918882589981
ticker,ORCL,all,author_net,3,1D,all,0,6,0.3333333333333333,0.5,0.1876163064826506,0.8123836935173494,0.007662595713250175,-0.0041966780698329265,0.05885902128106879,-0.017935617070659132,3.281683649310078,1.640841824655039,0.007687897763878275,-0.002743126726609868,1.7510121757450452
ticker,ORCL,all,author_net,3,5D,all,0,5,0.0,0.0,0.0,0.43448246478317476,-0.08304257304980696,-0.08321026633396145,,-0.08304257304980696,,,-0.06805569053685064,-0.06620865336042303,
ticker,ORCL,all,author_net,30,1D,all,0,6,0.3333333333333333,0.3333333333333333,0.09677141110578041,0.700006684861608,-0.008754590568955964,-0.01651933265684502,0.01607034173196764,-0.021167056719417765,0.7592147526691979,0.37960737633459896,-0.005857651001092441,-0.013133170519752435,0.532964470716147
ticker,ORCL,all,author_net,30,20D,all,0,6,0.3333333333333333,0.3333333333333333,0.09677141110578041,0.700006684861608,-0.07015350743384664,-0.13052968432646989,0.15870938996516754,-0.18458495613335374,0.8598175782565273,0.42990878912826364,-0.07576034670791049,-0.13503175463720246,0.40760761085583774
ticker,ORCL,all,author_net,30,5D,all,0,6,0.16666666666666666,0.16666666666666666,0.030053369748306635,0.5635028221864702,-0.05593874094645759,-0.0761738239798011,0.07365694595407146,-0.0818578783265634,0.8998149898318256,0.17996299796636514,-0.05206056307207332,-0.07551320201728179,0.21128633485559872
ticker,ORCL,all,author_net,30,60D,all,0,5,0.2,0.2,0.03622410863243014,0.6244653702374747,-0.20520340652373284,-0.3275121951219512,0.2593140769177402,-0.32133277738410104,0.8069954115131319,0.20174885287828298,-0.1998715522686331,-0.3051107227787111,0.22431666449401474
ticker,ORCL,all,author_net,30,90D,all,0,5,0.2,0.2,0.03622410863243014,0.6244653702374747,-0.170269716151548,-0.126968803983335,0.3580166971161629,-0.30234131946847576,1.1841474322648522,0.29603685806621305,-0.2191578474678491,-0.18064310289844432,0.22190993339602438
ticker,ORCL,all,author_net,90,1D,all,0,8,0.25,0.25,0.071479212752109,0.5907245696898311,-0.0024309419396047888,-0.0030414612770628957,0.022778689253420747,-0.010834152337279968,2.1024892898210426,0.7008297632736809,-0.0027249303482892034,-0.005538446323283985,0.6245564046987799
ticker,ORCL,all,author_net,90,20D,all,0,8,0.5,0.5,0.21521606221387757,0.7847839377861224,-0.009249895177317308,0.011358365588016395,0.11324879811461769,-0.1317485884692523,0.8595826295402617,0.8595826295402617,-0.011196511605206586,0.004761144902684311,0.8300775152761455
ticker,ORCL,all,author_net,90,5D,all,0,8,0.375,0.375,0.13684428582359742,0.6942576053973727,-0.010671906351454943,-0.024099020901642787,0.09227522368733942,-0.07244018437473157,1.2738126563842191,0.7642875938305316,-0.009708361196592422,-0.012138044670561954,0.7636184371578789
ticker,ORCL,all,author_net,90,60D,all,0,7,0.42857142857142855,0.42857142857142855,0.15821985525146975,0.7495416354723428,-0.04523215992146307,-0.15470816294014555,0.28584140604974406,-0.2935373343998684,0.9737821140678459,0.7303365855508844,-0.06390939384343237,-0.12600923914978757,0.608121949631071
ticker,ORCL,all,author_net,90,90D,all,0,6,0.16666666666666666,0.16666666666666666,0.030053369748306635,0.5635028221864702,-0.14168723558897614,-0.1033431305486806,0.3112718204488778,-0.23227904679654693,1.3400770527593933,0.26801541055187866,-0.1802030323947319,-0.15074200894140022,0.2240696992132701
ticker,ORCL,all,weighted_net,3,1D,all,0,6,0.3333333333333333,0.5,0.1876163064826506,0.8123836935173494,0.007662595713250175,-0.0041966780698329265,0.05885902128106879,-0.017935617070659132,3.281683649310078,1.640841824655039,0.007687897763878275,-0.002743126726609868,1.7510121757450452
ticker,ORCL,all,weighted_net,3,5D,all,0,5,0.0,0.0,0.0,0.43448246478317476,-0.08304257304980696,-0.08321026633396145,,-0.08304257304980696,,,-0.06805569053685064,-0.06620865336042303,
ticker,ORCL,all,weighted_net,30,1D,all,0,5,0.4,0.4,0.11762077423264783,0.769275718723987,-0.002718078755816622,-0.007561523303240003,0.022800345544068956,-0.019730361622407006,1.155596941425315,0.7703979609502101,3.504256702318021e-05,-0.01357914313301467,1.003172802952547
ticker,ORCL,all,weighted_net,30,20D,all,0,5,0.6,0.6,0.2307242812760128,0.882379225767352,-0.0021935407602257763,0.04824038982133194,0.13025671481034917,-0.2008689241160882,0.6484662343044656,0.9726993514566984,-0.014514387593211841,0.03185418779845306,0.83256812410748
ticker,ORCL,all,weighted_net,30,5D,all,0,5,0.4,0.4,0.11762077423264783,0.769275718723987,-0.02328624507351147,-0.04455968984441894,0.0816001866046644,-0.09321053285896204,0.8754395463883314,0.5836263642588876,-0.02947905365626722,-0.05443656896828797,0.4853849664332089
ticker,ORCL,all,weighted_net,7,1D,all,0,7,0.42857142857142855,0.5714285714285714,0.2504583645276572,0.8417801447485302,0.0035965043191910706,-0.003636856490998208,0.036985534905379445,-0.02144526862045021,1.7246477794225454,1.293485834566909,0.000781289950271031,0.0006743044638657381,1.062032902601585
ticker,ORCL,all,weighted_net,7,20D,all,0,6,0.3333333333333333,0.3333333333333333,0.09677141110578041,0.700006684861608,-0.07359918930914351,-0.07611523191468139,0.0971318733008591,-0.15896472061414482,0.6110278615632418,0.3055139307816209,-0.06483966603014397,-0.06810022544656225,0.36057748268207035
ticker,ORCL,all,weighted_net,7,5D,all,0,6,0.16666666666666666,0.16666666666666666,0.030053369748306635,0.5635028221864702,-0.041118770508787816,-0.049167196232869026,0.07365694595407146,-0.06407391380135967,1.1495621475913094,0.22991242951826188,-0.033719033317326695,-0.042244956694216684,0.2925888111407185
ticker,PL,all,author_net,90,1D,all,0,5,0.8,0.8,0.37553462976252533,0.9637758913675698,0.011688880529147716,0.01612509161983877,0.023560072481693617,-0.03579588728103589,0.6581781950736945,2.632712780294778,0.01104906095884257,0.017554090776048747,2.657882500274648
ticker,PL,all,author_net,90,5D,all,0,5,0.8,0.8,0.37553462976252533,0.9637758913675698,0.08953997318941101,0.06626047220106623,0.12195490660652422,-0.040119760479041866,3.039771552729787,12.159086210919147,0.08082825974590244,0.09201210054942488,8.818127921477089
ticker,PLTR,all,author_net,1,1D,all,0,12,0.6666666666666666,0.75,0.46769466506643426,0.9110583316059453,-0.0034302338639770245,0.01031588270047945,0.016524496918197684,-0.04333969542832644,0.3812785658709872,0.7625571317419744,-0.001369609336890426,0.010986848256094528,0.8723265973424512
ticker,PLTR,all,author_net,1,20D,all,0,11,0.36363636363636365,0.36363636363636365,0.15166471095367573,0.6461988254921511,-0.004010544782718168,-0.01372043246803123,0.09558218356454296,-0.06092067526686738,1.5689613279209127,0.8965493302405216,-0.008214473550499757,-0.010653741755337176,0.7743727588183189
ticker,PLTR,all,author_net,1,5D,all,0,11,0.36363636363636365,0.2727272727272727,0.09746059290024889,0.5656453011761291,-0.02633834759735146,-0.020962882236040814,0.0368161578606091,-0.062426636430471784,0.5897507853336519,0.33700044876208685,-0.025720921554539634,-0.020584232666070013,0.3092849681240339
ticker,PLTR,all,author_net,1,60D,all,0,9,0.1111111111111111,0.1111111111111111,0.019890887638544907,0.434999705576656,-0.14770517860761678,-0.16407149348682226,0.07086918155746735,-0.1750269736282523,0.40490434181870505,0.05061304272733813,-0.1719178231482546,-0.18614816575524695,0.018920163431958556
ticker,PLTR,all,author_net,1,90D,all,0,8,0.0,0.0,0.0,0.32440756488388023,-0.18321839665387174,-0.19950394580412723,,-0.18321839665387174,,,-0.19877126678476184,-0.22627649974565944,
ticker,PLTR,all,author_net,3,1D,all,0,16,0.5,0.375,0.18481232558863633,0.6135895945449727,-0.01431516292604234,-0.0024788427496599263,0.013352587235427038,-0.04198291308751172,0.31804813562112993,0.31804813562112993,-0.014426874318380183,-0.0025667633607046603,0.2513459804624304
ticker,PLTR,all,author_net,3,20D,all,0,13,0.3076923076923077,0.23076923076923078,0.08179528718498569,0.5025637594672749,-0.05066671513949095,-0.03822711010997759,0.04696725959962461,-0.09405959280132009,0.4993351363835103,0.22192672728156015,-0.05898508560668535,-0.052590109557663633,0.1413673374924006
ticker,PLTR,all,author_net,3,5D,all,0,14,0.42857142857142855,0.2857142857142857,0.11721378644576919,0.5464908432989318,-0.014799390223525595,-0.01801717889707921,0.03156217576176553,-0.049570564712493936,0.6367120476602215,0.47753403574516606,-0.016010112577447493,-0.014362355184632636,0.3570374277338894
ticker,PLTR,all,author_net,3,60D,all,0,11,0.09090909090909091,0.09090909090909091,0.016232172885884855,0.37735843645159567,-0.1317258459459039,-0.15224268444243594,0.07086918155746735,-0.15198534869624103,0.4662895612333462,0.04662895612333462,-0.15675203928231693,-0.17052479368137485,0.01701087967745462
ticker,PLTR,all,author_net,3,90D,all,0,9,0.0,0.0,0.0,0.2991450484195441,-0.1927002294193838,-0.20242153520630068,,-0.1927002294193838,,,-0.2180572865642462,-0.21218481652626497,
ticker,PLTR,all,author_net,30,1D,all,0,7,0.7142857142857143,0.7142857142857143,0.35893445183261935,0.9177810759959433,0.0061149093460219585,0.010412348508864078,0.02012000486023826,-0.028897829439518796,0.6962462319998141,1.740615579999535,0.005539354386173875,0.013810484638488996,1.6389685460002397
ticker,PLTR,all,author_net,30,20D,all,0,5,0.2,0.2,0.03622410863243014,0.6244653702374747,-0.13244527892451524,-0.18315491721329447,0.05698960777740547,-0.1798040005999954,0.3169540587930997,0.07923851469827492,-0.14472763580263265,-0.17527940858669566,0.031240678051471932
ticker,PLTR,all,author_net,30,5D,all,0,5,0.4,0.2,0.03622410863243014,0.6244653702374747,-0.04373446199729421,-0.03887078091749041,0.03509156895940735,-0.09628514930176191,0.3644546351528087,0.24296975676853913,-0.04540405953654787,-0.041106488359202276,0.19337473160506793
ticker,PLTR,all,author_net,30,60D,all,0,5,0.2,0.2,0.03622410863243014,0.6244653702374747,-0.09673403215476795,-0.08872701218055878,0.08464632919879311,-0.1420791224931582,0.5957689470025355,0.14894223675063387,-0.1189084075317054,-0.1132595541725494,0.07310162612133717
ticker,PLTR,all,author_net,7,1D,all,0,13,0.3076923076923077,0.23076923076923078,0.08179528718498569,0.5025637594672749,-0.021567774977940542,-0.006924558754620613,0.01814063792056081,-0.039215958488385584,0.4625830559753739,0.2055924693223884,-0.018977332872262057,-0.005637785892216529,0.18211700579738038
ticker,PLTR,all,author_net,7,20D,all,0,11,0.36363636363636365,0.2727272727272727,0.09746059290024889,0.5656453011761291,-0.056849249947892845,-0.037951150714789494,0.061893575119211786,-0.1247022928433812,0.49633069054268714,0.2836175374529641,-0.06280342808736798,-0.010653741755337176,0.16844817747080545
ticker,PLTR,all,author_net,7,5D,all,0,12,0.4166666666666667,0.3333333333333333,0.13812009109121315,0.6093779111272004,-0.02238397858981081,-0.01801717889707921,0.0426696761498381,-0.06885087483241717,0.6197405080719158,0.44267179147993985,-0.02622312912876477,-0.02027772034298919,0.3273358807586698
ticker,PLTR,all,author_net,7,60D,all,0,8,0.25,0.125,0.02241749145005667,0.4708881822128535,-0.10466090606151669,-0.11774425135888172,0.048394148410106363,-0.15567925755205772,0.31085803703761755,0.10361934567920586,-0.14790688433178495,-0.1673863249968428,0.03811722339565576
ticker,PLTR,all,author_net,7,90D,all,0,6,0.0,0.0,2.7755575615628914e-17,0.3903342879021653,-0.18965528171987275,-0.19488596309227219,,-0.18965528171987275,,,-0.20529521060260417,-0.20861622621953618,
ticker,PLTR,all,author_net_shift,30,1D,all,0,11,0.45454545454545453,0.45454545454545453,0.21271271622459764,0.719908462590678,-0.0017908790375480736,-0.005432877672625347,0.030144044503546397,-0.028403315321793465,1.0612861267085005,0.8844051055904172,0.0007470452469516225,-0.002740766429732089,1.0563952042371738
ticker,PLTR,all,author_net_shift,30,20D,all,0,9,0.5555555555555556,0.5555555555555556,0.26665129349549305,0.8112214789023355,0.03449555159286396,0.04020947666702546,0.11205498115798666,-0.06245373536353943,1.7942078324974697,2.2427597906218373,0.044988474007338616,0.06816667371303209,2.4197155316397874
ticker,PLTR,all,author_net_shift,30,5D,all,0,11,0.2727272727272727,0.45454545454545453,0.21271271622459764,0.719908462590678,-0.02382330813929958,-0.01740578174663243,0.04697558291155768,-0.05037289228337105,0.9325567935884658,0.3497087975956747,-0.022427529253348063,-0.003956477021987315,0.35239387596506977
ticker,PLTR,all,author_net_shift,30,60D,all,0,8,0.375,0.375,0.13684428582359742,0.6942576053973727,-0.043784067542174857,-0.10879009737773732,0.13319963483806452,-0.14997428897031848,0.8881498005596556,0.5328898803357933,-0.03578872225112356,-0.13651532784385,0.6553693904931156
ticker,PLTR,all,author_net_shift,30,90D,all,0,6,0.16666666666666666,0.16666666666666666,0.030053369748306635,0.5635028221864702,-0.09380552524873882,-0.15639929910974432,0.25634720951509593,-0.16383607220150578,1.5646567088095749,0.312931341761915,-0.10913634599131299,-0.20547038804901802,0.3401663415976515
ticker,PLTR,all,high_low_divergence,30,1D,all,0,5,0.6,0.6,0.2307242812760128,0.882379225767352,0.015548481374549273,0.01403723902029741,0.030961158669263744,-0.007570534567522436,4.089692530047613,6.13453879507142,0.015321144236732276,0.003668575425827214,13.705227520874551
ticker,PLTR,all,high_low_divergence,30,5D,all,0,5,0.8,0.8,0.37553462976252533,0.9637758913675698,0.034553631612698685,0.022344900105152554,0.048133034530041696,-0.019763980056673347,2.4353917779728524,9.74156711189141,0.032451991838996476,0.017430021484432734,8.495580704758446
ticker,PLTR,all,high_low_divergence,7,1D,all,0,8,0.5,0.5,0.21521606221387757,0.7847839377861224,-0.0007710006488740456,0.00019482295614015044,0.02808496384591222,-0.02962696514366031,0.9479527757814217,0.9479527757814217,-0.0003101701406432872,0.0042920979920077484,0.9784361756329331
ticker,PLTR,all,high_low_divergence,7,5D,all,0,7,0.5714285714285714,0.5714285714285714,0.2504583645276572,0.8417801447485302,0.03184671159243635,0.022344900105152554,0.07728979039545139,-0.02874406014491704,2.688896071250357,3.5851947616671427,0.02413468597467919,0.006566236666764036,2.9630095312201266
ticker,PLTR,all,weighted_net,1,1D,all,0,12,0.6666666666666666,0.75,0.46769466506643426,0.9110583316059453,-0.0034302338639770245,0.01031588270047945,0.016524496918197684,-0.04333969542832644,0.3812785658709872,0.7625571317419744,-0.001369609336890426,0.010986848256094528,0.8723265973424512
ticker,PLTR,all,weighted_net,1,20D,all,0,11,0.36363636363636365,0.36363636363636365,0.15166471095367573,0.6461988254921511,-0.004010544782718168,-0.01372043246803123,0.09558218356454296,-0.06092067526686738,1.5689613279209127,0.8965493302405216,-0.008214473550499757,-0.010653741755337176,0.7743727588183189
ticker,PLTR,all,weighted_net,1,5D,all,0,11,0.36363636363636365,0.2727272727272727,0.09746059290024889,0.5656453011761291,-0.02633834759735146,-0.020962882236040814,0.0368161578606091,-0.062426636430471784,0.5897507853336519,0.33700044876208685,-0.025720921554539634,-0.020584232666070013,0.3092849681240339
ticker,PLTR,all,weighted_net,1,60D,all,0,9,0.1111111111111111,0.1111111111111111,0.019890887638544907,0.434999705576656,-0.14770517860761678,-0.16407149348682226,0.07086918155746735,-0.1750269736282523,0.40490434181870505,0.05061304272733813,-0.1719178231482546,-0.18614816575524695,0.018920163431958556
ticker,PLTR,all,weighted_net,1,90D,all,0,8,0.0,0.0,0.0,0.32440756488388023,-0.18321839665387174,-0.19950394580412723,,-0.18321839665387174,,,-0.19877126678476184,-0.22627649974565944,
ticker,PLTR,all,weighted_net,3,1D,all,0,15,0.4666666666666667,0.3333333333333333,0.1517632443971473,0.5828645226148023,-0.015114514148092803,-0.004317403602798975,0.015219776760982866,-0.04165701869353401,0.36535924169113126,0.31968933647973985,-0.015488837499178058,-0.0028076345315831697,0.24509015815904125
ticker,PLTR,all,weighted_net,3,20D,all,0,12,0.3333333333333333,0.25,0.08894166839405471,0.5323053349335657,-0.04253656243628364,-0.03808913041238354,0.04696725959962461,-0.08728847345423776,0.5380694350697732,0.2690347175348866,-0.05062759285522861,-0.04308835692625368,0.17205267272168273
ticker,PLTR,all,weighted_net,3,5D,all,0,13,0.38461538461538464,0.23076923076923078,0.08179528718498569,0.5025637594672749,-0.022278073467586777,-0.02032022979945769,0.03627102888673277,-0.058871262439036495,0.6161075435454241,0.3850672147158901,-0.023307267630265735,-0.020584232666070013,0.29095210312058
ticker,PLTR,all,weighted_net,3,60D,all,0,10,0.1,0.1,0.017876213095072896,0.4041500267952385,-0.12010815649329273,-0.1495020874898203,0.07086918155746735,-0.14132786072115497,0.5014523052697645,0.055716922807751604,-0.14875204809712395,-0.16291162294153327,0.01966506878865229
ticker,PLTR,all,weighted_net,3,90D,all,0,8,0.0,0.0,0.0,0.32440756488388023,-0.19518337598295543,-0.19488596309227219,,-0.19518337598295543,,,-0.2122681499006419,-0.2175078572363109,
ticker,PLTR,all,weighted_net,30,1D,all,0,5,0.8,0.6,0.2307242812760128,0.882379225767352,0.011071795150329166,0.00946982377052219,0.01626679180351634,-0.009708191462419524,1.6755738560045095,6.702295424018038,0.007776436546396837,0.0029482687092730053,11.81094134670784
ticker,PLTR,all,weighted_net,30,20D,all,0,5,0.8,0.6,0.2307242812760128,0.882379225767352,0.02519836709413561,0.05698960777740547,0.08651542916815869,-0.2200698812019567,0.39312707716129514,1.5725083086451805,0.022669919520472814,0.0233359791891683,1.4168022909632838
ticker,PLTR,all,weighted_net,30,5D,all,0,5,0.8,0.6,0.2307242812760128,0.882379225767352,0.02225065772905055,0.03784787686073665,0.04227174284614896,-0.057833682739343084,0.7309190915036152,2.923676366014461,0.01951234969661062,0.03926676838792731,3.3172450383333323
ticker,PLTR,all,weighted_net,30,60D,all,0,5,0.6,0.6,0.2307242812760128,0.882379225767352,0.047246972811200716,0.08464632919879311,0.1705642738061995,-0.13772897868129746,1.2384051304183585,1.8576076956275378,0.04872701096750025,0.04688970331069009,1.6947927507625449
ticker,PLTR,all,weighted_net,7,1D,all,0,18,0.4444444444444444,0.2777777777777778,0.12499753379553993,0.5087265656029746,-0.014517170573740142,-0.0031449866882525823,0.011506047876267675,-0.03533574533374639,0.3256206362026034,0.2604965089620827,-0.013053890580437167,-0.0028026080863200464,0.25022205767425737
ticker,PLTR,all,weighted_net,7,20D,all,0,15,0.4,0.3333333333333333,0.1517632443971473,0.5828645226148023,-0.05713292242794774,-0.037951150714789494,0.06323828561606772,-0.1373803944572914,0.4603152135782165,0.3068768090521444,-0.06137372020017777,-0.010653741755337176,0.21301543984230975
ticker,PLTR,all,weighted_net,7,5D,all,0,16,0.4375,0.375,0.18481232558863633,0.6135895945449727,-0.022669889405780075,-0.013042249182535548,0.03740678975092756,-0.06939619541655268,0.5390322844990596,0.4192473323881575,-0.025264296541427506,-0.00908044854929646,0.30384243356154234
ticker,PLTR,all,weighted_net,7,60D,all,0,11,0.2727272727272727,0.18181818181818182,0.05136768974608513,0.4769805619608442,-0.0746664397662151,-0.08872701218055878,0.104996451673757,-0.14204002405620464,0.7392032800009267,0.2772012300003475,-0.10102530904541633,-0.1132595541725494,0.20997484272366992
ticker,PLTR,all,weighted_net,7,90D,all,0,9,0.1111111111111111,0.1111111111111111,0.019890887638544907,0.434999705576656,-0.16177097333971746,-0.20242153520630068,0.17947089947089945,-0.20442620744104456,0.8779251042098304,0.1097406380262288,-0.17966855901143602,-0.224876193168983,0.09677998709890712
ticker,QQQ,all,author_net,1,1D,all,0,12,0.5833333333333334,0.5,0.2537815976337061,0.7462184023662939,0.0019299004441259797,0.0020659607143549974,0.00849750347778325,-0.0072647438029942,1.1696907293937828,1.6375670211512963,0.00018637263899557813,0.00030142264765553595,1.157476778400839
ticker,QQQ,all,author_net,1,20D,all,0,11,0.5454545454545454,0.5454545454545454,0.280091537409322,0.7872872837754024,0.005000582333362879,0.0003621160746618557,0.04416909362896615,-0.042001631221361045,1.0516042435633497,1.2619250922760195,0.0014554860588749815,0.0011499110972441606,1.1585966523821665
ticker,QQQ,all,author_net,1,5D,all,0,12,0.4166666666666667,0.5,0.2537815976337061,0.7462184023662939,-0.004789761784461287,-0.0012685542070905997,0.0173401994068763,-0.02059687692113099,0.8418848873678727,0.6013463481199091,-0.0021983762830363276,0.0005165985082143942,0.5705860011028564
ticker,QQQ,all,author_net,1,60D,all,0,10,0.4,0.4,0.16818032970623614,0.6873262302663417,0.03208865592503539,-0.008259359587669324,0.14618311576086757,-0.043974317298852726,3.3242839170736014,2.2161892780490677,0.01212770047543551,-0.005434143103159483,1.7897356263556659
ticker,QQQ,all,author_net,1,90D,all,0,7,0.5714285714285714,0.42857142857142855,0.15821985525146975,0.7495416354723428,0.037441464593256826,0.01912049048933251,0.09932422031791555,-0.04506887637295479,2.203831741798618,2.9384423223981573,0.017564218453071195,-0.008090776344979567,2.601805982206052
ticker,QQQ,all,author_net,3,1D,all,0,31,0.5161290322580645,0.45161290322580644,0.29161735980520015,0.6222783236264549,0.00136700903261221,0.0012511305396443184,0.009400273253410474,-0.007201806136239271,1.305266078478367,1.3922838170435916,-0.000629292059065002,-0.00022433478304517696,0.6861274121887525
ticker,QQQ,all,author_net,3,20D,all,0,27,0.37037037037037035,0.4074074074074074,0.24514757074395552,0.592732990319353,-0.002533241072224507,-0.004550609975379594,0.050431895247759706,-0.03368920361339169,1.4969749901631002,0.880573523625353,-0.0006881409513350988,-0.0007825610062912602,0.9151450261137907
ticker,QQQ,all,author_net,3,5D,all,0,29,0.5862068965517241,0.6206896551724138,0.4400254420598852,0.7731197789919015,0.005084895115308557,0.007052368272411957,0.02239367349429553,-0.01943587425492299,1.1521824642708494,1.6322584910503701,0.0009406621741321647,0.0026384667432203246,1.2660670840196084
ticker,QQQ,all,author_net,3,60D,all,0,20,0.35,0.35,0.18119182410108206,0.5671457233147638,0.006253325504801277,-0.015151315451378433,0.15460260350223612,-0.07362705495535594,2.0998069744332435,1.1306652939255926,0.004120634122468941,-0.007458645180512424,1.2060354952377368
ticker,QQQ,all,author_net,3,90D,all,0,13,0.6923076923076923,0.6153846153846154,0.355228915126657,0.8229029220223743,0.06074065982720582,0.04296555750145936,0.1040249783383143,-0.03664905682278824,2.838408061667551,6.386418138751989,0.027019316455063638,0.03134465386870977,5.259005261740665
ticker,QQQ,all,author_net,30,1D,all,0,20,0.6,0.6,0.3865815007622531,0.781193467627183,0.00447007239343476,0.004634452965369462,0.01194069592033307,-0.006735862896912706,1.7727047155021416,2.6590570732532126,0.0012201855410858887,0.00067567502202176,1.8646586087046493
ticker,QQQ,all,author_net,30,20D,all,0,18,0.5,0.5,0.29031021505169974,0.7096897849483003,0.00012709511106908286,0.00289537752109692,0.03934235169901802,-0.03908816147687985,1.0065029976477282,1.006502997647728,-0.0007246160725397756,-0.0003790751972428952,0.9162167548661617
ticker,QQQ,all,author_net,30,5D,all,0,19,0.5789473684210527,0.5263157894736842,0.3170780924511316,0.7267019483882042,0.0008682444341742613,0.012822376176864658,0.019380063608468726,-0.02458550693048063,0.7882718734768777,1.0838738260307068,-0.0007572570224074525,0.0015671797782043084,0.8412599991423113
ticker,QQQ,all,author_net,30,60D,all,0,14,0.5,0.42857142857142855,0.21380798904474121,0.6740935542034926,0.024776090492147233,0.006892733620725233,0.09527733500345992,-0.04572515401916545,2.08369631655095,2.08369631655095,0.008100508462470552,-0.0033183500239436503,1.6539564166083691
ticker,QQQ,all,author_net,30,90D,all,0,12,0.75,0.5833333333333334,0.31951131254954973,0.8067396863412435,0.04756897391459128,0.02597444737658905,0.0785491614154544,-0.04537158858799809,1.7312411546514066,5.193723463954219,0.017256345984486526,0.0050710195653502765,3.125998127269999
ticker,QQQ,all,author_net,7,1D,all,0,33,0.5151515151515151,0.5151515151515151,0.3521837544891414,0.674959578918663,0.0018854203678929514,0.00021295690664890898,0.010113529139753627,-0.006856945202209017,1.4749321806590312,1.5671154419502207,0.0004108885347061159,0.000388564332735708,1.250678209049574
ticker,QQQ,all,author_net,7,20D,all,0,30,0.43333333333333335,0.5333333333333333,0.36142299619873297,0.6976761109230025,0.0034355160766885644,-0.004463506463716516,0.04777835728978715,-0.030473715439210357,1.567854677421809,1.1989476944990305,0.0038069198285315964,0.00029677153049151306,1.4816455853404087
ticker,QQQ,all,author_net,7,5D,all,0,32,0.5625,0.65625,0.4831108797896222,0.7958956207556682,0.003807814834210922,0.008041433752835725,0.020058235918075255,-0.017085583702186078,1.173985991213682,1.509410560131877,0.002314871735152397,0.002907001946594323,1.7315152776062186
ticker,QQQ,all,author_net,7,60D,all,0,21,0.47619047619047616,0.5238095238095238,0.3236953458284443,0.7165599389846583,0.021035595096016428,-0.007084596445977809,0.10687079315872472,-0.05699640314280929,1.8750445162469451,1.7045859238608594,0.014952311233125576,0.0038027324010525554,2.166120911934947
ticker,QQQ,all,author_net,7,90D,all,0,18,0.8333333333333334,0.7777777777777778,0.5478541568378739,0.9099907189139831,0.08364548333848809,0.06789269692405653,0.10944889772378531,-0.04537158858799809,2.4122782809667207,12.061391404833602,0.04258854354268195,0.031323308159990015,11.306201768000513
ticker,QQQ,all,author_net,90,1D,all,0,17,0.5882352941176471,0.5882352941176471,0.3600544264299978,0.7838894320978518,0.0037526607975271907,0.0035299168402473935,0.010705152915178795,-0.006179470799117959,1.7323737360660107,2.474819622951444,0.0006437616479788773,0.0007546725881482086,1.4792833590771366
ticker,QQQ,all,author_net,90,20D,all,0,15,0.4666666666666667,0.3333333333333333,0.1517632443971473,0.5828645226148023,0.010462839003359366,-0.0004416094210009103,0.044218496138409114,-0.019073360989809163,2.318337924922352,2.028545684307058,-0.000488669028724457,-0.0031494189221391578,0.9389607061836275
ticker,QQQ,all,author_net,90,5D,all,0,16,0.625,0.5625,0.331785563988119,0.7690134759450765,0.0059899700840665634,0.01416481006594017,0.021366940041803017,-0.019638313178827527,1.088023184437203,1.8133719740620051,-0.00016106435639148126,0.001939882857391384,0.9585241690726701
ticker,QQQ,all,author_net,90,60D,all,0,12,0.5,0.4166666666666667,0.19326031365875665,0.6804886874504503,0.0162993244798456,0.006892733620725233,0.05873166512012621,-0.026133016160435008,2.247412421113682,2.247412421113682,4.997794276082971e-05,-0.0033183500239436503,1.0054658010764854
ticker,QQQ,all,author_net,90,90D,all,0,11,0.7272727272727273,0.5454545454545454,0.280091537409322,0.7872872837754024,0.03847848662242761,0.01912049048933251,0.06992226482633725,-0.04537158858799809,1.5411024167849705,4.109606444759921,0.012786009356525508,0.0013000404570007174,2.4439777289677584
ticker,QQQ,all,author_net_shift,30,1D,all,0,13,0.5384615384615384,0.46153846153846156,0.23206067809538303,0.7085620428549398,0.005918694534414293,0.0012584989539748959,0.014132018678176943,-0.003663516966642133,3.8575005402881803,4.500417297002877,0.0012654622307714737,-0.001123419314410734,2.145267370423732
ticker,QQQ,all,author_net_shift,30,20D,all,0,13,0.15384615384615385,0.5384615384615384,0.29143795714506004,0.7679393219046169,-0.03105027541634664,-0.006993237671119923,0.023215967206735133,-0.040916864984179686,0.5673935971319278,0.10316247220580504,-0.008676600291879034,0.0015602480330358937,0.3160720460690639
ticker,QQQ,all,author_net_shift,30,5D,all,0,13,0.46153846153846156,0.46153846153846156,0.23206067809538303,0.7085620428549398,-0.0055471694765742985,-0.0008498464386385018,0.020610003968544992,-0.02796760385810512,0.7369241953336712,0.6316493102860038,-0.0006997184748104119,-0.0007667616044046976,0.8385606128373706
ticker,QQQ,all,author_net_shift,30,60D,all,0,10,0.4,0.4,0.16818032970623614,0.6873262302663417,-0.03622470408615165,-0.01715685017031615,0.08127124105434266,-0.11455533417981452,0.7094496440189622,0.47296642934597477,-0.009836966315547192,-0.0051414527053851855,0.6592955304836617
ticker,QQQ,all,author_net_shift,30,90D,all,0,6,0.6666666666666666,0.8333333333333334,0.43649717781352987,0.9699466302516935,0.04768491804929973,0.05271109682322139,0.08391715956432594,-0.024779564980752677,3.3865469240282424,6.773093848056485,0.022038421039437445,0.018224810705362804,24.134398962834315
ticker,QQQ,all,author_net_shift,7,1D,all,0,9,0.5555555555555556,0.3333333333333333,0.1205838183869109,0.6457978644196036,-0.00017327580549475474,0.0017038893739262928,0.003933998996595678,-0.0053073693081077955,0.7412333244995613,0.9265416556244517,-0.00027173358230280094,-0.0010879710371010098,0.7700532208197076
ticker,QQQ,all,author_net_shift,7,20D,all,0,8,0.5,0.375,0.13684428582359742,0.6942576053973727,0.007712411417699197,-0.001722453587540973,0.04157066303141016,-0.026145840196011766,1.589953228496794,1.589953228496794,0.0027215991709790416,-0.0015566867115959226,1.3908713937067738
ticker,QQQ,all,author_net_shift,7,5D,all,0,9,0.3333333333333333,0.4444444444444444,0.18877852109766452,0.733348706504507,-0.0051307468974113556,-0.009445551128818064,0.020703129808178344,-0.018047685250206207,1.1471349107189133,0.5735674553594566,-0.0022590060135379503,-0.0018540993264033467,0.4867761694963935
ticker,QQQ,all,author_net_shift,90,1D,all,0,8,0.5,0.625,0.30574239460262737,0.8631557141764026,0.004309606787154391,0.0031562706353567838,0.019037387068795875,-0.010418173494487093,1.8273248260714554,1.8273248260714554,0.0020000990515415956,0.0017722230988410081,2.1872112855464536
ticker,QQQ,all,author_net_shift,90,20D,all,0,8,0.125,0.5,0.21521606221387757,0.7847839377861224,-0.015034348084992918,-0.008288630695836297,0.006232364463194751,-0.018072449877591157,0.34485443342811756,0.04926491906115965,-0.004968830936098942,-0.0008805105424249948,0.37767823291677544
ticker,QQQ,all,author_net_shift,90,5D,all,0,8,0.25,0.375,0.13684428582359742,0.6942576053973727,-0.00249530563790383,-0.007102292105458374,0.02663182275859932,-0.012204348436738214,2.1821585065885793,0.7273861688628597,-0.0001670092484237634,-0.0010975598166916845,0.9319401025254238
ticker,QQQ,all,author_net_shift,90,60D,all,0,6,0.8333333333333334,0.8333333333333334,0.43649717781352987,0.9699466302516935,0.12304448097296515,0.12136895979830642,0.15309919794648907,-0.027229103894654494,5.622630790157765,28.113153950788824,0.061269692771133255,0.06962206979142882,77.14876005172634
ticker,QQQ,all,high_low_divergence,3,1D,all,0,9,0.5555555555555556,0.5555555555555556,0.26665129349549305,0.8112214789023355,0.00040194916019290855,0.0035920943864131694,0.007033298975721247,-0.007887238109217515,0.8917315387628146,1.1146644234535183,-0.000289430612470307,0.0003402806942323089,0.8560617708090337
ticker,QQQ,all,high_low_divergence,3,20D,all,0,6,0.3333333333333333,0.3333333333333333,0.09677141110578041,0.700006684861608,0.0028771179267505866,-0.005977319748418308,0.05297282177070439,-0.022170733995226316,2.3893129466128733,1.1946564733064367,-0.0013706496861065065,-0.013845447631361363,0.8894808408290338
ticker,QQQ,all,high_low_divergence,3,5D,all,0,9,0.4444444444444444,0.4444444444444444,0.18877852109766452,0.733348706504507,-0.004951298384621976,-0.008432414200185478,0.025134361750416084,-0.029019826492652424,0.8661099940339028,0.6928879952271222,-0.0007935808741208719,-0.0005792587455539788,0.8763740764289857
ticker,QQQ,all,high_low_divergence,30,1D,all,0,8,0.5,0.5,0.21521606221387757,0.7847839377861224,-0.0018564237472140088,0.0031888222661614063,0.012268187285013887,-0.015981034779441905,0.7676716466943526,0.7676716466943526,-0.0013172246509207397,0.0004956669884544906,0.6052508030269764
ticker,QQQ,all,high_low_divergence,30,20D,all,0,6,0.3333333333333333,0.5,0.1876163064826506,0.8123836935173494,0.016363670444675866,-0.003482732823909873,0.08703053915289771,-0.018969763909435056,4.58785568278006,2.29392784139003,0.00963872151484374,0.002516047776385255,5.916014268687272
ticker,QQQ,all,high_low_divergence,30,5D,all,0,7,0.7142857142857143,0.8571428571428571,0.4868721707256811,0.9743203756552565,0.010168784061081062,0.0014861570316935246,0.017982341434342165,-0.00936510937207169,1.9201421702525432,4.800355425631357,0.004326427504152305,0.00161586088782939,3.9471404971393675
ticker,QQQ,all,high_low_divergence,30,60D,all,0,5,0.8,0.6,0.2307242812760128,0.882379225767352,0.10559356795840032,0.12111164797814022,0.14900255221048186,-0.06804236904992589,2.1898495641906837,8.759398256762735,0.05304403878041612,0.06747680514070309,11.929729643613584
ticker,QQQ,all,high_low_divergence,7,1D,all,0,10,0.6,0.5,0.236593090512564,0.7634069094874361,0.002152421847945574,0.003256074577452306,0.00909048143110297,-0.008254667526790521,1.1012534910218752,1.651880236532813,0.0003521695559897564,-0.0003589187376717984,1.3843191427246544
ticker,QQQ,all,high_low_divergence,7,20D,all,0,8,0.5,0.625,0.30574239460262737,0.8631557141764026,0.032453044257026234,0.0006299450646272131,0.10849910680272151,-0.043593018288669044,2.488910175575598,2.488910175575598,0.011140342495316438,0.01696288144997199,1.910058437016555
ticker,QQQ,all,high_low_divergence,7,5D,all,0,10,0.5,0.5,0.236593090512564,0.7634069094874361,-0.0031479420863888773,-0.005451256695474305,0.028793026857046034,-0.03508891102982379,0.8205733951838353,0.8205733951838353,-0.0030682411701151045,-0.0004127618073588857,0.5656235174073262
ticker,QQQ,all,weighted_net,1,1D,all,0,21,0.38095238095238093,0.38095238095238093,0.20751011368564493,0.5912134622488425,-0.0016673477908299983,-0.003259123249942597,0.00802634911600772,-0.007632699733499363,1.0515740689733486,0.6471225039835992,-0.0011559590592063911,-0.0006551263496443749,0.4306646689244293
ticker,QQQ,all,weighted_net,1,20D,all,0,18,0.4444444444444444,0.6111111111111112,0.3861904160223791,0.7969475342783638,0.007791807940897967,-0.0066054284285221865,0.06100646117973427,-0.03477991465017107,1.7540716184429797,1.4032572947543835,0.0036096991743209744,0.0013537593359488342,1.446633133662469
ticker,QQQ,all,weighted_net,1,5D,all,0,19,0.5263157894736842,0.5789473684210527,0.3627590353425504,0.7685810871754576,-0.0013966013033560832,0.0006279849944637039,0.018671243924878934,-0.0236942071125061,0.788008808913636,0.8755653432373732,0.00034251840459869297,0.0038043152622212473,1.081070485145859
ticker,QQQ,all,weighted_net,1,60D,all,0,13,0.5384615384615384,0.5384615384615384,0.29143795714506004,0.7679393219046169,0.04607705219428122,0.035368060492470765,0.14567411347137993,-0.07011951929566725,2.07751158214773,2.4237635125056847,0.022329459177755424,0.017330135176903516,2.408914551613842
ticker,QQQ,all,weighted_net,1,90D,all,0,8,0.75,0.625,0.30574239460262737,0.8631557141764026,0.07208220527074806,0.051260455994961596,0.1087181527993975,-0.03782563731520028,2.874192228235345,8.622576684706035,0.033580311193929346,0.014850269996797172,5.512877505359542
ticker,QQQ,all,weighted_net,3,1D,all,0,37,0.4864864864864865,0.43243243243243246,0.28671719277157315,0.5908581890983192,0.0003756581234035631,-0.0002818582750272469,0.007898140333249296,-0.0067509039701345004,1.1699381843068846,1.108362490395996,-0.0003377834319847707,-0.0006341329385668448,0.7909866853936953
ticker,QQQ,all,weighted_net,3,20D,all,0,33,0.42424242424242425,0.48484848484848486,0.32504042108133696,0.6478162455108585,0.003794642321950898,-0.0043764029520534375,0.05678091779577786,-0.03524787644823739,1.610903223607312,1.1869813226580193,0.0037302035623594985,-0.0001709842650494675,1.535407841117942
ticker,QQQ,all,weighted_net,3,5D,all,0,36,0.6111111111111112,0.6944444444444444,0.5314372714948966,0.8199554840517008,0.007795250861599943,0.009661904433046375,0.02230985905467965,-0.015013419156096743,1.4859945507895798,2.3351342940979114,0.002686629894685547,0.0029108587960826604,2.0202834709609077
ticker,QQQ,all,weighted_net,3,60D,all,0,25,0.48,0.52,0.3349851695035678,0.6996871404588704,0.0232856660483533,-0.0004707868634230561,0.11924172263417065,-0.0652891554154781,1.8263633811060453,1.685873890251734,0.01475126265640582,0.0038027324010525554,2.082344133531524
ticker,QQQ,all,weighted_net,3,90D,all,0,19,0.8421052631578947,0.7894736842105263,0.5666572155618583,0.9149232336708375,0.09002707453241132,0.08489668743850465,0.1123472055574065,-0.029013624267563043,3.8722223918440144,20.65185275650141,0.043879562437492636,0.034749107745470464,13.77841744245514
ticker,QQQ,all,weighted_net,7,1D,all,0,22,0.45454545454545453,0.4090909090909091,0.2325581619647187,0.6126518152368488,0.00126997162815405,-0.0007369879291347359,0.009683560403266945,-0.005741352351106695,1.6866340560687512,1.4055283800572924,0.0001445307692701842,-0.0004876376314155717,1.1344465112963042
ticker,QQQ,all,weighted_net,7,20D,all,0,19,0.47368421052631576,0.5263157894736842,0.3170780924511316,0.7267019483882042,0.005838126893380731,-0.0004416094210009103,0.05635658623759324,-0.03962848651641052,1.4221231036480653,1.2799107932832587,0.00029198043896278296,2.4410611805469884e-05,1.0318300579186104
ticker,QQQ,all,weighted_net,7,5D,all,0,21,0.5714285714285714,0.5238095238095238,0.3236953458284443,0.7165599389846583,-0.00113635760315606,0.007052368272411957,0.020119207762393565,-0.029477111423888893,0.6825366119859533,0.9100488159812711,-0.002032454133168903,0.0015671797782043084,0.6444429605236278
ticker,QQQ,all,weighted_net,7,60D,all,0,16,0.5,0.4375,0.23098652405492354,0.6682144360118811,0.019285244418793722,0.006892733620725233,0.10629947426898169,-0.06772898543139425,1.5694827494006571,1.5694827494006571,0.007672250765821925,-0.0033183500239436503,1.484448865805508
ticker,QQQ,all,weighted_net,7,90D,all,0,12,0.8333333333333334,0.75,0.46769466506643426,0.9110583316059453,0.05968744321538689,0.047028677706596966,0.07928087298601731,-0.03827970563776523,2.071094112798035,10.355470563990176,0.02185536449280846,0.011599365731134292,5.588815317669156
ticker,RKLB,all,author_net,30,1D,all,0,6,0.16666666666666666,0.16666666666666666,0.030053369748306635,0.5635028221864702,-0.02384733954283062,-0.028657085697439078,0.01852280620514013,-0.032321368692424766,0.573082358652756,0.1146164717305512,-0.019932426061905668,-0.024624178732881252,0.1419440518967918
ticker,RKLB,all,author_net,30,20D,all,0,5,0.4,0.4,0.11762077423264783,0.769275718723987,0.016077643288537512,-0.11345218800648293,0.27982710292058977,-0.15975532979949733,1.7515979170885243,1.1677319447256829,0.011839493050758376,-0.1056678870714971,1.1296895671124096
ticker,RKLB,all,author_net,30,5D,all,0,6,0.3333333333333333,0.3333333333333333,0.09677141110578041,0.700006684861608,-0.08752564894881593,-0.10294745713277775,0.012788728579433806,-0.1376828377129408,0.09288542269950466,0.04644271134975233,-0.07263977906481091,-0.09249406215259853,0.09028480408270625
ticker,RKLB,all,author_net,7,1D,all,0,5,0.6,0.6,0.2307242812760128,0.882379225767352,0.0006941755427574581,0.011948869951833974,0.024346654261145757,-0.03478454253482499,0.6999273955312418,1.0498910932968628,0.002043978576418426,0.00798531339134989,1.1750969379387306
ticker,RKLB,all,author_net,7,5D,all,0,5,0.6,0.6,0.2307242812760128,0.882379225767352,0.005740816676166438,0.00022436616558207945,0.06291862974232558,-0.08002590292307227,0.7862283016388874,1.179342452458331,0.009406131910898608,0.017278871960162423,1.2995312062432858
ticker,RKLB,all,weighted_net,3,1D,all,0,7,0.7142857142857143,0.5714285714285714,0.2504583645276572,0.8417801447485302,0.005236103828622845,0.011948869951833974,0.03562535199985588,-0.07073701659945975,0.5036309659704813,1.2590774149262032,0.005244879068927407,0.00798531339134989,1.2714804167395661
ticker,RKLB,all,weighted_net,3,5D,all,0,5,0.2,0.2,0.03622410863243014,0.6244653702374747,-0.00856884414100596,-0.04435950891823026,0.1631784320681091,-0.05150566319328473,3.168164857051762,0.7920412142629405,-0.009873007940775436,-0.05548859790873317,0.7651018217707035
ticker,RKLB,all,weighted_net,7,1D,all,0,6,0.5,0.3333333333333333,0.09677141110578041,0.700006684861608,-0.01312570350742052,-0.0140420145871053,0.01838399886620401,-0.04463540588104505,0.41187031916317784,0.41187031916317784,-0.010529296503007046,-0.013418066376518656,0.43582364585320493
ticker,RKLB,all,weighted_net,7,5D,all,0,5,0.4,0.4,0.11762077423264783,0.769275718723987,-0.00961774393400836,-0.05143971205758846,0.0817013991168456,-0.07049717263457767,1.1589315721971585,0.7726210481314391,-0.006199968862004757,-0.0607516319043544,0.8576459824189262
ticker,SLV,all,author_net,30,1D,all,0,10,0.6,0.7,0.39677814746114537,0.8922087325936989,-0.00042008508244705255,0.0035347355412111425,0.00927424171887529,-0.019948767045907423,0.4649030036559548,0.9298060073119098,0.0026357068280066674,0.005178309667112635,1.7286761276105362
ticker,SLV,all,author_net,30,20D,all,0,9,0.6666666666666666,0.5555555555555556,0.26665129349549305,0.8112214789023355,0.030114461759908926,0.03768844221105527,0.10003781267667489,-0.10973224007362299,0.9116537911698167,1.8233075823396334,0.01922184170491127,0.005262098543686866,1.468915882504971
ticker,SLV,all,author_net,30,5D,all,0,10,0.9,0.8,0.49016247153664183,0.9433178485456247,0.051261766573914846,0.054373201391784365,0.06118831467661772,-0.03807716635041103,1.606955573151709,14.462600158365381,0.042423849517825095,0.03323379639749857,11.283537080235343
ticker,SLV,all,author_net,30,60D,all,0,5,0.2,0.4,0.11762077423264783,0.769275718723987,-0.1386827180251104,-0.17975964579380133,0.5151318633808908,-0.30213636337661065,1.7049647967688777,0.4262411991922194,-0.14823723665227886,-0.20183631806222602,0.41112099053404094
ticker,SLV,all,author_net,7,1D,all,0,12,0.5833333333333334,0.6666666666666666,0.39062208887279953,0.8618799089087867,0.0027078727861986527,0.0035347355412111425,0.01161599547448384,-0.01220437372175076,0.9517895583434726,1.665631727101077,0.006205098833601245,0.0063020233846129425,3.446754725478079
ticker,SLV,all,author_net,7,20D,all,0,11,0.7272727272727273,0.6363636363636364,0.35380117450784887,0.8483352890463243,0.0656380622585552,0.05973552211582289,0.15861121008780238,-0.18229033195277058,0.8701021518184343,2.320272404849158,0.06180645590882147,0.04459667214571916,2.1501235295852092
ticker,SLV,all,author_net,7,5D,all,0,12,0.8333333333333334,0.75,0.46769466506643426,0.9110583316059453,0.03711081528479088,0.04610807520154625,0.05735857256930501,-0.0641279711377798,0.894439221319966,4.47219610659983,0.033438035934821926,0.02423739617717169,4.715429242586151
ticker,SLV,all,author_net,7,60D,all,0,7,0.14285714285714285,0.2857142857142857,0.08221892400405678,0.6410655481673808,-0.10573264944352588,-0.06142933618843682,0.5151318633808908,-0.20921006824759533,2.462270901662553,0.4103784836104255,-0.11074414350862437,-0.11737580715757123,0.41076510252037374
ticker,SLV,all,author_net,7,90D,all,0,6,0.3333333333333333,0.3333333333333333,0.09677141110578041,0.700006684861608,-0.07794165358067773,-0.07382953739212755,0.3315458617694814,-0.2826854112557573,1.172843905515584,0.586421952757792,-0.11872853304219537,-0.14809241533158962,0.4626911117220419
ticker,SLV,all,author_net,90,1D,all,0,5,0.6,0.6,0.2307242812760128,0.882379225767352,0.0019235762400872324,0.0008375209380234727,0.008902227310937816,-0.017088800732377285,0.520939266034697,1.5628177981040912,0.003785487950025157,0.006407557570485611,2.9940211993518617
ticker,SLV,all,author_net,90,5D,all,0,5,1.0,0.8,0.37553462976252533,0.9637758913675698,0.06859560004083236,0.07893634840871011,0.06859560004083236,,,,0.06518640309431967,0.07914663894266605,51.74354829784643
ticker,SLV,all,weighted_net,3,1D,all,0,7,0.2857142857142857,0.2857142857142857,0.08221892400405678,0.6410655481673808,-0.010531754445126757,-0.010365301398812643,0.018640997697147332,-0.022200855302036394,0.8396522315713426,0.3358608926285371,-0.00932304068637654,-0.013609374448386169,0.3935762497752895
ticker,SLV,all,weighted_net,3,20D,all,0,7,0.14285714285714285,0.14285714285714285,0.02567962434474355,0.5131278292743189,-0.08214139497221414,-0.08789346246973351,0.12095096582466569,-0.1159901217716941,1.0427695391400325,0.1737949231900054,-0.08662453143835744,-0.12480396673466554,0.15569863552177607
ticker,SLV,all,weighted_net,3,5D,all,0,7,0.5714285714285714,0.5714285714285714,0.2504583645276572,0.8417801447485302,-0.030837725736862196,0.0302906262791649,0.04460019317193126,-0.13142161761525348,0.33936725160773495,0.4524896688103133,-0.03597537055570651,0.006442055131641755,0.35096672219904923
ticker,SLV,all,weighted_net,3,60D,all,0,6,0.16666666666666666,0.16666666666666666,0.030053369748306635,0.5635028221864702,-0.1510493902645285,-0.17365036247639115,0.018862491000720016,-0.1850317665175782,0.10194190627763403,0.020388381255526805,-0.17170979369078576,-0.1880571569949806,0.021098024422336374
ticker,SLV,all,weighted_net,3,90D,all,0,5,0.2,0.2,0.03622410863243014,0.6244653702374747,-0.1407133529742925,-0.14254859611231097,0.16716196136701345,-0.217682181559619,0.7679175216333956,0.1919793804083489,-0.18925750114350004,-0.21714170842836067,0.08741449494548048
ticker,SLV,all,weighted_net,30,1D,all,0,9,0.4444444444444444,0.5555555555555556,0.26665129349549305,0.8112214789023355,0.001715819970055173,-0.002041742286751247,0.01569421018333797,-0.009466892200571064,1.6577996084492501,1.3262396867594,0.005099803235955356,0.006196489198740274,2.707959436234424
ticker,SLV,all,weighted_net,30,20D,all,0,8,0.625,0.75,0.40927543031016883,0.9285207872478909,0.09309870665753124,0.024338268655919704,0.20030028876484468,-0.0855705968546578,2.3407606833110677,3.9012678055184455,0.0888155965833453,0.03287103427718974,3.276022434738538
ticker,SLV,all,weighted_net,30,5D,all,0,9,0.7777777777777778,0.6666666666666666,0.3542021355803963,0.879416181613089,0.019450466569893996,0.023868794845511965,0.0457558411237,-0.07261834436842701,0.6300865369714173,2.2053028793999605,0.011216479729886129,0.0011070283211127574,1.7224740661253368
ticker,SLV,all,weighted_net,7,1D,all,0,16,0.5,0.5,0.27999563610326017,0.7200043638967398,-0.0016156149794522082,0.00041876046901173636,0.008595459670139291,-0.013516216718907095,0.6359368045731002,0.7267849195121145,0.001490141805741578,0.00020059337609085182,1.3465604729117493
ticker,SLV,all,weighted_net,7,20D,all,0,15,0.5333333333333333,0.4,0.1982449614134158,0.6425316987937539,0.023708064174347794,0.010110294117646967,0.1622637482882179,-0.13464128909864662,1.2051559322885965,1.3773210654726817,0.01884435913866361,-0.03247225756084027,1.3006655621314676
ticker,SLV,all,weighted_net,7,5D,all,0,16,0.6875,0.625,0.38641040545502714,0.8151876744113636,0.00928354886733139,0.023413359309069848,0.04551223751475472,-0.07041956615699993,0.6463010211293478,1.4218622464845652,0.008485007841056942,0.007695086332721812,1.4231538152494807
ticker,SLV,all,weighted_net,7,60D,all,0,8,0.25,0.375,0.13684428582359742,0.6942576053973727,-0.08006035308989133,-0.1467133686099531,0.4072461319129148,-0.24249584809082672,1.6793942457950082,0.5597980819316694,-0.06615461103129852,-0.09800766773829822,0.634700842259996
ticker,SLV,all,weighted_net,7,90D,all,0,6,0.5,0.5,0.1876163064826506,0.8123836935173494,-0.041398299518519,0.026812708718386036,0.29941128080067064,-0.38220787983770865,0.7833728622439843,0.7833728622439843,-0.057442127649136365,-0.05146881990922947,0.726244565495806
ticker,SMH,all,author_net,30,1D,all,0,5,0.4,0.4,0.11762077423264783,0.769275718723987,-0.005602958096859312,-0.005593278858326611,0.01429279213373208,-0.01886679158392024,0.7575634717835924,0.505042314522395,-0.004234190871983045,-0.00832327357446594,0.5407236073755591
ticker,SMH,all,author_net,90,1D,all,0,8,0.25,0.375,0.13684428582359742,0.6942576053973727,-0.007598224477130447,-0.005496388738156055,0.01429279213373208,-0.014895230014084623,0.9595549796959906,0.31985165989866354,-0.0052260763889686035,-0.00554876452570463,0.3847643197293293
ticker,SMH,all,author_net,90,20D,all,0,7,0.42857142857142855,0.42857142857142855,0.15821985525146975,0.7495416354723428,-0.052927696962926526,-0.015037532302391576,0.044555680710959944,-0.12604023021834138,0.35350364430289816,0.2651277332271736,-0.039574101936593706,-0.02577605155160201,0.26662410862132147
ticker,SMH,all,author_net,90,5D,all,0,8,0.5,0.5,0.21521606221387757,0.7847839377861224,-0.0012217921608249221,0.004502554559495553,0.04598023885853875,-0.04842382318018859,0.9495375589705694,0.9495375589705694,-0.0019017616660461784,0.0006416067331123654,0.8907910397173817
ticker,SMH,all,weighted_net,7,1D,all,0,6,0.16666666666666666,0.3333333333333333,0.09677141110578041,0.700006684861608,-0.008730933763141935,-0.006022728751652551,0.006196421438593891,-0.0117164048034891,0.5288671348013361,0.1057734269602672,-0.006547522826088485,-0.005585407429472389,0.1805931949854151
ticker,SMH,all,weighted_net,7,5D,all,0,5,0.6,0.6,0.2307242812760128,0.882379225767352,0.006576463726213766,0.03811055235207972,0.05128502253098466,-0.06048637448094257,0.8478772776692546,1.2718159165038818,0.0031948573005777135,0.029407448315216245,1.1624430584680792
ticker,SNDK,all,author_net,1,1D,all,0,7,0.5714285714285714,0.5714285714285714,0.2504583645276572,0.8417801447485302,0.024465424789263484,0.004288934548863921,0.05610555445816118,-0.01772141476926677,3.1659749059912423,4.2212998746549895,0.02508720177675161,0.005550078275761039,4.7803574062186955
ticker,SNDK,all,author_net,1,5D,all,0,7,0.7142857142857143,0.7142857142857143,0.35893445183261935,0.9177810759959433,0.03993375418242421,0.05254443535677944,0.0919908183283448,-0.09020890618237726,1.0197531731774356,2.549382932943589,0.03727318319489351,0.04447021632365633,2.584505323142244
ticker,SNDK,all,author_net,3,1D,all,0,16,0.3125,0.3125,0.14164643854782039,0.5559564416525933,-0.007240336644060506,-0.015650095495058414,0.05708680047365999,-0.03647994442484255,1.5648817829553583,0.7113099013433447,-0.006705092313022423,-0.017729778711426725,0.715510539966067
ticker,SNDK,all,author_net,3,20D,all,0,11,0.8181818181818182,0.9090909090909091,0.6226415635484043,0.9837678271141151,0.22587406975606095,0.23898342276925533,0.300975905593061,-0.11208419151043936,2.6852663300428814,12.083698485192967,0.21140782017610563,0.24676772370424116,12.00168090520138
ticker,SNDK,all,author_net,3,5D,all,0,14,0.6428571428571429,0.6428571428571429,0.38764423103907397,0.8365526824644587,0.027890289605683214,0.04083101045736792,0.12328001251085761,-0.1438112116236307,0.857235059207307,1.5430231065731526,0.025812519999869166,0.045499563218668104,1.5120252917780628
ticker,SNDK,all,author_net,3,60D,all,0,7,1.0,1.0,0.6456695649333126,1.0,1.2406807416356067,1.3580563883396057,1.2406807416356067,,,,1.1883897319248968,1.2664871954074886,
ticker,SNDK,all,author_net,3,90D,all,0,6,1.0,1.0,0.6096657120978346,1.0,2.177221363164121,2.158488708686987,2.177221363164121,,,,2.1190339824518207,2.076499148032134,
ticker,SNDK,all,author_net,7,1D,all,0,16,0.375,0.375,0.18481232558863633,0.6135895945449727,-0.0001967897591565182,-0.012682770377786756,0.058320193097148344,-0.03530697947293944,1.6518035234888069,0.9910821140932843,-0.00011324891172900114,-0.014981876736926969,0.994822016410729
ticker,SNDK,all,author_net,7,20D,all,0,13,0.8461538461538461,0.9230769230769231,0.6668604907890041,0.9862895787574435,0.275243419914846,0.29922974069460473,0.34566662199217063,-0.11208419151043936,3.0839908584251665,16.961949721338417,0.2663408138188664,0.3127827042495499,17.380471021682176
ticker,SNDK,all,author_net,7,5D,all,0,14,0.5714285714285714,0.6428571428571429,0.38764423103907397,0.8365526824644587,0.06345620924595792,0.022320209874476027,0.1605709481537369,-0.06603010929774739,2.4317837704868794,3.2423783606491727,0.06334526702698513,0.03027178995737856,3.701729758071054
ticker,SNDK,all,author_net,7,60D,all,0,9,1.0,1.0,0.7008549515804559,1.0,1.409478817964567,1.4365545401516626,1.409478817964567,,,,1.3563570675344445,1.4009783216704417,
ticker,SNDK,all,author_net,7,90D,all,0,7,1.0,1.0,0.6456695649333126,1.0,2.2962816112038698,2.7237211541032704,2.2962816112038698,,,,2.2460432363256886,2.6505034556032414,
ticker,SNDK,all,weighted_net,1,1D,all,0,8,0.5,0.5,0.21521606221387757,0.7847839377861224,0.01800519909791047,-0.002125552326015412,0.05610555445816118,-0.020095156262340236,2.791993937529464,2.791993937529464,0.018396106447613303,0.0007184741315217069,2.965003678268061
ticker,SNDK,all,weighted_net,1,5D,all,0,7,0.7142857142857143,0.7142857142857143,0.35893445183261935,0.9177810759959433,0.03993375418242421,0.05254443535677944,0.0919908183283448,-0.09020890618237726,1.0197531731774356,2.549382932943589,0.03727318319489351,0.04447021632365633,2.584505323142244
ticker,SNDK,all,weighted_net,3,1D,all,0,15,0.4,0.4,0.1982449614134158,0.6425316987937539,0.0026734437247667147,-0.008621566632756816,0.05477235040733782,-0.032059160730280686,1.7084773637135158,1.1389849091423438,0.003483746040661306,-0.006148490096789305,1.1957137862191136
ticker,SNDK,all,weighted_net,3,20D,all,0,11,0.8181818181818182,0.9090909090909091,0.6226415635484043,0.9837678271141151,0.22587406975606095,0.23898342276925533,0.300975905593061,-0.11208419151043936,2.6852663300428814,12.083698485192967,0.21140782017610563,0.24676772370424116,12.00168090520138
ticker,SNDK,all,weighted_net,3,5D,all,0,14,0.6428571428571429,0.6428571428571429,0.38764423103907397,0.8365526824644587,0.03530305953860142,0.04083101045736792,0.12328001251085761,-0.12305545581145974,1.0018248414742532,1.8032847146536557,0.03411477303643269,0.045499563218668104,1.810128278314979
ticker,SNDK,all,weighted_net,3,60D,all,0,7,1.0,1.0,0.6456695649333126,1.0,1.2406807416356067,1.3580563883396057,1.2406807416356067,,,,1.1883897319248968,1.2664871954074886,
ticker,SNDK,all,weighted_net,3,90D,all,0,6,1.0,1.0,0.6096657120978346,1.0,2.177221363164121,2.158488708686987,2.177221363164121,,,,2.1190339824518207,2.076499148032134,
ticker,SNDK,all,weighted_net,7,1D,all,0,15,0.3333333333333333,0.3333333333333333,0.1517632443971473,0.5828645226148023,-0.0007405703574330384,-0.016989178162343355,0.05011112264618145,-0.02616641685924028,1.9150930337825545,0.9575465168912771,-0.0028651640541652737,-0.015509262728939599,0.8497303735432479
ticker,SNDK,all,weighted_net,7,20D,all,0,14,0.7857142857142857,0.8571428571428571,0.6005862050302965,0.9599060787285351,0.1894093816459453,0.18924705052890511,0.32058370695470867,-0.29156314448618703,1.0995343993825546,4.031626131069367,0.18644245445569854,0.14612736294845763,4.47698656866253
ticker,SNDK,all,weighted_net,7,5D,all,0,14,0.5714285714285714,0.6428571428571429,0.38764423103907397,0.8365526824644587,0.05310475611576084,0.022320209874476027,0.15368938131933088,-0.0810080774889992,1.8972105755775,2.5296141007699995,0.05057846260916242,0.028979624925133174,2.6654918549085247
ticker,SNDK,all,weighted_net,7,60D,all,0,10,0.9,0.9,0.5958499732047615,0.9821237869049271,1.1272024951282174,1.4467396663956194,1.505117310829787,-2.2740308461859104,0.6618719853137551,5.956847867823796,1.091783311532554,1.403923394790858,6.120281393617093
ticker,SNDK,all,weighted_net,7,90D,all,0,7,1.0,1.0,0.6456695649333126,1.0,2.2153182382603407,2.4162243755173596,2.2153182382603407,,,,2.180235418877531,2.415033626719558,
ticker,SOFI,all,author_net,3,1D,all,0,5,0.4,0.4,0.11762077423264783,0.769275718723987,0.00348972714356266,-0.0019026909486273835,0.022136565703480104,-0.00894149856304897,2.4757109278035534,1.6504739518690354,0.007070763570849547,-0.0017270835225405845,2.9607432011675696
ticker,SOFI,all,author_net,3,5D,all,0,5,0.2,0.4,0.11762077423264783,0.769275718723987,-0.03574675665476299,-0.022401991288114487,0.005232558139534937,-0.04599158535333747,0.11377207589899326,0.028443018974748314,-0.02538187553611737,-0.019169502235406366,0.26210723626566285
ticker,SOFI,all,author_net,30,1D,all,0,5,0.4,0.4,0.11762077423264783,0.769275718723987,-0.026190046499782006,0.0,0.025644317641464576,-0.09111943389091959,0.2814363143669633,0.2814363143669633,-0.026941547010776067,-0.0060758290621500954,0.2579017231531633
ticker,SOFI,all,author_net,30,5D,all,0,5,0.4,0.6,0.2307242812760128,0.882379225767352,-0.038825070297904406,-0.0003566333808844302,0.02705103536741804,-0.08274247407478603,0.3269304631013113,0.21795364206754084,-0.03950976478434998,0.007419281058088201,0.14893839983323423
ticker,SOFI,all,author_net,7,1D,all,0,6,0.16666666666666666,0.16666666666666666,0.030053369748306635,0.5635028221864702,-0.014551479068210213,-0.015165205555266736,0.014621968616262526,-0.02038616860510476,0.7172494694565186,0.14344989389130375,-0.009823173495576284,-0.014850720113755045,0.2353502038951569
ticker,SOFI,all,author_net,7,20D,all,0,5,0.8,0.6,0.2307242812760128,0.882379225767352,0.019851743864317227,0.024891101431238294,0.05763609869421821,-0.1312856754552867,0.43901285113049465,1.7560514045219786,0.0004445334824401126,0.024673972687463852,1.010693100143881
ticker,SOFI,all,author_net,7,5D,all,0,6,0.16666666666666666,0.5,0.1876163064826506,0.8123836935173494,-0.026891883831226242,-0.01299418153766152,0.01648664013644119,-0.03556758862475973,0.46352988138656986,0.09270597627731397,-0.015061492026884468,0.002593179097044318,0.43409279336823553
ticker,SOFI,all,weighted_net,3,1D,all,0,5,0.4,0.4,0.11762077423264783,0.769275718723987,0.00348972714356266,-0.0019026909486273835,0.022136565703480104,-0.00894149856304897,2.4757109278035534,1.6504739518690354,0.007070763570849547,-0.0017270835225405845,2.9607432011675696
ticker,SOFI,all,weighted_net,3,5D,all,0,5,0.2,0.4,0.11762077423264783,0.769275718723987,-0.03574675665476299,-0.022401991288114487,0.005232558139534937,-0.04599158535333747,0.11377207589899326,0.028443018974748314,-0.02538187553611737,-0.019169502235406366,0.26210723626566285
ticker,SOFI,all,weighted_net,7,1D,all,0,6,0.3333333333333333,0.3333333333333333,0.09677141110578041,0.700006684861608,-0.004966829139383511,-0.006240704528451824,0.022136565703480104,-0.018518526560815318,1.1953740288560784,0.5976870144280392,-4.4218865921078855e-05,-0.007028201063749351,0.9950547360288047
ticker,SOFI,all,weighted_net,7,20D,all,0,5,0.8,0.6,0.2307242812760128,0.882379225767352,0.019851743864317227,0.024891101431238294,0.05763609869421821,-0.1312856754552867,0.43901285113049465,1.7560514045219786,0.0004445334824401126,0.024673972687463852,1.010693100143881
ticker,SOFI,all,weighted_net,7,5D,all,0,6,0.16666666666666666,0.5,0.1876163064826506,0.8123836935173494,-0.02876756416404395,-0.01299418153766152,0.005232558139534937,-0.03556758862475973,0.14711590922676124,0.029423181845352246,-0.01647584007003655,0.002593179097044318,0.38095132844054985
ticker,TLT,all,author_net,3,1D,all,0,5,0.6,0.2,0.03622410863243014,0.6244653702374747,0.0018511105005036832,0.001004128082115363,0.005569141732161127,-0.0037259363469824835,1.4946958867591489,2.2420438301387238,-0.004522829905342163,-0.005106766337617308,0.03893333493418114
ticker,TLT,all,author_net,3,20D,all,0,5,0.0,0.2,0.03622410863243014,0.6244653702374747,-0.025362814882234685,-0.02466985108176445,,-0.025362814882234685,,,0.0035758041363831428,-0.006016380586783554,1.8400811900909495
ticker,TLT,all,author_net,3,5D,all,0,5,0.2,0.2,0.03622410863243014,0.6244653702374747,-0.005321682729620858,-0.0034188034188034067,0.002865973588086712,-0.0073685968090477505,0.38894428102887124,0.09723607025721781,-0.006622809827831389,-0.010294376585792242,0.16623325179063914
ticker,TLT,all,author_net,3,60D,all,0,5,0.0,0.0,0.0,0.43448246478317476,-0.04386031137781996,-0.04130373700477663,,-0.04386031137781996,,,-0.14973724106799982,-0.15299751237289216,
ticker,TLT,all,author_net,90,1D,all,0,6,0.8333333333333334,0.5,0.1876163064826506,0.8123836935173494,0.0011977056883588817,0.000756603324953864,0.001782901060295039,-0.0017282711713219046,1.0316095586616478,5.158047793308239,-0.0009415335481618251,-0.0012558524997275944,0.5457710666138593
ticker,TLT,all,author_net,90,20D,all,0,6,0.16666666666666666,0.0,2.7755575615628914e-17,0.3903342879021653,-0.01605651092869111,-0.014182290837897127,0.003040935672514733,-0.01987600024893228,0.15299535290950148,0.03059907058190029,-0.03128811861607352,-0.021065679062754583,
ticker,TLT,all,author_net,90,5D,all,0,6,0.6666666666666666,0.16666666666666666,0.030053369748306635,0.5635028221864702,0.0011330384875803585,0.0020758326657922543,0.00562483459906965,-0.007850553735398225,0.7164888985737675,1.432977797147535,-0.012043996429077239,-0.013188320471644921,0.18546565648005506
ticker,TLT,all,weighted_net,3,1D,all,0,5,0.6,0.2,0.03622410863243014,0.6244653702374747,0.0018511105005036832,0.001004128082115363,0.005569141732161127,-0.0037259363469824835,1.4946958867591489,2.2420438301387238,-0.004522829905342163,-0.005106766337617308,0.03893333493418114
ticker,TLT,all,weighted_net,3,20D,all,0,5,0.0,0.2,0.03622410863243014,0.6244653702374747,-0.025362814882234685,-0.02466985108176445,,-0.025362814882234685,,,0.0035758041363831428,-0.006016380586783554,1.8400811900909495
ticker,TLT,all,weighted_net,3,5D,all,0,5,0.2,0.2,0.03622410863243014,0.6244653702374747,-0.005321682729620858,-0.0034188034188034067,0.002865973588086712,-0.0073685968090477505,0.38894428102887124,0.09723607025721781,-0.006622809827831389,-0.010294376585792242,0.16623325179063914
ticker,TLT,all,weighted_net,3,60D,all,0,5,0.0,0.0,0.0,0.43448246478317476,-0.04386031137781996,-0.04130373700477663,,-0.04386031137781996,,,-0.14973724106799982,-0.15299751237289216,
ticker,TSLA,all,author_net,1,1D,all,0,19,0.42105263157894735,0.42105263157894735,0.23141891282454238,0.6372409646574496,-0.0008792780649973709,-0.007421311719954304,0.02423500904794329,-0.019144214147136032,1.265918196572662,0.9206677793255723,1.5483463086990152e-05,-0.006495705417538522,1.0015791732223516
ticker,TSLA,all,author_net,1,20D,all,0,19,0.42105263157894735,0.42105263157894735,0.23141891282454238,0.6372409646574496,-0.003365349214891137,-0.041676031845551464,0.09248036320170507,-0.07307132188150656,1.2656177665934725,0.9204492847952527,-0.006801068790201189,-0.029901960868164545,0.8215553064092834
ticker,TSLA,all,author_net,1,5D,all,0,19,0.47368421052631576,0.42105263157894735,0.23141891282454238,0.6372409646574496,-0.0027192842908964417,-0.0066083990620335875,0.0327888392558624,-0.0346765954829794,0.9455610851981251,0.8510049766783125,-0.0033392586422013155,-0.00373569799810769,0.7924195000630407
ticker,TSLA,all,author_net,1,60D,all,0,15,0.4666666666666667,0.3333333333333333,0.1517632443971473,0.5828645226148023,-0.03058121752262837,-0.0017857142857142794,0.08289692991863366,-0.12987459653373265,0.6382844076601435,0.5584988567026256,-0.04619921562722731,-0.05950437563407651,0.37740726486325943
ticker,TSLA,all,author_net,1,90D,all,0,14,0.2857142857142857,0.2857142857142857,0.11721378644576919,0.5464908432989318,-0.022585614083757827,-0.040457992926430764,0.10391674050838975,-0.07318655592061686,1.419888382520759,0.5679553530083036,-0.06587426802446784,-0.08486025800086783,0.29893346299176915
ticker,TSLA,all,author_net,3,1D,all,0,31,0.5806451612903226,0.4838709677419355,0.31970251562417307,0.651596045519712,0.005804088287208883,0.007192081192832989,0.020117482951121996,-0.014014458170516967,1.4354806091215369,1.9875885357067435,0.004425592123028657,-0.0003148735854390239,1.7261469808796646
ticker,TSLA,all,author_net,3,20D,all,0,28,0.39285714285714285,0.39285714285714285,0.2356568654157959,0.5759095570340281,0.00351992375188781,-0.03004576565770145,0.09762793824637685,-0.0573734973916051,1.7016208299106024,1.1010487722950955,-0.0008046054972033359,-0.013942523225671855,0.9743531611941364
ticker,TSLA,all,author_net,3,5D,all,0,30,0.5333333333333333,0.5,0.33154125640533766,0.6684587435946623,0.007329791117993038,0.0029846652280709485,0.044260916518644264,-0.03487720933989408,1.2690498281356672,1.4503426607264767,0.0031273070532127543,0.0013847117077741555,1.20277376700599
ticker,TSLA,all,author_net,3,60D,all,0,24,0.5416666666666666,0.375,0.21159367559548778,0.5729003755732572,-0.013412986312365335,0.01469385632642961,0.08430573641634195,-0.1288987495372012,0.6540461929928237,0.7729636826278825,-0.03172809203501791,-0.036568021240943493,0.4942909998607355
ticker,TSLA,all,author_net,3,90D,all,0,21,0.23809523809523808,0.23809523809523808,0.10628013022636468,0.4509117368295075,-0.03361938122017134,-0.05431469205054118,0.12299434307214688,-0.08256117006152078,1.4897359494844509,0.4655424842138909,-0.07476836759218666,-0.11659663441248969,0.2671021860271984
ticker,TSLA,all,author_net,30,1D,all,0,13,0.5384615384615384,0.46153846153846156,0.23206067809538303,0.7085620428549398,-0.0010864408362062116,0.0005006827492035626,0.012716469702075375,-0.017189836464201396,0.7397667644225698,0.8630612251596648,-0.001665745354623724,-0.001959153841069927,0.7844526318354911
ticker,TSLA,all,author_net,30,20D,all,0,13,0.6923076923076923,0.7692307692307693,0.49743624053272495,0.9182047128150143,0.06343472867082066,0.04320626069026923,0.12169040563451104,-0.06764054449748269,1.7990748971430865,4.047918518571945,0.058242760444520876,0.010294321493836911,6.207969531062417
ticker,TSLA,all,author_net,30,5D,all,0,13,0.6153846153846154,0.6153846153846154,0.355228915126657,0.8229029220223743,0.00975895510377426,0.007570246430844696,0.044840814642090124,-0.04637202015753113,0.9669799695971985,1.5471679513555177,0.006300107660408074,0.016467640773887293,1.448811002420993
ticker,TSLA,all,author_net,30,60D,all,0,12,0.5,0.5,0.2537815976337061,0.7462184023662939,0.006954219782344238,-0.007047372378748751,0.11594326036880176,-0.10203482080411329,1.1363107168227398,1.1363107168227398,0.006764839801804932,-0.01142093231446073,1.1792287825659322
ticker,TSLA,all,author_net,30,90D,all,0,9,0.3333333333333333,0.3333333333333333,0.1205838183869109,0.6457978644196036,0.013484043498400168,-0.02152859870873869,0.21727342298275998,-0.08841064624377974,2.4575481824175283,1.2287740912087641,-0.014664158599558089,-0.09446699968764372,0.7836339754297755
ticker,TSLA,all,author_net,7,1D,all,0,21,0.6190476190476191,0.5238095238095238,0.3236953458284443,0.7165599389846583,0.00808540193054384,0.0071980183593181035,0.02219288397436894,-0.014839256390671948,1.495552296563831,2.4302724819162256,0.007316131170080739,0.002459939494404484,2.416095695702046
ticker,TSLA,all,author_net,7,20D,all,0,19,0.5789473684210527,0.5789473684210527,0.3627590353425504,0.7685810871754576,0.02280611710520146,0.01608364360550696,0.08545131471731421,-0.06333102961145358,1.3492803644843967,1.8552605011660457,0.01398595181055112,0.006275177408926247,1.5990350056860565
ticker,TSLA,all,author_net,7,5D,all,0,20,0.55,0.55,0.34208534245034233,0.7418021417443759,0.014266478556449264,0.011315951494633658,0.05417283521114807,-0.034507957354849274,1.5698650213944165,1.91872391503762,0.009949035199116097,0.01429876121695689,1.684494731185847
ticker,TSLA,all,author_net,7,60D,all,0,16,0.6875,0.5,0.27999563610326017,0.7200043638967398,0.024052427418699243,0.04392311957626499,0.08904511242056844,-0.11893147958541299,0.748709363836838,1.6471606004410435,-0.004632200749047945,0.006648301701631776,0.902648674832257
ticker,TSLA,all,author_net,7,90D,all,0,14,0.42857142857142855,0.42857142857142855,0.21380798904474121,0.6740935542034926,0.012555858541157214,-0.03291707074879907,0.15170765387419496,-0.0918079879586211,1.6524450349850963,1.2393337762388223,-0.014425535491466326,-0.08047324241932141,0.8110534858289821
ticker,TSLA,all,author_net,90,1D,all,0,10,0.6,0.5,0.236593090512564,0.7634069094874361,0.0007496099372153453,0.004330801144716734,0.015091354670193994,-0.020763007162252628,0.7268385813414465,1.0902578720121698,0.0008661276382260108,-0.0007625008496644492,1.0962624476085765
ticker,TSLA,all,author_net,90,20D,all,0,10,0.7,0.7,0.39677814746114537,0.8922087325936989,0.0780984752350214,0.034402462815424695,0.13666315964558778,-0.058552455056300134,2.3340295383717318,5.446068922867374,0.06628908794755636,0.029780986871565496,4.64809849289903
ticker,TSLA,all,author_net,90,5D,all,0,10,0.5,0.4,0.16818032970623614,0.6873262302663417,-0.010185510548269683,-0.00670280263604589,0.03129473025356644,-0.0516657513501058,0.6057151872524226,0.6057151872524225,-0.009134575108892129,-0.00399144420982489,0.5644970091335345
ticker,TSLA,all,author_net,90,60D,all,0,10,0.5,0.5,0.236593090512564,0.7634069094874361,0.009273564731405459,0.0053819875254607075,0.12353162072890274,-0.10498449126609181,1.1766654220936472,1.176665422093647,0.0008279871850707443,-0.013545905524594115,1.0178341873066183
ticker,TSLA,all,author_net,90,90D,all,0,10,0.3,0.3,0.10779126740630099,0.6032218525388546,0.002095338638506694,-0.046267129604428914,0.21727342298275998,-0.09012384036617328,2.410831829846329,1.0332136413627124,-0.021381835137962157,-0.07693378431938153,0.6909308238497425
ticker,TSLA,all,author_net_shift,30,1D,all,0,13,0.5384615384615384,0.46153846153846156,0.23206067809538303,0.7085620428549398,0.0008537551052001721,0.0016657412548585215,0.017856364286691302,-0.018982622273206146,0.940668998713389,1.0974471651656206,0.0018155589987494114,-0.0017992187091471212,1.2736776765904814
ticker,TSLA,all,author_net_shift,30,20D,all,0,13,0.46153846153846156,0.46153846153846156,0.23206067809538303,0.7085620428549398,-0.006465356690700415,-0.04362306689025519,0.0837633319054678,-0.08380423263027316,0.9995119491758154,0.8567245278649845,-0.009566671315398798,-0.03557198507335768,0.7516175720842447
ticker,TSLA,all,author_net_shift,30,5D,all,0,13,0.6153846153846154,0.3076923076923077,0.12680703655710515,0.5763065681945096,0.0069058040904899426,0.0018802462227195393,0.023646479562528647,-0.019879276664771982,1.1895040227712368,1.9032064364339787,-0.0029461401227624485,-0.00560068183502449,0.7325413162621858
ticker,TSLA,all,author_net_shift,30,60D,all,0,12,0.25,0.4166666666666667,0.19326031365875665,0.6804886874504503,-0.03879859159063162,-0.022934292124726696,0.03426971659819648,-0.06315469432024098,0.5426313430387879,0.18087711434626264,-0.013135408806779297,-0.0014757522393047395,0.626353018337752
ticker,TSLA,all,author_net_shift,30,90D,all,0,10,0.7,0.5,0.236593090512564,0.7634069094874361,0.0223016667147937,0.02989848910676418,0.06995032128410068,-0.08887852728025591,0.7870328573686878,1.8364100005269381,-0.005159550083354536,-0.005630602151494024,0.8952791329584666
ticker,TSLA,all,author_net_shift,7,1D,all,0,12,0.4166666666666667,0.4166666666666667,0.19326031365875665,0.6804886874504503,0.00017602501554692118,-0.007445097407667189,0.021499732857334086,-0.015055194871443911,1.428060748527003,1.020043391805002,-0.0020926369377779106,-0.010065299584805787,0.7710353659635176
ticker,TSLA,all,author_net_shift,7,20D,all,0,12,0.4166666666666667,0.4166666666666667,0.19326031365875665,0.6804886874504503,-0.0037485747961421567,-0.034970891598548715,0.08012494313094572,-0.06365823045834777,1.258673741856087,0.8990526727543477,-0.0037684823852497384,-0.022205296932121477,0.8919591603278144
ticker,TSLA,all,author_net_shift,7,5D,all,0,12,0.3333333333333333,0.5,0.2537815976337061,0.7462184023662939,-0.010237554769594398,-0.01437611145732498,0.03887360037265855,-0.03479313234072087,1.1172779729050728,0.5586389864525364,-0.012257406679273766,-0.0042342863451437784,0.4345128283065182
ticker,TSLA,all,author_net_shift,7,60D,all,0,7,0.42857142857142855,0.42857142857142855,0.15821985525146975,0.7495416354723428,-0.035970462867950546,-0.010509952350376883,0.049256504337937566,-0.09989068827236663,0.49310406395071055,0.36982804796303287,-0.02694096637511099,-0.045036116709305185,0.5907753791775888
ticker,TSLA,all,author_net_shift,7,90D,all,0,6,0.16666666666666666,0.3333333333333333,0.09677141110578041,0.700006684861608,-0.0435936035245361,-0.04883037590570316,0.09238412819192976,-0.07078914986782928,1.3050605688077983,0.2610121137615597,-0.053782831178673884,-0.12014024972716175,0.3569004247272275
ticker,TSLA,all,high_low_divergence,3,1D,all,0,5,0.2,0.2,0.03622410863243014,0.6244653702374747,-0.014947191376056313,-0.02195858981533294,0.007192081192832989,-0.020482009518278638,0.35114138514654053,0.08778534628663513,-0.015162117554174338,-0.01831372365192485,0.09993442073752197
ticker,TSLA,all,high_low_divergence,7,1D,all,0,6,1.0,0.8333333333333334,0.43649717781352987,0.9699466302516935,0.022168210868503884,0.024910564284901793,0.022168210868503884,,,,0.016096045506012718,0.015214119032340878,54.67678345333352
ticker,TSLA,all,high_low_divergence,7,20D,all,0,5,0.4,0.6,0.2307242812760128,0.882379225767352,-0.012491590810608865,-0.010327537605707593,0.03516741763470116,-0.044264263107482216,0.7944878140026379,0.5296585426684253,-0.0005613869880293443,0.002996795443921174,0.9656332574801151
ticker,TSLA,all,high_low_divergence,7,5D,all,0,5,0.6,0.4,0.11762077423264783,0.769275718723987,0.015209607677642612,0.0006857702669604837,0.03632751309348625,-0.01646725044612285,2.2060460677598686,3.309069101639803,0.011799300532576829,-0.009544033930483309,1.9866647149229668
ticker,TSLA,all,high_low_divergence,7,60D,all,0,5,0.6,0.4,0.11762077423264783,0.769275718723987,0.01303498802697951,0.03414156257653689,0.05513422847866208,-0.050113872650544344,1.1001789636798944,1.6502684455198415,-0.012987549080578554,-0.049177114876857164,0.720640067647959
ticker,TSLA,all,high_low_divergence,7,90D,all,0,5,0.8,0.4,0.11762077423264783,0.769275718723987,0.04817401205559224,0.030124908155767738,0.07129390076670516,-0.04430554278885945,1.609141797595399,6.436567190381596,-0.01750476281146467,-0.06433223805129051,0.7080769892563101
ticker,TSLA,all,weighted_net,1,1D,all,0,24,0.375,0.375,0.21159367559548778,0.5729003755732572,-0.004002352692487859,-0.007628758823840676,0.023853260370770624,-0.02071572053044295,1.1514569496009988,0.6908741697605993,-0.0029607600317349547,-0.006611274570038128,0.7484934992510792
ticker,TSLA,all,weighted_net,1,20D,all,0,24,0.5,0.4583333333333333,0.2789133373121099,0.6492513464108051,0.0017311950287562476,-0.019036775856839494,0.07592197400288302,-0.07245958394537053,1.0477837419011802,1.0477837419011804,-0.006288114628238403,-0.014206471612223215,0.8023519906117687
ticker,TSLA,all,weighted_net,1,5D,all,0,24,0.4583333333333333,0.4166666666666667,0.24467602609811764,0.6116533413477124,-0.006812423364290364,-0.007525401865426717,0.03421937366792758,-0.041531636237705546,0.823935119533303,0.6971758703743334,-0.0064318702870131556,-0.004232829696507789,0.6751420402417845
ticker,TSLA,all,weighted_net,1,60D,all,0,18,0.5555555555555556,0.3333333333333333,0.1627877475083369,0.5625053270405489,-0.010896749194028586,0.02135962838186173,0.08428552867773467,-0.12987459653373265,0.648976250377363,0.8112203129717036,-0.03728617369416236,-0.04653055043060278,0.4351664941227692
ticker,TSLA,all,weighted_net,1,90D,all,0,15,0.3333333333333333,0.3333333333333333,0.1517632443971473,0.5828645226148023,-0.010215484276172145,-0.03347619047619044,0.11572665901271728,-0.07318655592061686,1.5812557040973798,0.79062785204869,-0.053439995878153186,-0.07525351631409194,0.3906412174350417
ticker,TSLA,all,weighted_net,3,1D,all,0,35,0.45714285714285713,0.42857142857142855,0.2798456817718068,0.5914258885602508,-0.00030128299677678285,-0.004156896184182357,0.021268728233931153,-0.018465502980530835,1.1518087677522735,0.9699442254755987,0.0009129530371914457,-0.002807804223340593,1.1076193674371269
ticker,TSLA,all,weighted_net,3,20D,all,0,32,0.46875,0.4375,0.2816533111504036,0.6067440886314801,0.013755205570859807,-0.01507287577352684,0.09281477896457861,-0.056003241541245016,1.6573108343420229,1.4623330891253143,0.00839729647673007,-0.010617873284282098,1.326940851715107
ticker,TSLA,all,weighted_net,3,5D,all,0,34,0.4411764705882353,0.4411764705882353,0.2888348224624216,0.6054610074379694,-0.002212886373488556,-0.007172671484595106,0.0436282916996419,-0.038403290115433655,1.1360560922906031,0.8968863886504761,-0.0032202483256107057,-0.0021269280849881556,0.8268396149752324
ticker,TSLA,all,weighted_net,3,60D,all,0,26,0.46153846153846156,0.34615384615384615,0.1941223032294052,0.5377942881118918,-0.017436749641016127,-0.00809193658113383,0.08972827958113865,-0.10929248897429165,0.8209921873244647,0.7037075891352554,-0.033630859261554805,-0.03267385573747894,0.441530640947713
ticker,TSLA,all,weighted_net,3,90D,all,0,21,0.23809523809523808,0.23809523809523808,0.10628013022636468,0.4509117368295075,-0.032433916096356714,-0.05431469205054118,0.12417750197851296,-0.08137498424475348,1.525991103175164,0.4768722197422388,-0.07111102075641348,-0.1106448180145384,0.2712429758447222
ticker,TSLA,all,weighted_net,30,1D,all,0,9,0.4444444444444444,0.6666666666666666,0.3542021355803963,0.879416181613089,-0.007197910272247094,-0.0006061655697955359,0.0100035108251125,-0.020959047150134767,0.47728843555982825,0.3818307484478626,-0.007559220892364777,0.002459939494404484,0.28195033171784145
ticker,TSLA,all,weighted_net,30,20D,all,0,9,0.4444444444444444,0.4444444444444444,0.18877852109766452,0.733348706504507,0.028352627449456817,-0.0030020086969957394,0.18607027444606478,-0.09782149014782955,1.9021410751857502,1.5217128601486003,0.02790583595729563,-0.006284428058893399,1.8557826026103401
ticker,TSLA,all,weighted_net,30,5D,all,0,9,0.3333333333333333,0.3333333333333333,0.1205838183869109,0.6457978644196036,-0.016919096369168947,-0.017261286225609185,0.0447560376376254,-0.04775666337256612,0.9371684384327312,0.4685842192163656,-0.014201505513541601,-0.018950942607211085,0.45979857099940347
ticker,TSLA,all,weighted_net,30,60D,all,0,9,0.4444444444444444,0.4444444444444444,0.18877852109766452,0.733348706504507,-0.018570057072918405,-0.010955733911073962,0.09972255293787047,-0.1132041450815495,0.8809090238350618,0.7047272190680494,-0.013066060548563567,-0.01957975284308877,0.6544533789538627
ticker,TSLA,all,weighted_net,30,90D,all,0,5,0.6,0.6,0.2307242812760128,0.882379225767352,0.04403787701047816,0.08476537495691572,0.17509236389894475,-0.1525438533222217,1.1478165792042327,1.7217248688063491,0.029662021317988452,0.06896586528652626,1.4713749481733387
ticker,TSLA,all,weighted_net,7,1D,all,0,28,0.5,0.5,0.32633127457293465,0.6736687254270654,0.003690031702892786,-0.0002125023189049613,0.02254782826575103,-0.01516776485996546,1.4865623560175878,1.4865623560175878,0.003776278125968008,-0.0006662908905991638,1.6093936743041135
ticker,TSLA,all,weighted_net,7,20D,all,0,26,0.5,0.5384615384615384,0.35457938746858797,0.7124414646960878,0.034864343643551184,0.004862253095863522,0.1183282432762487,-0.048599555989146344,2.4347597600001687,2.4347597600001687,0.03317447603902711,0.02598176545502079,2.4516176065940645
ticker,TSLA,all,weighted_net,7,5D,all,0,27,0.5185185185185185,0.6296296296296297,0.4422923441210239,0.784674870390344,0.01633504208842797,0.0066519341949599076,0.05764515194983911,-0.028152768531553258,2.047583770854762,2.2050902147666673,0.015823002685958303,0.006259506982872254,2.693944951636651
ticker,TSLA,all,weighted_net,7,60D,all,0,26,0.6153846153846154,0.5384615384615384,0.35457938746858797,0.7124414646960878,0.029300711247742344,0.03290035408447689,0.09387038860213173,-0.07401077251928068,1.2683341276795537,2.0293346042872855,0.011404071197095335,0.003883339960718546,1.3095179637279712
ticker,TSLA,all,weighted_net,7,90D,all,0,18,0.4444444444444444,0.5,0.29031021505169974,0.7096897849483003,0.01360616123975408,-0.037671796328465346,0.14281272364263578,-0.08975908868255128,1.5910669965435809,1.2728535972348647,-0.0031185974979750877,-0.028870959047882838,0.9533138314640855
ticker,TSM,all,author_net,30,1D,all,0,6,0.6666666666666666,0.5,0.1876163064826506,0.8123836935173494,-0.002960520120481721,0.0057397514914226955,0.008581029089644032,-0.026043618540733227,0.3294868213579066,0.6589736427158132,-0.002449658578322078,7.40011460961254e-05,0.6905138389288409
ticker,TSM,all,author_net,30,20D,all,0,5,0.6,0.4,0.11762077423264783,0.769275718723987,0.010805244182090057,0.05728550402585797,0.07163504841728889,-0.08043946217070819,0.8905460887501384,1.3358191331252074,0.014085111067776967,-0.007773128661611173,1.836241274973722
ticker,TSM,all,author_net,30,5D,all,0,6,0.16666666666666666,0.16666666666666666,0.030053369748306635,0.5635028221864702,-0.016120322928945757,-0.03368081356473329,0.10015474348291864,-0.03937533621131863,2.543590813940242,0.5087181627880484,-0.016168516405768402,-0.03429162085457271,0.48678166197912487
ticker,TSM,all,author_net,30,60D,all,0,5,1.0,1.0,0.5655175352168251,1.0,0.11604927532995828,0.10669058674546217,0.11604927532995828,,,,0.07131895706501132,0.06856545077424436,
ticker,TSM,all,author_net,7,1D,all,0,5,0.4,0.2,0.03622410863243014,0.6244653702374747,-0.01260701826090318,-0.01814528222662115,0.0014017800630202748,-0.021946217143518815,0.06387342537683084,0.04258228358455389,-0.01341506698484951,-0.016884138499724033,0.010863272258458918
ticker,TSM,all,weighted_net,30,1D,all,0,6,0.5,0.3333333333333333,0.09677141110578041,0.700006684861608,-0.00804665948040558,-0.0048093110809238615,0.007824988053232543,-0.0239183070140437,0.32715476261083526,0.3271547626108353,-0.008762979777917698,-0.008289958642946238,0.22862070121851055
ticker,TSM,all,weighted_net,30,20D,all,0,5,0.8,0.6,0.2307242812760128,0.882379225767352,0.023098906169071908,0.05728550402585797,0.05861238021228543,-0.11895499000378218,0.49272737705599273,1.970909508223971,0.023869571560473403,0.03580406608245268,2.678625692661777
ticker,TSM,all,weighted_net,30,5D,all,0,6,0.3333333333333333,0.3333333333333333,0.09677141110578041,0.700006684861608,-0.011203271297276792,-0.03368081356473329,0.054269856096710756,-0.043939834994270566,1.235094672153119,0.6175473360765595,-0.01404131057538266,-0.03429162085457271,0.5381427138129723
ticker,TSM,all,weighted_net,30,60D,all,0,5,1.0,1.0,0.5655175352168251,1.0,0.10293911064225943,0.09633199619058619,0.10293911064225943,,,,0.07699380806702552,0.09517869341977625,
ticker,TSM,all,weighted_net,7,1D,all,0,5,0.4,0.2,0.03622410863243014,0.6244653702374747,-0.011350187725365113,-0.011861129548930816,0.0014017800630202748,-0.019851499584288706,0.07061330843387274,0.04707553895591516,-0.01183381380928592,-0.00897787262190608,0.01229699020011532
ticker,USO,all,author_net,3,1D,all,0,6,0.5,0.16666666666666666,0.030053369748306635,0.5635028221864702,0.00046609098065340343,-0.0004188846101582655,0.01785989452716093,-0.016927712565854125,1.0550683949576958,1.055068394957696,-0.0030405473844379305,-0.0028016312704321478,0.720247428621448
ticker,USO,all,author_net,3,5D,all,0,5,0.6,0.2,0.03622410863243014,0.6244653702374747,-0.03734565694412573,0.0018310644057002445,0.020442773574495865,-0.12402830272205811,0.16482345662914705,0.24723518494372054,-0.06420752633876754,-0.02802274878046762,0.04052670783183751
ticker,USO,all,author_net,7,1D,all,0,7,0.2857142857142857,0.14285714285714285,0.02567962434474355,0.5131278292743189,-0.006144245681191017,-0.003978450062163352,0.013152822773058293,-0.013863073062890741,0.9487667498677709,0.3795066999471084,-0.010033178694480584,-0.005203630176957574,0.26065226214213444
ticker,USO,all,author_net,7,5D,all,0,6,0.5,0.5,0.1876163064826506,0.8123836935173494,-0.005291459456934322,0.0002101908751629411,0.08350233752354941,-0.09408525643741805,0.8875177757430252,0.8875177757430252,-0.010574834787416387,0.001182701467712044,0.8149273476953756
ticker,USO,all,weighted_net,3,1D,all,0,7,0.5714285714285714,0.2857142857142857,0.08221892400405678,0.6410655481673808,0.000481844965714446,0.0005763688760807018,0.013539013114390874,-0.016927712565854125,0.799813504731951,1.066418006309268,-0.002415883972955874,-0.002043949080902996,0.7406745301125541
ticker,USO,all,weighted_net,3,5D,all,0,5,0.6,0.2,0.03622410863243014,0.6244653702374747,-0.03734565694412573,0.0018310644057002445,0.020442773574495865,-0.12402830272205811,0.16482345662914705,0.24723518494372054,-0.06420752633876754,-0.02802274878046762,0.04052670783183751
ticker,USO,all,weighted_net,30,1D,all,0,9,0.4444444444444444,0.3333333333333333,0.1205838183869109,0.6457978644196036,-0.012616204350934567,-0.003978450062163352,0.0037879006527327674,-0.025739488353868432,0.14716301274743393,0.11773041019794714,-0.015288058844932327,-0.005203630176957574,0.04574662666504683
ticker,USO,all,weighted_net,30,5D,all,0,5,0.6,0.4,0.11762077423264783,0.769275718723987,-0.0007849790681340396,0.019221753398968477,0.029639080546639957,-0.04642106849029504,0.6384833764185418,0.9577250646278128,-0.01140637221735188,-0.005794369611112682,0.47293430928972663
ticker,USO,all,weighted_net,7,1D,all,0,8,0.5,0.25,0.071479212752109,0.5907245696898311,-0.000495928330770723,3.770428677263293e-05,0.012384141393840337,-0.013375998055381783,0.925848025886758,0.925848025886758,-0.003009400130359413,-0.002711326990814833,0.6739201876674518
ticker,USO,all,weighted_net,7,20D,all,0,5,0.6,0.4,0.11762077423264783,0.769275718723987,0.008698240055109463,0.031009710840764093,0.1080884683221502,-0.14038710234545165,0.7699316142032482,1.1548974213048724,-0.0415935480680806,-0.06777661550937153,0.4787241923679751
ticker,USO,all,weighted_net,7,5D,all,0,7,0.42857142857142855,0.2857142857142857,0.08221892400405678,0.6410655481673808,-0.02257994907041099,-0.03419916386813793,0.06019776865345675,-0.0846632373633118,0.7110260666637704,0.5332695499978278,-0.028403953351513467,-0.04205231932276943,0.5025655770053353
ticker,VXX,all,author_net,90,1D,all,0,6,0.5,0.5,0.1876163064826506,0.8123836935173494,-0.0028989292296835076,-0.003786537161141579,0.008290004435764145,-0.014087862895131162,0.5884501075481942,0.5884501075481942,-0.0009844045140082562,-0.0007816237165467199,0.8563721125002606
ticker,VXX,all,author_net,90,20D,all,0,6,1.0,0.8333333333333334,0.43649717781352987,0.9699466302516935,0.09696794345228349,0.10134813834350564,0.09696794345228349,,,,0.13841318562299854,0.14864738230019398,105.48544506946835
ticker,VXX,all,author_net,90,5D,all,0,6,0.8333333333333334,0.8333333333333334,0.43649717781352987,0.9699466302516935,0.03665010585502041,0.03028567776326202,0.050402778959726155,-0.03211325966850831,1.5695316974985682,7.847658487492842,0.057041405463369,0.04744956773890047,18.616828440133485
time_split,early_through_2026-04-15,all,author_net,1,1D,all,0,92,0.4891304347826087,0.5,0.39989831509207535,0.6001016849079246,-0.0016295699985274983,-0.0023281951635500953,0.02523614020610695,-0.02735205849232644,0.9226413512235979,0.8833800171289767,-0.0009927041312975996,-1.545996921481496e-05,0.9155882211232387
time_split,early_through_2026-04-15,all,author_net,1,20D,all,0,92,0.5,0.5217391304347826,0.4208569740212842,0.6208786177489061,0.02896805957117938,-0.004636140835150071,0.1461044027251664,-0.08816828358280764,1.6571083930418717,1.6571083930418715,0.0217715851015996,0.0015589278038447008,1.527085424520079
time_split,early_through_2026-04-15,all,author_net,1,5D,all,0,92,0.4673913043478261,0.45652173913043476,0.35852667216525175,0.5580021442943673,0.005655360404845652,-0.0010800700923561668,0.06271026165342945,-0.04441322640513604,1.4119726651108035,1.2390780530564194,0.004257972824146174,-0.0030037603485834063,1.1999314381809656
time_split,early_through_2026-04-15,all,author_net,1,60D,all,0,92,0.5,0.44565217391304346,0.34829808027402587,0.5473629403004981,0.1355541300726019,0.0036405812362357293,0.39784313759576617,-0.12673487745056236,3.1391764098320896,3.139176409832089,0.10383342904291733,-0.018547609198921677,2.4568991227128887
time_split,early_through_2026-04-15,all,author_net,1,90D,all,0,71,0.5633802816901409,0.5070422535211268,0.39341308325020075,0.6199484948878713,0.19722064873694192,0.035504922021900365,0.45597109243398337,-0.13665089151730514,3.336759002236296,4.30549548675651,0.15859838136481372,0.012471704364905856,3.181501188070545
time_split,early_through_2026-04-15,all,author_net,3,1D,all,0,211,0.5213270142180095,0.4881516587677725,0.42152307829567504,0.5552039462393195,-0.0008056629777127838,0.0012584989539748959,0.021557625002998994,-0.025161719194329572,0.856762800526651,0.9331080005735803,-0.001357058674579561,-0.00031141593248817934,0.8727653544691344
time_split,early_through_2026-04-15,all,author_net,3,20D,all,0,211,0.4597156398104265,0.4786729857819905,0.41225520908675456,0.5458534350762355,0.01561451662137004,-0.009634397744961998,0.13823451955368982,-0.08872004727718275,1.5580979022904706,1.325749969492769,0.006065624365750036,-0.001956657939990558,1.135100215240383
time_split,early_through_2026-04-15,all,author_net,3,5D,all,0,211,0.5071090047393365,0.4928909952606635,0.42616587208629125,0.5598703426347054,0.0018401276381095095,0.0006279849944637039,0.054222024105929904,-0.052052785073974935,1.041673832223812,1.0717221158456525,-0.0007051152350950253,-0.0004082315101012757,0.9706673318509182
time_split,early_through_2026-04-15,all,author_net,3,60D,all,0,211,0.4976303317535545,0.41706161137440756,0.3525952678903283,0.48449390385463326,0.128570622890916,-0.0009954651034177475,0.3852675053824828,-0.12570459089790015,3.064864239488317,3.035950425908239,0.09252557793918299,-0.01466058892182387,2.2490910781377074
time_split,early_through_2026-04-15,all,author_net,3,90D,all,0,152,0.5460526315789473,0.5,0.42099012028854144,0.5790098797114586,0.19178126479355886,0.02120952990839131,0.4849027712140742,-0.16081417046590166,3.0152987750348212,3.6270985264911624,0.14846395531487513,0.0009657777822651425,2.6811257254316105
time_split,early_through_2026-04-15,all,author_net,30,1D,all,0,318,0.5628930817610063,0.5345911949685535,0.4796819256596293,0.5886747120483072,0.00042423002635345674,0.0026015812453076825,0.02035120225949972,-0.025420000406304714,0.8005980304568436,1.0384568655925726,-0.00026495171989948945,0.0009530195770725558,0.9746676796657693
time_split,early_through_2026-04-15,all,author_net,30,20D,all,0,318,0.4528301886792453,0.44025157232704404,0.3867257388153682,0.4952037051436503,-0.0074018741571213265,-0.009048833958580027,0.12289378081783625,-0.11523276103294829,1.0664830011553526,0.882606621645809,-0.01537101536093432,-0.009022176179985353,0.7579956302853923
time_split,early_through_2026-04-15,all,author_net,30,5D,all,0,318,0.5094339622641509,0.5062893081761006,0.45159279904038707,0.5608356805428741,-0.00017272524237459843,0.0006515045512337503,0.06318830214214104,-0.06597071521860237,0.9578235120349771,0.9946628778824762,-0.0025004408532008204,0.0022619261244739564,0.9198155675156985
time_split,early_through_2026-04-15,all,author_net,30,60D,all,0,313,0.4952076677316294,0.41533546325878595,0.3620922240099494,0.47063168719387577,0.05125582369563727,-0.0010032412409324287,0.2904766886535501,-0.1834228729402899,1.5836448529955678,1.5535756469260318,0.018732288948757544,-0.03360276932217243,1.181469726224987
time_split,early_through_2026-04-15,all,author_net,30,90D,all,0,236,0.5338983050847458,0.4830508474576271,0.42007963099581297,0.5465650015071072,0.07368076974669097,0.023213016595393876,0.35275276844959885,-0.2459835196766399,1.434050414894923,1.642639566152366,0.04184757179570225,-0.008777235126141925,1.3297501336699316
time_split,early_through_2026-04-15,all,author_net,7,1D,all,0,302,0.5132450331125827,0.4966887417218543,0.440695185444668,0.5527654787579163,0.0010655248335339712,0.000808931226096099,0.024425057607910295,-0.023565275030604328,1.0364851492795804,1.0928925043424147,0.000680985934390376,-0.00025107352058872934,1.065016391555266
time_split,early_through_2026-04-15,all,author_net,7,20D,all,0,302,0.5066225165562914,0.5066225165562914,0.45050782947602774,0.5625708421188037,0.026502727316765045,0.0011992367160589268,0.14795629723553416,-0.09821134112331333,1.5065092843988506,1.5469524866645916,0.015228276951678787,0.00040502564357786097,1.3190283671373224
time_split,early_through_2026-04-15,all,author_net,7,5D,all,0,302,0.5066225165562914,0.5,0.44396363995085053,0.5560363600491495,0.007359977097822863,0.0007716253311833565,0.06904011265427341,-0.05597600102390154,1.2333877267294167,1.2664988066416156,0.004073086126190947,-2.486613724617115e-05,1.1549454259087333
time_split,early_through_2026-04-15,all,author_net,7,60D,all,0,297,0.5387205387205387,0.4612794612794613,0.4054412849458481,0.5181064863947094,0.13294379312280247,0.013998035363457673,0.36812512104978934,-0.14172053146345956,2.597542623135764,3.0336264211804544,0.09475108547675083,-0.010018173681177522,2.2294493097255947
time_split,early_through_2026-04-15,all,author_net,7,90D,all,0,218,0.591743119266055,0.5416666666666666,0.47507027066202484,0.6068069152725948,0.15087846689463577,0.04417420722089671,0.4076060935585561,-0.2212323627643049,1.8424343005946595,2.670494660412484,0.1131752962724218,0.016022936553151623,2.126550384884435
time_split,early_through_2026-04-15,all,author_net,90,1D,all,0,313,0.549520766773163,0.536741214057508,0.4813877474070504,0.5912037628252519,0.002165241150679553,0.0020536893061464667,0.022748110117805687,-0.023441698986231004,0.9704121758054861,1.209499233612635,0.0013162781970592963,0.0010454974987581522,1.1306411876380766
time_split,early_through_2026-04-15,all,author_net,90,20D,all,0,313,0.48562300319488816,0.4728434504792332,0.4181979391577242,0.528147466322748,0.007547624620721402,-0.002562399164847795,0.1417185304424823,-0.11912304422963672,1.1896819071319875,1.1231779495904477,-0.0020709863955194734,-0.006016380586783554,0.9670311849400851
time_split,early_through_2026-04-15,all,author_net,90,5D,all,0,313,0.5431309904153354,0.536741214057508,0.4813877474070504,0.5912037628252519,0.00648056617171118,0.00577982884537831,0.06488608659857546,-0.06295257000008553,1.0307138628095296,1.2253241725707698,0.004152660984178541,0.003449078734692912,1.1508796403876362
time_split,early_through_2026-04-15,all,author_net,90,60D,all,0,305,0.5049180327868853,0.42950819672131146,0.37517146673649987,0.48559852132082,0.02397950377184172,0.0019486474094452255,0.24261853196927155,-0.19900334617785495,1.2191681025927898,1.2433899854257593,-0.00807270243789875,-0.022837588430957956,0.9287311159929577
time_split,early_through_2026-04-15,all,author_net,90,90D,all,0,223,0.515695067264574,0.47085201793721976,0.40638799099504797,0.5363032610027813,0.03191175720243417,0.01692680869014973,0.2997899154716016,-0.253328874287883,1.183402074928578,1.2601040612665413,-0.00230066608004424,-0.023020055854150012,0.9832083331001822
time_split,early_through_2026-04-15,all,author_net_shift,3,1D,all,0,1,0.0,0.0,0.0,0.7934506856227626,-0.02827401245511152,-0.02827401245511152,,-0.02827401245511152,,,-0.024597595716430165,-0.024597595716430165,
time_split,early_through_2026-04-15,all,author_net_shift,3,20D,all,0,1,1.0,1.0,0.20654931437723745,1.0,0.11111868721305518,0.11111868721305518,0.11111868721305518,,,,0.07640511083586354,0.07640511083586354,
time_split,early_through_2026-04-15,all,author_net_shift,3,5D,all,0,1,0.0,0.0,0.0,0.7934506856227626,-0.03768353106959399,-0.03768353106959399,,-0.03768353106959399,,,-0.03866488533848511,-0.03866488533848511,
time_split,early_through_2026-04-15,all,author_net_shift,3,60D,all,0,1,0.0,0.0,0.0,0.7934506856227626,-0.021319150870494186,-0.021319150870494186,,-0.021319150870494186,,,-0.012164726720390817,-0.012164726720390817,
time_split,early_through_2026-04-15,all,author_net_shift,3,90D,all,0,1,1.0,1.0,0.20654931437723745,1.0,0.0982999227237602,0.0982999227237602,0.0982999227237602,,,,0.08314019633118919,0.08314019633118919,
time_split,early_through_2026-04-15,all,author_net_shift,30,1D,all,0,84,0.5119047619047619,0.5119047619047619,0.40685182889998844,0.6159164632806147,-0.001068310719269445,0.00040821384785505455,0.01585215332770318,-0.018814163256338296,0.8425648864486576,0.8836656126168847,-0.002150531019617077,0.00030162479102086026,0.7581631055067702
time_split,early_through_2026-04-15,all,author_net_shift,30,20D,all,0,84,0.44047619047619047,0.47619047619047616,0.3727844721560723,0.5816789434827211,0.007814189154709491,-0.0059753562229350465,0.12892398860716597,-0.08752756786105412,1.4729529422298895,1.1595586992022533,0.008322664288687762,-0.010611925518604515,1.2015038754843823
time_split,early_through_2026-04-15,all,author_net_shift,30,5D,all,0,84,0.5476190476190477,0.5,0.3954393376854136,0.6045606623145864,0.0029005157413412204,0.0057683527784953,0.04820091889467075,-0.05193681439163664,0.9280684512377895,1.1234512830773242,0.0002780929187160645,0.0004934268455407675,1.0134668993869913
time_split,early_through_2026-04-15,all,author_net_shift,30,60D,all,0,84,0.38095238095238093,0.3493975903614458,0.2555612557016784,0.45655781346759094,-0.016235444852998413,-0.02513261770648323,0.3045155164436887,-0.21362065180480586,1.4254966168811116,0.8772286873114533,-0.0302726183867993,-0.01762189198455899,0.755273628638366
time_split,early_through_2026-04-15,all,author_net_shift,30,90D,all,0,62,0.5967741935483871,0.5245901639344263,0.40157156924985693,0.6446951257715474,0.012130792173539077,0.026882928029150266,0.2695434646624243,-0.36883996311001105,0.7307870394240052,1.0815648183475277,-0.00811562193100131,0.0019860091810797176,0.947872849051463
time_split,early_through_2026-04-15,all,author_net_shift,7,1D,all,0,25,0.4,0.36,0.20247880774458224,0.5548150225183514,-0.0026201653656200375,-0.0014204545454545858,0.01751253093439742,-0.01604196289896501,1.0916700808183073,0.7277800538788716,-0.002501265390901328,-0.0016917630404711392,0.6889049698921385
time_split,early_through_2026-04-15,all,author_net_shift,7,20D,all,0,25,0.48,0.48,0.30031285954112974,0.6650148304964322,-0.001901930062580397,-0.028914739017398938,0.08206450535124761,-0.07940940890611395,1.0334355397138493,0.9539404981973992,0.003905086110427978,-0.000710498914006763,1.1257794983330536
time_split,early_through_2026-04-15,all,author_net_shift,7,5D,all,0,25,0.48,0.6,0.40739457358967,0.7659669762225203,0.009806983936413279,-0.008442404668819847,0.052803237171178574,-0.02988186520337007,1.7670663063302834,1.6311381289202616,0.01073918586474094,0.0013927235057229481,2.0042622779456547
time_split,early_through_2026-04-15,all,author_net_shift,7,60D,all,0,25,0.44,0.4,0.23403302377747973,0.5926054264103301,-0.10405538663272436,-0.013137922009945124,0.10812890341276948,-0.2707716145256124,0.3993361844896838,0.3137641449561801,-0.09247328880715606,-0.02091361794269342,0.31897665542337433
time_split,early_through_2026-04-15,all,author_net_shift,7,90D,all,0,15,0.26666666666666666,0.3333333333333333,0.1517632443971473,0.5828645226148023,-0.1022191548481587,-0.05622598625466735,0.18599131753724032,-0.20702296298830378,0.8984091177738014,0.3266942246450187,-0.09155345754035907,-0.09072199251096524,0.35754306559494364
time_split,early_through_2026-04-15,all,author_net_shift,90,1D,all,0,60,0.4666666666666667,0.4666666666666667,0.34627906041438494,0.5910657297284211,-0.00172965009030146,-0.001975181894145195,0.024282592572359225,-0.024490362420129558,0.9915162607965508,0.8675767281969818,0.00021504934003565012,-0.0008602070721823729,1.0211875347829484
time_split,early_through_2026-04-15,all,author_net_shift,90,20D,all,0,60,0.48333333333333334,0.5333333333333333,0.4089342702715789,0.6537209395856151,0.010010581978668187,-0.00453243824412769,0.16256893875460504,-0.13270530016656307,1.225037270934613,1.14600260829367,0.012373316987091092,0.0014332129188557863,1.2071328636129213
time_split,early_through_2026-04-15,all,author_net_shift,90,5D,all,0,60,0.48333333333333334,0.55,0.4249193588533434,0.6690634559324476,0.005686296993237294,-0.003311008224684886,0.08107763671383227,-0.06484108532602896,1.2504052994511725,1.1697339898091612,0.006128069982553297,0.0038150125048097006,1.2148989772171306
time_split,early_through_2026-04-15,all,author_net_shift,90,60D,all,0,59,0.6271186440677966,0.5932203389830508,0.4659340125533739,0.7091096641280723,0.2129470537414942,0.09974700498549005,0.46009056182377384,-0.20270339166961246,2.269772390260141,3.817344474528419,0.18463092478416665,0.06023002500853436,3.334790563141429
time_split,early_through_2026-04-15,all,author_net_shift,90,90D,all,0,30,0.7333333333333333,0.6333333333333333,0.4551356365479487,0.7812607919389929,0.3694835896275121,0.14734432845186918,0.5588260747286178,-0.15120824440052852,3.695738132164072,10.163279863451198,0.30718925301229033,0.07347923427925351,5.561617712369339
time_split,early_through_2026-04-15,all,high_low_divergence,3,1D,all,0,8,0.375,0.375,0.13684428582359742,0.6942576053973727,-0.01754548539452068,-0.011345707843225084,0.017966916669439354,-0.0388529266328967,0.4624340616396912,0.2774604369838148,-0.016244072738104368,-0.01120057150626963,0.2588848698527406
time_split,early_through_2026-04-15,all,high_low_divergence,3,20D,all,0,8,0.625,0.625,0.30574239460262737,0.8631557141764026,-0.026189985452593476,0.006054302147495749,0.02290803621366484,-0.108020021563024,0.21207213146406573,0.3534535524401095,-0.01696171579577163,0.011129388810298013,0.4506021545323453
time_split,early_through_2026-04-15,all,high_low_divergence,3,5D,all,0,8,0.25,0.25,0.071479212752109,0.5907245696898311,-0.0418841624790952,-0.03763152511468232,0.014688602261896222,-0.060741750726092336,0.24182052848843158,0.0806068428294772,-0.032576739140589325,-0.023195142887087628,0.13666146586043074
time_split,early_through_2026-04-15,all,high_low_divergence,3,60D,all,0,8,0.625,0.5,0.21521606221387757,0.7847839377861224,0.15907158825857848,0.043545085956190666,0.33424764929686007,-0.13288851347189087,2.5152486137754977,4.192081022959163,0.13534860466882492,0.008453599821487967,3.7694097010446135
time_split,early_through_2026-04-15,all,high_low_divergence,3,90D,all,0,6,1.0,1.0,0.6096657120978346,1.0,0.16826334925964695,0.15299778228072408,0.16826334925964695,,,,0.14087747852670854,0.11251474028970809,
time_split,early_through_2026-04-15,all,high_low_divergence,30,1D,all,0,60,0.4,0.4166666666666667,0.30064278558341617,0.5427191897735989,-0.004400793148169035,-0.002682093183089651,0.02404894028478682,-0.023367282103472938,1.0291714790918098,0.6861143193945398,-0.0034214188120056444,-0.002170810238749543,0.7148987446021596
time_split,early_through_2026-04-15,all,high_low_divergence,30,20D,all,0,60,0.45,0.48333333333333334,0.36175049539732784,0.6069218996740751,0.0008535967853369593,-0.008222016517645703,0.1270553467392417,-0.10240238044967603,1.2407460274000268,1.015155840600022,0.006390061894396208,-0.00018176910988626505,1.1291004053055895
time_split,early_through_2026-04-15,all,high_low_divergence,30,5D,all,0,60,0.5166666666666667,0.5,0.3773502424155577,0.6226497575844423,-0.001698518879976115,0.0009073282849137998,0.0455394027900171,-0.05219422825134818,0.8724988244048002,0.9326711571223727,0.0005691740387838041,-7.48204815378406e-05,1.026735822032319
time_split,early_through_2026-04-15,all,high_low_divergence,30,60D,all,0,59,0.6610169491525424,0.559322033898305,0.43289354829158677,0.678497882323879,0.093455579867994,0.04766803039158385,0.2347221095318028,-0.18201415297643317,1.2895816379850096,2.5146841940707687,0.07612829642944245,0.041136001168064595,2.212252792220079
time_split,early_through_2026-04-15,all,high_low_divergence,30,90D,all,0,45,0.6222222222222222,0.5777777777777777,0.4330078870920313,0.710312975327297,-0.013781864819960814,0.03504770770304866,0.16822291313039991,-0.3135544402676138,0.5365030486789608,0.883652080177112,-0.014936804196104868,0.04874206045530127,0.8754890094232819
time_split,early_through_2026-04-15,all,high_low_divergence,7,1D,all,0,32,0.5625,0.53125,0.3644951711897464,0.6913061289193116,0.006412565271207163,0.007018931903650882,0.030757412119901635,-0.02488795210568573,1.2358353949449705,1.588931222072105,0.005811309727351076,0.0025565855147344774,1.7437550749877149
time_split,early_through_2026-04-15,all,high_low_divergence,7,20D,all,0,32,0.5625,0.59375,0.42260024875382873,0.7448036515733456,0.024584525713264714,0.01885677131703789,0.09737062574180062,-0.06899760289485288,1.4112175156314646,1.8144225200975972,0.0274860543431205,0.01023902877029087,2.2615161355004516
time_split,early_through_2026-04-15,all,high_low_divergence,7,5D,all,0,32,0.46875,0.40625,0.2551963484266544,0.5773997512461713,-0.007188022992636694,-0.007909474683687301,0.03194257686177368,-0.04171502286417526,0.7657331740121345,0.675646918246001,-0.003939932545139517,-0.010646683934787293,0.7682154417316168
time_split,early_through_2026-04-15,all,high_low_divergence,7,60D,all,0,31,0.6451612903225806,0.6129032258064516,0.4382410861966073,0.7626689857961975,0.15869423323471954,0.0447990846862486,0.33902227934633455,-0.16917494151367135,2.0039745621483633,3.6435901129970247,0.14426177088780567,0.06162046158352985,3.705351056923285
time_split,early_through_2026-04-15,all,high_low_divergence,7,90D,all,0,24,0.625,0.5416666666666666,0.3507486535891948,0.72108666268789,0.17473438564119012,0.11102404870375931,0.34536843719998667,-0.10965570029013742,3.1495712150501816,5.249285358416969,0.14468224092806772,0.07327122236875194,3.735391551268971
time_split,early_through_2026-04-15,all,high_low_divergence,90,1D,all,0,53,0.5660377358490566,0.5660377358490566,0.4326535142760728,0.6904960344024968,-0.0015500113081056773,0.0031218641989073648,0.016006854935424624,-0.024450271625753896,0.6546698204597582,0.8539171571214238,-0.0013840272086155822,0.0025705902654300505,0.850330187748936
time_split,early_through_2026-04-15,all,high_low_divergence,90,20D,all,0,53,0.6037735849056604,0.5660377358490566,0.4326535142760728,0.6904960344024968,0.028501198910323246,0.02387079598899633,0.1304332632339252,-0.1268238514875464,1.0284600388968097,1.567177202128472,0.027159448937253045,0.017713914472499148,1.6013718517995832
time_split,early_through_2026-04-15,all,high_low_divergence,90,5D,all,0,53,0.5283018867924528,0.5660377358490566,0.4326535142760728,0.6904960344024968,0.004675675719408391,0.0038624951718810863,0.05374303494261547,-0.05027976661058354,1.068879960379588,1.1971455556251387,0.006413246379879999,0.004698079601320515,1.325022171546206
time_split,early_through_2026-04-15,all,high_low_divergence,90,60D,all,0,53,0.4339622641509434,0.5094339622641509,0.3788352911467995,0.6387575015215675,-0.016689582237557437,-0.028605482717520836,0.201758794798693,-0.18416667129868275,1.0955228401314765,0.8399008441007986,-0.008111539908011861,0.002390677138657038,0.9120148963253312
time_split,early_through_2026-04-15,all,high_low_divergence,90,90D,all,0,44,0.7045454545454546,0.75,0.6055943364104086,0.8542578617103511,-0.09514929718363337,0.058036642202449085,0.17046986477320092,-0.7285488372345459,0.2339855011234073,0.5579654257558174,-0.061631801691505415,0.10744619067624783,0.6960538144870574
time_split,early_through_2026-04-15,all,weighted_net,1,1D,all,0,103,0.4563106796116505,0.46601941747572817,0.3726437920092655,0.5618385702004485,-0.0022390155999067814,-0.004267425320056861,0.025357278632479878,-0.025400191116374152,0.9983105448420578,0.837867778706727,-0.0016777553048175301,-0.0006551263496443749,0.8567909649282597
time_split,early_through_2026-04-15,all,weighted_net,1,20D,all,0,103,0.49514563106796117,0.5242718446601942,0.42869820922520113,0.6181001034821461,0.024486710193640408,-0.00866024688166478,0.13867680323049553,-0.08750741951558286,1.5847433737410197,1.5542675396306154,0.01582372990961242,0.0011499110972441606,1.3810371972141484
time_split,early_through_2026-04-15,all,weighted_net,1,5D,all,0,103,0.47572815533980584,0.46601941747572817,0.3726437920092655,0.5618385702004485,0.00223423520708168,-0.0010796804145974948,0.05913607604718324,-0.049398916666343815,1.197112812141354,1.0862690332393767,0.0010770467233615552,-0.0029013671944334574,1.046959431031986
time_split,early_through_2026-04-15,all,weighted_net,1,60D,all,0,103,0.5242718446601942,0.4563106796116505,0.36342238345230693,0.5523406536744683,0.12446438153925338,0.02553296975706476,0.3581452432271914,-0.1330614660352089,2.6915774633989367,2.9662282249702567,0.08926706421898502,-0.01594484737557833,2.245673323789361
time_split,early_through_2026-04-15,all,weighted_net,1,90D,all,0,76,0.5789473684210527,0.5263157894736842,0.41552028690262677,0.6345789980939448,0.18540614390265922,0.04417420722089671,0.42721889559859816,-0.14708638967925675,2.904544033817208,3.993748046498661,0.14314042581151742,0.01606481147717459,2.86519157172388
time_split,early_through_2026-04-15,all,weighted_net,3,1D,all,0,238,0.49159663865546216,0.4789915966386555,0.41636378981653094,0.5422868069473009,-0.0015175672505830056,-0.00044762151129834615,0.022402888946141383,-0.02464726456477105,0.908940174162872,0.8788925650996365,-0.0013448658714234549,-0.0005173980017948443,0.8748954258691621
time_split,early_through_2026-04-15,all,weighted_net,3,20D,all,0,238,0.49159663865546216,0.5042016806722689,0.441120856362636,0.5671490242845977,0.017540308376279352,-0.002443909788051035,0.12742214536955315,-0.0887090711957292,1.4364049093514548,1.3889204495381837,0.00755050648933232,0.0002131950275580663,1.1785023547574194
time_split,early_through_2026-04-15,all,weighted_net,3,5D,all,0,238,0.4957983193277311,0.48739495798319327,0.4245986153246846,0.5505917427336144,-0.0002490948220873577,-0.0002522921305960768,0.05290589435157002,-0.05251816750951711,1.0073827184084945,0.9905930064350196,-0.0028605693632912208,-0.0005537359034725187,0.8843100224928665
time_split,early_through_2026-04-15,all,weighted_net,3,60D,all,0,238,0.5042016806722689,0.4369747899159664,0.37545423418685886,0.5004975561046371,0.11309090253632967,0.0016992337621785092,0.3543915882307435,-0.13229962528849795,2.6787043988820285,2.724106168354605,0.0796748277226761,-0.012097185032142632,2.0504972194172963
time_split,early_through_2026-04-15,all,weighted_net,3,90D,all,0,171,0.5789473684210527,0.5384615384615384,0.4632818498192179,0.6119315861740886,0.19818035813462784,0.028056671994537652,0.44245358379493854,-0.1376953271482993,3.21327958586722,4.418259430567428,0.15505940237174248,0.01299285615677348,3.1534092003581105
time_split,early_through_2026-04-15,all,weighted_net,30,1D,all,0,295,0.5525423728813559,0.5254237288135594,0.46848045386373366,0.5817133849001176,-0.0008335530326368364,0.0022425073870830925,0.02174684347881406,-0.028936134592935557,0.7515462512440523,0.935130068341836,-0.0010628575295177605,0.0009430185520961087,0.9117368059361401
time_split,early_through_2026-04-15,all,weighted_net,30,20D,all,0,295,0.48135593220338985,0.44745762711864406,0.3917540051820282,0.5045120613726795,-0.007587837151132649,-0.0035371399696815242,0.11577326181833526,-0.12207983750188064,0.9483405629250757,0.8801592152637958,-0.015619695467735431,-0.01093312291025228,0.7548559996651156
time_split,early_through_2026-04-15,all,weighted_net,30,5D,all,0,295,0.5016949152542373,0.4847457627118644,0.4282790440796136,0.5416046526620758,-0.0017766775453743743,0.0001944768572539335,0.06273681004593187,-0.06672903239920651,0.9401726323650078,0.946568364557967,-0.0031584880340076106,-0.0016077625267645335,0.8991994482518709
time_split,early_through_2026-04-15,all,weighted_net,30,60D,all,0,290,0.496551724137931,0.43448275862068964,0.37865660535678203,0.49202195663882764,0.032992937489043826,-0.0028326224783266074,0.2685864724713681,-0.19937328879489244,1.347153744088956,1.3286995832110253,0.002586554530422842,-0.03409480877666721,1.0231468904874894
time_split,early_through_2026-04-15,all,weighted_net,30,90D,all,0,214,0.5373831775700935,0.48598130841121495,0.41985725498127535,0.5525997785307035,0.061317338762845244,0.021123977176335074,0.352339519564505,-0.27673872984514336,1.2731847102198746,1.4789519361139956,0.033332683081086306,-0.014187255722736714,1.2398118470686224
time_split,early_through_2026-04-15,all,weighted_net,7,1D,all,0,320,0.51875,0.484375,0.4301298582109422,0.5389908342525362,0.001238251802323909,0.0008951097282886011,0.024525090797320716,-0.023863146075399924,1.0277392058796126,1.1078227803637386,0.0009041621013249936,-0.00046982981578669314,1.0869746212623468
time_split,early_through_2026-04-15,all,weighted_net,7,20D,all,0,320,0.521875,0.50625,0.4517232964734679,0.5606284265411408,0.0238887293177871,0.006940190440376415,0.14250113106668164,-0.10557709481335922,1.3497352936126654,1.4732404838778768,0.012231768138986538,0.0006695500389983788,1.2457271437546087
time_split,early_through_2026-04-15,all,weighted_net,7,5D,all,0,320,0.50625,0.50625,0.4517232964734679,0.5606284265411408,0.007562987994186773,0.0004552194772340368,0.07030085877095449,-0.05676318330857506,1.2384939440197733,1.2698482210835649,0.0043283057165561176,0.0008471361665998156,1.164193715854737
time_split,early_through_2026-04-15,all,weighted_net,7,60D,all,0,315,0.5365079365079365,0.44761904761904764,0.3936663946050215,0.5028338907654637,0.11802471889549705,0.012304250559284302,0.3671396599299365,-0.17033435668546365,2.15540579759778,2.4949560259864714,0.08226902220356597,-0.01466058892182387,1.92088748826507
time_split,early_through_2026-04-15,all,weighted_net,7,90D,all,0,226,0.588495575221239,0.5466666666666666,0.48137985216161816,0.6103867364111906,0.1469791109639407,0.046417141167881315,0.39741414136118447,-0.21116991100201007,1.88196386253817,2.6914106851352324,0.11206626126522495,0.017228835628688488,2.15665334554921
time_split,early_through_2026-04-15,all,weighted_net,90,1D,all,0,292,0.5513698630136986,0.5273972602739726,0.4701504388756923,0.5839325826987023,0.0013610130639504971,0.002366280229433526,0.02204628818774911,-0.02443439212057412,0.9022646472627329,1.1260822341806203,0.0009863514314560511,0.0011726541531897339,1.094033389376263
time_split,early_through_2026-04-15,all,weighted_net,90,20D,all,0,292,0.5102739726027398,0.5136986301369864,0.4565663081051897,0.5704752026820078,0.00873630993198579,0.0031251255006681244,0.1280995138877302,-0.11563514034358004,1.1077905341500471,1.1542712558626365,0.0015879373367964765,0.0036250048873129326,1.0273933520282514
time_split,early_through_2026-04-15,all,weighted_net,90,5D,all,0,292,0.5445205479452054,0.5616438356164384,0.5042968450111923,0.6173899535311959,0.0010850876203086356,0.005913864922059364,0.060194799814979674,-0.06957990665753117,0.8651175706695825,1.034238298770403,1.2366765497455715e-05,0.006832457527963853,1.0004083085822315
time_split,early_through_2026-04-15,all,weighted_net,90,60D,all,0,285,0.5228070175438596,0.4631578947368421,0.4061407189502399,0.5211550367015266,0.04180504649729581,0.012304250559284302,0.27087853773015413,-0.20916517551517397,1.2950460661674685,1.418837234257006,0.009532111827596336,-0.02710597165395945,1.0807781886022663
time_split,early_through_2026-04-15,all,weighted_net,90,90D,all,0,211,0.5165876777251185,0.4928909952606635,0.42616587208629125,0.5598703426347054,0.034962196507757476,0.01692680869014973,0.38213091095587787,-0.3360318218730771,1.1371866772195547,1.2152289001659948,0.007819074731139677,-0.023209129445495025,1.0447070699589662
time_split,late_after_2026-04-15,all,author_net,1,1D,all,0,138,0.427536231884058,0.42962962962962964,0.3492130043432204,0.5139402629777645,-0.005401895740873152,-0.00666879534959075,0.02925364968954093,-0.03128388536611911,0.9351028284109187,0.6983679351423318,-0.00496801034268886,-0.006023651299758459,0.7094915044388308
time_split,late_after_2026-04-15,all,author_net,1,20D,all,0,75,0.4666666666666667,0.4189189189189189,0.3132433492747786,0.5325971554922029,0.04840425810194113,-0.010740943018387128,0.26393816938811,-0.14018791427345664,1.8827455330654304,1.6474023414322516,0.03721768910310186,-0.02063620485720402,1.4900784868612404
time_split,late_after_2026-04-15,all,author_net,1,5D,all,0,106,0.3867924528301887,0.35353535353535354,0.26644852931138896,0.45156402775898485,-0.012168264502774102,-0.04530037150894528,0.11222386987752513,-0.09063099541957824,1.2382504391348919,0.781050276992778,-0.008178290892160723,-0.03449390414049769,0.8364309025375475
time_split,late_after_2026-04-15,all,author_net,1,60D,all,0,1,1.0,1.0,0.20654931437723745,1.0,0.9733333333333334,0.9733333333333334,0.9733333333333334,,,,0.9104302438016918,0.9104302438016918,
time_split,late_after_2026-04-15,all,author_net,3,1D,all,0,243,0.4279835390946502,0.4214876033057851,0.36097606765478923,0.48445277017310734,-0.002326914658004475,-0.004301139060275294,0.030234131693970403,-0.026689136388978487,1.1328254033148804,0.8475815967248026,-0.0027403914022242183,-0.004385581538513705,0.8150469996605259
time_split,late_after_2026-04-15,all,author_net,3,20D,all,0,164,0.524390243902439,0.4506172839506173,0.3760268782049289,0.5274954369400493,0.03873845687505559,0.003244309637416176,0.18867882691639717,-0.12658041265770564,1.490584703864222,1.6434651863118344,0.025876360336887547,-0.00994707094492292,1.4101907533893583
time_split,late_after_2026-04-15,all,author_net,3,5D,all,0,199,0.5025125628140703,0.4517766497461929,0.38386531852266553,0.5215326998368672,0.007628845711399912,0.00018950161076358718,0.09733845498376027,-0.08298692123037824,1.1729372959088462,1.184785147382673,0.0037373004606079843,-0.008016415460222581,1.0930396715467485
time_split,late_after_2026-04-15,all,author_net,3,60D,all,0,2,1.0,0.5,0.09453120573423074,0.9054687942657693,0.49970283151107375,0.49970283151107375,0.49970283151107375,,,,0.4397836401833337,0.4397836401833337,29.4991194127685
time_split,late_after_2026-04-15,all,author_net,30,1D,all,0,231,0.4935064935064935,0.5173913043478261,0.45305860685935984,0.5811526063290349,-0.0004233166160362626,0.0,0.025252441565117315,-0.026110214708138162,0.967147985851166,0.967147985851166,-0.0006319341220384549,0.001130424442679523,0.9489991467324739
time_split,late_after_2026-04-15,all,author_net,30,20D,all,0,156,0.47435897435897434,0.432258064516129,0.3568394795794219,0.5109532229309124,-0.018034640480162945,-0.010815475742288527,0.12602272448974663,-0.14803762837983744,0.8512884586775155,0.7682359261236115,-0.029330031542770894,-0.025289070330304142,0.6399478655341382
time_split,late_after_2026-04-15,all,author_net,30,5D,all,0,198,0.51010101010101,0.4619289340101523,0.39370413435295626,0.5316100906677275,0.015809773086556497,0.001461270962645922,0.09699074636962596,-0.06871886919787665,1.4114135971932276,1.4696162197578966,0.010212457781654213,-0.006458082826806377,1.2979240391066043
time_split,late_after_2026-04-15,all,author_net,7,1D,all,0,276,0.391304347826087,0.39416058394160586,0.3381453899721622,0.45310246682292304,-0.007148803373640938,-0.005333400432044499,0.026330204907577627,-0.029016456994839054,0.9074231534284419,0.5903716901823599,-0.007491344415007961,-0.005145594209002957,0.5604791808397565
time_split,late_after_2026-04-15,all,author_net,7,20D,all,0,190,0.5368421052631579,0.46842105263157896,0.39879723320824195,0.5392965054944773,0.01775103975563029,0.015443101298180273,0.16058224424309386,-0.1478033109002934,1.0864590465867237,1.2593048039982477,0.005895689242951033,-0.009099254901567932,1.0832000796924484
time_split,late_after_2026-04-15,all,author_net,7,5D,all,0,235,0.5234042553191489,0.48497854077253216,0.42157248602753267,0.5488718777470567,0.008542720585436685,0.002279981760145766,0.08536290666561903,-0.0758223051990493,1.1258284279477349,1.2364008628354588,0.005032716491531053,-0.004571956298482505,1.1415369290888648
time_split,late_after_2026-04-15,all,author_net,7,60D,all,0,3,1.0,0.3333333333333333,0.06149194472039621,0.7923403991979522,0.34730609169674875,0.05952976488244133,0.34730609169674875,,,,0.28872305349164756,-0.005174118200233613,20.569542708220922
time_split,late_after_2026-04-15,all,author_net,90,1D,all,0,201,0.4975124378109453,0.5124378109452736,0.4437539581040517,0.5806551631196781,0.004820874189273378,0.0,0.031557547892374804,-0.02208847552720739,1.4286883607473917,1.4431195563104968,0.005156384431140549,0.0013320964959364634,1.492405915071843
time_split,late_after_2026-04-15,all,author_net,90,20D,all,0,151,0.4503311258278146,0.3841059602649007,0.3103176744040929,0.46364467220147704,-0.018936420341619617,-0.023187633262260032,0.1335414545100233,-0.14385805275019453,0.9282862652250291,0.760523687172313,-0.031531755811048015,-0.02606452153090577,0.6263537843060066
time_split,late_after_2026-04-15,all,author_net,90,5D,all,0,175,0.49142857142857144,0.4425287356321839,0.3707611491544951,0.5167791345756071,0.010273968128104216,-0.00014884828638417336,0.08668147517636887,-0.06355800497471333,1.3638168034200455,1.3178454504957744,0.0052279150129281625,-0.008328170652781686,1.1562073777180104
time_split,late_after_2026-04-15,all,author_net_shift,1,1D,all,0,8,0.25,0.16666666666666666,0.030053369748306635,0.5635028221864702,-0.01147670564936816,-0.012521297245653484,0.025886458730688566,-0.023931093776053736,1.081708131393118,0.36056937713103937,-0.01038654191390559,-0.009811270145382578,0.4298337656053272
time_split,late_after_2026-04-15,all,author_net_shift,1,5D,all,0,5,0.8,1.0,0.20654931437723745,1.0,0.062296773067761844,0.08616792249730887,0.1054727607095732,-0.11040717749948359,0.9553071013890065,3.821228405556026,0.07396810057749803,0.07396810057749803,
time_split,late_after_2026-04-15,all,author_net_shift,3,1D,all,0,19,0.7894736842105263,0.8125,0.5699111903802586,0.9340840092857187,0.011102516371538806,0.009213820731096778,0.018134850061728235,-0.015268734966671554,1.187711365827805,4.453917621854268,0.014783567847796796,0.011941290268308369,10.093987206556177
time_split,late_after_2026-04-15,all,author_net_shift,3,20D,all,0,5,0.2,0.2,0.03622410863243014,0.6244653702374747,-0.12148093479840978,-0.08917510109628102,0.024415488664237373,-0.15795504066407157,0.15457239326830116,0.03864309831707529,-0.11742995171710771,-0.07944235279153422,0.028588166128584606
time_split,late_after_2026-04-15,all,author_net_shift,3,5D,all,0,12,0.3333333333333333,0.25,0.071479212752109,0.5907245696898311,-0.03760626136284074,-0.04916167236620472,0.0407610379942204,-0.07678991104137131,0.5308124132642893,0.26540620663214465,-0.04676407157798505,-0.03331885576342947,0.1387762813200793
time_split,late_after_2026-04-15,all,author_net_shift,30,1D,all,0,77,0.5974025974025974,0.5974025974025974,0.48576853167949463,0.6997798270317195,0.007322766444101837,0.005354843082762795,0.026594752432928057,-0.02127437405544675,1.2500838973506327,1.8549632025202936,0.00528067380543428,0.0037850744105325518,1.6178176895786884
time_split,late_after_2026-04-15,all,author_net_shift,30,20D,all,0,45,0.5333333333333333,0.5813953488372093,0.4332857738696422,0.7161544907215082,0.060743878029981366,0.006232364463194751,0.23114996228058268,-0.13400593254213444,1.7249233514934423,1.9713409731353626,0.05939173714760372,0.011995785902312206,1.9603088253066911
time_split,late_after_2026-04-15,all,author_net_shift,30,5D,all,0,65,0.5230769230769231,0.53125,0.41072087051471007,0.6482401257482395,0.013579803715865753,0.003799574832385688,0.08259932916235092,-0.06211903064479541,1.329694431882952,1.4583745381942057,0.012048701869441063,0.0045073386975640894,1.4478164814815075
time_split,late_after_2026-04-15,all,author_net_shift,7,1D,all,0,45,0.4222222222222222,0.32558139534883723,0.20493297126568708,0.47483789032470525,-0.016808944256059274,-0.005842708146477582,0.01882673016315506,-0.04285039863933128,0.4393595103191056,0.3210704113870387,-0.01765586505636814,-0.006230741364500858,0.23830612109509064
time_split,late_after_2026-04-15,all,author_net_shift,7,20D,all,0,27,0.48148148148148145,0.46153846153846156,0.2875585353039122,0.6454206125314121,0.002638134853542062,-0.01576307618820172,0.13256758988458012,-0.11801064481813614,1.1233528135438748,1.0431133268621695,0.004944402505740981,-0.009456503271977224,1.0870391898689515
time_split,late_after_2026-04-15,all,author_net_shift,7,5D,all,0,42,0.3333333333333333,0.3076923076923077,0.18565932306911137,0.4642125437414931,-0.04045813523051979,-0.045473035523491356,0.06437799215376025,-0.09287619892265979,0.6931592044089716,0.3465796022044858,-0.033797953064427295,-0.022023745096511282,0.36783447182742457
time_split,late_after_2026-04-15,all,author_net_shift,90,1D,all,0,73,0.4657534246575342,0.4383561643835616,0.3304534902599767,0.552422236748264,-0.0035224534723472304,-0.0025836496443494283,0.02127472073926294,-0.02514050278503302,0.8462329063652813,0.7377415081133221,-0.004602584127976095,-0.0028076345315831697,0.6599553940223727
time_split,late_after_2026-04-15,all,author_net_shift,90,20D,all,0,49,0.5918367346938775,0.6122448979591837,0.4724599944352045,0.7357098828826433,0.034719263412883714,0.02899993136110912,0.17846229811360279,-0.17370813690315895,1.0273686730811824,1.4896845759677146,0.03057327186028885,0.011062093822886698,1.4460640411453194
time_split,late_after_2026-04-15,all,author_net_shift,90,5D,all,0,65,0.49230769230769234,0.4375,0.3229400970440308,0.5591379104300699,-0.011164172408071492,-0.0006091370558375386,0.05950207793383551,-0.07968902122446615,0.7466784886996097,0.7240518678299246,-0.007153698319796344,-0.008084673854368896,0.7980935418689001
time_split,late_after_2026-04-15,all,high_low_divergence,1,1D,all,0,9,0.2222222222222222,0.375,0.13684428582359742,0.6942576053973727,-0.010870682037073334,-0.008313990293310702,0.0037700624779551384,-0.01505375189851004,0.250440056629888,0.07155430189425371,-0.008995553131614431,-0.005808734054291387,0.16707697676198247
time_split,late_after_2026-04-15,all,high_low_divergence,1,20D,all,0,1,0.0,0.0,0.0,0.7934506856227626,-0.41939302406269774,-0.41939302406269774,,-0.41939302406269774,,,-0.41225706016387886,-0.41225706016387886,
time_split,late_after_2026-04-15,all,high_low_divergence,1,5D,all,0,4,0.25,0.5,0.09453120573423074,0.9054687942657693,-0.07010010675742254,-0.02776195234399137,0.03834367481322032,-0.10624803394763682,0.36088832318645614,0.12029610772881871,-0.11492563348653723,-0.11492563348653723,0.05477725677202202
time_split,late_after_2026-04-15,all,high_low_divergence,3,1D,all,0,32,0.40625,0.41935483870967744,0.2641554306731223,0.5923373750463029,0.00022982233482824951,-0.00621621179781473,0.03147922918407985,-0.021151350772554426,1.4882845792017538,1.018299975243305,0.0015805116579008553,-0.0017577460714957027,1.1377924246362092
time_split,late_after_2026-04-15,all,high_low_divergence,3,20D,all,0,12,0.3333333333333333,0.36363636363636365,0.15166471095367573,0.6461988254921511,0.029062559079030048,-0.019782606195837993,0.25000955454886187,-0.08141093865588585,3.0709577690244045,1.5354788845122023,0.034905691221589756,-0.016272139838660937,1.7284134135093208
time_split,late_after_2026-04-15,all,high_low_divergence,3,5D,all,0,22,0.5,0.5,0.2992980081982123,0.7007019918017877,-0.0001309148084625516,-0.0031876884468224342,0.08236748634967087,-0.08262931596659596,0.9968312745438804,0.9968312745438804,0.009479524193112581,0.003252159364858953,1.3272270843837286
time_split,late_after_2026-04-15,all,high_low_divergence,3,60D,all,0,1,1.0,1.0,0.20654931437723745,1.0,0.9733333333333334,0.9733333333333334,0.9733333333333334,,,,0.9104302438016918,0.9104302438016918,
time_split,late_after_2026-04-15,all,high_low_divergence,30,1D,all,0,38,0.47368421052631576,0.4473684210526316,0.3014640099805125,0.6029370287800753,-0.0034894610601051116,-0.0030132143951064894,0.019805189652419168,-0.024454646701376963,0.8098742907336298,0.7288868616602668,-0.002970980897504717,-0.0028205670346668765,0.7414580113902567
time_split,late_after_2026-04-15,all,high_low_divergence,30,20D,all,0,11,0.18181818181818182,0.5,0.236593090512564,0.7634069094874361,-0.01853119917822862,-0.01698638160784882,0.07682250684228531,-0.039720911627231716,1.9340569915222596,0.4297904425605021,-0.00542210578960135,-0.0005238849116838695,0.7873290304156391
time_split,late_after_2026-04-15,all,high_low_divergence,30,5D,all,0,27,0.48148148148148145,0.46153846153846156,0.2875585353039122,0.6454206125314121,-0.00831964994438297,-0.0010056481609037604,0.0587708967979071,-0.07061801477650946,0.8322366039870153,0.772791132273657,0.00041282764910184513,-0.005864193264481843,1.0161697813050692
time_split,late_after_2026-04-15,all,high_low_divergence,7,1D,all,0,36,0.5,0.4722222222222222,0.31986041515179053,0.629940619770124,-0.0016309092668287334,-0.0006892237014583524,0.028494387355124343,-0.03175620588878181,0.8972856346541784,0.8972856346541784,-0.0009284553670994381,-0.0012455450444344152,0.9378299837857922
time_split,late_after_2026-04-15,all,high_low_divergence,7,20D,all,0,13,0.46153846153846156,0.5,0.2537815976337061,0.7462184023662939,0.13357876334805335,-0.01878716998034191,0.33260257721003944,-0.037013077105077584,8.986082844876787,7.7023567241801025,0.13704502106768127,0.008036227180299005,12.956150576646275
time_split,late_after_2026-04-15,all,high_low_divergence,7,5D,all,0,29,0.6206896551724138,0.6206896551724138,0.4400254420598852,0.7731197789919015,0.06605333197542931,0.052285185573129556,0.13439551355544252,-0.04577932879186502,2.9357248588433777,4.803913405380072,0.06341278491943972,0.04725659785073788,6.412604991327505
time_split,late_after_2026-04-15,all,high_low_divergence,7,60D,all,0,1,1.0,1.0,0.20654931437723745,1.0,0.8904546663121513,0.8904546663121513,0.8904546663121513,,,,0.8335193731883128,0.8335193731883128,
time_split,late_after_2026-04-15,all,high_low_divergence,90,1D,all,0,33,0.6060606060606061,0.5757575757575758,0.4080726333731245,0.7276440336658979,0.0004043637052241671,0.0033901411031702633,0.01779172734307972,-0.0263454265068613,0.6753250830251737,1.038961666192575,-0.0005551812298474918,0.002413110739645785,0.947139569602086
time_split,late_after_2026-04-15,all,high_low_divergence,90,20D,all,0,8,0.5,0.5,0.21521606221387757,0.7847839377861224,0.0778442021235629,0.01228342242506364,0.18321496059360232,-0.02752655634647652,6.655934664964161,6.655934664964161,0.049831320541661395,-0.002838875768946758,3.7779006212559687
time_split,late_after_2026-04-15,all,high_low_divergence,90,5D,all,0,24,0.5833333333333334,0.5,0.3142742581957335,0.6857257418042665,-0.014176591782933387,0.006538031067751915,0.028467398858864314,-0.07387817868145016,0.385328920757654,0.5394604890607155,-0.01595861956421812,0.000889444060731881,0.4389004394526409
time_split,late_after_2026-04-15,all,weighted_net,1,1D,all,0,157,0.40764331210191085,0.41935483870967744,0.34454206104506574,0.49806829908628464,-0.005899769190654198,-0.007375672451985338,0.028712269499857446,-0.02971880656907081,0.9661313092477645,0.6648645569016873,-0.005460347960469983,-0.006119934824002415,0.675450836222822
time_split,late_after_2026-04-15,all,weighted_net,1,20D,all,0,85,0.4588235294117647,0.4166666666666667,0.3171483846042472,0.5234735701315295,0.03847286850062879,-0.010740943018387128,0.24217461437579027,-0.13423078561092117,1.8041659614341605,1.5296189673028753,0.02738567978671594,-0.017343436158360703,1.3745478089146501
time_split,late_after_2026-04-15,all,weighted_net,1,5D,all,0,115,0.391304347826087,0.3577981651376147,0.2740627128789262,0.45121556405952407,-0.012603834931956402,-0.04010929525184315,0.10784781983861833,-0.09003704157018301,1.1978161205413662,0.7700246489194497,-0.009656924300750493,-0.03372944918175247,0.805429109752812
time_split,late_after_2026-04-15,all,weighted_net,1,60D,all,0,1,1.0,1.0,0.20654931437723745,1.0,0.9733333333333334,0.9733333333333334,0.9733333333333334,,,,0.9104302438016918,0.9104302438016918,
time_split,late_after_2026-04-15,all,weighted_net,3,1D,all,0,266,0.42857142857142855,0.4166666666666667,0.3588076381334826,0.4769160762095769,-0.0030722528454855,-0.004067673123172855,0.028733087102256482,-0.026926257806291987,1.0671028744121394,0.8003271558091044,-0.003420720987287762,-0.0041774947512548954,0.7701384924079577
time_split,late_after_2026-04-15,all,weighted_net,3,20D,all,0,173,0.5260115606936416,0.45614035087719296,0.38327014158930256,0.5309378494605603,0.03610640013961181,0.0034502182791154024,0.1866901130010844,-0.13100479340177848,1.4250632221412285,1.5814726001811195,0.024198103581579193,-0.006986717481060278,1.3770680762364944
time_split,late_after_2026-04-15,all,weighted_net,3,5D,all,0,212,0.5047169811320755,0.47596153846153844,0.40914326914496396,0.5436516178631351,0.0070196907016262765,0.0009533852331877757,0.09491306703244105,-0.08254784517834686,1.1497946049031176,1.1716954545203198,0.004584478236357118,-0.005296233155702101,1.1181689771812002
time_split,late_after_2026-04-15,all,weighted_net,3,60D,all,0,2,1.0,0.5,0.09453120573423074,0.9054687942657693,0.49970283151107375,0.49970283151107375,0.49970283151107375,,,,0.4397836401833337,0.4397836401833337,29.4991194127685
time_split,late_after_2026-04-15,all,weighted_net,30,1D,all,0,221,0.49321266968325794,0.5136363636363637,0.4479253040585297,0.5788793818634211,-0.0025414776382021343,-0.0015065913370997386,0.02626463221522714,-0.030575995263414556,0.8589951688883816,0.8359863697217285,-0.002530586810816948,0.0010174441078871777,0.8286860893721859
time_split,late_after_2026-04-15,all,weighted_net,30,20D,all,0,138,0.4927536231884058,0.463768115942029,0.38267562147721057,0.5468231295710194,-0.01872793627997286,-0.006174160850349886,0.13401336079468784,-0.16710519629535756,0.8019700390275113,0.7790566093410111,-0.031130623074870994,-0.01952185543283569,0.6502343162078238
time_split,late_after_2026-04-15,all,weighted_net,30,5D,all,0,184,0.44021739130434784,0.42857142857142855,0.3588834900926798,0.5012123132604049,0.00596308835213197,-0.009242568222612657,0.09877724719372384,-0.0670266870475665,1.4737002758860076,1.1589293431724914,0.0021795796445860517,-0.01433131357227696,1.0574816873793853
time_split,late_after_2026-04-15,all,weighted_net,30,60D,all,0,1,0.0,0.0,0.0,0.7934506856227626,-0.4488599730379228,-0.4488599730379228,,-0.4488599730379228,,,-0.5057952661617613,-0.5057952661617613,
time_split,late_after_2026-04-15,all,weighted_net,7,1D,all,0,274,0.41605839416058393,0.4139194139194139,0.3570827293484623,0.4731450111055383,-0.006630206683531646,-0.003975915818005105,0.02566370493540633,-0.029826031408327,0.8604465201576028,0.6169239201129982,-0.006922764315554599,-0.004541705208706115,0.5926133000434768
time_split,late_after_2026-04-15,all,weighted_net,7,20D,all,0,181,0.5469613259668509,0.47513812154696133,0.40366151983861165,0.5476481048666854,0.014930736006488489,0.01802049030369579,0.16273578785622944,-0.163516826592589,0.9952234962441782,1.201550318636264,0.0034791073956346205,-0.006315276643272583,1.0455174071100564
time_split,late_after_2026-04-15,all,weighted_net,7,5D,all,0,222,0.509009009009009,0.4751131221719457,0.41026277844789755,0.540813859918996,0.010221765375316157,0.001461270962645922,0.09245821085772245,-0.07503253131745367,1.2322416588418537,1.2774615362305457,0.007544053544141172,-0.0045905439363449485,1.211556092018786
time_split,late_after_2026-04-15,all,weighted_net,7,60D,all,0,2,1.0,0.5,0.09453120573423074,0.9054687942657693,0.49970283151107375,0.49970283151107375,0.49970283151107375,,,,0.4397836401833337,0.4397836401833337,29.4991194127685
time_split,late_after_2026-04-15,all,weighted_net,90,1D,all,0,168,0.49404761904761907,0.5119047619047619,0.4369019656382571,0.5863753041629365,0.005062906665539442,-0.0002105854274884189,0.034694364404051346,-0.02415552292530518,1.4362911749555105,1.4191924704917542,0.0051843235610774755,0.0021027521659733317,1.4366410107394112
time_split,late_after_2026-04-15,all,weighted_net,90,20D,all,0,119,0.5210084033613446,0.47058823529411764,0.3832373024605453,0.5597786787301571,-0.01446485318131906,0.014175814677154452,0.1281924320886959,-0.1696359354048441,0.755691485903377,0.8219802127370065,-0.02750225406077785,-0.004112418149564867,0.6754926988268884
time_split,late_after_2026-04-15,all,weighted_net,90,5D,all,0,137,0.49635036496350365,0.4744525547445255,0.39267847013242335,0.5576202554089548,0.013850560640809065,-7.019514249617664e-05,0.1043978463620649,-0.07538444557724015,1.384872510007348,1.364801893920285,0.009248988345456082,-0.008485328930742941,1.2402334263081847
transaction_cost,10bps,all,author_net,1,1D,all,10,230,0.4391304347826087,0.42290748898678415,0.36044855757417926,0.48793223078677883,-0.0048929654439348914,-0.005230540221348111,0.027312708541936678,-0.030108260580159918,0.9071499985600168,0.7102492236787729,-0.004356873023534694,-0.003357867196503438,0.7187995878893253
transaction_cost,10bps,all,author_net,1,20D,all,10,167,0.47305389221556887,0.4759036144578313,0.40133776124618836,0.5515594874259051,0.03669689124667118,-0.010634397744961999,0.20099836526264056,-0.11080102292675588,1.8140479207986095,1.6285202925351152,0.02765719772877531,-0.00804975610288683,1.4829250983415236
transaction_cost,10bps,all,author_net,1,5D,all,10,198,0.41919191919191917,0.39790575916230364,0.3311617861795685,0.46867547517100283,-0.004886580202263914,-0.011123260994839845,0.08691677025399437,-0.07114465053156338,1.2216908735173797,0.8817421087125435,-0.0031880486832589726,-0.01105173886114974,0.9133019301513056
transaction_cost,10bps,all,author_net,1,60D,all,10,93,0.5053763440860215,0.45161290322580644,0.35439761353554855,0.5526669834913936,0.1435625086022872,0.007276627575889206,0.4090876098455017,-0.12773487745056236,3.202630464054989,3.2722528654474887,0.11150651307258157,-0.01694484737557833,2.5693604966762527
transaction_cost,10bps,all,author_net,1,90D,all,10,71,0.5633802816901409,0.5070422535211268,0.39341308325020075,0.6199484948878713,0.19622064873694192,0.034504922021900364,0.4549710924339834,-0.13765089151730514,3.3052535106667693,4.264843239570025,0.15759838136481374,0.011471704364905855,3.153146742558927
transaction_cost,10bps,all,author_net,3,1D,all,10,454,0.460352422907489,0.4260485651214128,0.3813208204720405,0.472019985826591,-0.0026199012118777207,-0.0033602722345286154,0.025377382880030573,-0.026503298661709696,0.9575179000904602,0.8168213923220661,-0.0030960576151756037,-0.002927678406716038,0.7696518386232896
transaction_cost,10bps,all,author_net,3,20D,all,10,375,0.48533333333333334,0.450402144772118,0.40067191781323125,0.5011435562171752,0.024727386492315186,-0.0034656828469437065,0.16182814301868037,-0.10455933727866132,1.5477158447111408,1.4595040608156873,0.013669750980560428,-0.004149418922139158,1.2562871221295462
transaction_cost,10bps,all,author_net,3,5D,all,10,410,0.4975609756097561,0.46568627450980393,0.41782958326121994,0.5141830895760952,0.0036497737273407044,-0.0005447805227659632,0.07514952028012399,-0.06715580052881362,1.119032454208935,1.1081680614496248,0.00043987469640863295,-0.0037169933794695678,1.0135943771964404
transaction_cost,10bps,all,author_net,3,60D,all,10,213,0.5023474178403756,0.41784037558685444,0.3536345122107952,0.4849572396140187,0.1310554323615278,0.00044982011491179284,0.3864064834409611,-0.12670459089790015,3.0496644257533765,3.0784348448642573,0.0947862170212877,-0.01566058892182387,2.27906529158433
transaction_cost,10bps,all,author_net,3,90D,all,10,152,0.5460526315789473,0.5,0.42099012028854144,0.5790098797114586,0.19078126479355886,0.02020952990839131,0.48390277121407427,-0.16181417046590166,2.9904845157924216,3.5972494900111736,0.14746395531487516,-3.422221773485747e-05,2.660401519523085
transaction_cost,10bps,all,author_net,30,1D,all,10,549,0.51183970856102,0.4981751824817518,0.4564713664674261,0.539904404203603,-0.0009323879597886663,0.0005919462680229479,0.022188697511031027,-0.025175018621357074,0.8813776007381929,0.9241309918187769,-0.0014189771806512458,-1.9921329055038427e-05,0.8792603188616094
transaction_cost,10bps,all,author_net,30,20D,all,10,474,0.4578059071729958,0.4312896405919662,0.38738774231334194,0.47629860710611605,-0.011901265605210974,-0.010458933969319906,0.12352503567213283,-0.1262495433374429,0.9784196632060052,0.8261364471428136,-0.02094532298923172,-0.013992889937759156,0.7006174391599317
transaction_cost,10bps,all,author_net,30,5D,all,10,516,0.49806201550387597,0.4893203883495146,0.44638619481442365,0.5324127237897245,0.004960093883843148,-0.00013205629522394704,0.07693429023667009,-0.06645831716896197,1.1576322349702937,1.1486929899126082,0.0013625514401320747,-0.00261586088782939,1.0414423292950916
transaction_cost,10bps,all,author_net,30,60D,all,10,313,0.49201277955271566,0.41533546325878595,0.3620922240099494,0.47063168719387577,0.05025582369563728,-0.0020032412409324287,0.29136254633300446,-0.18326892653174978,1.5898087681685,1.539814781748107,0.017732288948757544,-0.03460276932217243,1.1708147026388989
transaction_cost,10bps,all,author_net,30,90D,all,10,236,0.5296610169491526,0.4830508474576271,0.42007963099581297,0.5465650015071072,0.07268076974669098,0.022213016595393875,0.3545668688246991,-0.24475853101683165,1.4486394707129375,1.631350755307362,0.04084757179570225,-0.009777235126141925,1.320564538249662
transaction_cost,10bps,all,author_net,7,1D,all,10,578,0.43944636678200694,0.4201388888888889,0.3804898557175194,0.4608460843045799,-0.003856887943594533,-0.003577951989804761,0.025080444974565193,-0.026542327947337033,0.9449225789210208,0.7407726390306768,-0.004206546210983138,-0.0029434161238929826,0.7030218810490682
transaction_cost,10bps,all,author_net,7,20D,all,10,492,0.5142276422764228,0.4796747967479675,0.4358588336792655,0.5238056928660382,0.02212301057567642,0.007152058316408972,0.15321318099462214,-0.11664608195986027,1.3134875892989288,1.3904282849063976,0.010624228852779857,-0.001984437889870904,1.1858042924143957
transaction_cost,10bps,all,author_net,7,5D,all,10,537,0.5065176908752328,0.48785046728971965,0.4457324370884937,0.5301417281465799,0.006877565030018855,0.0008181818181817188,0.07642705350816076,-0.06450907974754568,1.1847487796641296,1.2160440304477105,0.003491018603058693,-0.0018297680978937017,1.11322217597659
transaction_cost,10bps,all,author_net,7,60D,all,10,300,0.5433333333333333,0.45666666666666667,0.40120290256178365,0.5132261549443436,0.13408741610854194,0.013098535069727135,0.3667419487304082,-0.14272053146345956,2.5696509462922257,3.0573219288002393,0.0956908051568998,-0.010593402421776588,2.2429746774930313
transaction_cost,10bps,all,author_net,7,90D,all,10,218,0.591743119266055,0.5416666666666666,0.47507027066202484,0.6068069152725948,0.14987846689463577,0.04317420722089671,0.4066060935585561,-0.22223236276430489,1.8296439298977991,2.6519558085035513,0.11217529627242182,0.015022936553151622,2.111525282174939
transaction_cost,10bps,all,author_net,90,1D,all,10,514,0.5077821011673151,0.5019455252918288,0.4588668890478123,0.5449952968894717,0.0022037280004020407,0.0003940384542813766,0.026062124528130098,-0.022409084227807536,1.1630160457779657,1.1997912567116562,0.00181795398120391,8.592839982224463e-05,1.169683183037692
transaction_cost,10bps,all,author_net,90,20D,all,10,464,0.47198275862068967,0.4418103448275862,0.397286117348722,0.48729016595861907,-0.002071105528661127,-0.005930088756129214,0.1388253444690278,-0.1280152792000647,1.0844435549921267,0.9693597491562274,-0.012658435063072942,-0.015710752296096198,0.8201759726086177
transaction_cost,10bps,all,author_net,90,5D,all,10,488,0.5163934426229508,0.49691991786447637,0.4527117460475848,0.5411763008032093,0.006840904988040649,0.0016962325576166401,0.07234466555139635,-0.06310378849486459,1.1464393386980845,1.2241640396267681,0.0035368379882903147,-0.0008357466890905876,1.1173158272767651
transaction_cost,10bps,all,author_net,90,60D,all,10,305,0.5016393442622951,0.42950819672131146,0.37517146673649987,0.48559852132082,0.02297950377184172,0.0009486474094452255,0.2432039171062107,-0.1986937543870955,1.2240138994625893,1.2320666224853694,-0.009072702437898747,-0.023837588430957957,0.9203041258194573
transaction_cost,10bps,all,author_net,90,90D,all,10,223,0.515695067264574,0.47085201793721976,0.40638799099504797,0.5363032610027813,0.03091175720243418,0.01592680869014973,0.2987899154716016,-0.254328874287883,1.174817119401833,1.2509626734371369,-0.0033006660800442367,-0.024020055854150013,0.9760024018505359
transaction_cost,10bps,all,author_net_shift,1,1D,all,10,8,0.25,0.16666666666666666,0.030053369748306635,0.5635028221864702,-0.012476705649368161,-0.013521297245653485,0.024886458730688565,-0.024931093776053737,0.9982096635724806,0.3327365545241602,-0.01138654191390559,-0.010811270145382579,0.40228201702702365
transaction_cost,10bps,all,author_net_shift,1,5D,all,10,5,0.8,1.0,0.20654931437723745,1.0,0.061296773067761844,0.08516792249730887,0.1044727607095732,-0.11140717749948359,0.937756103820667,3.751024415282668,0.07296810057749803,0.07296810057749803,
transaction_cost,10bps,all,author_net_shift,3,1D,all,10,20,0.65,0.7647058823529411,0.5273820188043501,0.9044495567791988,0.00813368993020629,0.007912615424751857,0.01983022606972157,-0.013588448614607809,1.4593443763995066,2.710210984741941,0.011467028814606973,0.010163274121816501,4.569805893044424
transaction_cost,10bps,all,author_net_shift,3,20D,all,10,6,0.3333333333333333,0.3333333333333333,0.09677141110578041,0.700006684861608,-0.08371433112983229,-0.08386993299736606,0.06676708793864627,-0.15895504066407157,0.4200375631984445,0.21001878159922224,-0.08612410795827917,-0.07897659703639459,0.1506907016314599
transaction_cost,10bps,all,author_net_shift,3,5D,all,10,13,0.3076923076923077,0.2222222222222222,0.06322510711784671,0.5474110308930111,-0.03861220518643715,-0.04131014101041541,0.0397610379942204,-0.07344475771117383,0.5413733972761298,0.24061039878939097,-0.046864161995818394,-0.03966488533848511,0.12140932959686063
transaction_cost,10bps,all,author_net_shift,3,60D,all,10,1,0.0,0.0,0.0,0.7934506856227626,-0.022319150870494187,-0.022319150870494187,,-0.022319150870494187,,,-0.013164726720390818,-0.013164726720390818,
transaction_cost,10bps,all,author_net_shift,3,90D,all,10,1,1.0,1.0,0.20654931437723745,1.0,0.0972999227237602,0.0972999227237602,0.0972999227237602,,,,0.08214019633118919,0.08214019633118919,
transaction_cost,10bps,all,author_net_shift,30,1D,all,10,161,0.5341614906832298,0.5031055900621118,0.42670648192148214,0.5793599531073884,0.0019448131414733416,0.0018299459737586296,0.021133383540150052,-0.020058080915675954,1.0536094469353605,1.2081388324858802,0.0004035234619292235,0.0010377517604304174,1.0438892173204932
transaction_cost,10bps,all,author_net_shift,30,20D,all,10,129,0.46511627906976744,0.49606299212598426,0.4105078767844485,0.5818492857769197,0.025278034111199676,-0.005930966469428033,0.17094696460875544,-0.10139060110406621,1.6860237807772471,1.4661076354584759,0.024613767697612064,-0.0005980205566893373,1.5048115267471474
transaction_cost,10bps,all,author_net_shift,30,5D,all,10,149,0.5302013422818792,0.5067567567567568,0.4270643727216723,0.5861072604774118,0.006559265528885479,0.002799574832385688,0.06260675557478261,-0.056694330380055565,1.1042860045280114,1.2462656336816127,0.004368085978489036,0.0011960410193532786,1.1831965601045902
transaction_cost,10bps,all,author_net_shift,30,60D,all,10,84,0.38095238095238093,0.3493975903614458,0.2555612557016784,0.45655781346759094,-0.017235444852998404,-0.02613261770648323,0.30351551644368874,-0.21462065180480586,1.4141952971037073,0.8702740289868969,-0.03127261838679929,-0.01862189198455899,0.7485122511357987
transaction_cost,10bps,all,author_net_shift,30,90D,all,10,62,0.5967741935483871,0.5245901639344263,0.40157156924985693,0.6446951257715474,0.01113079217353909,0.025882928029150265,0.2685434646624243,-0.36983996311001105,0.7261072124391935,1.0746386744100065,-0.0091156219310013,0.0009860091810797176,0.9416280299592982
transaction_cost,10bps,all,author_net_shift,7,1D,all,10,70,0.4142857142857143,0.3088235294117647,0.21172386467551985,0.42636811693509546,-0.012741523223759547,-0.0048574873642460705,0.017373558015307596,-0.03404243434407533,0.5103500484045511,0.36097930253004834,-0.013084321061711224,-0.004391995905962175,0.28441692349841724
transaction_cost,10bps,all,author_net_shift,7,20D,all,10,52,0.46153846153846156,0.47058823529411764,0.3405299020949959,0.6047669578990353,-0.0005445886638245057,-0.016767307097396045,0.11180800291046501,-0.09684681001321552,1.1544830737864047,0.989556920388347,0.0034349336845091154,-0.0034028745091850823,1.0768290150628117
transaction_cost,10bps,all,author_net_shift,7,5D,all,10,67,0.373134328358209,0.390625,0.2805556918824008,0.5130808211972754,-0.022702493750320882,-0.014040015926736982,0.060368447101444185,-0.07214948235256198,0.8367135166188832,0.4980437598921923,-0.017400633170220954,-0.008547243732792587,0.5341134454935135
transaction_cost,10bps,all,author_net_shift,7,60D,all,10,25,0.4,0.4,0.23403302377747973,0.5926054264103301,-0.10505538663272436,-0.014137922009945125,0.1178443858856553,-0.2536552349783108,0.4645848759862251,0.30972325065748335,-0.09347328880715607,-0.02191361794269342,0.3146405290644154
transaction_cost,10bps,all,author_net_shift,7,90D,all,10,15,0.26666666666666666,0.3333333333333333,0.1517632443971473,0.5828645226148023,-0.10321915484815868,-0.05722598625466735,0.18499131753724032,-0.20802296298830375,0.8892831583580588,0.323375693948385,-0.09255345754035904,-0.09172199251096524,0.35354999511310636
transaction_cost,10bps,all,author_net_shift,90,1D,all,10,133,0.42105263157894735,0.42105263157894735,0.34051605220038084,0.5060216843819462,-0.003713669991725079,-0.0030691353969948256,0.02402271744099842,-0.023885588124614894,1.0057410902200985,0.7314480656146171,-0.0034292156461662856,-0.0027247833851001815,0.7271460194790033
transaction_cost,10bps,all,author_net_shift,90,20D,all,10,109,0.5321100917431193,0.5504587155963303,0.456942160288216,0.6405397414433016,0.020118154366526544,0.00856899453429294,0.1695156184341039,-0.14978484398483594,1.131727442672808,1.2870625818631933,0.019554948076877236,0.00874155615279093,1.3049190701422422
transaction_cost,10bps,all,author_net_shift,90,5D,all,10,125,0.488,0.47580645161290325,0.38995922301558095,0.5631076454686454,-0.004075947095443275,-0.0018498464386385019,0.06875931079645692,-0.07349705227366064,0.9355383470405982,0.8916849870230701,-0.0017270362380142604,-0.0018184317131196828,0.9470206024763906
transaction_cost,10bps,all,author_net_shift,90,60D,all,10,59,0.6271186440677966,0.5932203389830508,0.4659340125533739,0.7091096641280723,0.2119470537414942,0.09874700498549005,0.4590905618237739,-0.20370339166961246,2.2537207557563654,3.7903485437720685,0.18363092478416665,0.05923002500853436,3.310260815744606
transaction_cost,10bps,all,author_net_shift,90,90D,all,10,30,0.7333333333333333,0.6333333333333333,0.4551356365479487,0.7812607919389929,0.36848358962751215,0.14634432845186918,0.5578260747286179,-0.15220824440052852,3.6648873845540586,10.07844030752366,0.30618925301229033,0.07247923427925351,5.522145862889917
transaction_cost,10bps,all,high_low_divergence,1,1D,all,10,9,0.2222222222222222,0.25,0.071479212752109,0.5907245696898311,-0.011870682037073334,-0.009313990293310703,0.0027700624779551384,-0.016053751898510042,0.17254922683913096,0.04929977909689456,-0.009995553131614432,-0.006808734054291387,0.12901806887112618
transaction_cost,10bps,all,high_low_divergence,1,20D,all,10,1,0.0,0.0,0.0,0.7934506856227626,-0.42039302406269774,-0.42039302406269774,,-0.42039302406269774,,,-0.41325706016387886,-0.41325706016387886,
transaction_cost,10bps,all,high_low_divergence,1,5D,all,10,4,0.25,0.5,0.09453120573423074,0.9054687942657693,-0.07110010675742254,-0.02876195234399137,0.03734367481322032,-0.10724803394763682,0.3481991551607662,0.11606638505358874,-0.11592563348653723,-0.11592563348653723,0.05045743607905544
transaction_cost,10bps,all,high_low_divergence,3,1D,all,10,40,0.375,0.38461538461538464,0.24891373465561348,0.5410093854307493,-0.004325239211041537,-0.007216211797814731,0.029836957368351694,-0.024822557158677476,1.202009816217556,0.7212058897305337,-0.003075813346407909,-0.0030471874797272083,0.7836997938683234
transaction_cost,10bps,all,high_low_divergence,3,20D,all,10,20,0.4,0.47368421052631576,0.2732980516117956,0.6829219075488682,0.005961541266380638,-0.006977319748418309,0.13827703539863873,-0.08224878815512475,1.6812045320089373,1.1208030213392917,0.012066783003753382,-0.01241875542406179,1.292394478997207
transaction_cost,10bps,all,high_low_divergence,3,5D,all,10,30,0.43333333333333335,0.42857142857142855,0.26508547124123694,0.6092921437253123,-0.012265114187297924,-0.014328100736041294,0.07095535033616708,-0.07590429294053587,0.9348002278573909,0.7148472330674166,-0.003536551045087964,-0.006955190306825898,0.8896370710078557
transaction_cost,10bps,all,high_low_divergence,3,60D,all,10,9,0.6666666666666666,0.5555555555555556,0.26665129349549305,0.8112214789023355,0.2485451154891068,0.05186521388216303,0.4397619299696056,-0.13388851347189087,3.2845381471946142,6.569076294389229,0.22046878679469903,0.048377357890080463,6.023570693616765
transaction_cost,10bps,all,high_low_divergence,3,90D,all,10,6,1.0,1.0,0.6096657120978346,1.0,0.16726334925964695,0.15199778228072408,0.16726334925964695,,,,0.13987747852670854,0.11151474028970809,
transaction_cost,10bps,all,high_low_divergence,30,1D,all,10,98,0.41836734693877553,0.40816326530612246,0.316108407997545,0.5071462840656208,-0.005047419481368739,-0.003682093183089651,0.021758331992740194,-0.02432874948906113,0.8943465015546046,0.643301869539277,-0.004246759212505285,-0.0037510374999014653,0.6570100209467674
transaction_cost,10bps,all,high_low_divergence,30,20D,all,10,71,0.4084507042253521,0.4857142857142857,0.37245878383038566,0.6004561608099076,-0.0031496814625393992,-0.009331817956390154,0.12259101295324473,-0.08997063713058082,1.362566909194159,0.9408200087293003,0.0037026093681108412,-0.001181769109886265,1.0794852763421212
transaction_cost,10bps,all,high_low_divergence,30,5D,all,10,87,0.4942528735632184,0.47674418604651164,0.3744553933952738,0.5810217320598771,-0.00475335265858514,-0.00025023742481555724,0.04958124144856135,-0.05785306962693284,0.8570200642470208,0.837542335514134,-0.0004780934743758587,-0.00223474322167183,0.979289370741607
transaction_cost,10bps,all,high_low_divergence,30,60D,all,10,59,0.6440677966101694,0.559322033898305,0.43289354829158677,0.678497882323879,0.092455579867994,0.04666803039158385,0.23989393584459082,-0.17433763570870497,1.376030682470776,2.4899602825661655,0.07512829642944244,0.040136001168064595,2.1879925101126325
transaction_cost,10bps,all,high_low_divergence,30,90D,all,10,45,0.6222222222222222,0.5777777777777777,0.4330078870920313,0.710312975327297,-0.01478186481996081,0.03404770770304866,0.16722291313039991,-0.31455444026761376,0.5316183519397518,0.8756066973125323,-0.015936804196104864,0.04774206045530127,0.8676190828193167
transaction_cost,10bps,all,high_low_divergence,7,1D,all,10,68,0.5294117647058824,0.4852941176470588,0.3705084547256065,0.6016524669367487,0.0011542552216587466,0.0030240775286964347,0.028625899737512988,-0.029751344858677274,0.9621716219380907,1.082443074680352,0.0012431987949949206,-0.0013589187376717984,1.1028037166332738
transaction_cost,10bps,all,high_low_divergence,7,20D,all,10,45,0.5333333333333333,0.5681818181818182,0.4222414699362943,0.703172765914822,0.055071749918870316,0.015083643605506958,0.15517861360886034,-0.059336094298261116,2.6152481966344716,2.9888550818679676,0.056365772540727985,0.009239028770290869,3.904883169270274
transaction_cost,10bps,all,high_low_divergence,7,5D,all,10,61,0.5081967213114754,0.5081967213114754,0.3860261849109117,0.6293960467628898,0.026631637565952063,0.001395676639366906,0.09244588271233631,-0.04137641575197833,2.2342651250046037,2.308740629171424,0.027080211823267007,2.8575711685575357e-05,2.807913794923294
transaction_cost,10bps,all,high_low_divergence,7,60D,all,10,32,0.65625,0.625,0.4525440735307745,0.7706611269054578,0.18056174676838932,0.05017551872063836,0.3642809644399449,-0.17017494151367132,2.140626353091355,4.086650310447133,0.16480107095969654,0.06186282500710821,4.16722865756119
transaction_cost,10bps,all,high_low_divergence,7,90D,all,10,24,0.625,0.5416666666666666,0.3507486535891948,0.72108666268789,0.17373438564119012,0.11002404870375931,0.3443684371999866,-0.11065570029013742,3.11207137361255,5.186785622687584,0.14368224092806772,0.07227122236875194,3.6931482985114585
transaction_cost,10bps,all,high_low_divergence,90,1D,all,10,86,0.5813953488372093,0.5581395348837209,0.45293456995145753,0.6583726164106654,-0.0018000767099674818,0.002256002651038814,0.015720803898486662,-0.026134633110598236,0.6015314556725684,0.8354603551007894,-0.002065981658623176,0.001524269900493259,0.7966509377506606
transaction_cost,10bps,all,high_low_divergence,90,20D,all,10,61,0.5901639344262295,0.5409836065573771,0.41724048130756475,0.6598706770614424,0.03397241244648583,0.02287079598899633,0.13529789627388933,-0.11193628426497522,1.208704551543024,1.7405345542219546,0.029132809147667256,0.014653709238113266,1.692896124244834
transaction_cost,10bps,all,high_low_divergence,90,5D,all,10,77,0.5454545454545454,0.5194805194805194,0.4096400507720929,0.6274696209701498,-0.0022003557098929432,0.005502520640023324,0.044317822914698414,-0.05802217005940257,0.7638084351089631,0.9165701221307557,-0.0015598027455531816,0.0024434708813531056,0.9319475183153357
transaction_cost,10bps,all,high_low_divergence,90,60D,all,10,53,0.4339622641509434,0.5094339622641509,0.3788352911467995,0.6387575015215675,-0.017689582237557438,-0.029605482717520837,0.200758794798693,-0.18516667129868275,1.0842058853823613,0.831224512126477,-0.009111539908011862,0.001390677138657038,0.9016911049639331
transaction_cost,10bps,all,high_low_divergence,90,90D,all,10,44,0.6590909090909091,0.75,0.6055943364104086,0.8542578617103511,-0.09614929718363335,0.057036642202449084,0.1811696596152394,-0.6322992803281208,0.28652517131005517,0.5539486645327734,-0.06263180169150541,0.10644619067624783,0.6915025192192982
transaction_cost,10bps,all,weighted_net,1,1D,all,10,260,0.4115384615384615,0.40310077519379844,0.3450917256337541,0.4639530290617221,-0.005449547575858108,-0.005847595967348406,0.027286293263909633,-0.028343240189290447,0.9627090297961,0.673267099269168,-0.004950243140577726,-0.004189711390446159,0.6778411998077152
transaction_cost,10bps,all,weighted_net,1,20D,all,10,188,0.4627659574468085,0.45989304812834225,0.3899858856890695,0.5314148408999401,0.02981023921541707,-0.01014732231331339,0.18884498656681403,-0.10718008771103381,1.761940959368828,1.5177115194563173,0.02001733306296373,-0.01077677292161161,1.3558665241081422
transaction_cost,10bps,all,weighted_net,1,5D,all,10,218,0.42660550458715596,0.4056603773584906,0.34181215073139115,0.4728666407364279,-0.00659318711397052,-0.010542719742046791,0.08233539391457355,-0.07275605139920731,1.131663859309861,0.8419579113265365,-0.0054418346050734145,-0.011463038986623098,0.8539185718558969
transaction_cost,10bps,all,weighted_net,1,60D,all,10,104,0.5288461538461539,0.46153846153846156,0.3688100475176425,0.5570069797417769,0.13162658299881186,0.028987799472449505,0.36833048122912126,-0.1340614660352089,2.7474746630951037,3.0839001320455237,0.0961628640226649,-0.013556739268976992,2.3447263298052747
transaction_cost,10bps,all,weighted_net,1,90D,all,10,76,0.5789473684210527,0.5263157894736842,0.41552028690262677,0.6345789980939448,0.18440614390265925,0.04317420722089671,0.42621889559859816,-0.14808638967925675,2.8781773701266817,3.957493883924187,0.14214042581151745,0.015064811477174589,2.8407990270706445
transaction_cost,10bps,all,weighted_net,3,1D,all,10,504,0.4444444444444444,0.4203187250996016,0.3779040931956145,0.4639435873276269,-0.003338095759003767,-0.0036484672181082414,0.025307321866720026,-0.0262544298595828,0.9639257832705485,0.7711406266164388,-0.0034365506335512983,-0.002928285842454358,0.7452018635047862
transaction_cost,10bps,all,weighted_net,3,20D,all,10,411,0.5012165450121655,0.4669926650366748,0.41917300476530184,0.5154265868621304,0.024355232646489852,0.0004976958525347861,0.1538370082191432,-0.10575816134359108,1.454611221155328,1.4617068856487683,0.013510748794403749,-0.0026417869365064064,1.2599734473201367
transaction_cost,10bps,all,weighted_net,3,5D,all,10,450,0.49333333333333335,0.4798206278026906,0.43382534074524914,0.5261605617387306,0.002175310802417732,-0.0009792246347720681,0.07286258452878928,-0.06665177151010193,1.0931830149142552,1.064415040837564,-0.0003884395410337,-0.002892529090562367,0.987787304919435
transaction_cost,10bps,all,weighted_net,3,60D,all,10,240,0.5083333333333333,0.4375,0.37621174699248483,0.50075749300021,0.11531266861111922,0.001016231553761738,0.35577373975992926,-0.13329962528849795,2.6689777933728966,2.7594516168770626,0.08167573449318159,-0.013097185032142633,2.0760409513105027
transaction_cost,10bps,all,weighted_net,3,90D,all,10,171,0.5789473684210527,0.5384615384615384,0.4632818498192179,0.6119315861740886,0.19718035813462784,0.02705667199453765,0.4414535837949385,-0.1386953271482993,3.182901636786338,4.376489750581215,0.1540594023717425,0.01199285615677348,3.125895251550578
transaction_cost,10bps,all,weighted_net,30,1D,all,10,516,0.5077519379844961,0.49902912621359224,0.45601338815771963,0.5420592408062938,-0.0025650478733925167,0.0006451579166201213,0.023440074354015114,-0.029389229068592516,0.797573638264125,0.822694067815751,-0.0026898486788106174,-5.698144790389128e-05,0.8036173011064653
transaction_cost,10bps,all,weighted_net,30,20D,all,10,433,0.48267898383371827,0.44803695150115475,0.40185815306244793,0.4951296463064973,-0.012138261353857704,-0.005428251121076143,0.12125707227600481,-0.13660087174957763,0.8876742199588469,0.8282317498723168,-0.021563131979940302,-0.013917740956593594,0.7018591124798432
transaction_cost,10bps,all,weighted_net,30,5D,all,10,479,0.4718162839248434,0.4570230607966457,0.412839777817623,0.5018930322429818,0.00019642668247774913,-0.0044285714285713365,0.07548211540474446,-0.06705482095085141,1.1256776818488552,1.0055460715329694,-0.002121741037143782,-0.006849416655646866,0.9382961659764271
transaction_cost,10bps,all,weighted_net,30,60D,all,10,291,0.49140893470790376,0.4329896907216495,0.3772988005294673,0.49042672166815005,0.030337085562834317,-0.005669779853235467,0.2694615966051329,-0.20070889470100825,1.3425493524168128,1.2971929553757044,-0.0001604620355296794,-0.03805409530972037,0.9985883067427621
transaction_cost,10bps,all,weighted_net,30,90D,all,10,214,0.5327102803738317,0.48598130841121495,0.41985725498127535,0.5525997785307035,0.06031733876284525,0.020123977176335073,0.3544215309504912,-0.27496144033107117,1.2889863048569465,1.469444387536919,0.03233268308108631,-0.015187255722736714,1.2317602774000191
transaction_cost,10bps,all,weighted_net,7,1D,all,10,594,0.45286195286195285,0.42495784148397975,0.3857789312555564,0.4651027414488562,-0.003391306489131347,-0.0029607327762213856,0.024986380196929222,-0.0268792994692861,0.9295770607965494,0.7694037826285286,-0.003699127800543689,-0.0025428513670612265,0.7356970500425342
transaction_cost,10bps,all,weighted_net,7,20D,all,10,501,0.5289421157684631,0.4870259481037924,0.4435237714789356,0.5307255700264789,0.019652408380970633,0.009722347629796846,0.14959670341050682,-0.12625961781744927,1.184834121918531,1.3304281453746218,0.008069629227715687,-0.001688410136350237,1.134680101986667
transaction_cost,10bps,all,weighted_net,7,5D,all,10,542,0.4981549815498155,0.4879852125693161,0.4460980379941772,0.530041810048704,0.007652007511918734,-0.0001180747023999942,0.07986525293371116,-0.06403025816412522,1.2473048715342827,1.2381335121847659,0.004641947620246129,-0.0017499637960839412,1.1513662334487331
transaction_cost,10bps,all,weighted_net,7,60D,all,10,317,0.5394321766561514,0.444794952681388,0.3910756316653788,0.499836222031309,0.11943278269748808,0.012998035363457672,0.3676901063811779,-0.17133435668546365,2.14603838654605,2.5135107130094148,0.08352463493529952,-0.01566058892182387,1.9340400583091342
transaction_cost,10bps,all,weighted_net,7,90D,all,10,226,0.588495575221239,0.5422222222222223,0.47695949135727983,0.6060674221133567,0.14597911096394073,0.045417141167881314,0.3964141413611845,-0.21216991100201008,1.8683805799278905,2.67198513043451,0.11106626126522497,0.016228835628688487,2.1409519995790465
transaction_cost,10bps,all,weighted_net,90,1D,all,10,460,0.5173913043478261,0.5065217391304347,0.4609692697453359,0.5519661845697114,0.0017130089880090674,0.0006895209170624259,0.026002207828738043,-0.024326762742141815,1.0688725049179608,1.1459083611282643,0.0015195238614047445,0.000343654428593799,1.1323787767065088
transaction_cost,10bps,all,weighted_net,90,20D,all,10,411,0.5109489051094891,0.49878345498783455,0.4506802459396192,0.546909194607517,0.0010186982276469152,0.004125401489783465,0.1277355869692816,-0.13137208105465797,0.9723191255236081,1.015855802785859,-0.007834770148145969,-0.0002023974579884449,0.8816891267943255
transaction_cost,10bps,all,weighted_net,90,5D,all,10,429,0.5221445221445221,0.5174825174825175,0.4702523536789879,0.5644023673379602,0.004161707209605975,0.00440067143482692,0.07341377965279668,-0.07150884999661215,1.0266390755308576,1.1217909898483518,0.001962057106882844,0.0019325992357154273,1.0587687443679987
transaction_cost,10bps,all,weighted_net,90,60D,all,10,285,0.519298245614035,0.4631578947368421,0.4061407189502399,0.5211550367015266,0.040805046497295806,0.011304250559284301,0.27170580000304034,-0.20863518356730412,1.3023009607360405,1.406865271452073,0.008532111827596339,-0.02810597165395945,1.0719764186404162
transaction_cost,10bps,all,weighted_net,90,90D,all,10,211,0.5165876777251185,0.4928909952606635,0.42616587208629125,0.5598703426347054,0.03396219650775748,0.01592680869014973,0.3811309109558779,-0.33703182187307706,1.1308454757705584,1.2084525182254007,0.006819074731139685,-0.024209129445495026,1.038876654204903
transaction_cost,25bps,all,author_net,1,1D,all,25,230,0.4260869565217391,0.4052863436123348,0.34351044844044576,0.4702145201173027,-0.006392965443934892,-0.006730540221348112,0.02662840145529436,-0.03090882874790812,0.8615144130007367,0.6396091854096378,-0.005856873023534693,-0.004857867196503439,0.6422433947826964
transaction_cost,25bps,all,author_net,1,20D,all,25,167,0.47305389221556887,0.4578313253012048,0.38385066754815306,0.5337195176280106,0.035196891246671184,-0.012134397744961998,0.19949836526264056,-0.11230102292675587,1.776460802077964,1.594777310956354,0.02615719772877531,-0.009549756102886829,1.4503977306638534
transaction_cost,25bps,all,author_net,1,5D,all,25,198,0.41414141414141414,0.387434554973822,0.32121367281781965,0.45809407687640014,-0.006386580202263914,-0.012623260994839845,0.08646798368568197,-0.07202515122650152,1.2005248474072794,0.8486468748913527,-0.004688048683258973,-0.01255173886114974,0.8755833007805052
transaction_cost,25bps,all,author_net,1,60D,all,25,93,0.5053763440860215,0.45161290322580644,0.35439761353554855,0.5526669834913936,0.1420625086022872,0.005776627575889206,0.4075876098455017,-0.12923487745056236,3.153851482556794,3.222413471308028,0.11000651307258157,-0.01844484737557833,2.530530108405066
transaction_cost,25bps,all,author_net,1,90D,all,25,71,0.5633802816901409,0.5070422535211268,0.39341308325020075,0.6199484948878713,0.19472064873694192,0.03300492202190036,0.45347109243398337,-0.13915089151730514,3.258844319927254,4.20496041280936,0.15609838136481372,0.009971704364905855,3.111324029198665
transaction_cost,25bps,all,author_net,3,1D,all,25,454,0.44052863436123346,0.40176600441501104,0.3576284595615633,0.4475555965664695,-0.004119901211877721,-0.004860272234528616,0.024993191026535442,-0.0270435958877936,0.9241815005014319,0.7277019688987653,-0.004596057615175604,-0.0044276784067160384,0.6790332023214791
transaction_cost,25bps,all,author_net,3,20D,all,25,375,0.48,0.43967828418230565,0.3901758920964175,0.49041049523786057,0.02322738649231519,-0.004965682846943707,0.16211880062358802,-0.10498007270578281,1.544281656938286,1.4254907602507256,0.01216975098056043,-0.005649418922139158,1.2246530727128342
transaction_cost,25bps,all,author_net,3,5D,all,25,410,0.48292682926829267,0.4583333333333333,0.41059883520027346,0.506845124673609,0.0021497737273407035,-0.0020447805227659633,0.07589997928693763,-0.06673013523869793,1.137416835968316,1.0623044034043705,-0.0010601253035913674,-0.005216993379469568,0.9680321526348185
transaction_cost,25bps,all,author_net,3,60D,all,25,213,0.4835680751173709,0.41784037558685444,0.3536345122107952,0.4849572396140187,0.1295554323615278,-0.0010501798850882072,0.3998759719593941,-0.12356289108011068,3.236214113023131,3.0302732149216594,0.0932862170212877,-0.017160588921823868,2.244163155895756
transaction_cost,25bps,all,author_net,3,90D,all,25,152,0.5460526315789473,0.5,0.42099012028854144,0.5790098797114586,0.18928126479355886,0.018709529908391313,0.48240277121407427,-0.16331417046590166,2.9538329089134066,3.5531613252146776,0.14596395531487516,-0.001534222217734858,2.629749075334416
transaction_cost,25bps,all,author_net,30,1D,all,25,549,0.48269581056466304,0.4543795620437956,0.41315313173589385,0.4962411350398356,-0.002432387959788666,-0.0009080537319770521,0.021980220064268138,-0.02521175812308111,0.8718241685868575,0.8134979037870326,-0.0029189771806512454,-0.0015199213290550385,0.7672385066060116
transaction_cost,25bps,all,author_net,30,20D,all,25,474,0.44936708860759494,0.42917547568710357,0.3853171311923371,0.4741749520554118,-0.013401265605210974,-0.011958933969319905,0.12432636501711698,-0.125799676802743,0.9882884294851074,0.8065342355568118,-0.02244532298923172,-0.015492889937759156,0.6830508346205181
transaction_cost,25bps,all,author_net,30,5D,all,25,516,0.4844961240310077,0.4796116504854369,0.43677511514883666,0.5227500930954464,0.003460093883843147,-0.001632056295223947,0.07756145361133956,-0.06618404119839032,1.1719056770626144,1.101415110021254,-0.00013744855986792554,-0.0041158608878293906,0.9959151061807969
transaction_cost,25bps,all,author_net,30,60D,all,25,313,0.48242811501597443,0.40894568690095845,0.3559039609724778,0.46419533975616434,0.04875582369563728,-0.0035032412409324288,0.2956292274108103,-0.1813545711252956,1.630117319770031,1.5194303412671277,0.016232288948757546,-0.036102769322172434,1.1550464614013516
transaction_cost,25bps,all,author_net,30,90D,all,25,236,0.5296610169491526,0.4788135593220339,0.41593034762696063,0.5423754430016896,0.07118076974669098,0.020713016595393877,0.35306686882469906,-0.24625853101683165,1.4337244170459504,1.6145545237003947,0.03934757179570225,-0.011277235126141925,1.3069128720358907
transaction_cost,25bps,all,author_net,7,1D,all,25,578,0.4186851211072664,0.3888888888888889,0.3499386629036716,0.42931134060533616,-0.005356887943594533,-0.005077951989804761,0.024784071235860166,-0.027065554971654165,0.9157052667797352,0.6595258171449283,-0.005706546210983138,-0.004443416123892983,0.6211091637363397
transaction_cost,25bps,all,author_net,7,20D,all,25,492,0.5121951219512195,0.4735772357723577,0.42983343548516806,0.5177304490237268,0.020623010575676417,0.005652058316408972,0.15231722936637113,-0.11765591915455302,1.2945989497246368,1.3593288972108686,0.009124228852779857,-0.003484437889870904,1.15740852146341
transaction_cost,25bps,all,author_net,7,5D,all,25,537,0.49162011173184356,0.47289719626168225,0.4309350180269708,0.5152458121128086,0.0053775650300188545,-0.0006818181818182812,0.07721572239560001,-0.06409230143340028,1.2047581483064167,1.1650408467138973,0.0019910186030586926,-0.0033297680978937017,1.0629836420290166
transaction_cost,25bps,all,author_net,7,60D,all,25,300,0.5366666666666666,0.4533333333333333,0.39794515245358275,0.509901524860708,0.13258741610854194,0.011598535069727136,0.36978386746897074,-0.14215091963986842,2.601346993785182,3.013070978413053,0.0941908051568998,-0.012093402421776587,2.210645510382837
transaction_cost,25bps,all,author_net,7,90D,all,25,218,0.591743119266055,0.5370370370370371,0.47047406921771445,0.6023056516130587,0.14837846689463574,0.04167420722089671,0.40510609355855604,-0.22373236276430492,1.8106727545058947,2.6244582621489934,0.1106752962724218,0.013522936553151623,2.089182235379011
transaction_cost,25bps,all,author_net,90,1D,all,25,514,0.4649805447470817,0.4649805447470817,0.4222807688577264,0.5081998842711587,0.0007037280004020407,-0.0011059615457186234,0.026881588024552445,-0.022047212166041403,1.2192737939882154,1.05965977004794,0.00031795398120391033,-0.0014140716001777554,1.02766891394029
transaction_cost,25bps,all,author_net,90,20D,all,25,464,0.4698275862068966,0.4396551724137931,0.3951717613895124,0.4851295694477302,-0.0035711055286611277,-0.007430088756129214,0.13795762735004957,-0.12899087694150232,1.0695146092588679,0.947781239099322,-0.014158435063072941,-0.017210752296096195,0.801237065052174
transaction_cost,25bps,all,author_net,90,5D,all,25,488,0.5,0.4804928131416838,0.43644578484269597,0.5248451785456661,0.005340904988040649,0.0001962325576166401,0.0731861346875325,-0.0625043247114512,1.1708971343246002,1.1708971343246002,0.0020368379882903143,-0.0023357466890905876,1.0658949384558336
transaction_cost,25bps,all,author_net,90,60D,all,25,305,0.4918032786885246,0.4262295081967213,0.3719861986980482,0.4823079748503097,0.021479503771841723,-0.0005513525905547745,0.2465458701399994,-0.19632665722960121,1.2557941627441227,1.2152846736233445,-0.010572702437898748,-0.025337588430957955,0.9078226302080877
transaction_cost,25bps,all,author_net,90,90D,all,25,223,0.515695067264574,0.4663677130044843,0.4020157114478895,0.5318588100880672,0.029411757202434177,0.01442680869014973,0.2972899154716016,-0.255828874287883,1.1620655264153754,1.237384588312668,-0.0048006660800442354,-0.02552005585415001,0.9652982179520805
transaction_cost,25bps,all,author_net_shift,1,1D,all,25,8,0.25,0.16666666666666666,0.030053369748306635,0.5635028221864702,-0.01397670564936816,-0.015021297245653483,0.023386458730688564,-0.026431093776053738,0.8848085867667127,0.2949361955889042,-0.012886541913905591,-0.012311270145382578,0.3651957297538806
transaction_cost,25bps,all,author_net_shift,1,5D,all,25,5,0.8,1.0,0.20654931437723745,1.0,0.05979677306776184,0.08366792249730887,0.1029727607095732,-0.11290717749948359,0.9120125309132289,3.6480501236529155,0.07146810057749803,0.07146810057749803,
transaction_cost,25bps,all,author_net_shift,3,1D,all,25,20,0.6,0.7647058823529411,0.5273820188043501,0.9044495567791988,0.00663368993020629,0.006412615424751857,0.0198979545031264,-0.013262706929173874,1.500293613467174,2.250440420200761,0.009967028814606973,0.008663274121816502,3.7956681990278174
transaction_cost,25bps,all,author_net_shift,3,20D,all,25,6,0.3333333333333333,0.3333333333333333,0.09677141110578041,0.700006684861608,-0.08521433112983229,-0.08536993299736606,0.06526708793864627,-0.16045504066407157,0.40676246547647793,0.20338123273823897,-0.08762410795827917,-0.08047659703639459,0.14433660309550397
transaction_cost,25bps,all,author_net_shift,3,5D,all,25,13,0.3076923076923077,0.2222222222222222,0.06322510711784671,0.5474110308930111,-0.04011220518643714,-0.042810141010415415,0.0382610379942204,-0.07494475771117383,0.5105232061950599,0.22689920275335992,-0.048364161995818396,-0.04116488533848511,0.11269523579944797
transaction_cost,25bps,all,author_net_shift,3,60D,all,25,1,0.0,0.0,0.0,0.7934506856227626,-0.023819150870494184,-0.023819150870494184,,-0.023819150870494184,,,-0.014664726720390818,-0.014664726720390818,
transaction_cost,25bps,all,author_net_shift,3,90D,all,25,1,1.0,1.0,0.20654931437723745,1.0,0.0957999227237602,0.0957999227237602,0.0957999227237602,,,,0.08064019633118918,0.08064019633118918,
transaction_cost,25bps,all,author_net_shift,30,1D,all,25,161,0.5031055900621118,0.484472049689441,0.40854169758268766,0.5611261272729591,0.00044481314147334184,0.0003299459737586296,0.02089225714676591,-0.020258223913885383,1.0312975725599491,1.0441887922169486,-0.0010964765380707764,-0.00046224823956958266,0.889737034456903
transaction_cost,25bps,all,author_net_shift,30,20D,all,25,129,0.4573643410852713,0.4881889763779528,0.40288566566108885,0.5741858220230158,0.02377803411119968,-0.0074309664694280336,0.1723280847570753,-0.10142843714746694,1.6990115356556987,1.432024008624089,0.023113767697612062,-0.0020980205566893373,1.466740789122212
transaction_cost,25bps,all,author_net_shift,30,5D,all,25,149,0.5167785234899329,0.5,0.4204714779657883,0.5795285220342117,0.005059265528885478,0.0012995748323856881,0.06271215812116226,-0.0565973001600772,1.1080415133547021,1.184988840671001,0.002868085978489036,-0.0003039589806467214,1.1166428210865325
transaction_cost,25bps,all,author_net_shift,30,60D,all,25,84,0.38095238095238093,0.3493975903614458,0.2555612557016784,0.45655781346759094,-0.01873544485299841,-0.027632617706483228,0.30201551644368874,-0.21612065180480589,1.3974394113731468,0.8599627146911673,-0.0327726183867993,-0.02012189198455899,0.7385018102701811
transaction_cost,25bps,all,author_net_shift,30,90D,all,25,62,0.5967741935483871,0.4918032786885246,0.37060395323711026,0.6139738150890883,0.009630792173539083,0.024382928029150267,0.2670434646624243,-0.37133996311001105,0.7191347314894614,1.064319402604403,-0.010615621931001304,-0.0005139908189202825,0.9323436134644959
transaction_cost,25bps,all,author_net_shift,7,1D,all,25,70,0.35714285714285715,0.29411764705882354,0.19919010603815795,0.41106279723481237,-0.014241523223759546,-0.006357487364246071,0.018521252271433863,-0.03244306516553366,0.5708847846815094,0.3171582137119497,-0.014584321061711224,-0.005891995905962176,0.24542894971738496
transaction_cost,25bps,all,author_net_shift,7,20D,all,25,52,0.46153846153846156,0.47058823529411764,0.3405299020949959,0.6047669578990353,-0.0020445886638245053,-0.018267307097396043,0.11030800291046501,-0.09834681001321553,1.1216225813083534,0.9613907839785886,0.0019349336845091158,-0.004902874509185083,1.0425232807849063
transaction_cost,25bps,all,author_net_shift,7,5D,all,25,67,0.3582089552238806,0.359375,0.25288402291451745,0.48179149390220904,-0.02420249375032088,-0.015540015926736981,0.06135391286168718,-0.07195490674306958,0.8526717028591877,0.4759097876423373,-0.018900633170220955,-0.010047243732792586,0.5064743315073196
transaction_cost,25bps,all,author_net_shift,7,60D,all,25,25,0.4,0.4,0.23403302377747973,0.5926054264103301,-0.10655538663272436,-0.015637922009945123,0.1163443858856553,-0.2551552349783108,0.45597491227465914,0.3039832748497727,-0.09497328880715607,-0.023413617942693418,0.30820740503632377
transaction_cost,25bps,all,author_net_shift,7,90D,all,25,15,0.26666666666666666,0.3333333333333333,0.1517632443971473,0.5828645226148023,-0.10471915484815869,-0.05872598625466735,0.18349131753724032,-0.20952296298830378,0.8757575538270875,0.31845729230075914,-0.09405345754035906,-0.09322199251096525,0.3476296308869488
transaction_cost,25bps,all,author_net_shift,90,1D,all,25,133,0.39097744360902253,0.40601503759398494,0.32633041548476055,0.49097641377991447,-0.0052136699917250786,-0.004569135396994826,0.02431833117271209,-0.024172485554079803,1.0060335383511139,0.6458486912871347,-0.004929215646166285,-0.004224783385100182,0.6334865775520395
transaction_cost,25bps,all,author_net_shift,90,20D,all,25,109,0.5321100917431193,0.5321100917431193,0.4389472230200744,0.6230867144454368,0.018618154366526547,0.00706899453429294,0.1680156184341039,-0.15128484398483596,1.1105912132939433,1.263025301393112,0.018054948076877242,0.007241556152790931,1.27851619745574
transaction_cost,25bps,all,author_net_shift,90,5D,all,25,125,0.472,0.47580645161290325,0.38995922301558095,0.5631076454686454,-0.005575947095443275,-0.003349846438638502,0.06954626628720278,-0.07273065299811173,0.9562167177160967,0.8547997931098441,-0.003227036238014261,-0.003318431713119683,0.903337439262277
transaction_cost,25bps,all,author_net_shift,90,60D,all,25,59,0.6271186440677966,0.5932203389830508,0.4659340125533739,0.7091096641280723,0.21044705374149422,0.09724700498549005,0.45759056182377383,-0.20520339166961243,2.229936640426086,3.7503479861711444,0.18213092478416662,0.05773002500853436,3.2739333675207902
transaction_cost,25bps,all,author_net_shift,90,90D,all,25,30,0.7333333333333333,0.6333333333333333,0.4551356365479487,0.7812607919389929,0.36698358962751215,0.14484432845186918,0.5563260747286178,-0.15370824440052852,3.6193639248065272,9.953250793217949,0.30468925301229033,0.07097923427925351,5.4637332060889126
transaction_cost,25bps,all,high_low_divergence,1,1D,all,25,9,0.2222222222222222,0.125,0.02241749145005667,0.4708881822128535,-0.013370682037073334,-0.010813990293310703,0.0012700624779551383,-0.01755375189851004,0.07235276454277226,0.020672218440792072,-0.011495553131614432,-0.008308734054291387,0.08972094260384086
transaction_cost,25bps,all,high_low_divergence,1,20D,all,25,1,0.0,0.0,0.0,0.7934506856227626,-0.42189302406269774,-0.42189302406269774,,-0.42189302406269774,,,-0.41475706016387887,-0.41475706016387887,
transaction_cost,25bps,all,high_low_divergence,1,5D,all,25,4,0.25,0.5,0.09453120573423074,0.9054687942657693,-0.07260010675742254,-0.030261952343991372,0.035843674813220316,-0.10874803394763682,0.32960296855094756,0.10986765618364919,-0.11742563348653723,-0.11742563348653723,0.044043644007618385
transaction_cost,25bps,all,high_low_divergence,3,1D,all,25,40,0.375,0.3333333333333333,0.20632956189598373,0.4902260560065401,-0.005825239211041536,-0.00871621179781473,0.028336957368351692,-0.026322557158677474,1.0765275272281118,0.6459165163368671,-0.004575813346407909,-0.004547187479727209,0.6991596946417951
transaction_cost,25bps,all,high_low_divergence,3,20D,all,25,20,0.4,0.47368421052631576,0.2732980516117956,0.6829219075488682,0.00446154126638064,-0.008477319748418309,0.13677703539863872,-0.08374878815512475,1.6331822634291941,1.0887881756194628,0.010566783003753386,-0.013918755424061789,1.2512412013499499
transaction_cost,25bps,all,high_low_divergence,3,5D,all,25,30,0.36666666666666664,0.39285714285714285,0.2356568654157959,0.5759095570340281,-0.013765114187297926,-0.01582810073604129,0.08218020644008289,-0.06931240507683419,1.1856493271151751,0.6864285578035224,-0.005036551045087963,-0.008455190306825898,0.8470258914477635
transaction_cost,25bps,all,high_low_divergence,3,60D,all,25,9,0.6666666666666666,0.5555555555555556,0.26665129349549305,0.8112214789023355,0.2470451154891068,0.05036521388216303,0.4382619299696056,-0.13538851347189088,3.237068778811851,6.474137557623703,0.21896878679469903,0.04687735789008046,5.914734276864122
transaction_cost,25bps,all,high_low_divergence,3,90D,all,25,6,1.0,1.0,0.6096657120978346,1.0,0.16576334925964695,0.15049778228072408,0.16576334925964695,,,,0.13837747852670854,0.11001474028970809,
transaction_cost,25bps,all,high_low_divergence,30,1D,all,25,98,0.3979591836734694,0.37755102040816324,0.28790545146922036,0.47643413794833406,-0.006547419481368739,-0.0051820931830896515,0.021308630086338185,-0.024960740382056368,0.8536858186168391,0.5643007953568937,-0.005746759212505285,-0.005251037499901466,0.5678073951967163
transaction_cost,25bps,all,high_low_divergence,30,20D,all,25,71,0.4084507042253521,0.4857142857142857,0.37245878383038566,0.6004561608099076,-0.004649681462539399,-0.010831817956390153,0.12109101295324472,-0.09147063713058082,1.3238238712645973,0.914068863492222,0.0022026093681108408,-0.002681769109886265,1.0465139291420706
transaction_cost,25bps,all,high_low_divergence,30,5D,all,25,87,0.4482758620689655,0.45348837209302323,0.3525159468245965,0.558438304085705,-0.006253352658585141,-0.0017502374248155573,0.05310871786886363,-0.05448503496213727,0.9747395391371214,0.7919758755489111,-0.0019780934743758587,-0.0037347432216718306,0.9172232344588517
transaction_cost,25bps,all,high_low_divergence,30,60D,all,25,59,0.6440677966101694,0.559322033898305,0.43289354829158677,0.678497882323879,0.09095557986799399,0.04516803039158385,0.2383939358445908,-0.17583763570870498,1.3557617223625404,2.4532831166560256,0.07362829642944245,0.03863600116806459,2.1522294843054897
transaction_cost,25bps,all,high_low_divergence,30,90D,all,25,45,0.6222222222222222,0.5777777777777777,0.4330078870920313,0.710312975327297,-0.016281864819960808,0.032547707703048656,0.1657229131303999,-0.31605444026761376,0.5243492639751457,0.8636340818414164,-0.01743680419610486,0.04624206045530127,0.8559171576264489
transaction_cost,25bps,all,high_low_divergence,7,1D,all,25,68,0.5294117647058824,0.47058823529411764,0.35673106421198947,0.5875907791127207,-0.0003457447783412533,0.0015240775286964347,0.02712589973751299,-0.031251344858677275,0.8679914371743009,0.9764903668210886,-0.0002568012050050792,-0.0028589187376717984,0.9800428713936873
transaction_cost,25bps,all,high_low_divergence,7,20D,all,25,45,0.5111111111111111,0.5681818181818182,0.4222414699362943,0.703172765914822,0.05357174991887032,0.013583643605506958,0.16038233631733775,-0.058093863134072915,2.76074489911605,2.8862333036213252,0.054865772540727976,0.0077390287702908695,3.736239056642223
transaction_cost,25bps,all,high_low_divergence,7,5D,all,25,61,0.4918032786885246,0.4918032786885246,0.37060395323711026,0.6139738150890883,0.025131637565952065,-0.00010432336063309405,0.0939808895814353,-0.04149667083612848,2.2647814315651607,2.1917239660308003,0.02558021182326701,-0.0014714242883144247,2.625117146734887
transaction_cost,25bps,all,high_low_divergence,7,60D,all,25,32,0.65625,0.625,0.4525440735307745,0.7706611269054578,0.17906174676838932,0.048675518720638355,0.3627809644399449,-0.17167494151367135,2.1131853096396993,4.034262863857608,0.16330107095969654,0.06036282500710821,4.104836379237519
transaction_cost,25bps,all,high_low_divergence,7,90D,all,25,24,0.625,0.5416666666666666,0.3507486535891948,0.72108666268789,0.1722343856411901,0.10852404870375931,0.3428684371999866,-0.11215570029013741,3.0570754434506195,5.095125739084366,0.14218224092806772,0.07077122236875194,3.631127008626284
transaction_cost,25bps,all,high_low_divergence,90,1D,all,25,86,0.5116279069767442,0.5,0.3966097232742094,0.6033902767257906,-0.0033000767099674814,0.000756002651038814,0.016277416088016413,-0.023809831069760132,0.6836426533361539,0.7161970653997802,-0.0035659816586231757,2.4269900493258893e-05,0.6712857499865028
transaction_cost,25bps,all,high_low_divergence,90,20D,all,25,61,0.5573770491803278,0.5409836065573771,0.41724048130756475,0.6598706770614424,0.03247241244648582,0.02137079598899633,0.14170489802552372,-0.10507960643082115,1.3485480469401523,1.6981716146653767,0.027632809147667255,0.013153709238113266,1.646630888705417
transaction_cost,25bps,all,high_low_divergence,90,5D,all,25,77,0.5324675324675324,0.5194805194805194,0.4096400507720929,0.6274696209701498,-0.0037003557098929433,0.004002520640023323,0.043867689294600276,-0.05787507363167689,0.7579720688353488,0.8632459672847028,-0.003059802745553182,0.0009434708813531056,0.870574193051487
transaction_cost,25bps,all,high_low_divergence,90,60D,all,25,53,0.4339622641509434,0.49056603773584906,0.3612424984784323,0.6211647088532004,-0.019189582237557436,-0.031105482717520835,0.199258794798693,-0.18666667129868275,1.0674578027904176,0.8183843154726533,-0.01061153990801186,-0.00010932286134296204,0.8864112246577748
transaction_cost,25bps,all,high_low_divergence,90,90D,all,25,44,0.6590909090909091,0.75,0.6055943364104086,0.8542578617103511,-0.09764929718363335,0.05553664220244908,0.1796696596152394,-0.6337992803281207,0.2834803780815649,0.5480620642910256,-0.06413180169150541,0.10494619067624783,0.6846965541960716
transaction_cost,25bps,all,weighted_net,1,1D,all,25,260,0.4,0.38372093023255816,0.32650079204802973,0.44435291358654183,-0.006949547575858107,-0.007347595967348406,0.026554164991553587,-0.029285355954132567,0.9067386796712789,0.6044924531141859,-0.006450243140577725,-0.00568971139044616,0.6036357430031619
transaction_cost,25bps,all,weighted_net,1,20D,all,25,188,0.4627659574468085,0.44385026737967914,0.3744817197008504,0.515479297523763,0.028310239215417074,-0.011647322313313389,0.18734498656681406,-0.1086800877110338,1.7238207155752394,1.484875269851939,0.018517333062963732,-0.01227677292161161,1.3244272393343277
transaction_cost,25bps,all,weighted_net,1,5D,all,25,218,0.41284403669724773,0.39622641509433965,0.3327958638673034,0.46335080674729756,-0.00809318711397052,-0.01204271974204679,0.08356909006336924,-0.07254322575428754,1.151990267794647,0.8099931570431113,-0.006941834605073415,-0.012963038986623097,0.8180302134472682
transaction_cost,25bps,all,weighted_net,1,60D,all,25,104,0.5288461538461539,0.46153846153846156,0.3688100475176425,0.5570069797417769,0.13012658299881186,0.027487799472449503,0.36683048122912126,-0.1355614660352089,2.7060085137604344,3.037356495037222,0.0946628640226649,-0.01505673926897699,2.3089662611205326
transaction_cost,25bps,all,weighted_net,1,90D,all,25,76,0.5789473684210527,0.5263157894736842,0.41552028690262677,0.6345789980939448,0.18290614390265922,0.04167420722089671,0.42471889559859816,-0.14958638967925675,2.839288363796203,3.9040215002197796,0.14064042581151742,0.01356481147717459,2.804766227087532
transaction_cost,25bps,all,weighted_net,3,1D,all,25,504,0.4226190476190476,0.3904382470119522,0.34874873207888607,0.4337918286405709,-0.0048380957590037675,-0.005148467218108242,0.025081889822286096,-0.026738291390669543,0.9380513307981431,0.6866148916151357,-0.004936550633551298,-0.0044282858424543586,0.6567182334579895
transaction_cost,25bps,all,weighted_net,3,20D,all,25,411,0.49391727493917276,0.45965770171149145,0.41195784698288335,0.508108320561756,0.02285523264648985,-0.001002304147465214,0.15459786320843966,-0.10572050775772077,1.462326151163887,1.4271740802224473,0.012010748794403751,-0.004141786936506407,1.2275823677265816
transaction_cost,25bps,all,weighted_net,3,5D,all,25,450,0.47555555555555556,0.45739910313901344,0.4117245397882539,0.5038012543445924,0.0006753108024177314,-0.002479224634772068,0.07405699027498017,-0.06586570363456684,1.1243634575872727,1.0195499149308318,-0.0018884395410337005,-0.0043925290905623676,0.9420692672769843
transaction_cost,25bps,all,weighted_net,3,60D,all,25,240,0.49166666666666664,0.4375,0.37621174699248483,0.50075749300021,0.11381266861111922,-0.0004837684462382619,0.3663019291046282,-0.13039825547276654,2.8091014544372475,2.716999767406518,0.08017573449318158,-0.014597185032142633,2.044666587589228
transaction_cost,25bps,all,weighted_net,3,90D,all,25,171,0.5789473684210527,0.5384615384615384,0.4632818498192179,0.6119315861740886,0.19568035813462786,0.025556671994537653,0.4399535837949385,-0.1401953271482993,3.138147274548983,4.314952502504852,0.1525594023717425,0.01049285615677348,3.085275231674355
transaction_cost,25bps,all,weighted_net,30,1D,all,25,516,0.4806201550387597,0.4601941747572815,0.4176014312257892,0.5033763562987632,-0.004065047873392517,-0.0008548420833798787,0.02321175130620316,-0.02930626502466016,0.792040585406271,0.7329330790326688,-0.004189848678810618,-0.0015569814479038913,0.7106172989354179
transaction_cost,25bps,all,weighted_net,30,20D,all,25,433,0.47344110854503463,0.4457274826789838,0.3995919268625668,0.49281755247833153,-0.013638261353857704,-0.006928251121076144,0.12210818948551362,-0.13569099127522227,0.8998990156821934,0.8091197290124985,-0.0230631319799403,-0.015417740956593593,0.6847379366589642
transaction_cost,25bps,all,weighted_net,30,5D,all,25,479,0.4592901878914405,0.44863731656184486,0.40459148722515587,0.4935038223594694,-0.0013035733175222513,-0.005928571428571337,0.07602133710135581,-0.06698496440691674,1.1349015077405338,0.964009002713967,-0.0036217410371437823,-0.008349416655646867,0.8971296731457328
transaction_cost,25bps,all,weighted_net,30,60D,all,25,291,0.4879725085910653,0.42955326460481097,0.37396086558796443,0.4869813500556845,0.02883708556283432,-0.007169779853235468,0.2698501547985296,-0.20085322203091555,1.3435191732049683,1.280400822785943,-0.0016604620355296779,-0.03955409530972037,0.9855008010920772
transaction_cost,25bps,all,weighted_net,30,90D,all,25,214,0.5327102803738317,0.48598130841121495,0.41985725498127535,0.5525997785307035,0.05881733876284524,0.018623977176335075,0.3529215309504912,-0.27646144033107123,1.2765669256727328,1.4552862952669154,0.030832683081086318,-0.016687255722736712,1.219793558364737
transaction_cost,25bps,all,weighted_net,7,1D,all,25,594,0.4276094276094276,0.40134907251264756,0.36265409164651036,0.44131394999861645,-0.004891306489131347,-0.004460732776221386,0.02492384633097359,-0.027164979478268566,0.9174991776052016,0.6854258562109448,-0.005199127800543689,-0.004042851367061227,0.650436279235301
transaction_cost,25bps,all,weighted_net,7,20D,all,25,501,0.5269461077844312,0.48303393213572854,0.43957248303206414,0.526753578936555,0.018152408380970635,0.008222347629796846,0.148658738102682,-0.1272217310558724,1.1685011426027132,1.3016215259371997,0.006569629227715686,-0.003188410136350237,1.1082510922703899
transaction_cost,25bps,all,weighted_net,7,5D,all,25,542,0.48523985239852396,0.4713493530499076,0.4296359295192904,0.5134667850445034,0.006152007511918734,-0.0016180747023999942,0.0804688506832219,-0.06390293784310898,1.2592355437677163,1.1870213190355174,0.0031419476202461296,-0.003249963796083941,1.0999109163983394
transaction_cost,25bps,all,weighted_net,7,60D,all,25,317,0.5331230283911672,0.4416403785488959,0.3879978075521435,0.4966804377843549,0.1179327826974881,0.011498035363457672,0.3705282438498767,-0.17050392632111785,2.1731361373581737,2.4814865352265634,0.08202463493529952,-0.017160588921823868,1.9087847757142014
transaction_cost,25bps,all,weighted_net,7,90D,all,25,226,0.588495575221239,0.5377777777777778,0.4725442166629705,0.6017430217054939,0.1444791109639407,0.04391714116788131,0.3949141413611845,-0.21366991100201005,1.8482440485383524,2.6431877253290414,0.10956626126522497,0.014728835628688488,2.117598238549539
transaction_cost,25bps,all,weighted_net,90,1D,all,25,460,0.4782608695652174,0.48695652173913045,0.4415776066499222,0.532551484719983,0.00021300898800906764,-0.0008104790829375741,0.026563541738602224,-0.023941646033367996,1.1095119233481288,1.0170525964024515,1.9523861404744748e-05,-0.001156345571406201,1.0015954384815633
transaction_cost,25bps,all,weighted_net,90,20D,all,25,411,0.5060827250608273,0.49391727493917276,0.44586251353208234,0.5420846892035991,-0.0004813017723530853,0.0026254014897834654,0.1274573566301184,-0.13157115865764404,0.9687332537807164,0.9925936787506848,-0.009334770148145969,-0.001702397457988445,0.8606241949808386
transaction_cost,25bps,all,weighted_net,90,5D,all,25,429,0.5128205128205128,0.5058275058275058,0.45867540455584715,0.5528761691164689,0.002661707209605974,0.00290067143482692,0.07323107827651451,-0.07162184128187671,1.0224685230906652,1.0762826558849108,0.0004620571068828435,0.0004325992357154273,1.0135427318988588
transaction_cost,25bps,all,weighted_net,90,60D,all,25,285,0.5157894736842106,0.4631578947368421,0.4061407189502399,0.5211550367015266,0.039305046497295805,0.009804250559284302,0.2720453882129739,-0.2086140131563613,1.3040609501580762,1.3891084034292551,0.00703211182759634,-0.029605971653959447,1.0589222345810978
transaction_cost,25bps,all,weighted_net,90,90D,all,25,211,0.5165876777251185,0.4928909952606635,0.42616587208629125,0.5598703426347054,0.03246219650775749,0.01442680869014973,0.3796309109558779,-0.33853182187307707,1.1214039166403973,1.198363008958856,0.005319074731139685,-0.025709129445495024,1.0301939690505932
