indicator,config_id,param_a_name,param_a,param_b_name,param_b,param_c_name,param_c,window_days,horizon_days,split_day,split,raw_events,n_events,n_tickers,n_months,max_ticker_share,excess_hit_rate,excess_hit_ci_low,excess_hit_ci_high,avg_directional_excess_pct,median_directional_excess_pct,excess_payoff_ratio,excess_profit_factor,positive_month_rate,avg_monthly_excess_pct,monthly_lcb_score
weighted_net,min_same_authors=2;min_consensus=0.5;min_strength=0,min_same_authors,2,min_consensus,0.5,min_strength,0.0,7,20,2026-03-12,all,495,291,133,11,0.027491408934707903,0.49828178694158076,0.44123241032658417,0.5553759363964317,0.011151238176133324,-1.2878687169259884e-05,1.185744299585463,1.1776227632869325,0.6363636363636364,0.018704288650828665,-0.003125703843003806
weighted_net,min_same_authors=2;min_consensus=0.5;min_strength=0,min_same_authors,2,min_consensus,0.5,min_strength,0.0,7,20,2026-03-12,train,196,115,59,7,0.05217391304347826,0.5217391304347826,0.4312239832374924,0.6108488762647113,0.007026053926595143,0.005659076138051167,1.031998239095875,1.1258162608318638,0.7142857142857143,0.02982455831819542,0.0026710788490108064
weighted_net,min_same_authors=2;min_consensus=0.5;min_strength=0,min_same_authors,2,min_consensus,0.5,min_strength,0.0,7,20,2026-03-12,test,257,154,111,4,0.01948051948051948,0.4935064935064935,0.41566862130765647,0.5716604365017245,0.0135617457778329,-0.0020776639927652107,1.218285732715566,1.1870476370049103,0.5,-0.00026147511373811024,-0.04023280685961675
weighted_net,min_same_authors=2;min_consensus=0.5;min_strength=1.5,min_same_authors,2,min_consensus,0.5,min_strength,1.5,7,20,2026-03-12,all,487,284,132,11,0.028169014084507043,0.4964788732394366,0.43876538495706147,0.554286345644242,0.011816039503671433,-0.0005837565046291071,1.204862987442882,1.1880117568492752,0.6363636363636364,0.013953617920685767,-0.006218442879375884
weighted_net,min_same_authors=2;min_consensus=0.5;min_strength=1.5,min_same_authors,2,min_consensus,0.5,min_strength,1.5,7,20,2026-03-12,train,189,110,58,7,0.05454545454545454,0.5181818181818182,0.4257793754404014,0.6093572087305745,0.009184120014492042,0.0034044936176476637,1.0844393354696897,1.1662838136183455,0.5714285714285714,0.02229890030665949,-0.0015933583230283883
weighted_net,min_same_authors=2;min_consensus=0.5;min_strength=1.5,min_same_authors,2,min_consensus,0.5,min_strength,1.5,7,20,2026-03-12,test,257,153,110,4,0.0196078431372549,0.48366013071895425,0.40585051180675535,0.562270162168127,0.011876419422137971,-0.0038199312046720557,1.2402498708635123,1.1617530435936698,0.75,-0.00228741247806979,-0.04216570475874753
weighted_net,min_same_authors=2;min_consensus=0.5;min_strength=3,min_same_authors,2,min_consensus,0.5,min_strength,3.0,7,20,2026-03-12,all,387,222,114,11,0.036036036036036036,0.5135135135135135,0.4480967614544488,0.5784705483359278,0.016209041135541197,0.0013537593359488342,1.1994204966603907,1.2660549686970795,0.7272727272727273,0.014547215760685116,-0.004324852734932034
weighted_net,min_same_authors=2;min_consensus=0.5;min_strength=3,min_same_authors,2,min_consensus,0.5,min_strength,3.0,7,20,2026-03-12,train,126,72,39,7,0.06944444444444445,0.5138888888888888,0.40069754605192803,0.6256732547092813,0.014030700608281377,0.000853225084474829,1.2490386649716458,1.3204123029700259,0.8571428571428571,0.02357410360442933,0.005753063854815874
weighted_net,min_same_authors=2;min_consensus=0.5;min_strength=3,min_same_authors,2,min_consensus,0.5,min_strength,3.0,7,20,2026-03-12,test,227,133,101,4,0.022556390977443608,0.5112781954887218,0.4272083071737977,0.5947148733144412,0.01690631770546654,0.0017905298799216762,1.1738898821510495,1.2280694151734055,0.5,0.0003632081130891065,-0.04533081394950302
weighted_net,min_same_authors=2;min_consensus=0.5;min_strength=5,min_same_authors,2,min_consensus,0.5,min_strength,5.0,7,20,2026-03-12,all,184,109,50,11,0.08256880733944955,0.5229357798165137,0.4299950906023555,0.6143148647301524,0.03296868286877196,0.007955750914809379,1.5232629720259565,1.6697305654899908,0.6363636363636364,0.01765053621934961,0.00022889985638411756
weighted_net,min_same_authors=2;min_consensus=0.5;min_strength=5,min_same_authors,2,min_consensus,0.5,min_strength,5.0,7,20,2026-03-12,train,51,34,20,7,0.14705882352941177,0.4411764705882353,0.2888348224624216,0.6054610074379694,-0.008444495862942311,-0.0056574000751127285,1.0774830000896123,0.8506444737549571,0.42857142857142855,0.00810288315901964,-0.0072483302407002365
weighted_net,min_same_authors=2;min_consensus=0.5;min_strength=5,min_same_authors,2,min_consensus,0.5,min_strength,5.0,7,20,2026-03-12,test,113,63,45,4,0.047619047619047616,0.5714285714285714,0.44861615143095024,0.6860308200563566,0.059801097715919425,0.038955102275827214,1.660452912703195,2.2139372169375933,0.75,0.03552998281906279,-0.011820822258480385
weighted_net,min_same_authors=2;min_consensus=0.67;min_strength=0,min_same_authors,2,min_consensus,0.67,min_strength,0.0,7,20,2026-03-12,all,483,287,132,11,0.0313588850174216,0.49825783972125437,0.44081797720647886,0.5557437234394511,0.009803533619822748,-1.2878687169259884e-05,1.1622027937185695,1.1541319409844129,0.6363636363636364,0.01985918006792264,-0.0034475535681544947
weighted_net,min_same_authors=2;min_consensus=0.67;min_strength=0,min_same_authors,2,min_consensus,0.67,min_strength,0.0,7,20,2026-03-12,train,187,112,58,7,0.05357142857142857,0.5178571428571429,0.42626984959636616,0.6082601022941003,0.0078065533484164215,0.0034044936176476637,1.0596436574973318,1.138135780274912,0.7142857142857143,0.03419858780642455,0.005231587167824486
weighted_net,min_same_authors=2;min_consensus=0.67;min_strength=0,min_same_authors,2,min_consensus,0.67,min_strength,0.0,7,20,2026-03-12,test,254,152,110,4,0.019736842105263157,0.4934210526315789,0.4150885967902005,0.5720778477802321,0.01046188015465278,-0.0029418252533367495,1.1718699026748902,1.1414317233846334,0.5,-0.004132804008037451,-0.04571734225606226
weighted_net,min_same_authors=2;min_consensus=0.67;min_strength=1.5,min_same_authors,2,min_consensus,0.67,min_strength,1.5,7,20,2026-03-12,all,471,280,131,11,0.02857142857142857,0.5071428571428571,0.448884571666725,0.5652078023529802,0.010296856646201509,0.0006833674955945557,1.1308742291913727,1.1636531923563402,0.5454545454545454,0.014071237903398492,-0.006932990088824583
weighted_net,min_same_authors=2;min_consensus=0.67;min_strength=1.5,min_same_authors,2,min_consensus,0.67,min_strength,1.5,7,20,2026-03-12,train,181,109,58,7,0.05504587155963303,0.5229357798165137,0.4299950906023555,0.6143148647301524,0.011170200870510077,0.005659076138051167,1.1009385928068114,1.2067980728843895,0.5714285714285714,0.02599889402100847,0.0020734597929730238
weighted_net,min_same_authors=2;min_consensus=0.67;min_strength=1.5,min_same_authors,2,min_consensus,0.67,min_strength,1.5,7,20,2026-03-12,test,249,149,109,4,0.020134228187919462,0.4966442953020134,0.41746244831818713,0.5759948242849672,0.007628114011679147,-0.0020637193020014433,1.1164562027698846,1.101570120066286,0.5,-0.007552607156506636,-0.04987413856764322
weighted_net,min_same_authors=2;min_consensus=0.67;min_strength=3,min_same_authors,2,min_consensus,0.67,min_strength,3.0,7,20,2026-03-12,all,380,224,114,11,0.04017857142857143,0.5178571428571429,0.45267331801393645,0.5824388167196102,0.015574881840687848,0.0013537593359488342,1.1714650614121154,1.2582402511463462,0.7272727272727273,0.014387436862063308,-0.004965981083384639
weighted_net,min_same_authors=2;min_consensus=0.67;min_strength=3,min_same_authors,2,min_consensus,0.67,min_strength,3.0,7,20,2026-03-12,train,122,73,39,7,0.0821917808219178,0.5068493150684932,0.39472240623307775,0.6182914018771178,0.01568623592207269,0.0005565390717054974,1.3390350251617151,1.3762304425273184,0.8571428571428571,0.024490455763011208,0.006379356623677435
weighted_net,min_same_authors=2;min_consensus=0.67;min_strength=3,min_same_authors,2,min_consensus,0.67,min_strength,3.0,7,20,2026-03-12,test,223,134,101,4,0.022388059701492536,0.5149253731343284,0.431076014846751,0.5979428306749237,0.014623672617992967,0.0044151903291286265,1.1266838139104705,1.1960182024588073,0.5,-0.0023420737234304554,-0.049333198903488876
weighted_net,min_same_authors=2;min_consensus=0.67;min_strength=5,min_same_authors,2,min_consensus,0.67,min_strength,5.0,7,20,2026-03-12,all,179,109,50,11,0.08256880733944955,0.5229357798165137,0.4299950906023555,0.6143148647301524,0.032863106750953434,0.006275177408926247,1.5365036929214102,1.6842444326253918,0.6363636363636364,0.01745028574978924,0.0004205836361766517
weighted_net,min_same_authors=2;min_consensus=0.67;min_strength=5,min_same_authors,2,min_consensus,0.67,min_strength,5.0,7,20,2026-03-12,train,50,34,20,7,0.14705882352941177,0.4411764705882353,0.2888348224624216,0.6054610074379694,-0.00460233868270309,-0.0056574000751127285,1.1560420705155123,0.9126647925122465,0.42857142857142855,0.007402425486876417,-0.008049038067113667
weighted_net,min_same_authors=2;min_consensus=0.67;min_strength=5,min_same_authors,2,min_consensus,0.67,min_strength,5.0,7,20,2026-03-12,test,108,63,45,4,0.047619047619047616,0.5714285714285714,0.44861615143095024,0.6860308200563566,0.057544889129088436,0.038955102275827214,1.6261028462662137,2.1681371283549518,0.75,0.0340996834218197,-0.01310619293068327
weighted_net,min_same_authors=2;min_consensus=0.75;min_strength=0,min_same_authors,2,min_consensus,0.75,min_strength,0.0,7,20,2026-03-12,all,481,287,132,11,0.0313588850174216,0.49477351916376305,0.4373824316037787,0.5523026703340108,0.00970434046267939,-0.0011863147734505475,1.1766757055110482,1.1523306909142679,0.6363636363636364,0.020058891280400074,-0.0032286214843128824
weighted_net,min_same_authors=2;min_consensus=0.75;min_strength=0,min_same_authors,2,min_consensus,0.75,min_strength,0.0,7,20,2026-03-12,train,187,112,58,7,0.05357142857142857,0.5178571428571429,0.42626984959636616,0.6082601022941003,0.0078065533484164215,0.0034044936176476637,1.0596436574973318,1.138135780274912,0.7142857142857143,0.03419858780642455,0.005231587167824486
weighted_net,min_same_authors=2;min_consensus=0.75;min_strength=0,min_same_authors,2,min_consensus,0.75,min_strength,0.0,7,20,2026-03-12,test,252,152,110,4,0.019736842105263157,0.4868421052631579,0.4086917071593119,0.5656411819815536,0.01027458781188868,-0.004925289711233682,1.2000856834906117,1.1385428279269905,0.5,-0.0029393059651552913,-0.04477627169754591
weighted_net,min_same_authors=2;min_consensus=0.75;min_strength=1.5,min_same_authors,2,min_consensus,0.75,min_strength,1.5,7,20,2026-03-12,all,469,280,131,11,0.02857142857142857,0.5035714285714286,0.44535708654038986,0.5616891004694627,0.01036674507682101,0.0005628357604415268,1.1479758556085924,1.164493493818788,0.5454545454545454,0.014359871962764397,-0.006664199807547079
weighted_net,min_same_authors=2;min_consensus=0.75;min_strength=1.5,min_same_authors,2,min_consensus,0.75,min_strength,1.5,7,20,2026-03-12,train,181,109,58,7,0.05504587155963303,0.5229357798165137,0.4299950906023555,0.6143148647301524,0.011170200870510077,0.005659076138051167,1.1009385928068114,1.2067980728843895,0.5714285714285714,0.02599889402100847,0.0020734597929730238
weighted_net,min_same_authors=2;min_consensus=0.75;min_strength=1.5,min_same_authors,2,min_consensus,0.75,min_strength,1.5,7,20,2026-03-12,test,247,149,109,4,0.020134228187919462,0.4899328859060403,0.4109336453613852,0.569438172448078,0.00775944797525942,-0.0038199312046720557,1.1483830051399753,1.1030520970423447,0.5,-0.0061615860552473095,-0.04892963231062058
weighted_net,min_same_authors=2;min_consensus=0.75;min_strength=3,min_same_authors,2,min_consensus,0.75,min_strength,3.0,7,20,2026-03-12,all,378,223,114,11,0.03587443946188341,0.515695067264574,0.45039438426263906,0.5804641723539148,0.015669140960126858,0.0011499110972441606,1.1814272233008698,1.2580012099962967,0.7272727272727273,0.014733478226840534,-0.0046734441168642706
weighted_net,min_same_authors=2;min_consensus=0.75;min_strength=3,min_same_authors,2,min_consensus,0.75,min_strength,3.0,7,20,2026-03-12,train,122,73,39,7,0.0821917808219178,0.5068493150684932,0.39472240623307775,0.6182914018771178,0.01568623592207269,0.0005565390717054974,1.3390350251617151,1.3762304425273184,0.8571428571428571,0.024490455763011208,0.006379356623677435
weighted_net,min_same_authors=2;min_consensus=0.75;min_strength=3,min_same_authors,2,min_consensus,0.75,min_strength,3.0,7,20,2026-03-12,test,221,133,101,4,0.022556390977443608,0.5112781954887218,0.4272083071737977,0.5947148733144412,0.014774564154926836,0.0017905298799216762,1.1431435343464793,1.1959040051624705,0.5,-0.0007773491399225489,-0.048479915821967354
weighted_net,min_same_authors=2;min_consensus=0.75;min_strength=5,min_same_authors,2,min_consensus,0.75,min_strength,5.0,7,20,2026-03-12,all,177,108,50,11,0.07407407407407407,0.5185185185185185,0.42527864654226755,0.6104862660597117,0.03325445872583003,0.004782367432731527,1.5620198374917653,1.6821752096065163,0.6363636363636364,0.01808623165518111,0.000842945469034951
weighted_net,min_same_authors=2;min_consensus=0.75;min_strength=5,min_same_authors,2,min_consensus,0.75,min_strength,5.0,7,20,2026-03-12,train,50,34,20,7,0.14705882352941177,0.4411764705882353,0.2888348224624216,0.6054610074379694,-0.00460233868270309,-0.0056574000751127285,1.1560420705155123,0.9126647925122465,0.42857142857142855,0.007402425486876417,-0.008049038067113667
weighted_net,min_same_authors=2;min_consensus=0.75;min_strength=5,min_same_authors,2,min_consensus,0.75,min_strength,5.0,7,20,2026-03-12,test,106,62,45,4,0.04838709677419355,0.5645161290322581,0.44092987972148767,0.6805741109751094,0.05862469228497241,0.03486575425861349,1.6663466095525081,2.160078938308807,0.75,0.03657312018844887,-0.01186427371663245
weighted_net,min_same_authors=2;min_consensus=0.8;min_strength=0,min_same_authors,2,min_consensus,0.8,min_strength,0.0,7,20,2026-03-12,all,481,285,132,11,0.028070175438596492,0.5017543859649123,0.4440695857377859,0.5593925211359396,0.011933322444206834,0.0005565390717054974,1.1801622953585587,1.1884732974385486,0.7272727272727273,0.021729334962912315,-0.0019372199348233997
weighted_net,min_same_authors=2;min_consensus=0.8;min_strength=0,min_same_authors,2,min_consensus,0.8,min_strength,0.0,7,20,2026-03-12,train,183,111,58,7,0.05405405405405406,0.5135135135135135,0.4216469238103697,0.6044760463330521,0.00818189875164498,0.0011499110972441606,1.084845653929021,1.1451148569250778,0.7142857142857143,0.03608508378213598,0.0067218852516718434
weighted_net,min_same_authors=2;min_consensus=0.8;min_strength=0,min_same_authors,2,min_consensus,0.8,min_strength,0.0,7,20,2026-03-12,test,254,152,110,4,0.019736842105263157,0.5,0.4214987462633732,0.5785012537366268,0.013486258864754835,-0.0006330583799949441,1.1830612294001877,1.1830612294001879,0.75,-0.0015222372611578235,-0.04430653120267155
weighted_net,min_same_authors=2;min_consensus=0.8;min_strength=1.5,min_same_authors,2,min_consensus,0.8,min_strength,1.5,7,20,2026-03-12,all,471,280,131,11,0.02857142857142857,0.5071428571428571,0.448884571666725,0.5652078023529802,0.011978080908652723,0.0009737568196278579,1.1568428195816478,1.1903744955115505,0.5454545454545454,0.015252491996911026,-0.005724231626271541
weighted_net,min_same_authors=2;min_consensus=0.8;min_strength=1.5,min_same_authors,2,min_consensus,0.8,min_strength,1.5,7,20,2026-03-12,train,178,109,58,7,0.05504587155963303,0.5137614678899083,0.4210730542514851,0.6055129189480197,0.010662729724649508,0.0011499110972441606,1.131280748287824,1.1953155076248707,0.5714285714285714,0.02601714281428122,0.001804532332895778
weighted_net,min_same_authors=2;min_consensus=0.8;min_strength=1.5,min_same_authors,2,min_consensus,0.8,min_strength,1.5,7,20,2026-03-12,test,250,150,109,4,0.02,0.5,0.42099012028854144,0.5790098797114586,0.010662047831491689,-0.0006330583799949441,1.1429287560328163,1.1429287560328163,0.5,-0.00344164163019044,-0.04587651615619339
weighted_net,min_same_authors=2;min_consensus=0.8;min_strength=3,min_same_authors,2,min_consensus,0.8,min_strength,3.0,7,20,2026-03-12,all,374,223,114,11,0.03587443946188341,0.515695067264574,0.45039438426263906,0.5804641723539148,0.017135085971128755,0.0015576075746535079,1.205779264025541,1.2839316237309002,0.7272727272727273,0.015593388108477496,-0.003744208358387584
weighted_net,min_same_authors=2;min_consensus=0.8;min_strength=3,min_same_authors,2,min_consensus,0.8,min_strength,3.0,7,20,2026-03-12,train,118,73,39,7,0.0821917808219178,0.5068493150684932,0.39472240623307775,0.6182914018771178,0.017055388223570084,0.0005565390717054974,1.3768587399078676,1.4151048160164195,0.8571428571428571,0.025680314310741085,0.0076613133070704345
weighted_net,min_same_authors=2;min_consensus=0.8;min_strength=3,min_same_authors,2,min_consensus,0.8,min_strength,3.0,7,20,2026-03-12,test,220,133,101,4,0.022556390977443608,0.5112781954887218,0.4272083071737977,0.5947148733144412,0.016473560424552815,0.0017905298799216762,1.1655400383596297,1.219334193976228,0.5,0.0002627662611300297,-0.047127832919124
weighted_net,min_same_authors=2;min_consensus=0.8;min_strength=5,min_same_authors,2,min_consensus,0.8,min_strength,5.0,7,20,2026-03-12,all,172,108,50,11,0.07407407407407407,0.5185185185185185,0.42527864654226755,0.6104862660597117,0.03352422881754885,0.008083845519392674,1.5536921273379165,1.67320690636391,0.6363636363636364,0.017468366817971828,-0.0008397771675321894
weighted_net,min_same_authors=2;min_consensus=0.8;min_strength=5,min_same_authors,2,min_consensus,0.8,min_strength,5.0,7,20,2026-03-12,train,47,33,20,7,0.15151515151515152,0.42424242424242425,0.2723559663341021,0.5919273666268755,-0.003789501272784448,-0.00977677292161161,1.2603843062984967,0.9287042256936291,0.42857142857142855,0.007747726453251851,-0.007550761640416518
weighted_net,min_same_authors=2;min_consensus=0.8;min_strength=5,min_same_authors,2,min_consensus,0.8,min_strength,5.0,7,20,2026-03-12,test,104,63,45,4,0.047619047619047616,0.5714285714285714,0.44861615143095024,0.6860308200563566,0.05799348860690305,0.038955102275827214,1.5843330961122086,2.1124441281496114,0.75,0.03555893464176526,-0.016523714687564785
weighted_net,min_same_authors=3;min_consensus=0.5;min_strength=0,min_same_authors,3,min_consensus,0.5,min_strength,0.0,7,20,2026-03-12,all,178,103,44,11,0.08737864077669903,0.5145631067961165,0.4192695708623863,0.608809416762022,0.03736521038759836,0.0015576075746535079,1.6770396547392472,1.7776620340236018,0.6363636363636364,0.021724388156992017,-0.010195249284211162
weighted_net,min_same_authors=3;min_consensus=0.5;min_strength=0,min_same_authors,3,min_consensus,0.5,min_strength,0.0,7,20,2026-03-12,train,68,40,24,7,0.125,0.5,0.35199526933465386,0.6480047306653461,-0.007402290814572518,0.000772364443742124,0.8599251585978213,0.8599251585978213,0.7142857142857143,0.009089608332884701,-0.028475177166357456
weighted_net,min_same_authors=3;min_consensus=0.5;min_strength=0,min_same_authors,3,min_consensus,0.5,min_strength,0.0,7,20,2026-03-12,test,100,56,37,4,0.05357142857142857,0.5178571428571429,0.39010383924176983,0.6433178058754173,0.07023309847434285,0.007007284956826676,2.285477319569405,2.4547719358338056,0.5,0.04898732794752513,-0.019039149838221865
weighted_net,min_same_authors=3;min_consensus=0.5;min_strength=1.5,min_same_authors,3,min_consensus,0.5,min_strength,1.5,7,20,2026-03-12,all,177,101,44,11,0.07920792079207921,0.5346534653465347,0.43789670725262647,0.6288707726998589,0.040246921461843256,0.005723646547819872,1.6098818071305177,1.8496514379797437,0.6363636363636364,0.02489054708318554,-0.006093296260346423
weighted_net,min_same_authors=3;min_consensus=0.5;min_strength=1.5,min_same_authors,3,min_consensus,0.5,min_strength,1.5,7,20,2026-03-12,train,67,40,24,7,0.125,0.525,0.3749736210669248,0.670645298873211,-0.005311047987517081,0.0016379441040201836,0.8099864207141015,0.8952481492103227,0.7142857142857143,0.011909630048760902,-0.023041453769394496
weighted_net,min_same_authors=3;min_consensus=0.5;min_strength=1.5,min_same_authors,3,min_consensus,0.5,min_strength,1.5,7,20,2026-03-12,test,101,55,37,4,0.05454545454545454,0.5272727272727272,0.3979154435522611,0.6530690163868067,0.07372859013543968,0.013266776650793899,2.276146735008681,2.5387790505866055,0.5,0.05044944152477292,-0.01778881914299303
weighted_net,min_same_authors=3;min_consensus=0.5;min_strength=3,min_same_authors,3,min_consensus,0.5,min_strength,3.0,7,20,2026-03-12,all,174,100,44,11,0.08,0.53,0.4328885697009936,0.6248918204065872,0.04328494056172578,0.0037209635906033656,1.753344668132627,1.977175902362324,0.6363636363636364,0.033002183949306846,0.004960675414408474
weighted_net,min_same_authors=3;min_consensus=0.5;min_strength=3,min_same_authors,3,min_consensus,0.5,min_strength,3.0,7,20,2026-03-12,train,59,38,22,7,0.13157894736842105,0.5263157894736842,0.3725897138449667,0.6752097667747392,0.009530772961150008,0.0016379441040201836,1.1248083925775414,1.249787102863935,0.5714285714285714,0.02766266455818675,-0.0006778420258074791
weighted_net,min_same_authors=3;min_consensus=0.5;min_strength=3,min_same_authors,3,min_consensus,0.5,min_strength,3.0,7,20,2026-03-12,test,104,56,37,4,0.05357142857142857,0.5178571428571429,0.39010383924176983,0.6433178058754173,0.06745672966978038,0.007007284956826676,2.1759292386353746,2.337109182237995,0.5,0.04627371323410584,-0.023185004188956707
weighted_net,min_same_authors=3;min_consensus=0.5;min_strength=5,min_same_authors,3,min_consensus,0.5,min_strength,5.0,7,20,2026-03-12,all,134,84,39,10,0.08333333333333333,0.5476190476190477,0.44143037013820663,0.6496427985842067,0.03847411202827918,0.007081001542252108,1.5929485284809612,1.9283061134243216,0.6,0.042558984535231985,0.015323956646676094
weighted_net,min_same_authors=3;min_consensus=0.5;min_strength=5,min_same_authors,3,min_consensus,0.5,min_strength,5.0,7,20,2026-03-12,train,34,27,16,6,0.14814814814814814,0.5185185185185185,0.3398561575495229,0.6925677302378153,0.009584311402165976,0.006275177408926247,1.138367274603862,1.2259339880349283,0.6666666666666666,0.0354869034139806,0.0007939912957037956
weighted_net,min_same_authors=3;min_consensus=0.5;min_strength=5,min_same_authors,3,min_consensus,0.5,min_strength,5.0,7,20,2026-03-12,test,90,50,35,4,0.06,0.54,0.40398871399157477,0.6703034780777566,0.05510606745496309,0.004630732022555817,1.8783581890192758,2.205029178413932,0.5,0.04744847709115072,-0.008572675090527247
weighted_net,min_same_authors=3;min_consensus=0.67;min_strength=0,min_same_authors,3,min_consensus,0.67,min_strength,0.0,7,20,2026-03-12,all,176,102,44,11,0.08823529411764706,0.5098039215686274,0.4142102142804601,0.6046859727362758,0.03707549422440955,0.0011527004187564804,1.6925928340614877,1.7602965474239474,0.6363636363636364,0.02229998976870314,-0.009570734763924008
weighted_net,min_same_authors=3;min_consensus=0.67;min_strength=0,min_same_authors,3,min_consensus,0.67,min_strength,0.0,7,20,2026-03-12,train,67,40,24,7,0.125,0.5,0.35199526933465386,0.6480047306653461,-0.007402290814572518,0.000772364443742124,0.8599251585978213,0.8599251585978213,0.7142857142857143,0.009089608332884701,-0.028475177166357456
weighted_net,min_same_authors=3;min_consensus=0.67;min_strength=0,min_same_authors,3,min_consensus,0.67,min_strength,0.0,7,20,2026-03-12,test,99,55,37,4,0.05454545454545454,0.509090909090909,0.380762598469722,0.6362322215099672,0.07029340464600622,0.000747793262859453,2.3305883740690856,2.4169064619975704,0.5,0.053412827909102935,-0.015944374174596855
weighted_net,min_same_authors=3;min_consensus=0.67;min_strength=1.5,min_same_authors,3,min_consensus,0.67,min_strength,1.5,7,20,2026-03-12,all,172,100,44,11,0.08,0.53,0.4328885697009936,0.6248918204065872,0.038864095983535026,0.0037209635906033656,1.5859161193835822,1.788373496326167,0.6363636363636364,0.023811748352599894,-0.007881617798892473
weighted_net,min_same_authors=3;min_consensus=0.67;min_strength=1.5,min_same_authors,3,min_consensus,0.67,min_strength,1.5,7,20,2026-03-12,train,66,40,24,7,0.125,0.525,0.3749736210669248,0.670645298873211,-0.005311047987517081,0.0016379441040201836,0.8099864207141015,0.8952481492103227,0.7142857142857143,0.011909630048760902,-0.023041453769394496
weighted_net,min_same_authors=3;min_consensus=0.67;min_strength=1.5,min_same_authors,3,min_consensus,0.67,min_strength,1.5,7,20,2026-03-12,test,97,54,37,4,0.05555555555555555,0.5185185185185185,0.3885170019812708,0.6460602725338812,0.07178783311400956,0.007007284956826676,2.223098652840269,2.3941062415202894,0.5,0.04992260054171156,-0.02311389511332597
weighted_net,min_same_authors=3;min_consensus=0.67;min_strength=3,min_same_authors,3,min_consensus,0.67,min_strength,3.0,7,20,2026-03-12,all,169,99,44,11,0.08080808080808081,0.5252525252525253,0.42779308237779784,0.6208254422652413,0.04277220354857965,0.0017182806333868594,1.760402519023095,1.9476793827489562,0.7272727272727273,0.03355852154101158,0.005566547062441869
weighted_net,min_same_authors=3;min_consensus=0.67;min_strength=3,min_same_authors,3,min_consensus,0.67,min_strength,3.0,7,20,2026-03-12,train,59,38,22,7,0.13157894736842105,0.5263157894736842,0.3725897138449667,0.6752097667747392,0.009530772961150008,0.0016379441040201836,1.1248083925775414,1.249787102863935,0.5714285714285714,0.02766266455818675,-0.0006778420258074791
weighted_net,min_same_authors=3;min_consensus=0.67;min_strength=3,min_same_authors,3,min_consensus,0.67,min_strength,3.0,7,20,2026-03-12,test,99,55,37,4,0.05454545454545454,0.509090909090909,0.380762598469722,0.6362322215099672,0.06697329012080923,0.000747793262859453,2.2045809675630466,2.2862321145098257,0.75,0.05020137484496564,-0.02054799729868626
weighted_net,min_same_authors=3;min_consensus=0.67;min_strength=5,min_same_authors,3,min_consensus,0.67,min_strength,5.0,7,20,2026-03-12,all,130,84,39,10,0.08333333333333333,0.5476190476190477,0.44143037013820663,0.6496427985842067,0.03847411202827918,0.007081001542252108,1.5929485284809612,1.9283061134243216,0.6,0.042558984535231985,0.015323956646676094
weighted_net,min_same_authors=3;min_consensus=0.67;min_strength=5,min_same_authors,3,min_consensus,0.67,min_strength,5.0,7,20,2026-03-12,train,34,27,16,6,0.14814814814814814,0.5185185185185185,0.3398561575495229,0.6925677302378153,0.009584311402165976,0.006275177408926247,1.138367274603862,1.2259339880349283,0.6666666666666666,0.0354869034139806,0.0007939912957037956
weighted_net,min_same_authors=3;min_consensus=0.67;min_strength=5,min_same_authors,3,min_consensus,0.67,min_strength,5.0,7,20,2026-03-12,test,86,50,35,4,0.06,0.54,0.40398871399157477,0.6703034780777566,0.05510606745496309,0.004630732022555817,1.8783581890192758,2.205029178413932,0.5,0.04744847709115072,-0.008572675090527247
weighted_net,min_same_authors=3;min_consensus=0.75;min_strength=0,min_same_authors,3,min_consensus,0.75,min_strength,0.0,7,20,2026-03-12,all,174,102,44,11,0.08823529411764706,0.5,0.4047444724091258,0.5952555275908742,0.03656166004230162,0.00036745728784509657,1.7426526575651815,1.7426526575651813,0.6363636363636364,0.02314990544696387,-0.009142649386076212
weighted_net,min_same_authors=3;min_consensus=0.75;min_strength=0,min_same_authors,3,min_consensus,0.75,min_strength,0.0,7,20,2026-03-12,train,67,40,24,7,0.125,0.5,0.35199526933465386,0.6480047306653461,-0.007402290814572518,0.000772364443742124,0.8599251585978213,0.8599251585978213,0.7142857142857143,0.009089608332884701,-0.028475177166357456
weighted_net,min_same_authors=3;min_consensus=0.75;min_strength=0,min_same_authors,3,min_consensus,0.75,min_strength,0.0,7,20,2026-03-12,test,97,55,37,4,0.05454545454545454,0.4909090909090909,0.36376777849003283,0.619237401530278,0.0693404757991879,-0.0007678050872834685,2.4616502040187,2.3737341253037463,0.5,0.05650520214158491,-0.014924892520308077
weighted_net,min_same_authors=3;min_consensus=0.75;min_strength=1.5,min_same_authors,3,min_consensus,0.75,min_strength,1.5,7,20,2026-03-12,all,170,100,44,11,0.08,0.52,0.4231657776522397,0.615354482419481,0.03825222421272814,0.0016379441040201836,1.632499136230691,1.768540730916582,0.6363636363636364,0.02465684009510751,-0.007476056085030228
weighted_net,min_same_authors=3;min_consensus=0.75;min_strength=1.5,min_same_authors,3,min_consensus,0.75,min_strength,1.5,7,20,2026-03-12,train,66,40,24,7,0.125,0.525,0.3749736210669248,0.670645298873211,-0.005311047987517081,0.0016379441040201836,0.8099864207141015,0.8952481492103227,0.7142857142857143,0.011909630048760902,-0.023041453769394496
weighted_net,min_same_authors=3;min_consensus=0.75;min_strength=1.5,min_same_authors,3,min_consensus,0.75,min_strength,1.5,7,20,2026-03-12,test,95,54,37,4,0.05555555555555555,0.5,0.3711458304022563,0.6288541695977437,0.07065473724214498,-1.000591221200775e-05,2.3490097500008917,2.3490097500008917,0.5,0.05277553583921884,-0.022176190083215495
weighted_net,min_same_authors=3;min_consensus=0.75;min_strength=3,min_same_authors,3,min_consensus,0.75,min_strength,3.0,7,20,2026-03-12,all,167,98,44,11,0.08163265306122448,0.5204081632653061,0.42260806300816717,0.6166686720889072,0.04263028923673548,0.0016379441040201836,1.7767949055745678,1.9280114932830414,0.6363636363636364,0.03431276638724404,0.005925958839233508
weighted_net,min_same_authors=3;min_consensus=0.75;min_strength=3,min_same_authors,3,min_consensus,0.75,min_strength,3.0,7,20,2026-03-12,train,59,38,22,7,0.13157894736842105,0.5263157894736842,0.3725897138449667,0.6752097667747392,0.009530772961150008,0.0016379441040201836,1.1248083925775414,1.249787102863935,0.5714285714285714,0.02766266455818675,-0.0006778420258074791
weighted_net,min_same_authors=3;min_consensus=0.75;min_strength=3,min_same_authors,3,min_consensus,0.75,min_strength,3.0,7,20,2026-03-12,test,97,54,37,4,0.05555555555555555,0.5,0.3711458304022563,0.6288541695977437,0.0671639101950963,-1.000591221200775e-05,2.2517449300507986,2.2517449300507986,0.5,0.052703015324999235,-0.01970567702954428
weighted_net,min_same_authors=3;min_consensus=0.75;min_strength=5,min_same_authors,3,min_consensus,0.75,min_strength,5.0,7,20,2026-03-12,all,128,83,39,10,0.08433734939759036,0.5421686746987951,0.43550043045331094,0.6451062301792936,0.03775791441729833,0.006275177408926247,1.598174440874613,1.892574995772568,0.6,0.043278659127180714,0.015664849446016336
weighted_net,min_same_authors=3;min_consensus=0.75;min_strength=5,min_same_authors,3,min_consensus,0.75,min_strength,5.0,7,20,2026-03-12,train,34,27,16,6,0.14814814814814814,0.5185185185185185,0.3398561575495229,0.6925677302378153,0.009584311402165976,0.006275177408926247,1.138367274603862,1.2259339880349283,0.6666666666666666,0.0354869034139806,0.0007939912957037956
weighted_net,min_same_authors=3;min_consensus=0.75;min_strength=5,min_same_authors,3,min_consensus,0.75,min_strength,5.0,7,20,2026-03-12,test,84,49,35,4,0.061224489795918366,0.5306122448979592,0.39380863983661896,0.6629649630682484,0.05423234406139725,0.003289557456536807,1.8995525342350954,2.147320256091847,0.5,0.05050051136919528,-0.007774471525087409
weighted_net,min_same_authors=3;min_consensus=0.8;min_strength=0,min_same_authors,3,min_consensus,0.8,min_strength,0.0,7,20,2026-03-12,all,167,99,44,11,0.08080808080808081,0.494949494949495,0.39850799791397756,0.5917682971574147,0.04289196911080303,-1.2878687169259884e-05,1.9798831821692207,1.940285518525836,0.5454545454545454,0.025530703255108502,-0.004466618041968993
weighted_net,min_same_authors=3;min_consensus=0.8;min_strength=0,min_same_authors,3,min_consensus,0.8,min_strength,0.0,7,20,2026-03-12,train,58,39,23,7,0.1282051282051282,0.46153846153846156,0.31566885606727846,0.6143055172948425,-0.011635269696585003,-0.0001709842650494675,0.9143528953919612,0.7837310531931095,0.5714285714285714,0.0076428992807183755,-0.027571231381074625
weighted_net,min_same_authors=3;min_consensus=0.8;min_strength=0,min_same_authors,3,min_consensus,0.8,min_strength,0.0,7,20,2026-03-12,test,97,53,37,4,0.05660377358490566,0.5094339622641509,0.3788352911467995,0.6387575015215675,0.08468727683384873,0.000747793262859453,2.853535218626372,2.963286573188925,0.5,0.06737695134246972,0.003716053493674862
weighted_net,min_same_authors=3;min_consensus=0.8;min_strength=1.5,min_same_authors,3,min_consensus,0.8,min_strength,1.5,7,20,2026-03-12,all,165,98,44,11,0.08163265306122448,0.5,0.40289182562513004,0.59710817437487,0.04303194648381135,0.00036745728784509657,1.9169934128989943,1.9169934128989943,0.5454545454545454,0.026438533101098616,-0.004037140327043946
weighted_net,min_same_authors=3;min_consensus=0.8;min_strength=1.5,min_same_authors,3,min_consensus,0.8,min_strength,1.5,7,20,2026-03-12,train,58,39,23,7,0.1282051282051282,0.46153846153846156,0.31566885606727846,0.6143055172948425,-0.011635269696585003,-0.0001709842650494675,0.9143528953919612,0.7837310531931095,0.5714285714285714,0.0076428992807183755,-0.027571231381074625
weighted_net,min_same_authors=3;min_consensus=0.8;min_strength=1.5,min_same_authors,3,min_consensus,0.8,min_strength,1.5,7,20,2026-03-12,test,96,53,37,4,0.05660377358490566,0.5094339622641509,0.3788352911467995,0.6387575015215675,0.08393580648835205,0.000747793262859453,2.7631005602899905,2.8693736587626826,0.5,0.0669347848369648,0.002436825181266991
weighted_net,min_same_authors=3;min_consensus=0.8;min_strength=3,min_same_authors,3,min_consensus,0.8,min_strength,3.0,7,20,2026-03-12,all,162,97,44,11,0.08247422680412371,0.5257731958762887,0.4273277034969924,0.6222550778161032,0.051150674539204966,0.0017182806333868594,2.0332292809046657,2.2542324636116944,0.7272727272727273,0.040581810576137495,0.01474549541660743
weighted_net,min_same_authors=3;min_consensus=0.8;min_strength=3,min_same_authors,3,min_consensus,0.8,min_strength,3.0,7,20,2026-03-12,train,55,38,22,7,0.13157894736842105,0.5263157894736842,0.3725897138449667,0.6752097667747392,0.012095105755814973,0.0016379441040201836,1.194276760873059,1.3269741787478433,0.7142857142857143,0.02998277518193124,0.0019268695750133472
weighted_net,min_same_authors=3;min_consensus=0.8;min_strength=3,min_same_authors,3,min_consensus,0.8,min_strength,3.0,7,20,2026-03-12,test,95,53,37,4,0.05660377358490566,0.5094339622641509,0.3788352911467995,0.6387575015215675,0.08138214319699502,0.000747793262859453,2.696668155564275,2.8003861615475163,0.75,0.06723609111675434,0.005705313547122878
weighted_net,min_same_authors=3;min_consensus=0.8;min_strength=5,min_same_authors,3,min_consensus,0.8,min_strength,5.0,7,20,2026-03-12,all,123,82,39,10,0.08536585365853659,0.5487804878048781,0.44130776131828087,0.651887299785124,0.03974235938664697,0.010143179432748228,1.6004724255492855,1.946520517559942,0.6,0.04079467295864095,0.013039096063503026
weighted_net,min_same_authors=3;min_consensus=0.8;min_strength=5,min_same_authors,3,min_consensus,0.8,min_strength,5.0,7,20,2026-03-12,train,31,26,16,6,0.15384615384615385,0.5,0.3206059352575905,0.6793940647424095,0.01116163004109614,0.00611427446243451,1.2619954883322433,1.2619954883322433,0.6666666666666666,0.03509008475022899,0.0003828236230024734
weighted_net,min_same_authors=3;min_consensus=0.8;min_strength=5,min_same_authors,3,min_consensus,0.8,min_strength,5.0,7,20,2026-03-12,test,82,49,35,4,0.061224489795918366,0.5510204081632653,0.413151082194979,0.6814715893131335,0.05654161806770397,0.007886825675577969,1.802429766682959,2.2120728954745403,0.5,0.04906430782289527,-0.011700690229279123
weighted_net,min_same_authors=4;min_consensus=0.5;min_strength=0,min_same_authors,4,min_consensus,0.5,min_strength,0.0,7,20,2026-03-12,all,78,52,27,9,0.11538461538461539,0.5,0.36885862959780547,0.6311413704021945,0.028940922700813644,-0.002207815865241658,1.7069531822263835,1.7069531822263837,0.7777777777777778,0.037087585650831555,0.014962079400111638
weighted_net,min_same_authors=4;min_consensus=0.5;min_strength=0,min_same_authors,4,min_consensus,0.5,min_strength,0.0,7,20,2026-03-12,train,18,15,10,5,0.2,0.5333333333333333,0.30116980025498397,0.7519046463426261,0.014791630734426813,0.03186664211098589,1.2453335627569533,1.4232383574365182,0.8,0.02811110768707497,0.01324842173503275
weighted_net,min_same_authors=4;min_consensus=0.5;min_strength=0,min_same_authors,4,min_consensus,0.5,min_strength,0.0,7,20,2026-03-12,test,55,33,23,4,0.09090909090909091,0.48484848484848486,0.32504042108133696,0.6478162455108585,0.0388467998660143,-0.005007694483278646,1.9273792742007902,1.8140040227772143,0.75,0.06173645654043075,0.005711182259514794
weighted_net,min_same_authors=4;min_consensus=0.5;min_strength=1.5,min_same_authors,4,min_consensus,0.5,min_strength,1.5,7,20,2026-03-12,all,78,52,27,9,0.11538461538461539,0.5,0.36885862959780547,0.6311413704021945,0.028940922700813644,-0.002207815865241658,1.7069531822263835,1.7069531822263837,0.7777777777777778,0.037087585650831555,0.014962079400111638
weighted_net,min_same_authors=4;min_consensus=0.5;min_strength=1.5,min_same_authors,4,min_consensus,0.5,min_strength,1.5,7,20,2026-03-12,train,18,15,10,5,0.2,0.5333333333333333,0.30116980025498397,0.7519046463426261,0.014791630734426813,0.03186664211098589,1.2453335627569533,1.4232383574365182,0.8,0.02811110768707497,0.01324842173503275
weighted_net,min_same_authors=4;min_consensus=0.5;min_strength=1.5,min_same_authors,4,min_consensus,0.5,min_strength,1.5,7,20,2026-03-12,test,55,33,23,4,0.09090909090909091,0.48484848484848486,0.32504042108133696,0.6478162455108585,0.0388467998660143,-0.005007694483278646,1.9273792742007902,1.8140040227772143,0.75,0.06173645654043075,0.005711182259514794
weighted_net,min_same_authors=4;min_consensus=0.5;min_strength=3,min_same_authors,4,min_consensus,0.5,min_strength,3.0,7,20,2026-03-12,all,77,51,27,9,0.11764705882352941,0.5294117647058824,0.39523304210096466,0.6594700979050041,0.032618889225899145,0.007886825675577969,1.6188949353972155,1.8212568023218676,0.7777777777777778,0.04785758117603734,0.021549048994521074
weighted_net,min_same_authors=4;min_consensus=0.5;min_strength=3,min_same_authors,4,min_consensus,0.5,min_strength,3.0,7,20,2026-03-12,train,17,14,10,5,0.21428571428571427,0.5714285714285714,0.3259064457965074,0.7861920109552588,0.02399994874489208,0.03220426520394004,1.3644744326044032,1.8192992434725375,0.8,0.0466068886591162,0.015654011235249368
weighted_net,min_same_authors=4;min_consensus=0.5;min_strength=3,min_same_authors,4,min_consensus,0.5,min_strength,3.0,7,20,2026-03-12,test,55,33,23,4,0.09090909090909091,0.5151515151515151,0.3521837544891414,0.674959578918663,0.040195604371058534,0.0005920627527953304,1.728397971986724,1.8364228452358942,0.75,0.06284922025709225,0.006369896323482387
weighted_net,min_same_authors=4;min_consensus=0.5;min_strength=5,min_same_authors,4,min_consensus,0.5,min_strength,5.0,7,20,2026-03-12,all,63,45,26,8,0.1111111111111111,0.5555555555555556,0.4117613449352105,0.6906106996500243,0.03220353723435351,0.007886825675577969,1.4366348997602496,1.7957936247003121,0.5,0.03301205787636875,0.0007192983213654552
weighted_net,min_same_authors=4;min_consensus=0.5;min_strength=5,min_same_authors,4,min_consensus,0.5,min_strength,5.0,7,20,2026-03-12,train,14,12,9,4,0.25,0.4166666666666667,0.19326031365875665,0.6804886874504503,0.007158679378461698,-0.014141893231296665,1.68299294865248,1.202137820466057,0.5,0.01975483927424287,-0.03218593060698975
weighted_net,min_same_authors=4;min_consensus=0.5;min_strength=5,min_same_authors,4,min_consensus,0.5,min_strength,5.0,7,20,2026-03-12,test,47,31,22,4,0.0967741935483871,0.5806451612903226,0.4076626249536972,0.7358445693268778,0.0436213291932595,0.01458338517129798,1.421793212240849,1.9686367554104065,0.5,0.06364727714319936,0.008067564998478868
weighted_net,min_same_authors=4;min_consensus=0.67;min_strength=0,min_same_authors,4,min_consensus,0.67,min_strength,0.0,7,20,2026-03-12,all,75,51,27,9,0.11764705882352941,0.5098039215686274,0.37680923894569696,0.6414251410562926,0.030074062852012057,0.0005920627527953304,1.6638499266381805,1.7304039237037079,0.7777777777777778,0.037442393433711946,0.015382300852853418
weighted_net,min_same_authors=4;min_consensus=0.67;min_strength=0,min_same_authors,4,min_consensus,0.67,min_strength,0.0,7,20,2026-03-12,train,18,15,10,5,0.2,0.5333333333333333,0.30116980025498397,0.7519046463426261,0.014791630734426813,0.03186664211098589,1.2453335627569533,1.4232383574365182,0.8,0.02811110768707497,0.01324842173503275
weighted_net,min_same_authors=4;min_consensus=0.67;min_strength=0,min_same_authors,4,min_consensus,0.67,min_strength,0.0,7,20,2026-03-12,test,52,32,23,4,0.09375,0.5,0.33630882869327483,0.6636911713067252,0.04096230064339929,-0.002207815865241658,1.847854062542306,1.847854062542306,0.75,0.06253477405191164,0.006783066743252492
weighted_net,min_same_authors=4;min_consensus=0.67;min_strength=1.5,min_same_authors,4,min_consensus,0.67,min_strength,1.5,7,20,2026-03-12,all,75,51,27,9,0.11764705882352941,0.5098039215686274,0.37680923894569696,0.6414251410562926,0.030074062852012057,0.0005920627527953304,1.6638499266381805,1.7304039237037079,0.7777777777777778,0.037442393433711946,0.015382300852853418
weighted_net,min_same_authors=4;min_consensus=0.67;min_strength=1.5,min_same_authors,4,min_consensus,0.67,min_strength,1.5,7,20,2026-03-12,train,18,15,10,5,0.2,0.5333333333333333,0.30116980025498397,0.7519046463426261,0.014791630734426813,0.03186664211098589,1.2453335627569533,1.4232383574365182,0.8,0.02811110768707497,0.01324842173503275
weighted_net,min_same_authors=4;min_consensus=0.67;min_strength=1.5,min_same_authors,4,min_consensus,0.67,min_strength,1.5,7,20,2026-03-12,test,52,32,23,4,0.09375,0.5,0.33630882869327483,0.6636911713067252,0.04096230064339929,-0.002207815865241658,1.847854062542306,1.847854062542306,0.75,0.06253477405191164,0.006783066743252492
weighted_net,min_same_authors=4;min_consensus=0.67;min_strength=3,min_same_authors,4,min_consensus,0.67,min_strength,3.0,7,20,2026-03-12,all,74,50,27,9,0.12,0.54,0.40398871399157477,0.6703034780777566,0.033848251510623234,0.008660197827932647,1.573855981433719,1.8475700651613225,0.7777777777777778,0.04821238895891774,0.0219770463117786
weighted_net,min_same_authors=4;min_consensus=0.67;min_strength=3,min_same_authors,4,min_consensus,0.67,min_strength,3.0,7,20,2026-03-12,train,17,14,10,5,0.21428571428571427,0.5714285714285714,0.3259064457965074,0.7861920109552588,0.02399994874489208,0.03220426520394004,1.3644744326044032,1.8192992434725375,0.8,0.0466068886591162,0.015654011235249368
weighted_net,min_same_authors=4;min_consensus=0.67;min_strength=3,min_same_authors,4,min_consensus,0.67,min_strength,3.0,7,20,2026-03-12,test,52,32,23,4,0.09375,0.53125,0.3644951711897464,0.6913061289193116,0.04235325528922616,0.0042394442141866495,1.650396213962328,1.8704490424906381,0.75,0.06364753776857314,0.00744483929478628
weighted_net,min_same_authors=4;min_consensus=0.67;min_strength=5,min_same_authors,4,min_consensus,0.67,min_strength,5.0,7,20,2026-03-12,all,61,44,26,8,0.11363636363636363,0.5681818181818182,0.4222414699362943,0.703172765914822,0.03328947215340459,0.008660197827932647,1.3765788343027787,1.8112879398720771,0.5,0.032508491310557795,3.228970543110721e-05
weighted_net,min_same_authors=4;min_consensus=0.67;min_strength=5,min_same_authors,4,min_consensus,0.67,min_strength,5.0,7,20,2026-03-12,train,14,12,9,4,0.25,0.4166666666666667,0.19326031365875665,0.6804886874504503,0.007158679378461698,-0.014141893231296665,1.68299294865248,1.202137820466057,0.5,0.01975483927424287,-0.03218593060698975
weighted_net,min_same_authors=4;min_consensus=0.67;min_strength=5,min_same_authors,4,min_consensus,0.67,min_strength,5.0,7,20,2026-03-12,test,45,30,22,4,0.1,0.6,0.42320360253322475,0.7540937188319815,0.045594626806497944,0.026769243723562597,1.3272342789770943,1.9908514184656416,0.5,0.06264014401157743,0.00638224841576529
weighted_net,min_same_authors=4;min_consensus=0.75;min_strength=0,min_same_authors,4,min_consensus,0.75,min_strength,0.0,7,20,2026-03-12,all,73,51,27,9,0.11764705882352941,0.5098039215686274,0.37680923894569696,0.6414251410562926,0.030074062852012057,0.0005920627527953304,1.6638499266381805,1.7304039237037079,0.7777777777777778,0.037442393433711946,0.015382300852853418
weighted_net,min_same_authors=4;min_consensus=0.75;min_strength=0,min_same_authors,4,min_consensus,0.75,min_strength,0.0,7,20,2026-03-12,train,18,15,10,5,0.2,0.5333333333333333,0.30116980025498397,0.7519046463426261,0.014791630734426813,0.03186664211098589,1.2453335627569533,1.4232383574365182,0.8,0.02811110768707497,0.01324842173503275
weighted_net,min_same_authors=4;min_consensus=0.75;min_strength=0,min_same_authors,4,min_consensus,0.75,min_strength,0.0,7,20,2026-03-12,test,50,32,23,4,0.09375,0.5,0.33630882869327483,0.6636911713067252,0.04096230064339929,-0.002207815865241658,1.847854062542306,1.847854062542306,0.75,0.06253477405191164,0.006783066743252492
weighted_net,min_same_authors=4;min_consensus=0.75;min_strength=1.5,min_same_authors,4,min_consensus,0.75,min_strength,1.5,7,20,2026-03-12,all,73,51,27,9,0.11764705882352941,0.5098039215686274,0.37680923894569696,0.6414251410562926,0.030074062852012057,0.0005920627527953304,1.6638499266381805,1.7304039237037079,0.7777777777777778,0.037442393433711946,0.015382300852853418
weighted_net,min_same_authors=4;min_consensus=0.75;min_strength=1.5,min_same_authors,4,min_consensus,0.75,min_strength,1.5,7,20,2026-03-12,train,18,15,10,5,0.2,0.5333333333333333,0.30116980025498397,0.7519046463426261,0.014791630734426813,0.03186664211098589,1.2453335627569533,1.4232383574365182,0.8,0.02811110768707497,0.01324842173503275
weighted_net,min_same_authors=4;min_consensus=0.75;min_strength=1.5,min_same_authors,4,min_consensus,0.75,min_strength,1.5,7,20,2026-03-12,test,50,32,23,4,0.09375,0.5,0.33630882869327483,0.6636911713067252,0.04096230064339929,-0.002207815865241658,1.847854062542306,1.847854062542306,0.75,0.06253477405191164,0.006783066743252492
weighted_net,min_same_authors=4;min_consensus=0.75;min_strength=3,min_same_authors,4,min_consensus,0.75,min_strength,3.0,7,20,2026-03-12,all,72,50,27,9,0.12,0.54,0.40398871399157477,0.6703034780777566,0.033848251510623234,0.008660197827932647,1.573855981433719,1.8475700651613225,0.7777777777777778,0.04821238895891774,0.0219770463117786
weighted_net,min_same_authors=4;min_consensus=0.75;min_strength=3,min_same_authors,4,min_consensus,0.75,min_strength,3.0,7,20,2026-03-12,train,17,14,10,5,0.21428571428571427,0.5714285714285714,0.3259064457965074,0.7861920109552588,0.02399994874489208,0.03220426520394004,1.3644744326044032,1.8192992434725375,0.8,0.0466068886591162,0.015654011235249368
weighted_net,min_same_authors=4;min_consensus=0.75;min_strength=3,min_same_authors,4,min_consensus,0.75,min_strength,3.0,7,20,2026-03-12,test,50,32,23,4,0.09375,0.53125,0.3644951711897464,0.6913061289193116,0.04235325528922616,0.0042394442141866495,1.650396213962328,1.8704490424906381,0.75,0.06364753776857314,0.00744483929478628
weighted_net,min_same_authors=4;min_consensus=0.75;min_strength=5,min_same_authors,4,min_consensus,0.75,min_strength,5.0,7,20,2026-03-12,all,59,44,26,8,0.11363636363636363,0.5454545454545454,0.40066183198961974,0.6829476585777909,0.03151337951831741,0.004723536854306931,1.4657083351075266,1.7588500021290319,0.5,0.03351964118910951,0.0004968584432839679
weighted_net,min_same_authors=4;min_consensus=0.75;min_strength=5,min_same_authors,4,min_consensus,0.75,min_strength,5.0,7,20,2026-03-12,train,14,12,9,4,0.25,0.4166666666666667,0.19326031365875665,0.6804886874504503,0.007158679378461698,-0.014141893231296665,1.68299294865248,1.202137820466057,0.5,0.01975483927424287,-0.03218593060698975
weighted_net,min_same_authors=4;min_consensus=0.75;min_strength=5,min_same_authors,4,min_consensus,0.75,min_strength,5.0,7,20,2026-03-12,test,43,30,22,4,0.1,0.5666666666666667,0.3919730700081361,0.7262251442353347,0.04298969094170342,0.011235105423437974,1.4680306887344552,1.9197324391142876,0.5,0.06466244376868086,0.00729769190625363
weighted_net,min_same_authors=4;min_consensus=0.8;min_strength=0,min_same_authors,4,min_consensus,0.8,min_strength,0.0,7,20,2026-03-12,all,72,51,27,9,0.11764705882352941,0.5098039215686274,0.37680923894569696,0.6414251410562926,0.030074062852012057,0.0005920627527953304,1.6638499266381805,1.7304039237037079,0.7777777777777778,0.037442393433711946,0.015382300852853418
weighted_net,min_same_authors=4;min_consensus=0.8;min_strength=0,min_same_authors,4,min_consensus,0.8,min_strength,0.0,7,20,2026-03-12,train,18,15,10,5,0.2,0.5333333333333333,0.30116980025498397,0.7519046463426261,0.014791630734426813,0.03186664211098589,1.2453335627569533,1.4232383574365182,0.8,0.02811110768707497,0.01324842173503275
weighted_net,min_same_authors=4;min_consensus=0.8;min_strength=0,min_same_authors,4,min_consensus,0.8,min_strength,0.0,7,20,2026-03-12,test,49,32,23,4,0.09375,0.5,0.33630882869327483,0.6636911713067252,0.04096230064339929,-0.002207815865241658,1.847854062542306,1.847854062542306,0.75,0.06253477405191164,0.006783066743252492
weighted_net,min_same_authors=4;min_consensus=0.8;min_strength=1.5,min_same_authors,4,min_consensus,0.8,min_strength,1.5,7,20,2026-03-12,all,72,51,27,9,0.11764705882352941,0.5098039215686274,0.37680923894569696,0.6414251410562926,0.030074062852012057,0.0005920627527953304,1.6638499266381805,1.7304039237037079,0.7777777777777778,0.037442393433711946,0.015382300852853418
weighted_net,min_same_authors=4;min_consensus=0.8;min_strength=1.5,min_same_authors,4,min_consensus,0.8,min_strength,1.5,7,20,2026-03-12,train,18,15,10,5,0.2,0.5333333333333333,0.30116980025498397,0.7519046463426261,0.014791630734426813,0.03186664211098589,1.2453335627569533,1.4232383574365182,0.8,0.02811110768707497,0.01324842173503275
weighted_net,min_same_authors=4;min_consensus=0.8;min_strength=1.5,min_same_authors,4,min_consensus,0.8,min_strength,1.5,7,20,2026-03-12,test,49,32,23,4,0.09375,0.5,0.33630882869327483,0.6636911713067252,0.04096230064339929,-0.002207815865241658,1.847854062542306,1.847854062542306,0.75,0.06253477405191164,0.006783066743252492
weighted_net,min_same_authors=4;min_consensus=0.8;min_strength=3,min_same_authors,4,min_consensus,0.8,min_strength,3.0,7,20,2026-03-12,all,71,50,27,9,0.12,0.54,0.40398871399157477,0.6703034780777566,0.033848251510623234,0.008660197827932647,1.573855981433719,1.8475700651613225,0.7777777777777778,0.04821238895891774,0.0219770463117786
weighted_net,min_same_authors=4;min_consensus=0.8;min_strength=3,min_same_authors,4,min_consensus,0.8,min_strength,3.0,7,20,2026-03-12,train,17,14,10,5,0.21428571428571427,0.5714285714285714,0.3259064457965074,0.7861920109552588,0.02399994874489208,0.03220426520394004,1.3644744326044032,1.8192992434725375,0.8,0.0466068886591162,0.015654011235249368
weighted_net,min_same_authors=4;min_consensus=0.8;min_strength=3,min_same_authors,4,min_consensus,0.8,min_strength,3.0,7,20,2026-03-12,test,49,32,23,4,0.09375,0.53125,0.3644951711897464,0.6913061289193116,0.04235325528922616,0.0042394442141866495,1.650396213962328,1.8704490424906381,0.75,0.06364753776857314,0.00744483929478628
weighted_net,min_same_authors=4;min_consensus=0.8;min_strength=5,min_same_authors,4,min_consensus,0.8,min_strength,5.0,7,20,2026-03-12,all,58,44,26,8,0.11363636363636363,0.5454545454545454,0.40066183198961974,0.6829476585777909,0.03151337951831741,0.004723536854306931,1.4657083351075266,1.7588500021290319,0.5,0.03351964118910951,0.0004968584432839679
weighted_net,min_same_authors=4;min_consensus=0.8;min_strength=5,min_same_authors,4,min_consensus,0.8,min_strength,5.0,7,20,2026-03-12,train,14,12,9,4,0.25,0.4166666666666667,0.19326031365875665,0.6804886874504503,0.007158679378461698,-0.014141893231296665,1.68299294865248,1.202137820466057,0.5,0.01975483927424287,-0.03218593060698975
weighted_net,min_same_authors=4;min_consensus=0.8;min_strength=5,min_same_authors,4,min_consensus,0.8,min_strength,5.0,7,20,2026-03-12,test,42,30,22,4,0.1,0.5666666666666667,0.3919730700081361,0.7262251442353347,0.04298969094170342,0.011235105423437974,1.4680306887344552,1.9197324391142876,0.5,0.06466244376868086,0.00729769190625363
weighted_net,min_same_authors=5;min_consensus=0.5;min_strength=0,min_same_authors,5,min_consensus,0.5,min_strength,0.0,7,20,2026-03-12,all,33,23,13,8,0.17391304347826086,0.43478260869565216,0.25634635325674215,0.6318862491498354,0.009764477039771284,-0.014872436950194468,1.4589406003488177,1.1222620002683212,0.375,0.0005864556751099103,-0.043038524675863825
weighted_net,min_same_authors=5;min_consensus=0.5;min_strength=0,min_same_authors,5,min_consensus,0.5,min_strength,0.0,7,20,2026-03-12,train,5,5,4,4,0.4,0.2,0.03622410863243014,0.6244653702374747,-0.029109002005973793,-0.014872436950194468,0.5385996242354418,0.13464990605886046,0.25,-0.028194303112659913,-0.05345180343292359
weighted_net,min_same_authors=5;min_consensus=0.5;min_strength=0,min_same_authors,5,min_consensus,0.5,min_strength,0.0,7,20,2026-03-12,test,25,16,11,3,0.125,0.4375,0.23098652405492354,0.6682144360118811,0.02244588524570533,-0.07205093750753466,1.5624218691975822,1.2152170093758974,0.3333333333333333,0.037323982948285775,-0.0861899194660979
weighted_net,min_same_authors=5;min_consensus=0.5;min_strength=1.5,min_same_authors,5,min_consensus,0.5,min_strength,1.5,7,20,2026-03-12,all,33,23,13,8,0.17391304347826086,0.43478260869565216,0.25634635325674215,0.6318862491498354,0.009764477039771284,-0.014872436950194468,1.4589406003488177,1.1222620002683212,0.375,0.0005864556751099103,-0.043038524675863825
weighted_net,min_same_authors=5;min_consensus=0.5;min_strength=1.5,min_same_authors,5,min_consensus,0.5,min_strength,1.5,7,20,2026-03-12,train,5,5,4,4,0.4,0.2,0.03622410863243014,0.6244653702374747,-0.029109002005973793,-0.014872436950194468,0.5385996242354418,0.13464990605886046,0.25,-0.028194303112659913,-0.05345180343292359
weighted_net,min_same_authors=5;min_consensus=0.5;min_strength=1.5,min_same_authors,5,min_consensus,0.5,min_strength,1.5,7,20,2026-03-12,test,25,16,11,3,0.125,0.4375,0.23098652405492354,0.6682144360118811,0.02244588524570533,-0.07205093750753466,1.5624218691975822,1.2152170093758974,0.3333333333333333,0.037323982948285775,-0.0861899194660979
weighted_net,min_same_authors=5;min_consensus=0.5;min_strength=3,min_same_authors,5,min_consensus,0.5,min_strength,3.0,7,20,2026-03-12,all,33,23,13,8,0.17391304347826086,0.43478260869565216,0.25634635325674215,0.6318862491498354,0.009764477039771284,-0.014872436950194468,1.4589406003488177,1.1222620002683212,0.375,0.0005864556751099103,-0.043038524675863825
weighted_net,min_same_authors=5;min_consensus=0.5;min_strength=3,min_same_authors,5,min_consensus,0.5,min_strength,3.0,7,20,2026-03-12,train,5,5,4,4,0.4,0.2,0.03622410863243014,0.6244653702374747,-0.029109002005973793,-0.014872436950194468,0.5385996242354418,0.13464990605886046,0.25,-0.028194303112659913,-0.05345180343292359
weighted_net,min_same_authors=5;min_consensus=0.5;min_strength=3,min_same_authors,5,min_consensus,0.5,min_strength,3.0,7,20,2026-03-12,test,25,16,11,3,0.125,0.4375,0.23098652405492354,0.6682144360118811,0.02244588524570533,-0.07205093750753466,1.5624218691975822,1.2152170093758974,0.3333333333333333,0.037323982948285775,-0.0861899194660979
weighted_net,min_same_authors=5;min_consensus=0.5;min_strength=5,min_same_authors,5,min_consensus,0.5,min_strength,5.0,7,20,2026-03-12,all,32,22,13,7,0.18181818181818182,0.4090909090909091,0.2325581619647187,0.6126518152368488,0.008393724085798344,-0.03276779757922932,1.5883004215299228,1.0995925995207159,0.2857142857142857,-0.0029175875536233925,-0.053301635188735624
weighted_net,min_same_authors=5;min_consensus=0.5;min_strength=5,min_same_authors,5,min_consensus,0.5,min_strength,5.0,7,20,2026-03-12,train,4,4,3,3,0.5,0.0,0.0,0.4898908364545973,-0.0420480135869058,-0.03276779757922932,,,0.0,-0.04514141892279796,-0.07162675781607583
weighted_net,min_same_authors=5;min_consensus=0.5;min_strength=5,min_same_authors,5,min_consensus,0.5,min_strength,5.0,7,20,2026-03-12,test,25,16,11,3,0.125,0.4375,0.23098652405492354,0.6682144360118811,0.021366260388866472,-0.07205093750753466,1.546413818509406,1.2027663032850937,0.3333333333333333,0.036501411628789504,-0.08754792240802592
weighted_net,min_same_authors=5;min_consensus=0.67;min_strength=0,min_same_authors,5,min_consensus,0.67,min_strength,0.0,7,20,2026-03-12,all,33,23,13,8,0.17391304347826086,0.43478260869565216,0.25634635325674215,0.6318862491498354,0.009764477039771284,-0.014872436950194468,1.4589406003488177,1.1222620002683212,0.375,0.0005864556751099103,-0.043038524675863825
weighted_net,min_same_authors=5;min_consensus=0.67;min_strength=0,min_same_authors,5,min_consensus,0.67,min_strength,0.0,7,20,2026-03-12,train,5,5,4,4,0.4,0.2,0.03622410863243014,0.6244653702374747,-0.029109002005973793,-0.014872436950194468,0.5385996242354418,0.13464990605886046,0.25,-0.028194303112659913,-0.05345180343292359
weighted_net,min_same_authors=5;min_consensus=0.67;min_strength=0,min_same_authors,5,min_consensus,0.67,min_strength,0.0,7,20,2026-03-12,test,25,16,11,3,0.125,0.4375,0.23098652405492354,0.6682144360118811,0.02244588524570533,-0.07205093750753466,1.5624218691975822,1.2152170093758974,0.3333333333333333,0.037323982948285775,-0.0861899194660979
weighted_net,min_same_authors=5;min_consensus=0.67;min_strength=1.5,min_same_authors,5,min_consensus,0.67,min_strength,1.5,7,20,2026-03-12,all,33,23,13,8,0.17391304347826086,0.43478260869565216,0.25634635325674215,0.6318862491498354,0.009764477039771284,-0.014872436950194468,1.4589406003488177,1.1222620002683212,0.375,0.0005864556751099103,-0.043038524675863825
weighted_net,min_same_authors=5;min_consensus=0.67;min_strength=1.5,min_same_authors,5,min_consensus,0.67,min_strength,1.5,7,20,2026-03-12,train,5,5,4,4,0.4,0.2,0.03622410863243014,0.6244653702374747,-0.029109002005973793,-0.014872436950194468,0.5385996242354418,0.13464990605886046,0.25,-0.028194303112659913,-0.05345180343292359
weighted_net,min_same_authors=5;min_consensus=0.67;min_strength=1.5,min_same_authors,5,min_consensus,0.67,min_strength,1.5,7,20,2026-03-12,test,25,16,11,3,0.125,0.4375,0.23098652405492354,0.6682144360118811,0.02244588524570533,-0.07205093750753466,1.5624218691975822,1.2152170093758974,0.3333333333333333,0.037323982948285775,-0.0861899194660979
weighted_net,min_same_authors=5;min_consensus=0.67;min_strength=3,min_same_authors,5,min_consensus,0.67,min_strength,3.0,7,20,2026-03-12,all,33,23,13,8,0.17391304347826086,0.43478260869565216,0.25634635325674215,0.6318862491498354,0.009764477039771284,-0.014872436950194468,1.4589406003488177,1.1222620002683212,0.375,0.0005864556751099103,-0.043038524675863825
weighted_net,min_same_authors=5;min_consensus=0.67;min_strength=3,min_same_authors,5,min_consensus,0.67,min_strength,3.0,7,20,2026-03-12,train,5,5,4,4,0.4,0.2,0.03622410863243014,0.6244653702374747,-0.029109002005973793,-0.014872436950194468,0.5385996242354418,0.13464990605886046,0.25,-0.028194303112659913,-0.05345180343292359
weighted_net,min_same_authors=5;min_consensus=0.67;min_strength=3,min_same_authors,5,min_consensus,0.67,min_strength,3.0,7,20,2026-03-12,test,25,16,11,3,0.125,0.4375,0.23098652405492354,0.6682144360118811,0.02244588524570533,-0.07205093750753466,1.5624218691975822,1.2152170093758974,0.3333333333333333,0.037323982948285775,-0.0861899194660979
weighted_net,min_same_authors=5;min_consensus=0.67;min_strength=5,min_same_authors,5,min_consensus,0.67,min_strength,5.0,7,20,2026-03-12,all,32,22,13,7,0.18181818181818182,0.4090909090909091,0.2325581619647187,0.6126518152368488,0.008393724085798344,-0.03276779757922932,1.5883004215299228,1.0995925995207159,0.2857142857142857,-0.0029175875536233925,-0.053301635188735624
weighted_net,min_same_authors=5;min_consensus=0.67;min_strength=5,min_same_authors,5,min_consensus,0.67,min_strength,5.0,7,20,2026-03-12,train,4,4,3,3,0.5,0.0,0.0,0.4898908364545973,-0.0420480135869058,-0.03276779757922932,,,0.0,-0.04514141892279796,-0.07162675781607583
weighted_net,min_same_authors=5;min_consensus=0.67;min_strength=5,min_same_authors,5,min_consensus,0.67,min_strength,5.0,7,20,2026-03-12,test,25,16,11,3,0.125,0.4375,0.23098652405492354,0.6682144360118811,0.021366260388866472,-0.07205093750753466,1.546413818509406,1.2027663032850937,0.3333333333333333,0.036501411628789504,-0.08754792240802592
weighted_net,min_same_authors=5;min_consensus=0.75;min_strength=0,min_same_authors,5,min_consensus,0.75,min_strength,0.0,7,20,2026-03-12,all,31,22,13,8,0.18181818181818182,0.4090909090909091,0.2325581619647187,0.6126518152368488,0.0076460147989166035,-0.03276779757922932,1.5767180921312056,1.0915740637831424,0.375,0.007582418311308415,-0.042528157446149246
weighted_net,min_same_authors=5;min_consensus=0.75;min_strength=0,min_same_authors,5,min_consensus,0.75,min_strength,0.0,7,20,2026-03-12,train,5,5,4,4,0.4,0.2,0.03622410863243014,0.6244653702374747,-0.029109002005973793,-0.014872436950194468,0.5385996242354418,0.13464990605886046,0.25,-0.028194303112659913,-0.05345180343292359
weighted_net,min_same_authors=5;min_consensus=0.75;min_strength=0,min_same_authors,5,min_consensus,0.75,min_strength,0.0,7,20,2026-03-12,test,23,15,10,3,0.13333333333333333,0.4,0.1982449614134158,0.6425316987937539,0.020184234506180735,-0.09016311686951517,1.7721539692485124,1.1814359794990081,0.3333333333333333,0.05597988331148179,-0.08591997850236885
weighted_net,min_same_authors=5;min_consensus=0.75;min_strength=1.5,min_same_authors,5,min_consensus,0.75,min_strength,1.5,7,20,2026-03-12,all,31,22,13,8,0.18181818181818182,0.4090909090909091,0.2325581619647187,0.6126518152368488,0.0076460147989166035,-0.03276779757922932,1.5767180921312056,1.0915740637831424,0.375,0.007582418311308415,-0.042528157446149246
weighted_net,min_same_authors=5;min_consensus=0.75;min_strength=1.5,min_same_authors,5,min_consensus,0.75,min_strength,1.5,7,20,2026-03-12,train,5,5,4,4,0.4,0.2,0.03622410863243014,0.6244653702374747,-0.029109002005973793,-0.014872436950194468,0.5385996242354418,0.13464990605886046,0.25,-0.028194303112659913,-0.05345180343292359
weighted_net,min_same_authors=5;min_consensus=0.75;min_strength=1.5,min_same_authors,5,min_consensus,0.75,min_strength,1.5,7,20,2026-03-12,test,23,15,10,3,0.13333333333333333,0.4,0.1982449614134158,0.6425316987937539,0.020184234506180735,-0.09016311686951517,1.7721539692485124,1.1814359794990081,0.3333333333333333,0.05597988331148179,-0.08591997850236885
weighted_net,min_same_authors=5;min_consensus=0.75;min_strength=3,min_same_authors,5,min_consensus,0.75,min_strength,3.0,7,20,2026-03-12,all,31,22,13,8,0.18181818181818182,0.4090909090909091,0.2325581619647187,0.6126518152368488,0.0076460147989166035,-0.03276779757922932,1.5767180921312056,1.0915740637831424,0.375,0.007582418311308415,-0.042528157446149246
weighted_net,min_same_authors=5;min_consensus=0.75;min_strength=3,min_same_authors,5,min_consensus,0.75,min_strength,3.0,7,20,2026-03-12,train,5,5,4,4,0.4,0.2,0.03622410863243014,0.6244653702374747,-0.029109002005973793,-0.014872436950194468,0.5385996242354418,0.13464990605886046,0.25,-0.028194303112659913,-0.05345180343292359
weighted_net,min_same_authors=5;min_consensus=0.75;min_strength=3,min_same_authors,5,min_consensus,0.75,min_strength,3.0,7,20,2026-03-12,test,23,15,10,3,0.13333333333333333,0.4,0.1982449614134158,0.6425316987937539,0.020184234506180735,-0.09016311686951517,1.7721539692485124,1.1814359794990081,0.3333333333333333,0.05597988331148179,-0.08591997850236885
weighted_net,min_same_authors=5;min_consensus=0.75;min_strength=5,min_same_authors,5,min_consensus,0.75,min_strength,5.0,7,20,2026-03-12,all,30,21,13,7,0.19047619047619047,0.38095238095238093,0.20751011368564493,0.5912134622488425,0.006109108740428064,-0.05066315820826417,1.7374346607470368,1.069190560459715,0.2857142857142857,0.005077798316317756,-0.05286297928545452
weighted_net,min_same_authors=5;min_consensus=0.75;min_strength=5,min_same_authors,5,min_consensus,0.75,min_strength,5.0,7,20,2026-03-12,train,4,4,3,3,0.5,0.0,0.0,0.4898908364545973,-0.0420480135869058,-0.03276779757922932,,,0.0,-0.04514141892279796,-0.07162675781607583
weighted_net,min_same_authors=5;min_consensus=0.75;min_strength=5,min_same_authors,5,min_consensus,0.75,min_strength,5.0,7,20,2026-03-12,test,23,15,10,3,0.13333333333333333,0.4,0.1982449614134158,0.6425316987937539,0.019032634658885952,-0.09016311686951517,1.7539970737734432,1.1693313825156288,0.3333333333333333,0.055157311991985515,-0.08726273497021564
weighted_net,min_same_authors=5;min_consensus=0.8;min_strength=0,min_same_authors,5,min_consensus,0.8,min_strength,0.0,7,20,2026-03-12,all,30,22,13,8,0.18181818181818182,0.4090909090909091,0.2325581619647187,0.6126518152368488,0.0076460147989166035,-0.03276779757922932,1.5767180921312056,1.0915740637831424,0.375,0.007582418311308415,-0.042528157446149246
weighted_net,min_same_authors=5;min_consensus=0.8;min_strength=0,min_same_authors,5,min_consensus,0.8,min_strength,0.0,7,20,2026-03-12,train,5,5,4,4,0.4,0.2,0.03622410863243014,0.6244653702374747,-0.029109002005973793,-0.014872436950194468,0.5385996242354418,0.13464990605886046,0.25,-0.028194303112659913,-0.05345180343292359
weighted_net,min_same_authors=5;min_consensus=0.8;min_strength=0,min_same_authors,5,min_consensus,0.8,min_strength,0.0,7,20,2026-03-12,test,22,15,10,3,0.13333333333333333,0.4,0.1982449614134158,0.6425316987937539,0.020184234506180735,-0.09016311686951517,1.7721539692485124,1.1814359794990081,0.3333333333333333,0.05597988331148179,-0.08591997850236885
weighted_net,min_same_authors=5;min_consensus=0.8;min_strength=1.5,min_same_authors,5,min_consensus,0.8,min_strength,1.5,7,20,2026-03-12,all,30,22,13,8,0.18181818181818182,0.4090909090909091,0.2325581619647187,0.6126518152368488,0.0076460147989166035,-0.03276779757922932,1.5767180921312056,1.0915740637831424,0.375,0.007582418311308415,-0.042528157446149246
weighted_net,min_same_authors=5;min_consensus=0.8;min_strength=1.5,min_same_authors,5,min_consensus,0.8,min_strength,1.5,7,20,2026-03-12,train,5,5,4,4,0.4,0.2,0.03622410863243014,0.6244653702374747,-0.029109002005973793,-0.014872436950194468,0.5385996242354418,0.13464990605886046,0.25,-0.028194303112659913,-0.05345180343292359
weighted_net,min_same_authors=5;min_consensus=0.8;min_strength=1.5,min_same_authors,5,min_consensus,0.8,min_strength,1.5,7,20,2026-03-12,test,22,15,10,3,0.13333333333333333,0.4,0.1982449614134158,0.6425316987937539,0.020184234506180735,-0.09016311686951517,1.7721539692485124,1.1814359794990081,0.3333333333333333,0.05597988331148179,-0.08591997850236885
weighted_net,min_same_authors=5;min_consensus=0.8;min_strength=3,min_same_authors,5,min_consensus,0.8,min_strength,3.0,7,20,2026-03-12,all,30,22,13,8,0.18181818181818182,0.4090909090909091,0.2325581619647187,0.6126518152368488,0.0076460147989166035,-0.03276779757922932,1.5767180921312056,1.0915740637831424,0.375,0.007582418311308415,-0.042528157446149246
weighted_net,min_same_authors=5;min_consensus=0.8;min_strength=3,min_same_authors,5,min_consensus,0.8,min_strength,3.0,7,20,2026-03-12,train,5,5,4,4,0.4,0.2,0.03622410863243014,0.6244653702374747,-0.029109002005973793,-0.014872436950194468,0.5385996242354418,0.13464990605886046,0.25,-0.028194303112659913,-0.05345180343292359
weighted_net,min_same_authors=5;min_consensus=0.8;min_strength=3,min_same_authors,5,min_consensus,0.8,min_strength,3.0,7,20,2026-03-12,test,22,15,10,3,0.13333333333333333,0.4,0.1982449614134158,0.6425316987937539,0.020184234506180735,-0.09016311686951517,1.7721539692485124,1.1814359794990081,0.3333333333333333,0.05597988331148179,-0.08591997850236885
weighted_net,min_same_authors=5;min_consensus=0.8;min_strength=5,min_same_authors,5,min_consensus,0.8,min_strength,5.0,7,20,2026-03-12,all,29,21,13,7,0.19047619047619047,0.38095238095238093,0.20751011368564493,0.5912134622488425,0.006109108740428064,-0.05066315820826417,1.7374346607470368,1.069190560459715,0.2857142857142857,0.005077798316317756,-0.05286297928545452
weighted_net,min_same_authors=5;min_consensus=0.8;min_strength=5,min_same_authors,5,min_consensus,0.8,min_strength,5.0,7,20,2026-03-12,train,4,4,3,3,0.5,0.0,0.0,0.4898908364545973,-0.0420480135869058,-0.03276779757922932,,,0.0,-0.04514141892279796,-0.07162675781607583
weighted_net,min_same_authors=5;min_consensus=0.8;min_strength=5,min_same_authors,5,min_consensus,0.8,min_strength,5.0,7,20,2026-03-12,test,22,15,10,3,0.13333333333333333,0.4,0.1982449614134158,0.6425316987937539,0.019032634658885952,-0.09016311686951517,1.7539970737734432,1.1693313825156288,0.3333333333333333,0.055157311991985515,-0.08726273497021564
weighted_net,min_same_authors=6;min_consensus=0.5;min_strength=0,min_same_authors,6,min_consensus,0.5,min_strength,0.0,7,20,2026-03-12,all,10,6,6,3,0.16666666666666666,0.3333333333333333,0.09677141110578041,0.700006684861608,0.05130921441581856,-0.0770132142423553,3.3387685385291617,1.6693842692645808,0.3333333333333333,0.17997912557069165,-0.08511407017248987
weighted_net,min_same_authors=6;min_consensus=0.5;min_strength=0,min_same_authors,6,min_consensus,0.5,min_strength,0.0,7,20,2026-03-12,train,0,0,0,0,,,,,,,,,,,
weighted_net,min_same_authors=6;min_consensus=0.5;min_strength=0,min_same_authors,6,min_consensus,0.5,min_strength,0.0,7,20,2026-03-12,test,10,6,6,3,0.16666666666666666,0.3333333333333333,0.09677141110578041,0.700006684861608,0.05130921441581856,-0.0770132142423553,3.3387685385291617,1.6693842692645808,0.3333333333333333,0.17997912557069165,-0.08511407017248987
weighted_net,min_same_authors=6;min_consensus=0.5;min_strength=1.5,min_same_authors,6,min_consensus,0.5,min_strength,1.5,7,20,2026-03-12,all,10,6,6,3,0.16666666666666666,0.3333333333333333,0.09677141110578041,0.700006684861608,0.05130921441581856,-0.0770132142423553,3.3387685385291617,1.6693842692645808,0.3333333333333333,0.17997912557069165,-0.08511407017248987
weighted_net,min_same_authors=6;min_consensus=0.5;min_strength=1.5,min_same_authors,6,min_consensus,0.5,min_strength,1.5,7,20,2026-03-12,train,0,0,0,0,,,,,,,,,,,
weighted_net,min_same_authors=6;min_consensus=0.5;min_strength=1.5,min_same_authors,6,min_consensus,0.5,min_strength,1.5,7,20,2026-03-12,test,10,6,6,3,0.16666666666666666,0.3333333333333333,0.09677141110578041,0.700006684861608,0.05130921441581856,-0.0770132142423553,3.3387685385291617,1.6693842692645808,0.3333333333333333,0.17997912557069165,-0.08511407017248987
weighted_net,min_same_authors=6;min_consensus=0.5;min_strength=3,min_same_authors,6,min_consensus,0.5,min_strength,3.0,7,20,2026-03-12,all,10,6,6,3,0.16666666666666666,0.3333333333333333,0.09677141110578041,0.700006684861608,0.05130921441581856,-0.0770132142423553,3.3387685385291617,1.6693842692645808,0.3333333333333333,0.17997912557069165,-0.08511407017248987
weighted_net,min_same_authors=6;min_consensus=0.5;min_strength=3,min_same_authors,6,min_consensus,0.5,min_strength,3.0,7,20,2026-03-12,train,0,0,0,0,,,,,,,,,,,
weighted_net,min_same_authors=6;min_consensus=0.5;min_strength=3,min_same_authors,6,min_consensus,0.5,min_strength,3.0,7,20,2026-03-12,test,10,6,6,3,0.16666666666666666,0.3333333333333333,0.09677141110578041,0.700006684861608,0.05130921441581856,-0.0770132142423553,3.3387685385291617,1.6693842692645808,0.3333333333333333,0.17997912557069165,-0.08511407017248987
weighted_net,min_same_authors=6;min_consensus=0.5;min_strength=5,min_same_authors,6,min_consensus,0.5,min_strength,5.0,7,20,2026-03-12,all,10,6,6,3,0.16666666666666666,0.3333333333333333,0.09677141110578041,0.700006684861608,0.05130921441581856,-0.0770132142423553,3.3387685385291617,1.6693842692645808,0.3333333333333333,0.17997912557069165,-0.08511407017248987
weighted_net,min_same_authors=6;min_consensus=0.5;min_strength=5,min_same_authors,6,min_consensus,0.5,min_strength,5.0,7,20,2026-03-12,train,0,0,0,0,,,,,,,,,,,
weighted_net,min_same_authors=6;min_consensus=0.5;min_strength=5,min_same_authors,6,min_consensus,0.5,min_strength,5.0,7,20,2026-03-12,test,10,6,6,3,0.16666666666666666,0.3333333333333333,0.09677141110578041,0.700006684861608,0.05130921441581856,-0.0770132142423553,3.3387685385291617,1.6693842692645808,0.3333333333333333,0.17997912557069165,-0.08511407017248987
weighted_net,min_same_authors=6;min_consensus=0.67;min_strength=0,min_same_authors,6,min_consensus,0.67,min_strength,0.0,7,20,2026-03-12,all,10,6,6,3,0.16666666666666666,0.3333333333333333,0.09677141110578041,0.700006684861608,0.05130921441581856,-0.0770132142423553,3.3387685385291617,1.6693842692645808,0.3333333333333333,0.17997912557069165,-0.08511407017248987
weighted_net,min_same_authors=6;min_consensus=0.67;min_strength=0,min_same_authors,6,min_consensus,0.67,min_strength,0.0,7,20,2026-03-12,train,0,0,0,0,,,,,,,,,,,
weighted_net,min_same_authors=6;min_consensus=0.67;min_strength=0,min_same_authors,6,min_consensus,0.67,min_strength,0.0,7,20,2026-03-12,test,10,6,6,3,0.16666666666666666,0.3333333333333333,0.09677141110578041,0.700006684861608,0.05130921441581856,-0.0770132142423553,3.3387685385291617,1.6693842692645808,0.3333333333333333,0.17997912557069165,-0.08511407017248987
weighted_net,min_same_authors=6;min_consensus=0.67;min_strength=1.5,min_same_authors,6,min_consensus,0.67,min_strength,1.5,7,20,2026-03-12,all,10,6,6,3,0.16666666666666666,0.3333333333333333,0.09677141110578041,0.700006684861608,0.05130921441581856,-0.0770132142423553,3.3387685385291617,1.6693842692645808,0.3333333333333333,0.17997912557069165,-0.08511407017248987
weighted_net,min_same_authors=6;min_consensus=0.67;min_strength=1.5,min_same_authors,6,min_consensus,0.67,min_strength,1.5,7,20,2026-03-12,train,0,0,0,0,,,,,,,,,,,
weighted_net,min_same_authors=6;min_consensus=0.67;min_strength=1.5,min_same_authors,6,min_consensus,0.67,min_strength,1.5,7,20,2026-03-12,test,10,6,6,3,0.16666666666666666,0.3333333333333333,0.09677141110578041,0.700006684861608,0.05130921441581856,-0.0770132142423553,3.3387685385291617,1.6693842692645808,0.3333333333333333,0.17997912557069165,-0.08511407017248987
weighted_net,min_same_authors=6;min_consensus=0.67;min_strength=3,min_same_authors,6,min_consensus,0.67,min_strength,3.0,7,20,2026-03-12,all,10,6,6,3,0.16666666666666666,0.3333333333333333,0.09677141110578041,0.700006684861608,0.05130921441581856,-0.0770132142423553,3.3387685385291617,1.6693842692645808,0.3333333333333333,0.17997912557069165,-0.08511407017248987
weighted_net,min_same_authors=6;min_consensus=0.67;min_strength=3,min_same_authors,6,min_consensus,0.67,min_strength,3.0,7,20,2026-03-12,train,0,0,0,0,,,,,,,,,,,
weighted_net,min_same_authors=6;min_consensus=0.67;min_strength=3,min_same_authors,6,min_consensus,0.67,min_strength,3.0,7,20,2026-03-12,test,10,6,6,3,0.16666666666666666,0.3333333333333333,0.09677141110578041,0.700006684861608,0.05130921441581856,-0.0770132142423553,3.3387685385291617,1.6693842692645808,0.3333333333333333,0.17997912557069165,-0.08511407017248987
weighted_net,min_same_authors=6;min_consensus=0.67;min_strength=5,min_same_authors,6,min_consensus,0.67,min_strength,5.0,7,20,2026-03-12,all,10,6,6,3,0.16666666666666666,0.3333333333333333,0.09677141110578041,0.700006684861608,0.05130921441581856,-0.0770132142423553,3.3387685385291617,1.6693842692645808,0.3333333333333333,0.17997912557069165,-0.08511407017248987
weighted_net,min_same_authors=6;min_consensus=0.67;min_strength=5,min_same_authors,6,min_consensus,0.67,min_strength,5.0,7,20,2026-03-12,train,0,0,0,0,,,,,,,,,,,
weighted_net,min_same_authors=6;min_consensus=0.67;min_strength=5,min_same_authors,6,min_consensus,0.67,min_strength,5.0,7,20,2026-03-12,test,10,6,6,3,0.16666666666666666,0.3333333333333333,0.09677141110578041,0.700006684861608,0.05130921441581856,-0.0770132142423553,3.3387685385291617,1.6693842692645808,0.3333333333333333,0.17997912557069165,-0.08511407017248987
weighted_net,min_same_authors=6;min_consensus=0.75;min_strength=0,min_same_authors,6,min_consensus,0.75,min_strength,0.0,7,20,2026-03-12,all,10,6,6,3,0.16666666666666666,0.3333333333333333,0.09677141110578041,0.700006684861608,0.05130921441581856,-0.0770132142423553,3.3387685385291617,1.6693842692645808,0.3333333333333333,0.17997912557069165,-0.08511407017248987
weighted_net,min_same_authors=6;min_consensus=0.75;min_strength=0,min_same_authors,6,min_consensus,0.75,min_strength,0.0,7,20,2026-03-12,train,0,0,0,0,,,,,,,,,,,
weighted_net,min_same_authors=6;min_consensus=0.75;min_strength=0,min_same_authors,6,min_consensus,0.75,min_strength,0.0,7,20,2026-03-12,test,10,6,6,3,0.16666666666666666,0.3333333333333333,0.09677141110578041,0.700006684861608,0.05130921441581856,-0.0770132142423553,3.3387685385291617,1.6693842692645808,0.3333333333333333,0.17997912557069165,-0.08511407017248987
weighted_net,min_same_authors=6;min_consensus=0.75;min_strength=1.5,min_same_authors,6,min_consensus,0.75,min_strength,1.5,7,20,2026-03-12,all,10,6,6,3,0.16666666666666666,0.3333333333333333,0.09677141110578041,0.700006684861608,0.05130921441581856,-0.0770132142423553,3.3387685385291617,1.6693842692645808,0.3333333333333333,0.17997912557069165,-0.08511407017248987
weighted_net,min_same_authors=6;min_consensus=0.75;min_strength=1.5,min_same_authors,6,min_consensus,0.75,min_strength,1.5,7,20,2026-03-12,train,0,0,0,0,,,,,,,,,,,
weighted_net,min_same_authors=6;min_consensus=0.75;min_strength=1.5,min_same_authors,6,min_consensus,0.75,min_strength,1.5,7,20,2026-03-12,test,10,6,6,3,0.16666666666666666,0.3333333333333333,0.09677141110578041,0.700006684861608,0.05130921441581856,-0.0770132142423553,3.3387685385291617,1.6693842692645808,0.3333333333333333,0.17997912557069165,-0.08511407017248987
weighted_net,min_same_authors=6;min_consensus=0.75;min_strength=3,min_same_authors,6,min_consensus,0.75,min_strength,3.0,7,20,2026-03-12,all,10,6,6,3,0.16666666666666666,0.3333333333333333,0.09677141110578041,0.700006684861608,0.05130921441581856,-0.0770132142423553,3.3387685385291617,1.6693842692645808,0.3333333333333333,0.17997912557069165,-0.08511407017248987
weighted_net,min_same_authors=6;min_consensus=0.75;min_strength=3,min_same_authors,6,min_consensus,0.75,min_strength,3.0,7,20,2026-03-12,train,0,0,0,0,,,,,,,,,,,
weighted_net,min_same_authors=6;min_consensus=0.75;min_strength=3,min_same_authors,6,min_consensus,0.75,min_strength,3.0,7,20,2026-03-12,test,10,6,6,3,0.16666666666666666,0.3333333333333333,0.09677141110578041,0.700006684861608,0.05130921441581856,-0.0770132142423553,3.3387685385291617,1.6693842692645808,0.3333333333333333,0.17997912557069165,-0.08511407017248987
weighted_net,min_same_authors=6;min_consensus=0.75;min_strength=5,min_same_authors,6,min_consensus,0.75,min_strength,5.0,7,20,2026-03-12,all,10,6,6,3,0.16666666666666666,0.3333333333333333,0.09677141110578041,0.700006684861608,0.05130921441581856,-0.0770132142423553,3.3387685385291617,1.6693842692645808,0.3333333333333333,0.17997912557069165,-0.08511407017248987
weighted_net,min_same_authors=6;min_consensus=0.75;min_strength=5,min_same_authors,6,min_consensus,0.75,min_strength,5.0,7,20,2026-03-12,train,0,0,0,0,,,,,,,,,,,
weighted_net,min_same_authors=6;min_consensus=0.75;min_strength=5,min_same_authors,6,min_consensus,0.75,min_strength,5.0,7,20,2026-03-12,test,10,6,6,3,0.16666666666666666,0.3333333333333333,0.09677141110578041,0.700006684861608,0.05130921441581856,-0.0770132142423553,3.3387685385291617,1.6693842692645808,0.3333333333333333,0.17997912557069165,-0.08511407017248987
weighted_net,min_same_authors=6;min_consensus=0.8;min_strength=0,min_same_authors,6,min_consensus,0.8,min_strength,0.0,7,20,2026-03-12,all,9,6,6,3,0.16666666666666666,0.3333333333333333,0.09677141110578041,0.700006684861608,0.05130921441581856,-0.0770132142423553,3.3387685385291617,1.6693842692645808,0.3333333333333333,0.17997912557069165,-0.08511407017248987
weighted_net,min_same_authors=6;min_consensus=0.8;min_strength=0,min_same_authors,6,min_consensus,0.8,min_strength,0.0,7,20,2026-03-12,train,0,0,0,0,,,,,,,,,,,
weighted_net,min_same_authors=6;min_consensus=0.8;min_strength=0,min_same_authors,6,min_consensus,0.8,min_strength,0.0,7,20,2026-03-12,test,9,6,6,3,0.16666666666666666,0.3333333333333333,0.09677141110578041,0.700006684861608,0.05130921441581856,-0.0770132142423553,3.3387685385291617,1.6693842692645808,0.3333333333333333,0.17997912557069165,-0.08511407017248987
weighted_net,min_same_authors=6;min_consensus=0.8;min_strength=1.5,min_same_authors,6,min_consensus,0.8,min_strength,1.5,7,20,2026-03-12,all,9,6,6,3,0.16666666666666666,0.3333333333333333,0.09677141110578041,0.700006684861608,0.05130921441581856,-0.0770132142423553,3.3387685385291617,1.6693842692645808,0.3333333333333333,0.17997912557069165,-0.08511407017248987
weighted_net,min_same_authors=6;min_consensus=0.8;min_strength=1.5,min_same_authors,6,min_consensus,0.8,min_strength,1.5,7,20,2026-03-12,train,0,0,0,0,,,,,,,,,,,
weighted_net,min_same_authors=6;min_consensus=0.8;min_strength=1.5,min_same_authors,6,min_consensus,0.8,min_strength,1.5,7,20,2026-03-12,test,9,6,6,3,0.16666666666666666,0.3333333333333333,0.09677141110578041,0.700006684861608,0.05130921441581856,-0.0770132142423553,3.3387685385291617,1.6693842692645808,0.3333333333333333,0.17997912557069165,-0.08511407017248987
weighted_net,min_same_authors=6;min_consensus=0.8;min_strength=3,min_same_authors,6,min_consensus,0.8,min_strength,3.0,7,20,2026-03-12,all,9,6,6,3,0.16666666666666666,0.3333333333333333,0.09677141110578041,0.700006684861608,0.05130921441581856,-0.0770132142423553,3.3387685385291617,1.6693842692645808,0.3333333333333333,0.17997912557069165,-0.08511407017248987
weighted_net,min_same_authors=6;min_consensus=0.8;min_strength=3,min_same_authors,6,min_consensus,0.8,min_strength,3.0,7,20,2026-03-12,train,0,0,0,0,,,,,,,,,,,
weighted_net,min_same_authors=6;min_consensus=0.8;min_strength=3,min_same_authors,6,min_consensus,0.8,min_strength,3.0,7,20,2026-03-12,test,9,6,6,3,0.16666666666666666,0.3333333333333333,0.09677141110578041,0.700006684861608,0.05130921441581856,-0.0770132142423553,3.3387685385291617,1.6693842692645808,0.3333333333333333,0.17997912557069165,-0.08511407017248987
weighted_net,min_same_authors=6;min_consensus=0.8;min_strength=5,min_same_authors,6,min_consensus,0.8,min_strength,5.0,7,20,2026-03-12,all,9,6,6,3,0.16666666666666666,0.3333333333333333,0.09677141110578041,0.700006684861608,0.05130921441581856,-0.0770132142423553,3.3387685385291617,1.6693842692645808,0.3333333333333333,0.17997912557069165,-0.08511407017248987
weighted_net,min_same_authors=6;min_consensus=0.8;min_strength=5,min_same_authors,6,min_consensus,0.8,min_strength,5.0,7,20,2026-03-12,train,0,0,0,0,,,,,,,,,,,
weighted_net,min_same_authors=6;min_consensus=0.8;min_strength=5,min_same_authors,6,min_consensus,0.8,min_strength,5.0,7,20,2026-03-12,test,9,6,6,3,0.16666666666666666,0.3333333333333333,0.09677141110578041,0.700006684861608,0.05130921441581856,-0.0770132142423553,3.3387685385291617,1.6693842692645808,0.3333333333333333,0.17997912557069165,-0.08511407017248987
author_net,min_author_net=2;min_consensus=0.5,min_author_net,2,min_consensus,0.5,,,7,20,2026-03-12,all,494,289,132,11,0.02768166089965398,0.5017301038062284,0.4444410920800055,0.5589737249477034,0.00906024833769859,0.0005565390717054974,1.1349230564940656,1.1428044666086075,0.6363636363636364,0.020074796232885796,-0.0036108983165275034
author_net,min_author_net=2;min_consensus=0.5,min_author_net,2,min_consensus,0.5,,,7,20,2026-03-12,train,194,113,58,7,0.05309734513274336,0.5309734513274337,0.43946269655912307,0.6204475448111277,0.007192605774048136,0.005659076138051167,0.996728750259493,1.1283721701050864,0.7142857142857143,0.03510621323209763,0.005390158467902223
author_net,min_author_net=2;min_consensus=0.5,min_author_net,2,min_consensus,0.5,,,7,20,2026-03-12,test,257,152,110,4,0.019736842105263157,0.4934210526315789,0.4150885967902005,0.5720778477802321,0.01014779045093404,-0.0029418252533367495,1.1675935119242045,1.1372664077183807,0.5,-0.004493577807703224,-0.0458912964624877
author_net,min_author_net=2;min_consensus=0.67,min_author_net,2,min_consensus,0.67,,,7,20,2026-03-12,all,492,289,132,11,0.02768166089965398,0.5017301038062284,0.4444410920800055,0.5589737249477034,0.009084130271606383,0.0005565390717054974,1.1352455781474335,1.1431292279956797,0.6363636363636364,0.020099680930368482,-0.0035860110673875123
author_net,min_author_net=2;min_consensus=0.67,min_author_net,2,min_consensus,0.67,,,7,20,2026-03-12,train,194,113,58,7,0.05309734513274336,0.5309734513274337,0.43946269655912307,0.6204475448111277,0.007192605774048136,0.005659076138051167,0.996728750259493,1.1283721701050864,0.7142857142857143,0.03510621323209763,0.005390158467902223
author_net,min_author_net=2;min_consensus=0.67,min_author_net,2,min_consensus,0.67,,,7,20,2026-03-12,test,255,152,110,4,0.019736842105263157,0.4934210526315789,0.4150885967902005,0.5720778477802321,0.010193197548956095,-0.0029418252533367495,1.1681407848462055,1.137799465759291,0.5,-0.0043500367530688155,-0.04578932005652635
author_net,min_author_net=2;min_consensus=0.75,min_author_net,2,min_consensus,0.75,,,7,20,2026-03-12,all,490,289,132,11,0.02768166089965398,0.4982698961937716,0.44102627505229663,0.5555589079199945,0.00898562357229793,-1.2878687169259884e-05,1.149279992423644,1.1413539235103776,0.6363636363636364,0.020288997551802135,-0.0033738326225121774
author_net,min_author_net=2;min_consensus=0.75,min_author_net,2,min_consensus,0.75,,,7,20,2026-03-12,train,194,113,58,7,0.05309734513274336,0.5309734513274337,0.43946269655912307,0.6204475448111277,0.007192605774048136,0.005659076138051167,0.996728750259493,1.1283721701050864,0.7142857142857143,0.03510621323209763,0.005390158467902223
author_net,min_author_net=2;min_consensus=0.75,min_author_net,2,min_consensus,0.75,,,7,20,2026-03-12,test,253,152,110,4,0.019736842105263157,0.4868421052631579,0.4086917071593119,0.5656411819815536,0.010005905206191995,-0.004925289711233682,1.19626692604462,1.1349199041961777,0.5,-0.003161261161165596,-0.04485439263732407
author_net,min_author_net=2;min_consensus=0.8,min_author_net,2,min_consensus,0.8,,,7,20,2026-03-12,all,488,287,132,11,0.027874564459930314,0.5052264808362369,0.4476973296659891,0.5626175683962212,0.011726277386503685,0.0007976025420115551,1.1619347972397802,1.1864827154913247,0.7272727272727273,0.022460600510937425,-0.0014194275233467939
author_net,min_author_net=2;min_consensus=0.8,min_author_net,2,min_consensus,0.8,,,7,20,2026-03-12,train,189,112,58,7,0.05357142857142857,0.5267857142857143,0.4349725864921189,0.6168223413435806,0.008863546006402748,0.0036083418563523373,1.0425766455167573,1.1606041902922393,0.7142857142857143,0.03776702135890681,0.008050669255241769
author_net,min_author_net=2;min_consensus=0.8,min_author_net,2,min_consensus,0.8,,,7,20,2026-03-12,test,254,152,110,4,0.019736842105263157,0.5,0.4214987462633732,0.5785012537366268,0.01321757625905815,-0.0006330583799949441,1.1794141565825496,1.1794141565825496,0.75,-0.001744192457168128,-0.04439274050709342
author_net,min_author_net=3;min_consensus=0.5,min_author_net,3,min_consensus,0.5,,,7,20,2026-03-12,all,170,100,44,11,0.08,0.49,0.3942199893044113,0.5865198806597283,0.04157829036483375,-9.19314761093637e-05,2.001324166757673,1.9228408661005092,0.6363636363636364,0.024100246036065573,-0.005183323476781781
author_net,min_author_net=3;min_consensus=0.5,min_author_net,3,min_consensus,0.5,,,7,20,2026-03-12,train,59,39,23,7,0.1282051282051282,0.46153846153846156,0.31566885606727846,0.6143055172948425,-0.011635269696585003,-0.0001709842650494675,0.9143528953919612,0.7837310531931095,0.5714285714285714,0.0076428992807183755,-0.027571231381074625
author_net,min_author_net=3;min_consensus=0.5,min_author_net,3,min_consensus,0.5,,,7,20,2026-03-12,test,99,54,37,4,0.05555555555555555,0.5,0.3711458304022563,0.6288541695977437,0.0814805512353307,-1.000591221200775e-05,2.9334722614578936,2.9334722614578936,0.75,0.06268808787283671,0.0020132696371329625
author_net,min_author_net=3;min_consensus=0.67,min_author_net,3,min_consensus,0.67,,,7,20,2026-03-12,all,170,100,44,11,0.08,0.49,0.3942199893044113,0.5865198806597283,0.04157829036483375,-9.19314761093637e-05,2.001324166757673,1.9228408661005092,0.6363636363636364,0.024100246036065573,-0.005183323476781781
author_net,min_author_net=3;min_consensus=0.67,min_author_net,3,min_consensus,0.67,,,7,20,2026-03-12,train,59,39,23,7,0.1282051282051282,0.46153846153846156,0.31566885606727846,0.6143055172948425,-0.011635269696585003,-0.0001709842650494675,0.9143528953919612,0.7837310531931095,0.5714285714285714,0.0076428992807183755,-0.027571231381074625
author_net,min_author_net=3;min_consensus=0.67,min_author_net,3,min_consensus,0.67,,,7,20,2026-03-12,test,99,54,37,4,0.05555555555555555,0.5,0.3711458304022563,0.6288541695977437,0.0814805512353307,-1.000591221200775e-05,2.9334722614578936,2.9334722614578936,0.75,0.06268808787283671,0.0020132696371329625
author_net,min_author_net=3;min_consensus=0.75,min_author_net,3,min_consensus,0.75,,,7,20,2026-03-12,all,168,99,44,11,0.08080808080808081,0.494949494949495,0.39850799791397756,0.5917682971574147,0.04247944632225863,-1.2878687169259884e-05,1.9706552236832284,1.931242119209564,0.5454545454545454,0.025345068000263524,-0.004551433718768764
author_net,min_author_net=3;min_consensus=0.75,min_author_net,3,min_consensus,0.75,,,7,20,2026-03-12,train,59,39,23,7,0.1282051282051282,0.46153846153846156,0.31566885606727846,0.6143055172948425,-0.011635269696585003,-0.0001709842650494675,0.9143528953919612,0.7837310531931095,0.5714285714285714,0.0076428992807183755,-0.027571231381074625
author_net,min_author_net=3;min_consensus=0.75,min_author_net,3,min_consensus,0.75,,,7,20,2026-03-12,test,97,53,37,4,0.05660377358490566,0.5094339622641509,0.3788352911467995,0.6387575015215675,0.08391671539864314,0.000747793262859453,2.836333082424236,2.94542281636363,0.5,0.06686645439164601,0.0035297069119169244
author_net,min_author_net=3;min_consensus=0.8,min_author_net,3,min_consensus,0.8,,,7,20,2026-03-12,all,167,99,44,11,0.08080808080808081,0.494949494949495,0.39850799791397756,0.5917682971574147,0.04247944632225863,-1.2878687169259884e-05,1.9706552236832284,1.931242119209564,0.5454545454545454,0.025345068000263524,-0.004551433718768764
author_net,min_author_net=3;min_consensus=0.8,min_author_net,3,min_consensus,0.8,,,7,20,2026-03-12,train,59,39,23,7,0.1282051282051282,0.46153846153846156,0.31566885606727846,0.6143055172948425,-0.011635269696585003,-0.0001709842650494675,0.9143528953919612,0.7837310531931095,0.5714285714285714,0.0076428992807183755,-0.027571231381074625
author_net,min_author_net=3;min_consensus=0.8,min_author_net,3,min_consensus,0.8,,,7,20,2026-03-12,test,96,53,37,4,0.05660377358490566,0.5094339622641509,0.3788352911467995,0.6387575015215675,0.08391671539864314,0.000747793262859453,2.836333082424236,2.94542281636363,0.5,0.06686645439164601,0.0035297069119169244
author_net,min_author_net=4;min_consensus=0.5,min_author_net,4,min_consensus,0.5,,,7,20,2026-03-12,all,68,48,27,9,0.125,0.5208333333333334,0.3832923230334281,0.6552868382304838,0.02916864196699423,0.0042394442141866495,1.5297692365164945,1.6627926483874942,0.6666666666666666,0.03621097973864853,0.010755295847724815
author_net,min_author_net=4;min_consensus=0.5,min_author_net,4,min_consensus,0.5,,,7,20,2026-03-12,train,18,15,10,5,0.2,0.4666666666666667,0.24809535365737387,0.698830199745016,0.005514589429988082,-0.014872436950194468,1.2949357636391137,1.1330687931842243,0.6,0.016544566979730047,0.0005715479658833268
author_net,min_author_net=4;min_consensus=0.5,min_author_net,4,min_consensus,0.5,,,7,20,2026-03-12,test,44,29,21,4,0.10344827586206896,0.5517241379310345,0.37547963210970914,0.7158683197696281,0.045388512038567815,0.007886825675577969,1.544443050612635,1.9008529853693967,0.75,0.08251440005205976,0.014808197417426464
author_net,min_author_net=4;min_consensus=0.67,min_author_net,4,min_consensus,0.67,,,7,20,2026-03-12,all,68,48,27,9,0.125,0.5208333333333334,0.3832923230334281,0.6552868382304838,0.02916864196699423,0.0042394442141866495,1.5297692365164945,1.6627926483874942,0.6666666666666666,0.03621097973864853,0.010755295847724815
author_net,min_author_net=4;min_consensus=0.67,min_author_net,4,min_consensus,0.67,,,7,20,2026-03-12,train,18,15,10,5,0.2,0.4666666666666667,0.24809535365737387,0.698830199745016,0.005514589429988082,-0.014872436950194468,1.2949357636391137,1.1330687931842243,0.6,0.016544566979730047,0.0005715479658833268
author_net,min_author_net=4;min_consensus=0.67,min_author_net,4,min_consensus,0.67,,,7,20,2026-03-12,test,44,29,21,4,0.10344827586206896,0.5517241379310345,0.37547963210970914,0.7158683197696281,0.045388512038567815,0.007886825675577969,1.544443050612635,1.9008529853693967,0.75,0.08251440005205976,0.014808197417426464
author_net,min_author_net=4;min_consensus=0.75,min_author_net,4,min_consensus,0.75,,,7,20,2026-03-12,all,68,48,27,9,0.125,0.5208333333333334,0.3832923230334281,0.6552868382304838,0.02916864196699423,0.0042394442141866495,1.5297692365164945,1.6627926483874942,0.6666666666666666,0.03621097973864853,0.010755295847724815
author_net,min_author_net=4;min_consensus=0.75,min_author_net,4,min_consensus,0.75,,,7,20,2026-03-12,train,18,15,10,5,0.2,0.4666666666666667,0.24809535365737387,0.698830199745016,0.005514589429988082,-0.014872436950194468,1.2949357636391137,1.1330687931842243,0.6,0.016544566979730047,0.0005715479658833268
author_net,min_author_net=4;min_consensus=0.75,min_author_net,4,min_consensus,0.75,,,7,20,2026-03-12,test,44,29,21,4,0.10344827586206896,0.5517241379310345,0.37547963210970914,0.7158683197696281,0.045388512038567815,0.007886825675577969,1.544443050612635,1.9008529853693967,0.75,0.08251440005205976,0.014808197417426464
author_net,min_author_net=4;min_consensus=0.8,min_author_net,4,min_consensus,0.8,,,7,20,2026-03-12,all,67,48,27,9,0.125,0.5208333333333334,0.3832923230334281,0.6552868382304838,0.02916864196699423,0.0042394442141866495,1.5297692365164945,1.6627926483874942,0.6666666666666666,0.03621097973864853,0.010755295847724815
author_net,min_author_net=4;min_consensus=0.8,min_author_net,4,min_consensus,0.8,,,7,20,2026-03-12,train,18,15,10,5,0.2,0.4666666666666667,0.24809535365737387,0.698830199745016,0.005514589429988082,-0.014872436950194468,1.2949357636391137,1.1330687931842243,0.6,0.016544566979730047,0.0005715479658833268
author_net,min_author_net=4;min_consensus=0.8,min_author_net,4,min_consensus,0.8,,,7,20,2026-03-12,test,43,29,21,4,0.10344827586206896,0.5517241379310345,0.37547963210970914,0.7158683197696281,0.045388512038567815,0.007886825675577969,1.544443050612635,1.9008529853693967,0.75,0.08251440005205976,0.014808197417426464
author_net,min_author_net=5;min_consensus=0.5,min_author_net,5,min_consensus,0.5,,,7,20,2026-03-12,all,24,17,11,6,0.17647058823529413,0.4117647058823529,0.2161105679021481,0.6399455735700021,0.01621024962788627,-0.05066315820826417,1.660493394982064,1.1623453764874447,0.3333333333333333,0.008127008566033515,-0.06106374525516417
author_net,min_author_net=5;min_consensus=0.5,min_author_net,5,min_consensus,0.5,,,7,20,2026-03-12,train,3,3,2,2,0.6666666666666666,0.0,5.551115123125783e-17,0.5614970317550454,-0.053822880399039374,-0.05066315820826417,,,0.0,-0.0643504218089444,-0.09593304603865949
author_net,min_author_net=5;min_consensus=0.5,min_author_net,5,min_consensus,0.5,,,7,20,2026-03-12,test,19,13,9,3,0.15384615384615385,0.46153846153846156,0.23206067809538303,0.7085620428549398,0.033498664372165296,-0.09016311686951517,1.4974394745946857,1.2835195496525875,0.3333333333333333,0.05863421566035134,-0.08479048935188058
author_net,min_author_net=5;min_consensus=0.67,min_author_net,5,min_consensus,0.67,,,7,20,2026-03-12,all,24,17,11,6,0.17647058823529413,0.4117647058823529,0.2161105679021481,0.6399455735700021,0.01621024962788627,-0.05066315820826417,1.660493394982064,1.1623453764874447,0.3333333333333333,0.008127008566033515,-0.06106374525516417
author_net,min_author_net=5;min_consensus=0.67,min_author_net,5,min_consensus,0.67,,,7,20,2026-03-12,train,3,3,2,2,0.6666666666666666,0.0,5.551115123125783e-17,0.5614970317550454,-0.053822880399039374,-0.05066315820826417,,,0.0,-0.0643504218089444,-0.09593304603865949
author_net,min_author_net=5;min_consensus=0.67,min_author_net,5,min_consensus,0.67,,,7,20,2026-03-12,test,19,13,9,3,0.15384615384615385,0.46153846153846156,0.23206067809538303,0.7085620428549398,0.033498664372165296,-0.09016311686951517,1.4974394745946857,1.2835195496525875,0.3333333333333333,0.05863421566035134,-0.08479048935188058
author_net,min_author_net=5;min_consensus=0.75,min_author_net,5,min_consensus,0.75,,,7,20,2026-03-12,all,24,17,11,6,0.17647058823529413,0.4117647058823529,0.2161105679021481,0.6399455735700021,0.01621024962788627,-0.05066315820826417,1.660493394982064,1.1623453764874447,0.3333333333333333,0.008127008566033515,-0.06106374525516417
author_net,min_author_net=5;min_consensus=0.75,min_author_net,5,min_consensus,0.75,,,7,20,2026-03-12,train,3,3,2,2,0.6666666666666666,0.0,5.551115123125783e-17,0.5614970317550454,-0.053822880399039374,-0.05066315820826417,,,0.0,-0.0643504218089444,-0.09593304603865949
author_net,min_author_net=5;min_consensus=0.75,min_author_net,5,min_consensus,0.75,,,7,20,2026-03-12,test,19,13,9,3,0.15384615384615385,0.46153846153846156,0.23206067809538303,0.7085620428549398,0.033498664372165296,-0.09016311686951517,1.4974394745946857,1.2835195496525875,0.3333333333333333,0.05863421566035134,-0.08479048935188058
author_net,min_author_net=5;min_consensus=0.8,min_author_net,5,min_consensus,0.8,,,7,20,2026-03-12,all,23,17,11,6,0.17647058823529413,0.4117647058823529,0.2161105679021481,0.6399455735700021,0.01621024962788627,-0.05066315820826417,1.660493394982064,1.1623453764874447,0.3333333333333333,0.008127008566033515,-0.06106374525516417
author_net,min_author_net=5;min_consensus=0.8,min_author_net,5,min_consensus,0.8,,,7,20,2026-03-12,train,3,3,2,2,0.6666666666666666,0.0,5.551115123125783e-17,0.5614970317550454,-0.053822880399039374,-0.05066315820826417,,,0.0,-0.0643504218089444,-0.09593304603865949
author_net,min_author_net=5;min_consensus=0.8,min_author_net,5,min_consensus,0.8,,,7,20,2026-03-12,test,18,13,9,3,0.15384615384615385,0.46153846153846156,0.23206067809538303,0.7085620428549398,0.033498664372165296,-0.09016311686951517,1.4974394745946857,1.2835195496525875,0.3333333333333333,0.05863421566035134,-0.08479048935188058
author_net,min_author_net=6;min_consensus=0.5,min_author_net,6,min_consensus,0.5,,,7,20,2026-03-12,all,9,6,6,3,0.16666666666666666,0.3333333333333333,0.09677141110578041,0.700006684861608,0.05130921441581856,-0.0770132142423553,3.3387685385291617,1.6693842692645808,0.3333333333333333,0.17997912557069165,-0.08511407017248987
author_net,min_author_net=6;min_consensus=0.5,min_author_net,6,min_consensus,0.5,,,7,20,2026-03-12,train,0,0,0,0,,,,,,,,,,,
author_net,min_author_net=6;min_consensus=0.5,min_author_net,6,min_consensus,0.5,,,7,20,2026-03-12,test,9,6,6,3,0.16666666666666666,0.3333333333333333,0.09677141110578041,0.700006684861608,0.05130921441581856,-0.0770132142423553,3.3387685385291617,1.6693842692645808,0.3333333333333333,0.17997912557069165,-0.08511407017248987
author_net,min_author_net=6;min_consensus=0.67,min_author_net,6,min_consensus,0.67,,,7,20,2026-03-12,all,9,6,6,3,0.16666666666666666,0.3333333333333333,0.09677141110578041,0.700006684861608,0.05130921441581856,-0.0770132142423553,3.3387685385291617,1.6693842692645808,0.3333333333333333,0.17997912557069165,-0.08511407017248987
author_net,min_author_net=6;min_consensus=0.67,min_author_net,6,min_consensus,0.67,,,7,20,2026-03-12,train,0,0,0,0,,,,,,,,,,,
author_net,min_author_net=6;min_consensus=0.67,min_author_net,6,min_consensus,0.67,,,7,20,2026-03-12,test,9,6,6,3,0.16666666666666666,0.3333333333333333,0.09677141110578041,0.700006684861608,0.05130921441581856,-0.0770132142423553,3.3387685385291617,1.6693842692645808,0.3333333333333333,0.17997912557069165,-0.08511407017248987
author_net,min_author_net=6;min_consensus=0.75,min_author_net,6,min_consensus,0.75,,,7,20,2026-03-12,all,9,6,6,3,0.16666666666666666,0.3333333333333333,0.09677141110578041,0.700006684861608,0.05130921441581856,-0.0770132142423553,3.3387685385291617,1.6693842692645808,0.3333333333333333,0.17997912557069165,-0.08511407017248987
author_net,min_author_net=6;min_consensus=0.75,min_author_net,6,min_consensus,0.75,,,7,20,2026-03-12,train,0,0,0,0,,,,,,,,,,,
author_net,min_author_net=6;min_consensus=0.75,min_author_net,6,min_consensus,0.75,,,7,20,2026-03-12,test,9,6,6,3,0.16666666666666666,0.3333333333333333,0.09677141110578041,0.700006684861608,0.05130921441581856,-0.0770132142423553,3.3387685385291617,1.6693842692645808,0.3333333333333333,0.17997912557069165,-0.08511407017248987
author_net,min_author_net=6;min_consensus=0.8,min_author_net,6,min_consensus,0.8,,,7,20,2026-03-12,all,9,6,6,3,0.16666666666666666,0.3333333333333333,0.09677141110578041,0.700006684861608,0.05130921441581856,-0.0770132142423553,3.3387685385291617,1.6693842692645808,0.3333333333333333,0.17997912557069165,-0.08511407017248987
author_net,min_author_net=6;min_consensus=0.8,min_author_net,6,min_consensus,0.8,,,7,20,2026-03-12,train,0,0,0,0,,,,,,,,,,,
author_net,min_author_net=6;min_consensus=0.8,min_author_net,6,min_consensus,0.8,,,7,20,2026-03-12,test,9,6,6,3,0.16666666666666666,0.3333333333333333,0.09677141110578041,0.700006684861608,0.05130921441581856,-0.0770132142423553,3.3387685385291617,1.6693842692645808,0.3333333333333333,0.17997912557069165,-0.08511407017248987
author_net_shift,min_delta=3;min_shift_pct=50;min_period_authors=3,min_delta,3,min_shift_pct,50.0,min_period_authors,3,7,20,2026-03-12,all,51,26,13,8,0.19230769230769232,0.46153846153846156,0.2875585353039122,0.6454206125314121,0.008959390655750845,-0.010797425944595374,1.3808471042639168,1.1835832322262143,0.5,0.010678291237982442,-0.014296848869466375
author_net_shift,min_delta=3;min_shift_pct=50;min_period_authors=3,min_delta,3,min_shift_pct,50.0,min_period_authors,3,7,20,2026-03-12,train,12,6,5,3,0.3333333333333333,0.6666666666666666,0.299993315138392,0.9032285888942195,0.04372824712395749,0.04760491360342478,1.3471937085517909,2.6943874171035818,0.6666666666666666,0.017404908992160146,-0.03931163164425509
author_net_shift,min_delta=3;min_shift_pct=50;min_period_authors=3,min_delta,3,min_shift_pct,50.0,min_period_authors,3,7,20,2026-03-12,test,34,17,11,4,0.17647058823529413,0.4117647058823529,0.2161105679021481,0.6399455735700021,-0.00021597094434057956,-0.015825461623786508,1.4237097231095401,0.996596806176678,0.5,0.007623939922695332,-0.029759672265434148
author_net_shift,min_delta=3;min_shift_pct=50;min_period_authors=4,min_delta,3,min_shift_pct,50.0,min_period_authors,4,7,20,2026-03-12,all,19,12,7,6,0.25,0.5833333333333334,0.31951131254954973,0.8067396863412435,0.06136294829227081,0.02901525178900677,1.6645620669766223,2.3303868937672716,0.6666666666666666,0.04343215646667029,0.016944789622376246
author_net_shift,min_delta=3;min_shift_pct=50;min_period_authors=4,min_delta,3,min_shift_pct,50.0,min_period_authors,4,7,20,2026-03-12,train,4,2,1,2,1.0,0.5,0.09453120573423074,0.9054687942657693,0.010595826167889288,0.010595826167889288,1.359709921605191,1.359709921605191,0.5,0.010595826167889288,-0.058913171594521696
author_net_shift,min_delta=3;min_shift_pct=50;min_period_authors=4,min_delta,3,min_shift_pct,50.0,min_period_authors,4,7,20,2026-03-12,test,15,10,7,4,0.3,0.6,0.31267376973365824,0.8318196702937638,0.07151637271714711,0.02901525178900677,1.6306749374440597,2.4460124061660897,0.75,0.059850321616060805,0.033789906602761766
author_net_shift,min_delta=3;min_shift_pct=50;min_period_authors=5,min_delta,3,min_shift_pct,50.0,min_period_authors,5,7,20,2026-03-12,all,2,2,2,2,0.5,0.5,0.09453120573423074,0.9054687942657693,0.027343133842177902,0.027343133842177902,5.391851982036379,5.391851982036379,0.5,0.027343133842177902,-0.012451755639314437
author_net_shift,min_delta=3;min_shift_pct=50;min_period_authors=5,min_delta,3,min_shift_pct,50.0,min_period_authors,5,7,20,2026-03-12,train,0,0,0,0,,,,,,,,,,,
author_net_shift,min_delta=3;min_shift_pct=50;min_period_authors=5,min_delta,3,min_shift_pct,50.0,min_period_authors,5,7,20,2026-03-12,test,2,2,2,2,0.5,0.5,0.09453120573423074,0.9054687942657693,0.027343133842177902,0.027343133842177902,5.391851982036379,5.391851982036379,0.5,0.027343133842177902,-0.012451755639314437
author_net_shift,min_delta=3;min_shift_pct=75;min_period_authors=3,min_delta,3,min_shift_pct,75.0,min_period_authors,3,7,20,2026-03-12,all,42,25,12,8,0.2,0.44,0.26665638881067344,0.6293266813020123,-0.019428314102413663,-0.008138624643013292,0.8853421517830172,0.695625976400942,0.375,-0.024710494096581125,-0.05653962144164221
author_net_shift,min_delta=3;min_shift_pct=75;min_period_authors=3,min_delta,3,min_shift_pct,75.0,min_period_authors,3,7,20,2026-03-12,train,12,6,5,3,0.3333333333333333,0.6666666666666666,0.299993315138392,0.9032285888942195,0.04372824712395749,0.04760491360342478,1.3471937085517909,2.6943874171035818,0.6666666666666666,0.017404908992160146,-0.03931163164425509
author_net_shift,min_delta=3;min_shift_pct=75;min_period_authors=3,min_delta,3,min_shift_pct,75.0,min_period_authors,3,7,20,2026-03-12,test,27,17,10,4,0.17647058823529413,0.4117647058823529,0.2161105679021481,0.6399455735700021,-0.041934702687256825,-0.008138624643013292,0.7040959495539859,0.49286716468779007,0.25,-0.058076246234692305,-0.10604130951437912
author_net_shift,min_delta=3;min_shift_pct=75;min_period_authors=4,min_delta,3,min_shift_pct,75.0,min_period_authors,4,7,20,2026-03-12,all,12,7,4,5,0.42857142857142855,0.2857142857142857,0.08221892400405678,0.6410655481673808,-0.08875154917152184,-0.019886043214646154,0.4413360749322248,0.17653442997288996,0.4,-0.032766265677635006,-0.08741770325636303
author_net_shift,min_delta=3;min_shift_pct=75;min_period_authors=4,min_delta,3,min_shift_pct,75.0,min_period_authors,4,7,20,2026-03-12,train,4,2,1,2,1.0,0.5,0.09453120573423074,0.9054687942657693,0.010595826167889288,0.010595826167889288,1.359709921605191,1.359709921605191,0.5,0.010595826167889288,-0.058913171594521696
author_net_shift,min_delta=3;min_shift_pct=75;min_period_authors=4,min_delta,3,min_shift_pct,75.0,min_period_authors,4,7,20,2026-03-12,test,8,5,4,3,0.4,0.2,0.03622410863243014,0.6244653702374747,-0.1284904993072863,-0.019886043214646154,0.3052677545901103,0.07631693864752757,0.3333333333333333,-0.06167432690798453,-0.14711926143487747
author_net_shift,min_delta=3;min_shift_pct=75;min_period_authors=5,min_delta,3,min_shift_pct,75.0,min_period_authors,5,7,20,2026-03-12,all,1,1,1,1,1.0,0.0,0.0,0.7934506856227626,-0.012451755639314444,-0.012451755639314444,,,0.0,-0.012451755639314444,
author_net_shift,min_delta=3;min_shift_pct=75;min_period_authors=5,min_delta,3,min_shift_pct,75.0,min_period_authors,5,7,20,2026-03-12,train,0,0,0,0,,,,,,,,,,,
author_net_shift,min_delta=3;min_shift_pct=75;min_period_authors=5,min_delta,3,min_shift_pct,75.0,min_period_authors,5,7,20,2026-03-12,test,1,1,1,1,1.0,0.0,0.0,0.7934506856227626,-0.012451755639314444,-0.012451755639314444,,,0.0,-0.012451755639314444,
author_net_shift,min_delta=3;min_shift_pct=100;min_period_authors=3,min_delta,3,min_shift_pct,100.0,min_period_authors,3,7,20,2026-03-12,all,19,11,5,8,0.36363636363636365,0.36363636363636365,0.15166471095367573,0.6461988254921511,-0.048772335066065826,-0.014986950569915725,0.6614772920592796,0.3779870240338741,0.5,-0.02393389438722553,-0.06843537271124484
author_net_shift,min_delta=3;min_shift_pct=100;min_period_authors=3,min_delta,3,min_shift_pct,100.0,min_period_authors,3,7,20,2026-03-12,train,7,3,2,3,0.6666666666666666,0.6666666666666666,0.2076596008020477,0.9385080552796037,0.03309594669838789,0.0780961877593851,1.3426624930204605,2.685324986040921,0.6666666666666666,0.03309594669838789,-0.012912266487215364
author_net_shift,min_delta=3;min_shift_pct=100;min_period_authors=3,min_delta,3,min_shift_pct,100.0,min_period_authors,3,7,20,2026-03-12,test,11,7,4,4,0.2857142857142857,0.2857142857142857,0.08221892400405678,0.6410655481673808,-0.088685225035996,-0.019886043214646154,0.5320040064895201,0.21280160259580802,0.5,-0.06894301115576304,-0.15072539287219647
author_net_shift,min_delta=3;min_shift_pct=100;min_period_authors=4,min_delta,3,min_shift_pct,100.0,min_period_authors,4,7,20,2026-03-12,all,10,6,3,5,0.5,0.3333333333333333,0.09677141110578041,0.700006684861608,-0.0930184434145046,-0.014637626077908306,0.38532182856240593,0.19266091428120297,0.4,-0.04932272309689637,-0.11920120580561791
author_net_shift,min_delta=3;min_shift_pct=100;min_period_authors=4,min_delta,3,min_shift_pct,100.0,min_period_authors,4,7,20,2026-03-12,train,4,2,1,2,1.0,0.5,0.09453120573423074,0.9054687942657693,0.010595826167889288,0.010595826167889288,1.359709921605191,1.359709921605191,0.5,0.010595826167889288,-0.058913171594521696
author_net_shift,min_delta=3;min_shift_pct=100;min_period_authors=4,min_delta,3,min_shift_pct,100.0,min_period_authors,4,7,20,2026-03-12,test,6,4,3,3,0.5,0.25,0.04558726080970055,0.6993581574175981,-0.14482557820570155,-0.014637626077908306,0.2518139847078716,0.08393799490262385,0.3333333333333333,-0.08926842260675348,-0.201836626786563
author_net_shift,min_delta=3;min_shift_pct=100;min_period_authors=5,min_delta,3,min_shift_pct,100.0,min_period_authors,5,7,20,2026-03-12,all,1,1,1,1,1.0,0.0,0.0,0.7934506856227626,-0.012451755639314444,-0.012451755639314444,,,0.0,-0.012451755639314444,
author_net_shift,min_delta=3;min_shift_pct=100;min_period_authors=5,min_delta,3,min_shift_pct,100.0,min_period_authors,5,7,20,2026-03-12,train,0,0,0,0,,,,,,,,,,,
author_net_shift,min_delta=3;min_shift_pct=100;min_period_authors=5,min_delta,3,min_shift_pct,100.0,min_period_authors,5,7,20,2026-03-12,test,1,1,1,1,1.0,0.0,0.0,0.7934506856227626,-0.012451755639314444,-0.012451755639314444,,,0.0,-0.012451755639314444,
author_net_shift,min_delta=3;min_shift_pct=125;min_period_authors=3,min_delta,3,min_shift_pct,125.0,min_period_authors,3,7,20,2026-03-12,all,9,6,5,6,0.3333333333333333,0.6666666666666666,0.299993315138392,0.9032285888942195,0.06099376357962819,0.07725064929762432,8.973375584042577,17.946751168085154,0.6666666666666666,0.06099376357962819,0.03713643630030666
author_net_shift,min_delta=3;min_shift_pct=125;min_period_authors=3,min_delta,3,min_shift_pct,125.0,min_period_authors,3,7,20,2026-03-12,train,4,2,2,2,0.5,1.0,0.34238022750665303,1.0,0.07725064929762432,0.07725064929762432,,,1.0,0.07725064929762432,0.07640511083586354
author_net_shift,min_delta=3;min_shift_pct=125;min_period_authors=3,min_delta,3,min_shift_pct,125.0,min_period_authors,3,7,20,2026-03-12,test,4,3,3,3,0.3333333333333333,0.6666666666666666,0.2076596008020477,0.9385080552796037,0.07548274448414542,0.11240571417196688,17.634656111759302,35.269312223518604,0.6666666666666666,0.07548274448414542,0.034368475297170804
author_net_shift,min_delta=3;min_shift_pct=125;min_period_authors=4,min_delta,3,min_shift_pct,125.0,min_period_authors,4,7,20,2026-03-12,all,1,1,1,1,1.0,1.0,0.20654931437723745,1.0,0.07640511083586354,0.07640511083586354,,,1.0,0.07640511083586354,
author_net_shift,min_delta=3;min_shift_pct=125;min_period_authors=4,min_delta,3,min_shift_pct,125.0,min_period_authors,4,7,20,2026-03-12,train,1,1,1,1,1.0,1.0,0.20654931437723745,1.0,0.07640511083586354,0.07640511083586354,,,1.0,0.07640511083586354,
author_net_shift,min_delta=3;min_shift_pct=125;min_period_authors=4,min_delta,3,min_shift_pct,125.0,min_period_authors,4,7,20,2026-03-12,test,0,0,0,0,,,,,,,,,,,
author_net_shift,min_delta=3;min_shift_pct=125;min_period_authors=5,min_delta,3,min_shift_pct,125.0,min_period_authors,5,7,20,2026-03-12,all,0,0,0,0,,,,,,,,,,,
author_net_shift,min_delta=3;min_shift_pct=125;min_period_authors=5,min_delta,3,min_shift_pct,125.0,min_period_authors,5,7,20,2026-03-12,train,0,0,0,0,,,,,,,,,,,
author_net_shift,min_delta=3;min_shift_pct=125;min_period_authors=5,min_delta,3,min_shift_pct,125.0,min_period_authors,5,7,20,2026-03-12,test,0,0,0,0,,,,,,,,,,,
author_net_shift,min_delta=4;min_shift_pct=50;min_period_authors=3,min_delta,4,min_shift_pct,50.0,min_period_authors,3,7,20,2026-03-12,all,34,19,10,8,0.21052631578947367,0.3157894736842105,0.1536437908779228,0.5398959232467253,0.0018427088076381785,-0.019886043214646154,2.239559420811371,1.0336428096052481,0.5,0.004707684852632178,-0.018786061925941414
author_net_shift,min_delta=4;min_shift_pct=50;min_period_authors=3,min_delta,4,min_shift_pct,50.0,min_period_authors,3,7,20,2026-03-12,train,9,4,3,3,0.5,0.5,0.15003898915214947,0.8499610108478506,0.007400395135493398,0.009591508082431699,1.191167604830345,1.191167604830345,0.6666666666666666,0.0019607870437832,-0.04944159807720901
author_net_shift,min_delta=4;min_shift_pct=50;min_period_authors=3,min_delta,4,min_shift_pct,50.0,min_period_authors,3,7,20,2026-03-12,test,23,14,9,4,0.21428571428571427,0.2857142857142857,0.11721378644576919,0.5464908432989318,0.0014569169552191088,-0.020831736409953838,2.5585544699617238,1.0234217879846894,0.5,0.011691517064905886,-0.023010430379942035
author_net_shift,min_delta=4;min_shift_pct=50;min_period_authors=4,min_delta,4,min_shift_pct,50.0,min_period_authors,4,7,20,2026-03-12,all,17,11,7,6,0.2727272727272727,0.45454545454545453,0.21271271622459764,0.719908462590678,0.05779665742557925,-0.009389208941170457,2.5963540898358253,2.1636284081965216,0.6666666666666666,0.03941241042239384,0.013619739013608637
author_net_shift,min_delta=4;min_shift_pct=50;min_period_authors=4,min_delta,4,min_shift_pct,50.0,min_period_authors,4,7,20,2026-03-12,train,4,2,1,2,1.0,0.5,0.09453120573423074,0.9054687942657693,0.010595826167889288,0.010595826167889288,1.359709921605191,1.359709921605191,0.5,0.010595826167889288,-0.058913171594521696
author_net_shift,min_delta=4;min_shift_pct=50;min_period_authors=4,min_delta,4,min_shift_pct,50.0,min_period_authors,4,7,20,2026-03-12,test,13,9,7,4,0.2222222222222222,0.4444444444444444,0.18877852109766452,0.733348706504507,0.06828573103839924,-0.009389208941170457,2.8259875245348103,2.260790019627848,0.75,0.05382070254964611,0.02831960971703994
author_net_shift,min_delta=4;min_shift_pct=50;min_period_authors=5,min_delta,4,min_shift_pct,50.0,min_period_authors,5,7,20,2026-03-12,all,2,2,2,2,0.5,0.5,0.09453120573423074,0.9054687942657693,0.027343133842177902,0.027343133842177902,5.391851982036379,5.391851982036379,0.5,0.027343133842177902,-0.012451755639314437
author_net_shift,min_delta=4;min_shift_pct=50;min_period_authors=5,min_delta,4,min_shift_pct,50.0,min_period_authors,5,7,20,2026-03-12,train,0,0,0,0,,,,,,,,,,,
author_net_shift,min_delta=4;min_shift_pct=50;min_period_authors=5,min_delta,4,min_shift_pct,50.0,min_period_authors,5,7,20,2026-03-12,test,2,2,2,2,0.5,0.5,0.09453120573423074,0.9054687942657693,0.027343133842177902,0.027343133842177902,5.391851982036379,5.391851982036379,0.5,0.027343133842177902,-0.012451755639314437
author_net_shift,min_delta=4;min_shift_pct=75;min_period_authors=3,min_delta,4,min_shift_pct,75.0,min_period_authors,3,7,20,2026-03-12,all,29,18,9,8,0.2222222222222222,0.2777777777777778,0.12499753379553993,0.5087265656029746,-0.041099853398759954,-0.020831736409953838,1.2122143849024836,0.4662363018855706,0.375,-0.021832227174118393,-0.04908321809937032
author_net_shift,min_delta=4;min_shift_pct=75;min_period_authors=3,min_delta,4,min_shift_pct,75.0,min_period_authors,3,7,20,2026-03-12,train,9,4,3,3,0.5,0.5,0.15003898915214947,0.8499610108478506,0.007400395135493398,0.009591508082431699,1.191167604830345,1.191167604830345,0.6666666666666666,0.0019607870437832,-0.04944159807720901
author_net_shift,min_delta=4;min_shift_pct=75;min_period_authors=3,min_delta,4,min_shift_pct,75.0,min_period_authors,3,7,20,2026-03-12,test,18,13,8,4,0.23076923076923078,0.23076923076923078,0.08179528718498569,0.5025637594672749,-0.058031691626902845,-0.021777429605261522,1.2656044827379909,0.37968134482139726,0.25,-0.041388306988595254,-0.08464948258013819
author_net_shift,min_delta=4;min_shift_pct=75;min_period_authors=4,min_delta,4,min_shift_pct,75.0,min_period_authors,4,7,20,2026-03-12,all,12,7,4,5,0.42857142857142855,0.2857142857142857,0.08221892400405678,0.6410655481673808,-0.08875154917152184,-0.019886043214646154,0.4413360749322248,0.17653442997288996,0.4,-0.032766265677635006,-0.08741770325636303
author_net_shift,min_delta=4;min_shift_pct=75;min_period_authors=4,min_delta,4,min_shift_pct,75.0,min_period_authors,4,7,20,2026-03-12,train,4,2,1,2,1.0,0.5,0.09453120573423074,0.9054687942657693,0.010595826167889288,0.010595826167889288,1.359709921605191,1.359709921605191,0.5,0.010595826167889288,-0.058913171594521696
author_net_shift,min_delta=4;min_shift_pct=75;min_period_authors=4,min_delta,4,min_shift_pct,75.0,min_period_authors,4,7,20,2026-03-12,test,8,5,4,3,0.4,0.2,0.03622410863243014,0.6244653702374747,-0.1284904993072863,-0.019886043214646154,0.3052677545901103,0.07631693864752757,0.3333333333333333,-0.06167432690798453,-0.14711926143487747
author_net_shift,min_delta=4;min_shift_pct=75;min_period_authors=5,min_delta,4,min_shift_pct,75.0,min_period_authors,5,7,20,2026-03-12,all,1,1,1,1,1.0,0.0,0.0,0.7934506856227626,-0.012451755639314444,-0.012451755639314444,,,0.0,-0.012451755639314444,
author_net_shift,min_delta=4;min_shift_pct=75;min_period_authors=5,min_delta,4,min_shift_pct,75.0,min_period_authors,5,7,20,2026-03-12,train,0,0,0,0,,,,,,,,,,,
author_net_shift,min_delta=4;min_shift_pct=75;min_period_authors=5,min_delta,4,min_shift_pct,75.0,min_period_authors,5,7,20,2026-03-12,test,1,1,1,1,1.0,0.0,0.0,0.7934506856227626,-0.012451755639314444,-0.012451755639314444,,,0.0,-0.012451755639314444,
author_net_shift,min_delta=4;min_shift_pct=100;min_period_authors=3,min_delta,4,min_shift_pct,100.0,min_period_authors,3,7,20,2026-03-12,all,19,11,5,8,0.36363636363636365,0.36363636363636365,0.15166471095367573,0.6461988254921511,-0.048772335066065826,-0.014986950569915725,0.6614772920592796,0.3779870240338741,0.5,-0.02393389438722553,-0.06843537271124484
author_net_shift,min_delta=4;min_shift_pct=100;min_period_authors=3,min_delta,4,min_shift_pct,100.0,min_period_authors,3,7,20,2026-03-12,train,7,3,2,3,0.6666666666666666,0.6666666666666666,0.2076596008020477,0.9385080552796037,0.03309594669838789,0.0780961877593851,1.3426624930204605,2.685324986040921,0.6666666666666666,0.03309594669838789,-0.012912266487215364
author_net_shift,min_delta=4;min_shift_pct=100;min_period_authors=3,min_delta,4,min_shift_pct,100.0,min_period_authors,3,7,20,2026-03-12,test,11,7,4,4,0.2857142857142857,0.2857142857142857,0.08221892400405678,0.6410655481673808,-0.088685225035996,-0.019886043214646154,0.5320040064895201,0.21280160259580802,0.5,-0.06894301115576304,-0.15072539287219647
author_net_shift,min_delta=4;min_shift_pct=100;min_period_authors=4,min_delta,4,min_shift_pct,100.0,min_period_authors,4,7,20,2026-03-12,all,10,6,3,5,0.5,0.3333333333333333,0.09677141110578041,0.700006684861608,-0.0930184434145046,-0.014637626077908306,0.38532182856240593,0.19266091428120297,0.4,-0.04932272309689637,-0.11920120580561791
author_net_shift,min_delta=4;min_shift_pct=100;min_period_authors=4,min_delta,4,min_shift_pct,100.0,min_period_authors,4,7,20,2026-03-12,train,4,2,1,2,1.0,0.5,0.09453120573423074,0.9054687942657693,0.010595826167889288,0.010595826167889288,1.359709921605191,1.359709921605191,0.5,0.010595826167889288,-0.058913171594521696
author_net_shift,min_delta=4;min_shift_pct=100;min_period_authors=4,min_delta,4,min_shift_pct,100.0,min_period_authors,4,7,20,2026-03-12,test,6,4,3,3,0.5,0.25,0.04558726080970055,0.6993581574175981,-0.14482557820570155,-0.014637626077908306,0.2518139847078716,0.08393799490262385,0.3333333333333333,-0.08926842260675348,-0.201836626786563
author_net_shift,min_delta=4;min_shift_pct=100;min_period_authors=5,min_delta,4,min_shift_pct,100.0,min_period_authors,5,7,20,2026-03-12,all,1,1,1,1,1.0,0.0,0.0,0.7934506856227626,-0.012451755639314444,-0.012451755639314444,,,0.0,-0.012451755639314444,
author_net_shift,min_delta=4;min_shift_pct=100;min_period_authors=5,min_delta,4,min_shift_pct,100.0,min_period_authors,5,7,20,2026-03-12,train,0,0,0,0,,,,,,,,,,,
author_net_shift,min_delta=4;min_shift_pct=100;min_period_authors=5,min_delta,4,min_shift_pct,100.0,min_period_authors,5,7,20,2026-03-12,test,1,1,1,1,1.0,0.0,0.0,0.7934506856227626,-0.012451755639314444,-0.012451755639314444,,,0.0,-0.012451755639314444,
author_net_shift,min_delta=4;min_shift_pct=125;min_period_authors=3,min_delta,4,min_shift_pct,125.0,min_period_authors,3,7,20,2026-03-12,all,9,6,5,6,0.3333333333333333,0.6666666666666666,0.299993315138392,0.9032285888942195,0.06099376357962819,0.07725064929762432,8.973375584042577,17.946751168085154,0.6666666666666666,0.06099376357962819,0.03713643630030666
author_net_shift,min_delta=4;min_shift_pct=125;min_period_authors=3,min_delta,4,min_shift_pct,125.0,min_period_authors,3,7,20,2026-03-12,train,4,2,2,2,0.5,1.0,0.34238022750665303,1.0,0.07725064929762432,0.07725064929762432,,,1.0,0.07725064929762432,0.07640511083586354
author_net_shift,min_delta=4;min_shift_pct=125;min_period_authors=3,min_delta,4,min_shift_pct,125.0,min_period_authors,3,7,20,2026-03-12,test,4,3,3,3,0.3333333333333333,0.6666666666666666,0.2076596008020477,0.9385080552796037,0.07548274448414542,0.11240571417196688,17.634656111759302,35.269312223518604,0.6666666666666666,0.07548274448414542,0.034368475297170804
author_net_shift,min_delta=4;min_shift_pct=125;min_period_authors=4,min_delta,4,min_shift_pct,125.0,min_period_authors,4,7,20,2026-03-12,all,1,1,1,1,1.0,1.0,0.20654931437723745,1.0,0.07640511083586354,0.07640511083586354,,,1.0,0.07640511083586354,
author_net_shift,min_delta=4;min_shift_pct=125;min_period_authors=4,min_delta,4,min_shift_pct,125.0,min_period_authors,4,7,20,2026-03-12,train,1,1,1,1,1.0,1.0,0.20654931437723745,1.0,0.07640511083586354,0.07640511083586354,,,1.0,0.07640511083586354,
author_net_shift,min_delta=4;min_shift_pct=125;min_period_authors=4,min_delta,4,min_shift_pct,125.0,min_period_authors,4,7,20,2026-03-12,test,0,0,0,0,,,,,,,,,,,
author_net_shift,min_delta=4;min_shift_pct=125;min_period_authors=5,min_delta,4,min_shift_pct,125.0,min_period_authors,5,7,20,2026-03-12,all,0,0,0,0,,,,,,,,,,,
author_net_shift,min_delta=4;min_shift_pct=125;min_period_authors=5,min_delta,4,min_shift_pct,125.0,min_period_authors,5,7,20,2026-03-12,train,0,0,0,0,,,,,,,,,,,
author_net_shift,min_delta=4;min_shift_pct=125;min_period_authors=5,min_delta,4,min_shift_pct,125.0,min_period_authors,5,7,20,2026-03-12,test,0,0,0,0,,,,,,,,,,,
author_net_shift,min_delta=5;min_shift_pct=50;min_period_authors=3,min_delta,5,min_shift_pct,50.0,min_period_authors,3,7,20,2026-03-12,all,16,13,7,7,0.23076923076923078,0.46153846153846156,0.23206067809538303,0.7085620428549398,-0.036451502352600376,-0.014986950569915725,0.653014634983022,0.5597268299854475,0.5714285714285714,0.010566196327584586,-0.016757679766179034
author_net_shift,min_delta=5;min_shift_pct=50;min_period_authors=3,min_delta,5,min_shift_pct,50.0,min_period_authors,3,7,20,2026-03-12,train,4,3,2,3,0.6666666666666666,1.0,0.4385029682449546,1.0,0.0641642909812864,0.0780961877593851,,,1.0,0.0641642909812864,0.049216825218737256
author_net_shift,min_delta=5;min_shift_pct=50;min_period_authors=3,min_delta,5,min_shift_pct,50.0,min_period_authors,3,7,20,2026-03-12,test,11,9,7,3,0.2222222222222222,0.3333333333333333,0.1205838183869109,0.6457978644196036,-0.07237505032863871,-0.021777429605261522,0.7725194754893461,0.38625973774467304,0.3333333333333333,-0.03451418269361712,-0.0839247819592955
author_net_shift,min_delta=5;min_shift_pct=50;min_period_authors=4,min_delta,5,min_shift_pct,50.0,min_period_authors,4,7,20,2026-03-12,all,10,8,5,6,0.375,0.5,0.21521606221387757,0.7847839377861224,-0.027001063230889966,0.012451326156501685,0.6894347846187774,0.6894347846187774,0.6666666666666666,0.04023683499422635,-0.030584161636335774
author_net_shift,min_delta=5;min_shift_pct=50;min_period_authors=4,min_delta,5,min_shift_pct,50.0,min_period_authors,4,7,20,2026-03-12,train,2,2,1,2,1.0,1.0,0.34238022750665303,1.0,0.05719834259223705,0.05719834259223705,,,1.0,0.05719834259223705,0.03429186125417383
author_net_shift,min_delta=5;min_shift_pct=50;min_period_authors=4,min_delta,5,min_shift_pct,50.0,min_period_authors,4,7,20,2026-03-12,test,8,6,5,4,0.3333333333333333,0.3333333333333333,0.09677141110578041,0.700006684861608,-0.05506753183859897,-0.014637626077908306,1.0499229748996557,0.5249614874498278,0.5,0.031756081195221005,-0.07950783737896927
author_net_shift,min_delta=5;min_shift_pct=50;min_period_authors=5,min_delta,5,min_shift_pct,50.0,min_period_authors,5,7,20,2026-03-12,all,2,2,2,2,0.5,0.5,0.09453120573423074,0.9054687942657693,0.027343133842177902,0.027343133842177902,5.391851982036379,5.391851982036379,0.5,0.027343133842177902,-0.012451755639314437
author_net_shift,min_delta=5;min_shift_pct=50;min_period_authors=5,min_delta,5,min_shift_pct,50.0,min_period_authors,5,7,20,2026-03-12,train,0,0,0,0,,,,,,,,,,,
author_net_shift,min_delta=5;min_shift_pct=50;min_period_authors=5,min_delta,5,min_shift_pct,50.0,min_period_authors,5,7,20,2026-03-12,test,2,2,2,2,0.5,0.5,0.09453120573423074,0.9054687942657693,0.027343133842177902,0.027343133842177902,5.391851982036379,5.391851982036379,0.5,0.027343133842177902,-0.012451755639314437
author_net_shift,min_delta=5;min_shift_pct=75;min_period_authors=3,min_delta,5,min_shift_pct,75.0,min_period_authors,3,7,20,2026-03-12,all,15,12,6,7,0.25,0.4166666666666667,0.19326031365875665,0.6804886874504503,-0.06549306967405354,-0.01743649689228094,0.3777242379083414,0.26980302707738674,0.5714285714285714,-0.014865350286988507,-0.05794524624579201
author_net_shift,min_delta=5;min_shift_pct=75;min_period_authors=3,min_delta,5,min_shift_pct,75.0,min_period_authors,3,7,20,2026-03-12,train,4,3,2,3,0.6666666666666666,1.0,0.4385029682449546,1.0,0.0641642909812864,0.0780961877593851,,,1.0,0.0641642909812864,0.049216825218737256
author_net_shift,min_delta=5;min_shift_pct=75;min_period_authors=3,min_delta,5,min_shift_pct,75.0,min_period_authors,3,7,20,2026-03-12,test,10,8,6,3,0.25,0.25,0.071479212752109,0.5907245696898311,-0.12042784480782324,-0.04246380665944338,0.276725732801299,0.09224191093376632,0.3333333333333333,-0.09385445812762101,-0.1746333611615381
author_net_shift,min_delta=5;min_shift_pct=75;min_period_authors=4,min_delta,5,min_shift_pct,75.0,min_period_authors,4,7,20,2026-03-12,all,9,7,4,5,0.42857142857142855,0.42857142857142855,0.15821985525146975,0.7495416354723428,-0.07543654447885105,-0.009389208941170457,0.32105364775530293,0.24079023581647718,0.6,-0.014125259107895898,-0.06971810426684727
author_net_shift,min_delta=5;min_shift_pct=75;min_period_authors=4,min_delta,5,min_shift_pct,75.0,min_period_authors,4,7,20,2026-03-12,train,2,2,1,2,1.0,1.0,0.34238022750665303,1.0,0.05719834259223705,0.05719834259223705,,,1.0,0.05719834259223705,0.03429186125417383
author_net_shift,min_delta=5;min_shift_pct=75;min_period_authors=4,min_delta,5,min_shift_pct,75.0,min_period_authors,4,7,20,2026-03-12,test,7,5,4,3,0.4,0.2,0.03622410863243014,0.6244653702374747,-0.1284904993072863,-0.019886043214646154,0.3052677545901103,0.07631693864752757,0.3333333333333333,-0.06167432690798453,-0.14711926143487747
author_net_shift,min_delta=5;min_shift_pct=75;min_period_authors=5,min_delta,5,min_shift_pct,75.0,min_period_authors,5,7,20,2026-03-12,all,1,1,1,1,1.0,0.0,0.0,0.7934506856227626,-0.012451755639314444,-0.012451755639314444,,,0.0,-0.012451755639314444,
author_net_shift,min_delta=5;min_shift_pct=75;min_period_authors=5,min_delta,5,min_shift_pct,75.0,min_period_authors,5,7,20,2026-03-12,train,0,0,0,0,,,,,,,,,,,
author_net_shift,min_delta=5;min_shift_pct=75;min_period_authors=5,min_delta,5,min_shift_pct,75.0,min_period_authors,5,7,20,2026-03-12,test,1,1,1,1,1.0,0.0,0.0,0.7934506856227626,-0.012451755639314444,-0.012451755639314444,,,0.0,-0.012451755639314444,
author_net_shift,min_delta=5;min_shift_pct=100;min_period_authors=3,min_delta,5,min_shift_pct,100.0,min_period_authors,3,7,20,2026-03-12,all,12,10,5,7,0.3,0.5,0.236593090512564,0.7634069094874361,-0.05066030366453543,0.009652455342129052,0.36435793036972425,0.36435793036972425,0.5714285714285714,-0.017551675274207933,-0.06203700524103099
author_net_shift,min_delta=5;min_shift_pct=100;min_period_authors=3,min_delta,5,min_shift_pct,100.0,min_period_authors,3,7,20,2026-03-12,train,4,3,2,3,0.6666666666666666,1.0,0.4385029682449546,1.0,0.0641642909812864,0.0780961877593851,,,1.0,0.0641642909812864,0.049216825218737256
author_net_shift,min_delta=5;min_shift_pct=100;min_period_authors=3,min_delta,5,min_shift_pct,100.0,min_period_authors,3,7,20,2026-03-12,test,7,6,4,3,0.3333333333333333,0.3333333333333333,0.09677141110578041,0.700006684861608,-0.11401815983654963,-0.020831736409953838,0.25037691671318085,0.12518845835659043,0.3333333333333333,-0.10012254976446633,-0.18307051425645948
author_net_shift,min_delta=5;min_shift_pct=100;min_period_authors=4,min_delta,5,min_shift_pct,100.0,min_period_authors,4,7,20,2026-03-12,all,7,6,3,5,0.5,0.5,0.1876163064826506,0.8123836935173494,-0.07748427127305535,0.012451326156501685,0.26483569630475273,0.26483569630475273,0.6,-0.030681716527157267,-0.10238319255715725
author_net_shift,min_delta=5;min_shift_pct=100;min_period_authors=4,min_delta,5,min_shift_pct,100.0,min_period_authors,4,7,20,2026-03-12,train,2,2,1,2,1.0,1.0,0.34238022750665303,1.0,0.05719834259223705,0.05719834259223705,,,1.0,0.05719834259223705,0.03429186125417383
author_net_shift,min_delta=5;min_shift_pct=100;min_period_authors=4,min_delta,5,min_shift_pct,100.0,min_period_authors,4,7,20,2026-03-12,test,5,4,3,3,0.5,0.25,0.04558726080970055,0.6993581574175981,-0.14482557820570155,-0.014637626077908306,0.2518139847078716,0.08393799490262385,0.3333333333333333,-0.08926842260675348,-0.201836626786563
author_net_shift,min_delta=5;min_shift_pct=100;min_period_authors=5,min_delta,5,min_shift_pct,100.0,min_period_authors,5,7,20,2026-03-12,all,1,1,1,1,1.0,0.0,0.0,0.7934506856227626,-0.012451755639314444,-0.012451755639314444,,,0.0,-0.012451755639314444,
author_net_shift,min_delta=5;min_shift_pct=100;min_period_authors=5,min_delta,5,min_shift_pct,100.0,min_period_authors,5,7,20,2026-03-12,train,0,0,0,0,,,,,,,,,,,
author_net_shift,min_delta=5;min_shift_pct=100;min_period_authors=5,min_delta,5,min_shift_pct,100.0,min_period_authors,5,7,20,2026-03-12,test,1,1,1,1,1.0,0.0,0.0,0.7934506856227626,-0.012451755639314444,-0.012451755639314444,,,0.0,-0.012451755639314444,
author_net_shift,min_delta=5;min_shift_pct=125;min_period_authors=3,min_delta,5,min_shift_pct,125.0,min_period_authors,3,7,20,2026-03-12,all,5,4,4,4,0.25,0.75,0.30064184258240184,0.9544127391902995,0.04549994427767476,0.05944526996061483,4.38129439700782,13.14388319102346,0.75,0.04549994427767476,0.023733387056300227
author_net_shift,min_delta=5;min_shift_pct=125;min_period_authors=3,min_delta,5,min_shift_pct,125.0,min_period_authors,3,7,20,2026-03-12,train,3,2,2,2,0.5,1.0,0.34238022750665303,1.0,0.07725064929762432,0.07725064929762432,,,1.0,0.07725064929762432,0.07640511083586354
author_net_shift,min_delta=5;min_shift_pct=125;min_period_authors=3,min_delta,5,min_shift_pct,125.0,min_period_authors,3,7,20,2026-03-12,test,1,1,1,1,1.0,1.0,0.20654931437723745,1.0,0.04248542908536612,0.04248542908536612,,,1.0,0.04248542908536612,
author_net_shift,min_delta=5;min_shift_pct=125;min_period_authors=4,min_delta,5,min_shift_pct,125.0,min_period_authors,4,7,20,2026-03-12,all,1,1,1,1,1.0,1.0,0.20654931437723745,1.0,0.07640511083586354,0.07640511083586354,,,1.0,0.07640511083586354,
author_net_shift,min_delta=5;min_shift_pct=125;min_period_authors=4,min_delta,5,min_shift_pct,125.0,min_period_authors,4,7,20,2026-03-12,train,1,1,1,1,1.0,1.0,0.20654931437723745,1.0,0.07640511083586354,0.07640511083586354,,,1.0,0.07640511083586354,
author_net_shift,min_delta=5;min_shift_pct=125;min_period_authors=4,min_delta,5,min_shift_pct,125.0,min_period_authors,4,7,20,2026-03-12,test,0,0,0,0,,,,,,,,,,,
author_net_shift,min_delta=5;min_shift_pct=125;min_period_authors=5,min_delta,5,min_shift_pct,125.0,min_period_authors,5,7,20,2026-03-12,all,0,0,0,0,,,,,,,,,,,
author_net_shift,min_delta=5;min_shift_pct=125;min_period_authors=5,min_delta,5,min_shift_pct,125.0,min_period_authors,5,7,20,2026-03-12,train,0,0,0,0,,,,,,,,,,,
author_net_shift,min_delta=5;min_shift_pct=125;min_period_authors=5,min_delta,5,min_shift_pct,125.0,min_period_authors,5,7,20,2026-03-12,test,0,0,0,0,,,,,,,,,,,
author_net_shift,min_delta=6;min_shift_pct=50;min_period_authors=3,min_delta,6,min_shift_pct,50.0,min_period_authors,3,7,20,2026-03-12,all,10,9,6,6,0.3333333333333333,0.4444444444444444,0.18877852109766452,0.733348706504507,-0.06797394070196738,-0.012451755639314444,0.36509168680870213,0.29207334944696167,0.5,-0.032596008536262225,-0.08818564510776095
author_net_shift,min_delta=6;min_shift_pct=50;min_period_authors=3,min_delta,6,min_shift_pct,50.0,min_period_authors,3,7,20,2026-03-12,train,2,2,2,2,0.5,1.0,0.34238022750665303,1.0,0.07725064929762432,0.07725064929762432,,,1.0,0.07725064929762432,0.07640511083586354
author_net_shift,min_delta=6;min_shift_pct=50;min_period_authors=3,min_delta,6,min_shift_pct,50.0,min_period_authors,3,7,20,2026-03-12,test,8,7,5,4,0.42857142857142855,0.2857142857142857,0.08221892400405678,0.6410655481673808,-0.10946668070185073,-0.021777429605261522,0.28321638691016704,0.11328655476406682,0.25,-0.0875193374532055,-0.15614023820638573
author_net_shift,min_delta=6;min_shift_pct=50;min_period_authors=4,min_delta,6,min_shift_pct,50.0,min_period_authors,4,7,20,2026-03-12,all,5,4,4,3,0.25,0.25,0.04558726080970055,0.6993581574175981,-0.15057621882688038,-0.03780096967646984,0.3377220568243803,0.11257401894146009,0.3333333333333333,-0.08972525335182874,-0.21410098205441502
author_net_shift,min_delta=6;min_shift_pct=50;min_period_authors=4,min_delta,6,min_shift_pct,50.0,min_period_authors,4,7,20,2026-03-12,train,1,1,1,1,1.0,1.0,0.20654931437723745,1.0,0.07640511083586354,0.07640511083586354,,,1.0,0.07640511083586354,
author_net_shift,min_delta=6;min_shift_pct=50;min_period_authors=4,min_delta,6,min_shift_pct,50.0,min_period_authors,4,7,20,2026-03-12,test,4,3,3,2,0.3333333333333333,0.0,5.551115123125783e-17,0.5614970317550454,-0.22623666204779502,-0.06315018371362524,,,0.0,-0.17279043544567488,-0.3331291152520353
author_net_shift,min_delta=6;min_shift_pct=50;min_period_authors=5,min_delta,6,min_shift_pct,50.0,min_period_authors,5,7,20,2026-03-12,all,1,1,1,1,1.0,0.0,0.0,0.7934506856227626,-0.012451755639314444,-0.012451755639314444,,,0.0,-0.012451755639314444,
author_net_shift,min_delta=6;min_shift_pct=50;min_period_authors=5,min_delta,6,min_shift_pct,50.0,min_period_authors,5,7,20,2026-03-12,train,0,0,0,0,,,,,,,,,,,
author_net_shift,min_delta=6;min_shift_pct=50;min_period_authors=5,min_delta,6,min_shift_pct,50.0,min_period_authors,5,7,20,2026-03-12,test,1,1,1,1,1.0,0.0,0.0,0.7934506856227626,-0.012451755639314444,-0.012451755639314444,,,0.0,-0.012451755639314444,
author_net_shift,min_delta=6;min_shift_pct=75;min_period_authors=3,min_delta,6,min_shift_pct,75.0,min_period_authors,3,7,20,2026-03-12,all,10,9,6,6,0.3333333333333333,0.4444444444444444,0.18877852109766452,0.733348706504507,-0.06797394070196738,-0.012451755639314444,0.36509168680870213,0.29207334944696167,0.5,-0.032596008536262225,-0.08818564510776095
author_net_shift,min_delta=6;min_shift_pct=75;min_period_authors=3,min_delta,6,min_shift_pct,75.0,min_period_authors,3,7,20,2026-03-12,train,2,2,2,2,0.5,1.0,0.34238022750665303,1.0,0.07725064929762432,0.07725064929762432,,,1.0,0.07725064929762432,0.07640511083586354
author_net_shift,min_delta=6;min_shift_pct=75;min_period_authors=3,min_delta,6,min_shift_pct,75.0,min_period_authors,3,7,20,2026-03-12,test,8,7,5,4,0.42857142857142855,0.2857142857142857,0.08221892400405678,0.6410655481673808,-0.10946668070185073,-0.021777429605261522,0.28321638691016704,0.11328655476406682,0.25,-0.0875193374532055,-0.15614023820638573
author_net_shift,min_delta=6;min_shift_pct=75;min_period_authors=4,min_delta,6,min_shift_pct,75.0,min_period_authors,4,7,20,2026-03-12,all,5,4,4,3,0.25,0.25,0.04558726080970055,0.6993581574175981,-0.15057621882688038,-0.03780096967646984,0.3377220568243803,0.11257401894146009,0.3333333333333333,-0.08972525335182874,-0.21410098205441502
author_net_shift,min_delta=6;min_shift_pct=75;min_period_authors=4,min_delta,6,min_shift_pct,75.0,min_period_authors,4,7,20,2026-03-12,train,1,1,1,1,1.0,1.0,0.20654931437723745,1.0,0.07640511083586354,0.07640511083586354,,,1.0,0.07640511083586354,
author_net_shift,min_delta=6;min_shift_pct=75;min_period_authors=4,min_delta,6,min_shift_pct,75.0,min_period_authors,4,7,20,2026-03-12,test,4,3,3,2,0.3333333333333333,0.0,5.551115123125783e-17,0.5614970317550454,-0.22623666204779502,-0.06315018371362524,,,0.0,-0.17279043544567488,-0.3331291152520353
author_net_shift,min_delta=6;min_shift_pct=75;min_period_authors=5,min_delta,6,min_shift_pct,75.0,min_period_authors,5,7,20,2026-03-12,all,1,1,1,1,1.0,0.0,0.0,0.7934506856227626,-0.012451755639314444,-0.012451755639314444,,,0.0,-0.012451755639314444,
author_net_shift,min_delta=6;min_shift_pct=75;min_period_authors=5,min_delta,6,min_shift_pct,75.0,min_period_authors,5,7,20,2026-03-12,train,0,0,0,0,,,,,,,,,,,
author_net_shift,min_delta=6;min_shift_pct=75;min_period_authors=5,min_delta,6,min_shift_pct,75.0,min_period_authors,5,7,20,2026-03-12,test,1,1,1,1,1.0,0.0,0.0,0.7934506856227626,-0.012451755639314444,-0.012451755639314444,,,0.0,-0.012451755639314444,
author_net_shift,min_delta=6;min_shift_pct=100;min_period_authors=3,min_delta,6,min_shift_pct,100.0,min_period_authors,3,7,20,2026-03-12,all,7,7,5,5,0.42857142857142855,0.5714285714285714,0.2504583645276572,0.8417801447485302,-0.04204380596799795,0.04248542908536612,0.3462548571884252,0.4616731429179003,0.6,0.0067078765007876125,-0.03901310431129274
author_net_shift,min_delta=6;min_shift_pct=100;min_period_authors=3,min_delta,6,min_shift_pct,100.0,min_period_authors,3,7,20,2026-03-12,train,2,2,2,2,0.5,1.0,0.34238022750665303,1.0,0.07725064929762432,0.07725064929762432,,,1.0,0.07725064929762432,0.07640511083586354
author_net_shift,min_delta=6;min_shift_pct=100;min_period_authors=3,min_delta,6,min_shift_pct,100.0,min_period_authors,3,7,20,2026-03-12,test,5,5,3,3,0.6,0.4,0.11762077423264783,0.769275718723987,-0.08976158807424686,-0.012451755639314444,0.26860389635326054,0.179069264235507,0.3333333333333333,-0.04032063869710353,-0.10515262995772615
author_net_shift,min_delta=6;min_shift_pct=100;min_period_authors=4,min_delta,6,min_shift_pct,100.0,min_period_authors,4,7,20,2026-03-12,all,3,3,3,3,0.3333333333333333,0.3333333333333333,0.06149194472039621,0.7923403991979522,-0.17971823053129876,-0.012451755639314444,0.248245939823473,0.1241229699117365,0.3333333333333333,-0.17971823053129876,-0.392961509490576
author_net_shift,min_delta=6;min_shift_pct=100;min_period_authors=4,min_delta,6,min_shift_pct,100.0,min_period_authors,4,7,20,2026-03-12,train,1,1,1,1,1.0,1.0,0.20654931437723745,1.0,0.07640511083586354,0.07640511083586354,,,1.0,0.07640511083586354,
author_net_shift,min_delta=6;min_shift_pct=100;min_period_authors=4,min_delta,6,min_shift_pct,100.0,min_period_authors,4,7,20,2026-03-12,test,2,2,2,2,0.5,0.0,0.0,0.6576197724933469,-0.3077799012148799,-0.3077799012148799,,,0.0,-0.3077799012148799,-0.6031080467904453
author_net_shift,min_delta=6;min_shift_pct=100;min_period_authors=5,min_delta,6,min_shift_pct,100.0,min_period_authors,5,7,20,2026-03-12,all,1,1,1,1,1.0,0.0,0.0,0.7934506856227626,-0.012451755639314444,-0.012451755639314444,,,0.0,-0.012451755639314444,
author_net_shift,min_delta=6;min_shift_pct=100;min_period_authors=5,min_delta,6,min_shift_pct,100.0,min_period_authors,5,7,20,2026-03-12,train,0,0,0,0,,,,,,,,,,,
author_net_shift,min_delta=6;min_shift_pct=100;min_period_authors=5,min_delta,6,min_shift_pct,100.0,min_period_authors,5,7,20,2026-03-12,test,1,1,1,1,1.0,0.0,0.0,0.7934506856227626,-0.012451755639314444,-0.012451755639314444,,,0.0,-0.012451755639314444,
author_net_shift,min_delta=6;min_shift_pct=125;min_period_authors=3,min_delta,6,min_shift_pct,125.0,min_period_authors,3,7,20,2026-03-12,all,3,3,3,3,0.3333333333333333,1.0,0.4385029682449546,1.0,0.06566224256020492,0.07640511083586354,,,1.0,0.06566224256020492,0.05406355804534263
author_net_shift,min_delta=6;min_shift_pct=125;min_period_authors=3,min_delta,6,min_shift_pct,125.0,min_period_authors,3,7,20,2026-03-12,train,2,2,2,2,0.5,1.0,0.34238022750665303,1.0,0.07725064929762432,0.07725064929762432,,,1.0,0.07725064929762432,0.07640511083586354
author_net_shift,min_delta=6;min_shift_pct=125;min_period_authors=3,min_delta,6,min_shift_pct,125.0,min_period_authors,3,7,20,2026-03-12,test,1,1,1,1,1.0,1.0,0.20654931437723745,1.0,0.04248542908536612,0.04248542908536612,,,1.0,0.04248542908536612,
author_net_shift,min_delta=6;min_shift_pct=125;min_period_authors=4,min_delta,6,min_shift_pct,125.0,min_period_authors,4,7,20,2026-03-12,all,1,1,1,1,1.0,1.0,0.20654931437723745,1.0,0.07640511083586354,0.07640511083586354,,,1.0,0.07640511083586354,
author_net_shift,min_delta=6;min_shift_pct=125;min_period_authors=4,min_delta,6,min_shift_pct,125.0,min_period_authors,4,7,20,2026-03-12,train,1,1,1,1,1.0,1.0,0.20654931437723745,1.0,0.07640511083586354,0.07640511083586354,,,1.0,0.07640511083586354,
author_net_shift,min_delta=6;min_shift_pct=125;min_period_authors=4,min_delta,6,min_shift_pct,125.0,min_period_authors,4,7,20,2026-03-12,test,0,0,0,0,,,,,,,,,,,
author_net_shift,min_delta=6;min_shift_pct=125;min_period_authors=5,min_delta,6,min_shift_pct,125.0,min_period_authors,5,7,20,2026-03-12,all,0,0,0,0,,,,,,,,,,,
author_net_shift,min_delta=6;min_shift_pct=125;min_period_authors=5,min_delta,6,min_shift_pct,125.0,min_period_authors,5,7,20,2026-03-12,train,0,0,0,0,,,,,,,,,,,
author_net_shift,min_delta=6;min_shift_pct=125;min_period_authors=5,min_delta,6,min_shift_pct,125.0,min_period_authors,5,7,20,2026-03-12,test,0,0,0,0,,,,,,,,,,,
high_low_divergence,min_contrast=1.5;min_top_authors=2;min_bottom_authors=2,min_contrast,1.5,min_top_authors,2,min_bottom_authors,2,7,20,2026-03-12,all,46,32,18,9,0.125,0.5625,0.3932559113685198,0.7183466888495963,0.05601747146973639,0.01023902877029087,3.1194988688061844,4.010784259893666,0.7777777777777778,0.05929794083203843,0.03297912253964301
high_low_divergence,min_contrast=1.5;min_top_authors=2;min_bottom_authors=2,min_contrast,1.5,min_top_authors,2,min_bottom_authors,2,7,20,2026-03-12,train,19,14,13,5,0.14285714285714285,0.6428571428571429,0.38764423103907397,0.8365526824644587,0.05288698922437997,0.025197072945843446,3.2722365071302395,5.890025712834431,1.0,0.05939393479448788,0.040834896327660734
high_low_divergence,min_contrast=1.5;min_top_authors=2;min_bottom_authors=2,min_contrast,1.5,min_top_authors,2,min_bottom_authors,2,7,20,2026-03-12,test,22,16,8,4,0.1875,0.5,0.27999563610326017,0.7200043638967398,0.054768925374373535,-0.000583798000008573,3.1457311457843886,3.1457311457843886,0.5,0.05294960664075194,-0.008369853942006351
high_low_divergence,min_contrast=1.5;min_top_authors=2;min_bottom_authors=3,min_contrast,1.5,min_top_authors,2,min_bottom_authors,3,7,20,2026-03-12,all,9,9,6,4,0.3333333333333333,0.4444444444444444,0.18877852109766452,0.733348706504507,-0.002247425068579322,-0.009741556152790931,1.0401364879159283,0.8321091903327428,0.25,-0.005817420130377444,-0.015700343603977786
high_low_divergence,min_contrast=1.5;min_top_authors=2;min_bottom_authors=3,min_contrast,1.5,min_top_authors,2,min_bottom_authors,3,7,20,2026-03-12,train,3,3,3,2,0.3333333333333333,0.3333333333333333,0.06149194472039621,0.7923403991979522,-0.012252755038288043,-0.010009654101843735,0.26946275832721095,0.13473137916360547,0.0,-0.011691979804176966,-0.013374305506510198
high_low_divergence,min_contrast=1.5;min_top_authors=2;min_bottom_authors=3,min_contrast,1.5,min_top_authors,2,min_bottom_authors,3,7,20,2026-03-12,test,5,5,3,2,0.4,0.4,0.11762077423264783,0.769275718723987,-0.0009285269970287002,-0.009741556152790931,1.410711875544771,0.940474583696514,0.5,-0.005700923788128578,-0.029562907743627957
high_low_divergence,min_contrast=1.5;min_top_authors=2;min_bottom_authors=4,min_contrast,1.5,min_top_authors,2,min_bottom_authors,4,7,20,2026-03-12,all,5,5,5,3,0.2,0.4,0.11762077423264783,0.769275718723987,-0.002620567782362726,-0.016272139838660937,1.2093113351288691,0.8062075567525794,0.3333333333333333,-0.004895829791745761,-0.010741814401784684
high_low_divergence,min_contrast=1.5;min_top_authors=2;min_bottom_authors=4,min_contrast,1.5,min_top_authors,2,min_bottom_authors,4,7,20,2026-03-12,train,1,1,1,1,1.0,0.0,0.0,0.7934506856227626,-0.03247225756084027,-0.03247225756084027,,,0.0,-0.03247225756084027,
high_low_divergence,min_contrast=1.5;min_top_authors=2;min_bottom_authors=4,min_contrast,1.5,min_top_authors,2,min_bottom_authors,4,7,20,2026-03-12,test,3,3,3,2,0.3333333333333333,0.3333333333333333,0.06149194472039621,0.7923403991979522,-0.0033378702330382204,-0.016272139838660937,1.4300812749384386,0.7150406374692193,0.5,-0.0065714376344439,-0.016272139838660937
high_low_divergence,min_contrast=1.5;min_top_authors=3;min_bottom_authors=2,min_contrast,1.5,min_top_authors,3,min_bottom_authors,2,7,20,2026-03-12,all,29,19,10,9,0.21052631578947367,0.5789473684210527,0.3627590353425504,0.7685810871754576,0.060467651000618655,0.007886825675577969,3.5127364816050206,4.8300126622069035,0.6666666666666666,0.0444060146550129,0.003499780268784551
high_low_divergence,min_contrast=1.5;min_top_authors=3;min_bottom_authors=2,min_contrast,1.5,min_top_authors,3,min_bottom_authors,2,7,20,2026-03-12,train,11,7,6,5,0.2857142857142857,0.7142857142857143,0.35893445183261935,0.9177810759959433,0.03933053026588486,0.016535131072776155,2.3625461127504903,5.906365281876226,0.8,0.03399339001805117,0.009926247981013981
high_low_divergence,min_contrast=1.5;min_top_authors=3;min_bottom_authors=2,min_contrast,1.5,min_top_authors,3,min_bottom_authors,2,7,20,2026-03-12,test,15,10,6,4,0.3,0.5,0.236593090512564,0.7634069094874361,0.0836487452624285,-0.000583798000008573,5.016100129545154,5.016100129545154,0.5,0.0564952062696101,-0.03837343948164643
high_low_divergence,min_contrast=1.5;min_top_authors=3;min_bottom_authors=3,min_contrast,1.5,min_top_authors,3,min_bottom_authors,3,7,20,2026-03-12,all,6,6,4,4,0.5,0.5,0.1876163064826506,0.8123836935173494,0.0009978171340133495,-0.0020089548024855297,1.0865966896538448,1.0865966896538448,0.5,0.005525237508100314,-0.011204313540902698
high_low_divergence,min_contrast=1.5;min_top_authors=3;min_bottom_authors=3,min_contrast,1.5,min_top_authors,3,min_bottom_authors,3,7,20,2026-03-12,train,2,2,2,2,0.5,0.5,0.09453120573423074,0.9054687942657693,-0.0021430037770119315,-0.0021430037770119315,0.5718126210540683,0.5718126210540683,0.5,-0.0021430037770119315,-0.010009654101843735
high_low_divergence,min_contrast=1.5;min_top_authors=3;min_bottom_authors=3,min_contrast,1.5,min_top_authors,3,min_bottom_authors,3,7,20,2026-03-12,test,3,3,2,2,0.6666666666666666,0.3333333333333333,0.06149194472039621,0.7923403991979522,-0.0036337213748965924,-0.009741556152790931,1.6312553481130614,0.8156276740565307,0.5,0.009330871809469093,-0.029562907743627957
high_low_divergence,min_contrast=1.5;min_top_authors=3;min_bottom_authors=4,min_contrast,1.5,min_top_authors,3,min_bottom_authors,4,7,20,2026-03-12,all,2,2,2,2,0.5,0.5,0.09453120573423074,0.9054687942657693,0.006555444754740181,0.006555444754740181,1.8057262068465163,1.8057262068465163,0.5,0.006555444754740181,-0.016272139838660934
high_low_divergence,min_contrast=1.5;min_top_authors=3;min_bottom_authors=4,min_contrast,1.5,min_top_authors,3,min_bottom_authors,4,7,20,2026-03-12,train,0,0,0,0,,,,,,,,,,,
high_low_divergence,min_contrast=1.5;min_top_authors=3;min_bottom_authors=4,min_contrast,1.5,min_top_authors,3,min_bottom_authors,4,7,20,2026-03-12,test,1,1,1,1,1.0,0.0,0.0,0.7934506856227626,-0.016272139838660937,-0.016272139838660937,,,0.0,-0.016272139838660937,
high_low_divergence,min_contrast=1.5;min_top_authors=4;min_bottom_authors=2,min_contrast,1.5,min_top_authors,4,min_bottom_authors,2,7,20,2026-03-12,all,20,11,5,9,0.2727272727272727,0.45454545454545453,0.21271271622459764,0.719908462590678,0.03128826767608142,-0.010009654101843735,2.7815660315334694,2.3179716929445577,0.5555555555555556,0.02231214105472222,-0.004261612665280457
high_low_divergence,min_contrast=1.5;min_top_authors=4;min_bottom_authors=2,min_contrast,1.5,min_top_authors,4,min_bottom_authors,2,7,20,2026-03-12,train,8,5,4,5,0.4,0.6,0.2307242812760128,0.882379225767352,0.014229133058050025,0.016535131072776155,1.5119245357748106,2.267886803662216,0.6,0.014229133058050025,-0.005421293496142118
high_low_divergence,min_contrast=1.5;min_top_authors=4;min_bottom_authors=2,min_contrast,1.5,min_top_authors,4,min_bottom_authors,2,7,20,2026-03-12,test,11,6,3,4,0.5,0.3333333333333333,0.09677141110578041,0.700006684861608,0.04550421319110759,-0.01943221059157113,4.663359226609593,2.3316796133047966,0.5,0.03241590105056247,-0.027016155126160714
high_low_divergence,min_contrast=1.5;min_top_authors=4;min_bottom_authors=3,min_contrast,1.5,min_top_authors,4,min_bottom_authors,3,7,20,2026-03-12,all,3,3,2,3,0.6666666666666666,0.3333333333333333,0.06149194472039621,0.7923403991979522,0.00047428807605302364,-0.009741556152790931,2.1440786878186557,1.0720393439093279,0.3333333333333333,0.00047428807605302364,-0.009875894484190175
high_low_divergence,min_contrast=1.5;min_top_authors=4;min_bottom_authors=3,min_contrast,1.5,min_top_authors,4,min_bottom_authors,3,7,20,2026-03-12,train,1,1,1,1,1.0,0.0,0.0,0.7934506856227626,-0.010009654101843735,-0.010009654101843735,,,0.0,-0.010009654101843735,
high_low_divergence,min_contrast=1.5;min_top_authors=4;min_bottom_authors=3,min_contrast,1.5,min_top_authors,4,min_bottom_authors,3,7,20,2026-03-12,test,1,1,1,1,1.0,0.0,0.0,0.7934506856227626,-0.009741556152790931,-0.009741556152790931,,,0.0,-0.009741556152790931,
high_low_divergence,min_contrast=1.5;min_top_authors=4;min_bottom_authors=4,min_contrast,1.5,min_top_authors,4,min_bottom_authors,4,7,20,2026-03-12,all,1,1,1,1,1.0,0.0,0.0,0.7934506856227626,-0.016272139838660937,-0.016272139838660937,,,0.0,-0.016272139838660937,
high_low_divergence,min_contrast=1.5;min_top_authors=4;min_bottom_authors=4,min_contrast,1.5,min_top_authors,4,min_bottom_authors,4,7,20,2026-03-12,train,0,0,0,0,,,,,,,,,,,
high_low_divergence,min_contrast=1.5;min_top_authors=4;min_bottom_authors=4,min_contrast,1.5,min_top_authors,4,min_bottom_authors,4,7,20,2026-03-12,test,1,1,1,1,1.0,0.0,0.0,0.7934506856227626,-0.016272139838660937,-0.016272139838660937,,,0.0,-0.016272139838660937,
high_low_divergence,min_contrast=2.5;min_top_authors=2;min_bottom_authors=2,min_contrast,2.5,min_top_authors,2,min_bottom_authors,2,7,20,2026-03-12,all,39,27,15,8,0.14814814814814814,0.5925925925925926,0.4072670096806468,0.7548524292560443,0.0546050224673204,0.007886825675577969,2.8544096564011103,4.151868591128888,0.75,0.05105112344631603,0.019251520008594973
high_low_divergence,min_contrast=2.5;min_top_authors=2;min_bottom_authors=2,min_contrast,2.5,min_top_authors,2,min_bottom_authors,2,7,20,2026-03-12,train,14,11,10,4,0.18181818181818182,0.7272727272727273,0.43435469882387084,0.902539407099751,0.03999584972442276,0.016535131072776155,2.309679476241251,6.159145269976669,1.0,0.04420904587548068,0.018334549271083047
high_low_divergence,min_contrast=2.5;min_top_authors=2;min_bottom_authors=2,min_contrast,2.5,min_top_authors,2,min_bottom_authors,2,7,20,2026-03-12,test,20,15,7,4,0.2,0.4666666666666667,0.24809535365737387,0.698830199745016,0.054864722845024964,-0.009054421675595115,3.6018511819975036,3.1516197842478157,0.5,0.04933931888933663,-0.015403342124486748
high_low_divergence,min_contrast=2.5;min_top_authors=2;min_bottom_authors=3,min_contrast,2.5,min_top_authors,2,min_bottom_authors,3,7,20,2026-03-12,all,9,9,6,4,0.3333333333333333,0.4444444444444444,0.18877852109766452,0.733348706504507,-0.002247425068579322,-0.009741556152790931,1.0401364879159283,0.8321091903327428,0.25,-0.005817420130377444,-0.015700343603977786
high_low_divergence,min_contrast=2.5;min_top_authors=2;min_bottom_authors=3,min_contrast,2.5,min_top_authors,2,min_bottom_authors,3,7,20,2026-03-12,train,3,3,3,2,0.3333333333333333,0.3333333333333333,0.06149194472039621,0.7923403991979522,-0.012252755038288043,-0.010009654101843735,0.26946275832721095,0.13473137916360547,0.0,-0.011691979804176966,-0.013374305506510198
high_low_divergence,min_contrast=2.5;min_top_authors=2;min_bottom_authors=3,min_contrast,2.5,min_top_authors,2,min_bottom_authors,3,7,20,2026-03-12,test,5,5,3,2,0.4,0.4,0.11762077423264783,0.769275718723987,-0.0009285269970287002,-0.009741556152790931,1.410711875544771,0.940474583696514,0.5,-0.005700923788128578,-0.029562907743627957
high_low_divergence,min_contrast=2.5;min_top_authors=2;min_bottom_authors=4,min_contrast,2.5,min_top_authors,2,min_bottom_authors,4,7,20,2026-03-12,all,5,5,5,3,0.2,0.4,0.11762077423264783,0.769275718723987,-0.002620567782362726,-0.016272139838660937,1.2093113351288691,0.8062075567525794,0.3333333333333333,-0.004895829791745761,-0.010741814401784684
high_low_divergence,min_contrast=2.5;min_top_authors=2;min_bottom_authors=4,min_contrast,2.5,min_top_authors,2,min_bottom_authors,4,7,20,2026-03-12,train,1,1,1,1,1.0,0.0,0.0,0.7934506856227626,-0.03247225756084027,-0.03247225756084027,,,0.0,-0.03247225756084027,
high_low_divergence,min_contrast=2.5;min_top_authors=2;min_bottom_authors=4,min_contrast,2.5,min_top_authors,2,min_bottom_authors,4,7,20,2026-03-12,test,3,3,3,2,0.3333333333333333,0.3333333333333333,0.06149194472039621,0.7923403991979522,-0.0033378702330382204,-0.016272139838660937,1.4300812749384386,0.7150406374692193,0.5,-0.0065714376344439,-0.016272139838660937
high_low_divergence,min_contrast=2.5;min_top_authors=3;min_bottom_authors=2,min_contrast,2.5,min_top_authors,3,min_bottom_authors,2,7,20,2026-03-12,all,25,17,9,7,0.23529411764705882,0.6470588235294118,0.41300363485218694,0.8269027960275627,0.06887733294773594,0.007886825675577969,3.471247989012954,6.363954646523751,0.7142857142857143,0.05610811965813051,0.004811006215101402
high_low_divergence,min_contrast=2.5;min_top_authors=3;min_bottom_authors=2,min_contrast,2.5,min_top_authors,3,min_bottom_authors,2,7,20,2026-03-12,train,8,6,5,3,0.3333333333333333,0.8333333333333334,0.43649717781352987,0.9699466302516935,0.043628502981265506,0.011129388810298013,5.43037090441269,27.151854522063452,1.0,0.050238865405758254,0.02544737582085961
high_low_divergence,min_contrast=2.5;min_top_authors=3;min_bottom_authors=2,min_contrast,2.5,min_top_authors,3,min_bottom_authors,2,7,20,2026-03-12,test,14,10,6,4,0.3,0.5,0.236593090512564,0.7634069094874361,0.0836487452624285,-0.000583798000008573,5.016100129545154,5.016100129545154,0.5,0.0564952062696101,-0.03837343948164643
high_low_divergence,min_contrast=2.5;min_top_authors=3;min_bottom_authors=3,min_contrast,2.5,min_top_authors,3,min_bottom_authors,3,7,20,2026-03-12,all,6,6,4,4,0.5,0.5,0.1876163064826506,0.8123836935173494,0.0009978171340133495,-0.0020089548024855297,1.0865966896538448,1.0865966896538448,0.5,0.005525237508100314,-0.011204313540902698
high_low_divergence,min_contrast=2.5;min_top_authors=3;min_bottom_authors=3,min_contrast,2.5,min_top_authors,3,min_bottom_authors,3,7,20,2026-03-12,train,2,2,2,2,0.5,0.5,0.09453120573423074,0.9054687942657693,-0.0021430037770119315,-0.0021430037770119315,0.5718126210540683,0.5718126210540683,0.5,-0.0021430037770119315,-0.010009654101843735
high_low_divergence,min_contrast=2.5;min_top_authors=3;min_bottom_authors=3,min_contrast,2.5,min_top_authors,3,min_bottom_authors,3,7,20,2026-03-12,test,3,3,2,2,0.6666666666666666,0.3333333333333333,0.06149194472039621,0.7923403991979522,-0.0036337213748965924,-0.009741556152790931,1.6312553481130614,0.8156276740565307,0.5,0.009330871809469093,-0.029562907743627957
high_low_divergence,min_contrast=2.5;min_top_authors=3;min_bottom_authors=4,min_contrast,2.5,min_top_authors,3,min_bottom_authors,4,7,20,2026-03-12,all,2,2,2,2,0.5,0.5,0.09453120573423074,0.9054687942657693,0.006555444754740181,0.006555444754740181,1.8057262068465163,1.8057262068465163,0.5,0.006555444754740181,-0.016272139838660934
high_low_divergence,min_contrast=2.5;min_top_authors=3;min_bottom_authors=4,min_contrast,2.5,min_top_authors,3,min_bottom_authors,4,7,20,2026-03-12,train,0,0,0,0,,,,,,,,,,,
high_low_divergence,min_contrast=2.5;min_top_authors=3;min_bottom_authors=4,min_contrast,2.5,min_top_authors,3,min_bottom_authors,4,7,20,2026-03-12,test,1,1,1,1,1.0,0.0,0.0,0.7934506856227626,-0.016272139838660937,-0.016272139838660937,,,0.0,-0.016272139838660937,
high_low_divergence,min_contrast=2.5;min_top_authors=4;min_bottom_authors=2,min_contrast,2.5,min_top_authors,4,min_bottom_authors,2,7,20,2026-03-12,all,17,9,4,7,0.3333333333333333,0.5555555555555556,0.26665129349549305,0.8112214789023355,0.04805137273829353,0.007886825675577969,2.9642800729552468,3.7053500911940582,0.5714285714285714,0.02771940040824546,-0.015044138351828207
high_low_divergence,min_contrast=2.5;min_top_authors=4;min_bottom_authors=2,min_contrast,2.5,min_top_authors,4,min_bottom_authors,2,7,20,2026-03-12,train,6,3,3,3,0.3333333333333333,0.6666666666666666,0.2076596008020477,0.9385080552796037,0.01820205862424266,0.016535131072776155,3.2276754679599646,6.455350935919929,0.6666666666666666,0.01820205862424266,0.0014121185447562266
high_low_divergence,min_contrast=2.5;min_top_authors=4;min_bottom_authors=2,min_contrast,2.5,min_top_authors,4,min_bottom_authors,2,7,20,2026-03-12,test,10,6,3,4,0.5,0.5,0.1876163064826506,0.8123836935173494,0.06297602979531897,-0.006744680840370054,3.5216496828818595,3.5216496828818595,0.5,0.03485740674624756,-0.04400919684111755
high_low_divergence,min_contrast=2.5;min_top_authors=4;min_bottom_authors=3,min_contrast,2.5,min_top_authors,4,min_bottom_authors,3,7,20,2026-03-12,all,3,3,2,3,0.6666666666666666,0.3333333333333333,0.06149194472039621,0.7923403991979522,0.00047428807605302364,-0.009741556152790931,2.1440786878186557,1.0720393439093279,0.3333333333333333,0.00047428807605302364,-0.009875894484190175
high_low_divergence,min_contrast=2.5;min_top_authors=4;min_bottom_authors=3,min_contrast,2.5,min_top_authors,4,min_bottom_authors,3,7,20,2026-03-12,train,1,1,1,1,1.0,0.0,0.0,0.7934506856227626,-0.010009654101843735,-0.010009654101843735,,,0.0,-0.010009654101843735,
high_low_divergence,min_contrast=2.5;min_top_authors=4;min_bottom_authors=3,min_contrast,2.5,min_top_authors,4,min_bottom_authors,3,7,20,2026-03-12,test,1,1,1,1,1.0,0.0,0.0,0.7934506856227626,-0.009741556152790931,-0.009741556152790931,,,0.0,-0.009741556152790931,
high_low_divergence,min_contrast=2.5;min_top_authors=4;min_bottom_authors=4,min_contrast,2.5,min_top_authors,4,min_bottom_authors,4,7,20,2026-03-12,all,1,1,1,1,1.0,0.0,0.0,0.7934506856227626,-0.016272139838660937,-0.016272139838660937,,,0.0,-0.016272139838660937,
high_low_divergence,min_contrast=2.5;min_top_authors=4;min_bottom_authors=4,min_contrast,2.5,min_top_authors,4,min_bottom_authors,4,7,20,2026-03-12,train,0,0,0,0,,,,,,,,,,,
high_low_divergence,min_contrast=2.5;min_top_authors=4;min_bottom_authors=4,min_contrast,2.5,min_top_authors,4,min_bottom_authors,4,7,20,2026-03-12,test,1,1,1,1,1.0,0.0,0.0,0.7934506856227626,-0.016272139838660937,-0.016272139838660937,,,0.0,-0.016272139838660937,
high_low_divergence,min_contrast=4;min_top_authors=2;min_bottom_authors=2,min_contrast,4.0,min_top_authors,2,min_bottom_authors,2,7,20,2026-03-12,all,33,22,12,8,0.18181818181818182,0.6818181818181818,0.47318597741042745,0.8363940681864375,0.060035475964839664,0.02083100355448464,2.2166517030727495,4.749967935155892,0.75,0.0616179535939641,0.020420299999831054
high_low_divergence,min_contrast=4;min_top_authors=2;min_bottom_authors=2,min_contrast,4.0,min_top_authors,2,min_bottom_authors,2,7,20,2026-03-12,train,13,9,8,4,0.2222222222222222,0.8888888888888888,0.5650002944233439,0.9801091123614551,0.05029798493206085,0.04808069890179556,5.778065777582234,46.22452622065787,1.0,0.05346733897615018,0.03884651795091912
high_low_divergence,min_contrast=4;min_top_authors=2;min_bottom_authors=2,min_contrast,4.0,min_top_authors,2,min_bottom_authors,2,7,20,2026-03-12,test,16,13,7,4,0.23076923076923078,0.5384615384615384,0.29143795714506004,0.7679393219046169,0.0667768159106096,0.007886825675577969,3.031547576910938,3.5368055063960937,0.5,0.06976856821177804,-0.017766725629466004
high_low_divergence,min_contrast=4;min_top_authors=2;min_bottom_authors=3,min_contrast,4.0,min_top_authors,2,min_bottom_authors,3,7,20,2026-03-12,all,7,7,5,4,0.42857142857142855,0.5714285714285714,0.2504583645276572,0.8417801447485302,0.00444482554861046,0.005723646547819872,1.0875305652640581,1.450040753685411,0.5,0.0026380155923036858,-0.01171557187021121
high_low_divergence,min_contrast=4;min_top_authors=2;min_bottom_authors=3,min_contrast,4.0,min_top_authors,2,min_bottom_authors,3,7,20,2026-03-12,train,2,2,2,2,0.5,0.5,0.09453120573423074,0.9054687942657693,-0.0021430037770119315,-0.0021430037770119315,0.5718126210540683,0.5718126210540683,0.5,-0.0021430037770119315,-0.010009654101843735
high_low_divergence,min_contrast=4;min_top_authors=2;min_bottom_authors=3,min_contrast,4.0,min_top_authors,2,min_bottom_authors,3,7,20,2026-03-12,test,4,4,3,2,0.5,0.5,0.15003898915214947,0.8499610108478506,0.0035564279778758368,0.007692659941701097,1.2406006884517233,1.2406006884517233,0.5,0.0035564279778758368,-0.029562907743627964
high_low_divergence,min_contrast=4;min_top_authors=2;min_bottom_authors=4,min_contrast,4.0,min_top_authors,2,min_bottom_authors,4,7,20,2026-03-12,all,3,3,3,3,0.3333333333333333,0.6666666666666666,0.2076596008020477,0.9385080552796037,0.012745921848557829,0.025126876036193124,1.67494582534328,3.34989165068656,0.6666666666666666,0.012745921848557829,-0.0018150378075010992
high_low_divergence,min_contrast=4;min_top_authors=2;min_bottom_authors=4,min_contrast,4.0,min_top_authors,2,min_bottom_authors,4,7,20,2026-03-12,train,0,0,0,0,,,,,,,,,,,
high_low_divergence,min_contrast=4;min_top_authors=2;min_bottom_authors=4,min_contrast,4.0,min_top_authors,2,min_bottom_authors,4,7,20,2026-03-12,test,2,2,2,2,0.5,0.5,0.09453120573423074,0.9054687942657693,0.0044273680987660935,0.0044273680987660935,1.5441654438400438,1.5441654438400438,0.5,0.0044273680987660935,-0.016272139838660937
high_low_divergence,min_contrast=4;min_top_authors=3;min_bottom_authors=2,min_contrast,4.0,min_top_authors,3,min_bottom_authors,2,7,20,2026-03-12,all,25,17,9,7,0.23529411764705882,0.6470588235294118,0.41300363485218694,0.8269027960275627,0.06916205493771795,0.007886825675577969,3.4833425010370815,6.386127918567984,0.7142857142857143,0.05633860888811594,0.0048375154338726675
high_low_divergence,min_contrast=4;min_top_authors=3;min_bottom_authors=2,min_contrast,4.0,min_top_authors,3,min_bottom_authors,2,7,20,2026-03-12,train,9,6,5,3,0.3333333333333333,0.8333333333333334,0.43649717781352987,0.9699466302516935,0.043628502981265506,0.011129388810298013,5.43037090441269,27.151854522063452,1.0,0.050238865405758254,0.02544737582085961
high_low_divergence,min_contrast=4;min_top_authors=3;min_bottom_authors=2,min_contrast,4.0,min_top_authors,3,min_bottom_authors,2,7,20,2026-03-12,test,13,10,6,4,0.3,0.5,0.236593090512564,0.7634069094874361,0.0841327726453979,-0.000583798000008573,5.039339000963348,5.039339000963348,0.5,0.056898562422084596,-0.0383554314210745
high_low_divergence,min_contrast=4;min_top_authors=3;min_bottom_authors=3,min_contrast,4.0,min_top_authors,3,min_bottom_authors,3,7,20,2026-03-12,all,6,6,4,4,0.5,0.5,0.1876163064826506,0.8123836935173494,0.0009978171340133495,-0.0020089548024855297,1.0865966896538448,1.0865966896538448,0.5,0.005525237508100314,-0.011204313540902698
high_low_divergence,min_contrast=4;min_top_authors=3;min_bottom_authors=3,min_contrast,4.0,min_top_authors,3,min_bottom_authors,3,7,20,2026-03-12,train,2,2,2,2,0.5,0.5,0.09453120573423074,0.9054687942657693,-0.0021430037770119315,-0.0021430037770119315,0.5718126210540683,0.5718126210540683,0.5,-0.0021430037770119315,-0.010009654101843735
high_low_divergence,min_contrast=4;min_top_authors=3;min_bottom_authors=3,min_contrast,4.0,min_top_authors,3,min_bottom_authors,3,7,20,2026-03-12,test,3,3,2,2,0.6666666666666666,0.3333333333333333,0.06149194472039621,0.7923403991979522,-0.0036337213748965924,-0.009741556152790931,1.6312553481130614,0.8156276740565307,0.5,0.009330871809469093,-0.029562907743627957
high_low_divergence,min_contrast=4;min_top_authors=3;min_bottom_authors=4,min_contrast,4.0,min_top_authors,3,min_bottom_authors,4,7,20,2026-03-12,all,2,2,2,2,0.5,0.5,0.09453120573423074,0.9054687942657693,0.006555444754740181,0.006555444754740181,1.8057262068465163,1.8057262068465163,0.5,0.006555444754740181,-0.016272139838660934
high_low_divergence,min_contrast=4;min_top_authors=3;min_bottom_authors=4,min_contrast,4.0,min_top_authors,3,min_bottom_authors,4,7,20,2026-03-12,train,0,0,0,0,,,,,,,,,,,
high_low_divergence,min_contrast=4;min_top_authors=3;min_bottom_authors=4,min_contrast,4.0,min_top_authors,3,min_bottom_authors,4,7,20,2026-03-12,test,1,1,1,1,1.0,0.0,0.0,0.7934506856227626,-0.016272139838660937,-0.016272139838660937,,,0.0,-0.016272139838660937,
high_low_divergence,min_contrast=4;min_top_authors=4;min_bottom_authors=2,min_contrast,4.0,min_top_authors,4,min_bottom_authors,2,7,20,2026-03-12,all,16,9,4,7,0.3333333333333333,0.5555555555555556,0.26665129349549305,0.8112214789023355,0.04858918094159286,0.007886825675577969,2.9885034720204935,3.735629340025617,0.5714285714285714,0.0280651342532236,-0.01501152021868657
high_low_divergence,min_contrast=4;min_top_authors=4;min_bottom_authors=2,min_contrast,4.0,min_top_authors,4,min_bottom_authors,2,7,20,2026-03-12,train,6,3,3,3,0.3333333333333333,0.6666666666666666,0.2076596008020477,0.9385080552796037,0.01820205862424266,0.016535131072776155,3.2276754679599646,6.455350935919929,0.6666666666666666,0.01820205862424266,0.0014121185447562266
high_low_divergence,min_contrast=4;min_top_authors=4;min_bottom_authors=2,min_contrast,4.0,min_top_authors,4,min_bottom_authors,2,7,20,2026-03-12,test,9,6,3,4,0.5,0.5,0.1876163064826506,0.8123836935173494,0.06378274210026796,-0.006744680840370054,3.553951589409837,3.553951589409837,0.5,0.035462440974959306,-0.04397988026290012
high_low_divergence,min_contrast=4;min_top_authors=4;min_bottom_authors=3,min_contrast,4.0,min_top_authors,4,min_bottom_authors,3,7,20,2026-03-12,all,3,3,2,3,0.6666666666666666,0.3333333333333333,0.06149194472039621,0.7923403991979522,0.00047428807605302364,-0.009741556152790931,2.1440786878186557,1.0720393439093279,0.3333333333333333,0.00047428807605302364,-0.009875894484190175
high_low_divergence,min_contrast=4;min_top_authors=4;min_bottom_authors=3,min_contrast,4.0,min_top_authors,4,min_bottom_authors,3,7,20,2026-03-12,train,1,1,1,1,1.0,0.0,0.0,0.7934506856227626,-0.010009654101843735,-0.010009654101843735,,,0.0,-0.010009654101843735,
high_low_divergence,min_contrast=4;min_top_authors=4;min_bottom_authors=3,min_contrast,4.0,min_top_authors,4,min_bottom_authors,3,7,20,2026-03-12,test,1,1,1,1,1.0,0.0,0.0,0.7934506856227626,-0.009741556152790931,-0.009741556152790931,,,0.0,-0.009741556152790931,
high_low_divergence,min_contrast=4;min_top_authors=4;min_bottom_authors=4,min_contrast,4.0,min_top_authors,4,min_bottom_authors,4,7,20,2026-03-12,all,1,1,1,1,1.0,0.0,0.0,0.7934506856227626,-0.016272139838660937,-0.016272139838660937,,,0.0,-0.016272139838660937,
high_low_divergence,min_contrast=4;min_top_authors=4;min_bottom_authors=4,min_contrast,4.0,min_top_authors,4,min_bottom_authors,4,7,20,2026-03-12,train,0,0,0,0,,,,,,,,,,,
high_low_divergence,min_contrast=4;min_top_authors=4;min_bottom_authors=4,min_contrast,4.0,min_top_authors,4,min_bottom_authors,4,7,20,2026-03-12,test,1,1,1,1,1.0,0.0,0.0,0.7934506856227626,-0.016272139838660937,-0.016272139838660937,,,0.0,-0.016272139838660937,
high_low_divergence,min_contrast=6;min_top_authors=2;min_bottom_authors=2,min_contrast,6.0,min_top_authors,2,min_bottom_authors,2,7,20,2026-03-12,all,17,12,8,6,0.25,0.5833333333333334,0.31951131254954973,0.8067396863412435,0.026954980172955167,0.014610678355259088,1.3300627652446744,1.8620878713425442,0.6666666666666666,0.029057090797298804,0.005729921005697906
high_low_divergence,min_contrast=6;min_top_authors=2;min_bottom_authors=2,min_contrast,6.0,min_top_authors,2,min_bottom_authors,2,7,20,2026-03-12,train,3,2,2,1,0.5,1.0,0.34238022750665303,1.0,0.0552868032678111,0.0552868032678111,,,1.0,0.0552868032678111,
high_low_divergence,min_contrast=6;min_top_authors=2;min_bottom_authors=2,min_contrast,6.0,min_top_authors,2,min_bottom_authors,2,7,20,2026-03-12,test,12,8,5,4,0.375,0.375,0.13684428582359742,0.6942576053973727,0.01879101974254585,-0.015215304515956596,2.334426600958083,1.4006559605748499,0.5,0.0219441856790613,-0.013913632095035603
high_low_divergence,min_contrast=6;min_top_authors=2;min_bottom_authors=3,min_contrast,6.0,min_top_authors,2,min_bottom_authors,3,7,20,2026-03-12,all,4,3,2,2,0.6666666666666666,0.6666666666666666,0.2076596008020477,0.9385080552796037,0.0175519949648452,0.021174074482793737,3.202647506653739,6.405295013307478,0.5,0.010728607185436168,-0.009741556152790928
high_low_divergence,min_contrast=6;min_top_authors=2;min_bottom_authors=3,min_contrast,6.0,min_top_authors,2,min_bottom_authors,3,7,20,2026-03-12,train,0,0,0,0,,,,,,,,,,,
high_low_divergence,min_contrast=6;min_top_authors=2;min_bottom_authors=3,min_contrast,6.0,min_top_authors,2,min_bottom_authors,3,7,20,2026-03-12,test,2,1,1,1,1.0,0.0,0.0,0.7934506856227626,-0.009741556152790931,-0.009741556152790931,,,0.0,-0.009741556152790931,
high_low_divergence,min_contrast=6;min_top_authors=2;min_bottom_authors=4,min_contrast,6.0,min_top_authors,2,min_bottom_authors,4,7,20,2026-03-12,all,2,2,2,2,0.5,0.5,0.09453120573423074,0.9054687942657693,0.006902715072123755,0.006902715072123755,1.8862360600981887,1.8862360600981887,0.5,0.006902715072123755,-0.015577599203893785
high_low_divergence,min_contrast=6;min_top_authors=2;min_bottom_authors=4,min_contrast,6.0,min_top_authors,2,min_bottom_authors,4,7,20,2026-03-12,train,0,0,0,0,,,,,,,,,,,
high_low_divergence,min_contrast=6;min_top_authors=2;min_bottom_authors=4,min_contrast,6.0,min_top_authors,2,min_bottom_authors,4,7,20,2026-03-12,test,1,1,1,1,1.0,0.0,0.0,0.7934506856227626,-0.015577599203893788,-0.015577599203893788,,,0.0,-0.015577599203893788,
high_low_divergence,min_contrast=6;min_top_authors=3;min_bottom_authors=2,min_contrast,6.0,min_top_authors,3,min_bottom_authors,2,7,20,2026-03-12,all,14,10,6,6,0.3,0.5,0.236593090512564,0.7634069094874361,0.04168097905851422,-0.000583798000008573,3.4334787287424398,3.4334787287424398,0.5,0.07498455122444599,-0.004533268391221687
high_low_divergence,min_contrast=6;min_top_authors=3;min_bottom_authors=2,min_contrast,6.0,min_top_authors,3,min_bottom_authors,2,7,20,2026-03-12,train,1,1,1,1,1.0,0.0,0.0,0.7934506856227626,-0.012382204503179395,-0.012382204503179395,,,0.0,-0.012382204503179395,
high_low_divergence,min_contrast=6;min_top_authors=3;min_bottom_authors=2,min_contrast,6.0,min_top_authors,3,min_bottom_authors,2,7,20,2026-03-12,test,11,7,4,4,0.42857142857142855,0.42857142857142855,0.15821985525146975,0.7495416354723428,0.0523762853555498,-0.009054421675595115,4.409781534004934,3.307336150503701,0.5,0.1077526282625297,-0.013303280405972562
high_low_divergence,min_contrast=6;min_top_authors=3;min_bottom_authors=3,min_contrast,6.0,min_top_authors,3,min_bottom_authors,3,7,20,2026-03-12,all,4,3,2,2,0.6666666666666666,0.6666666666666666,0.2076596008020477,0.9385080552796037,0.0175519949648452,0.021174074482793737,3.202647506653739,6.405295013307478,0.5,0.010728607185436168,-0.009741556152790928
high_low_divergence,min_contrast=6;min_top_authors=3;min_bottom_authors=3,min_contrast,6.0,min_top_authors,3,min_bottom_authors,3,7,20,2026-03-12,train,0,0,0,0,,,,,,,,,,,
high_low_divergence,min_contrast=6;min_top_authors=3;min_bottom_authors=3,min_contrast,6.0,min_top_authors,3,min_bottom_authors,3,7,20,2026-03-12,test,2,1,1,1,1.0,0.0,0.0,0.7934506856227626,-0.009741556152790931,-0.009741556152790931,,,0.0,-0.009741556152790931,
high_low_divergence,min_contrast=6;min_top_authors=3;min_bottom_authors=4,min_contrast,6.0,min_top_authors,3,min_bottom_authors,4,7,20,2026-03-12,all,2,2,2,2,0.5,0.5,0.09453120573423074,0.9054687942657693,0.006902715072123755,0.006902715072123755,1.8862360600981887,1.8862360600981887,0.5,0.006902715072123755,-0.015577599203893785
high_low_divergence,min_contrast=6;min_top_authors=3;min_bottom_authors=4,min_contrast,6.0,min_top_authors,3,min_bottom_authors,4,7,20,2026-03-12,train,0,0,0,0,,,,,,,,,,,
high_low_divergence,min_contrast=6;min_top_authors=3;min_bottom_authors=4,min_contrast,6.0,min_top_authors,3,min_bottom_authors,4,7,20,2026-03-12,test,1,1,1,1,1.0,0.0,0.0,0.7934506856227626,-0.015577599203893788,-0.015577599203893788,,,0.0,-0.015577599203893788,
high_low_divergence,min_contrast=6;min_top_authors=4;min_bottom_authors=2,min_contrast,6.0,min_top_authors,4,min_bottom_authors,2,7,20,2026-03-12,all,12,8,4,6,0.375,0.625,0.30574239460262737,0.8631557141764026,0.050813906749088575,0.008687564734451314,2.227728801022028,3.712881335036714,0.6666666666666666,0.0762818846346514,-0.002899202435852205
high_low_divergence,min_contrast=6;min_top_authors=4;min_bottom_authors=2,min_contrast,6.0,min_top_authors,4,min_bottom_authors,2,7,20,2026-03-12,train,1,1,1,1,1.0,1.0,0.20654931437723745,1.0,0.00948830379332466,0.00948830379332466,,,1.0,0.00948830379332466,
high_low_divergence,min_contrast=6;min_top_authors=4;min_bottom_authors=2,min_contrast,6.0,min_top_authors,4,min_bottom_authors,2,7,20,2026-03-12,test,10,6,3,4,0.5,0.5,0.1876163064826506,0.8123836935173494,0.06261473652740729,-0.006744680840370054,3.5071829872610354,3.5071829872610354,0.5,0.10671711824491088,-0.014699358053660072
high_low_divergence,min_contrast=6;min_top_authors=4;min_bottom_authors=3,min_contrast,6.0,min_top_authors,4,min_bottom_authors,3,7,20,2026-03-12,all,3,2,1,2,1.0,0.5,0.09453120573423074,0.9054687942657693,0.005716259165001403,0.005716259165001403,2.173582346669266,2.173582346669266,0.5,0.005716259165001403,-0.00974155615279093
high_low_divergence,min_contrast=6;min_top_authors=4;min_bottom_authors=3,min_contrast,6.0,min_top_authors,4,min_bottom_authors,3,7,20,2026-03-12,train,0,0,0,0,,,,,,,,,,,
high_low_divergence,min_contrast=6;min_top_authors=4;min_bottom_authors=3,min_contrast,6.0,min_top_authors,4,min_bottom_authors,3,7,20,2026-03-12,test,2,1,1,1,1.0,0.0,0.0,0.7934506856227626,-0.009741556152790931,-0.009741556152790931,,,0.0,-0.009741556152790931,
high_low_divergence,min_contrast=6;min_top_authors=4;min_bottom_authors=4,min_contrast,6.0,min_top_authors,4,min_bottom_authors,4,7,20,2026-03-12,all,1,1,1,1,1.0,0.0,0.0,0.7934506856227626,-0.015577599203893788,-0.015577599203893788,,,0.0,-0.015577599203893788,
high_low_divergence,min_contrast=6;min_top_authors=4;min_bottom_authors=4,min_contrast,6.0,min_top_authors,4,min_bottom_authors,4,7,20,2026-03-12,train,0,0,0,0,,,,,,,,,,,
high_low_divergence,min_contrast=6;min_top_authors=4;min_bottom_authors=4,min_contrast,6.0,min_top_authors,4,min_bottom_authors,4,7,20,2026-03-12,test,1,1,1,1,1.0,0.0,0.0,0.7934506856227626,-0.015577599203893788,-0.015577599203893788,,,0.0,-0.015577599203893788,
high_low_divergence,min_contrast=8;min_top_authors=2;min_bottom_authors=2,min_contrast,8.0,min_top_authors,2,min_bottom_authors,2,7,20,2026-03-12,all,10,8,5,6,0.375,0.375,0.13684428582359742,0.6942576053973727,0.04124940046858096,-0.012316010439744451,4.918590595845489,2.951154357507294,0.5,0.06013441365779824,-0.02404841974737649
high_low_divergence,min_contrast=8;min_top_authors=2;min_bottom_authors=2,min_contrast,8.0,min_top_authors,2,min_bottom_authors,2,7,20,2026-03-12,train,1,1,1,1,1.0,1.0,0.20654931437723745,1.0,0.00948830379332466,0.00948830379332466,,,1.0,0.00948830379332466,
high_low_divergence,min_contrast=8;min_top_authors=2;min_bottom_authors=2,min_contrast,8.0,min_top_authors,2,min_bottom_authors,2,7,20,2026-03-12,test,8,6,4,4,0.5,0.16666666666666666,0.030053369748306635,0.5635028221864702,0.050648624512261965,-0.018581247810808776,13.984065522430095,2.796813104486019,0.25,0.0836757563179284,-0.04732257364720174
high_low_divergence,min_contrast=8;min_top_authors=2;min_bottom_authors=3,min_contrast,8.0,min_top_authors,2,min_bottom_authors,3,7,20,2026-03-12,all,1,1,1,1,1.0,0.0,0.0,0.7934506856227626,-0.015577599203893788,-0.015577599203893788,,,0.0,-0.015577599203893788,
high_low_divergence,min_contrast=8;min_top_authors=2;min_bottom_authors=3,min_contrast,8.0,min_top_authors,2,min_bottom_authors,3,7,20,2026-03-12,train,0,0,0,0,,,,,,,,,,,
high_low_divergence,min_contrast=8;min_top_authors=2;min_bottom_authors=3,min_contrast,8.0,min_top_authors,2,min_bottom_authors,3,7,20,2026-03-12,test,1,1,1,1,1.0,0.0,0.0,0.7934506856227626,-0.015577599203893788,-0.015577599203893788,,,0.0,-0.015577599203893788,
high_low_divergence,min_contrast=8;min_top_authors=2;min_bottom_authors=4,min_contrast,8.0,min_top_authors,2,min_bottom_authors,4,7,20,2026-03-12,all,1,1,1,1,1.0,0.0,0.0,0.7934506856227626,-0.015577599203893788,-0.015577599203893788,,,0.0,-0.015577599203893788,
high_low_divergence,min_contrast=8;min_top_authors=2;min_bottom_authors=4,min_contrast,8.0,min_top_authors,2,min_bottom_authors,4,7,20,2026-03-12,train,0,0,0,0,,,,,,,,,,,
high_low_divergence,min_contrast=8;min_top_authors=2;min_bottom_authors=4,min_contrast,8.0,min_top_authors,2,min_bottom_authors,4,7,20,2026-03-12,test,1,1,1,1,1.0,0.0,0.0,0.7934506856227626,-0.015577599203893788,-0.015577599203893788,,,0.0,-0.015577599203893788,
high_low_divergence,min_contrast=8;min_top_authors=3;min_bottom_authors=2,min_contrast,8.0,min_top_authors,3,min_bottom_authors,2,7,20,2026-03-12,all,10,8,5,6,0.375,0.375,0.13684428582359742,0.6942576053973727,0.04124940046858096,-0.012316010439744451,4.918590595845489,2.951154357507294,0.5,0.06013441365779824,-0.02404841974737649
high_low_divergence,min_contrast=8;min_top_authors=3;min_bottom_authors=2,min_contrast,8.0,min_top_authors,3,min_bottom_authors,2,7,20,2026-03-12,train,1,1,1,1,1.0,1.0,0.20654931437723745,1.0,0.00948830379332466,0.00948830379332466,,,1.0,0.00948830379332466,
high_low_divergence,min_contrast=8;min_top_authors=3;min_bottom_authors=2,min_contrast,8.0,min_top_authors,3,min_bottom_authors,2,7,20,2026-03-12,test,8,6,4,4,0.5,0.16666666666666666,0.030053369748306635,0.5635028221864702,0.050648624512261965,-0.018581247810808776,13.984065522430095,2.796813104486019,0.25,0.0836757563179284,-0.04732257364720174
high_low_divergence,min_contrast=8;min_top_authors=3;min_bottom_authors=3,min_contrast,8.0,min_top_authors,3,min_bottom_authors,3,7,20,2026-03-12,all,1,1,1,1,1.0,0.0,0.0,0.7934506856227626,-0.015577599203893788,-0.015577599203893788,,,0.0,-0.015577599203893788,
high_low_divergence,min_contrast=8;min_top_authors=3;min_bottom_authors=3,min_contrast,8.0,min_top_authors,3,min_bottom_authors,3,7,20,2026-03-12,train,0,0,0,0,,,,,,,,,,,
high_low_divergence,min_contrast=8;min_top_authors=3;min_bottom_authors=3,min_contrast,8.0,min_top_authors,3,min_bottom_authors,3,7,20,2026-03-12,test,1,1,1,1,1.0,0.0,0.0,0.7934506856227626,-0.015577599203893788,-0.015577599203893788,,,0.0,-0.015577599203893788,
high_low_divergence,min_contrast=8;min_top_authors=3;min_bottom_authors=4,min_contrast,8.0,min_top_authors,3,min_bottom_authors,4,7,20,2026-03-12,all,1,1,1,1,1.0,0.0,0.0,0.7934506856227626,-0.015577599203893788,-0.015577599203893788,,,0.0,-0.015577599203893788,
high_low_divergence,min_contrast=8;min_top_authors=3;min_bottom_authors=4,min_contrast,8.0,min_top_authors,3,min_bottom_authors,4,7,20,2026-03-12,train,0,0,0,0,,,,,,,,,,,
high_low_divergence,min_contrast=8;min_top_authors=3;min_bottom_authors=4,min_contrast,8.0,min_top_authors,3,min_bottom_authors,4,7,20,2026-03-12,test,1,1,1,1,1.0,0.0,0.0,0.7934506856227626,-0.015577599203893788,-0.015577599203893788,,,0.0,-0.015577599203893788,
high_low_divergence,min_contrast=8;min_top_authors=4;min_bottom_authors=2,min_contrast,8.0,min_top_authors,4,min_bottom_authors,2,7,20,2026-03-12,all,9,7,4,6,0.42857142857142855,0.42857142857142855,0.15821985525146975,0.7495416354723428,0.04843566077489182,-0.015577599203893788,4.157444826583083,3.1180836199373116,0.5,0.05960514553917526,-0.02467428220868094
high_low_divergence,min_contrast=8;min_top_authors=4;min_bottom_authors=2,min_contrast,8.0,min_top_authors,4,min_bottom_authors,2,7,20,2026-03-12,train,1,1,1,1,1.0,1.0,0.20654931437723745,1.0,0.00948830379332466,0.00948830379332466,,,1.0,0.00948830379332466,
high_low_divergence,min_contrast=8;min_top_authors=4;min_bottom_authors=2,min_contrast,8.0,min_top_authors,4,min_bottom_authors,2,7,20,2026-03-12,test,7,5,3,4,0.6,0.2,0.03622410863243014,0.6244653702374747,0.06258923374983338,-0.021584896417723765,11.820048798111468,2.955012199527867,0.25,0.08288185413999392,-0.048318882740803135
high_low_divergence,min_contrast=8;min_top_authors=4;min_bottom_authors=3,min_contrast,8.0,min_top_authors,4,min_bottom_authors,3,7,20,2026-03-12,all,1,1,1,1,1.0,0.0,0.0,0.7934506856227626,-0.015577599203893788,-0.015577599203893788,,,0.0,-0.015577599203893788,
high_low_divergence,min_contrast=8;min_top_authors=4;min_bottom_authors=3,min_contrast,8.0,min_top_authors,4,min_bottom_authors,3,7,20,2026-03-12,train,0,0,0,0,,,,,,,,,,,
high_low_divergence,min_contrast=8;min_top_authors=4;min_bottom_authors=3,min_contrast,8.0,min_top_authors,4,min_bottom_authors,3,7,20,2026-03-12,test,1,1,1,1,1.0,0.0,0.0,0.7934506856227626,-0.015577599203893788,-0.015577599203893788,,,0.0,-0.015577599203893788,
high_low_divergence,min_contrast=8;min_top_authors=4;min_bottom_authors=4,min_contrast,8.0,min_top_authors,4,min_bottom_authors,4,7,20,2026-03-12,all,1,1,1,1,1.0,0.0,0.0,0.7934506856227626,-0.015577599203893788,-0.015577599203893788,,,0.0,-0.015577599203893788,
high_low_divergence,min_contrast=8;min_top_authors=4;min_bottom_authors=4,min_contrast,8.0,min_top_authors,4,min_bottom_authors,4,7,20,2026-03-12,train,0,0,0,0,,,,,,,,,,,
high_low_divergence,min_contrast=8;min_top_authors=4;min_bottom_authors=4,min_contrast,8.0,min_top_authors,4,min_bottom_authors,4,7,20,2026-03-12,test,1,1,1,1,1.0,0.0,0.0,0.7934506856227626,-0.015577599203893788,-0.015577599203893788,,,0.0,-0.015577599203893788,
