breakdown_type,group_value,source_scope,indicator,window_days,outcome_horizon,direction,cost_bps,n_events,raw_hit_rate,excess_hit_rate,excess_hit_ci_low,excess_hit_ci_high,avg_directional_return_pct,median_directional_return_pct,avg_win_pct,avg_loss_pct,payoff_ratio,profit_factor,avg_directional_excess_pct,median_directional_excess_pct,excess_profit_factor
direction,bear,all,author_net,1,1D,bear,0,16,0.5,0.5,0.27999563610326017,0.7200043638967398,0.002776796287329686,-0.0002426431776720861,0.023306477355437366,-0.017752884780777994,1.3128276132717622,1.3128276132717622,0.004640747872553315,-6.96996331139843e-05,1.732828610278522
direction,bear,all,author_net,1,20D,bear,0,14,0.42857142857142855,0.5714285714285714,0.3259064457965074,0.7861920109552588,-0.006177031604249594,-0.017104271859456288,0.1568387730498839,-0.12843888509484971,1.2211159644842868,0.9158369733632151,0.008741854672864924,0.015644115661362146,1.1565555136086036
direction,bear,all,author_net,1,5D,bear,0,15,0.4666666666666667,0.4666666666666667,0.24809535365737387,0.698830199745016,-0.007738428616925493,-0.007281995266703145,0.03834001756616264,-0.048057069027127614,0.797801828998772,0.6980766003739255,-0.0010661644566273647,-0.0019309377287528573,0.9401693053354697
direction,bear,all,author_net,1,60D,bear,0,10,0.6,0.7,0.39677814746114537,0.8922087325936989,0.007754453170856534,0.05815400983880048,0.12890174658316592,-0.17396648694760752,0.7409573466985426,1.111436020047814,0.03101034098511939,0.06292645450989648,1.7316396178148254
direction,bear,all,author_net,1,90D,bear,0,8,1.0,1.0,0.6755924351161198,1.0,0.0982628575983021,0.07043500258519175,0.0982628575983021,,,,0.12767689849739322,0.09342940056872473,
direction,bear,all,author_net,3,1D,bear,0,34,0.4411764705882353,0.35294117647058826,0.21487920594879492,0.5208603688021826,-0.007424267400262994,-0.009022581341509905,0.022183274747119484,-0.030798642779775474,0.7202679321209102,0.5686325779901923,-0.007767139169500435,-0.006090009700485011,0.4988796134137058
direction,bear,all,author_net,3,20D,bear,0,28,0.25,0.35714285714285715,0.2070582950773768,0.5416969348557219,-0.05823498242735893,-0.03873046038651129,0.1367308974149729,-0.12322360904146953,1.1096160750246946,0.3698720250082316,-0.03600493350002413,-0.01833786129995052,0.49463658291561036
direction,bear,all,author_net,3,5D,bear,0,30,0.43333333333333335,0.5,0.33154125640533766,0.6684587435946623,-0.025229711949080916,-0.007047706228739514,0.03851756068601961,-0.07397762631709896,0.5206649983728496,0.3981555869910027,-0.019334568397261945,-0.00018187897527427443,0.4404545897306737
direction,bear,all,author_net,3,60D,bear,0,22,0.4090909090909091,0.5909090909090909,0.3873481847631513,0.7674418380352814,-0.06886688596294772,-0.026931746984286464,0.10551818280086574,-0.18959501049174163,0.5565451460309494,0.3853004857137342,-0.016150825707137176,0.019023606362456702,0.7581534487791576
direction,bear,all,author_net,3,90D,bear,0,16,0.8125,0.9375,0.7167126242970107,0.9888806552353576,-0.05665468842402203,0.041385789459963906,0.08436827905781624,-0.6677542141786544,0.1263463071687091,0.5475006643977394,-0.019207634108077506,0.06670126366412171,0.8325242586948162
direction,bear,all,author_net,30,1D,bear,0,62,0.4838709677419355,0.5161290322580645,0.39447459605660673,0.6359014016175426,-0.0015279466413319182,0.0,0.015919560301023036,-0.019077316693109,0.8344758624662035,0.8344758624662036,-0.00098207724339151,0.00122411115593285,0.881817816086853
direction,bear,all,author_net,30,20D,bear,0,53,0.3584905660377358,0.41509433962264153,0.29260908779813966,0.549055778186556,-0.026070215949008144,-0.015215792748458634,0.10301433967680895,-0.10118163330778188,1.0181130340469224,0.5861862923300463,-0.00915637850680194,-0.01758949962943157,0.8231470398138211
direction,bear,all,author_net,30,5D,bear,0,60,0.4666666666666667,0.5166666666666667,0.39307810032592494,0.6382495046026722,-0.011121506289602213,-0.007084391401586787,0.048879718294114784,-0.06362257780035459,0.7682762941089502,0.6722417573453313,-0.006964201258301356,0.003053948582364352,0.7593258810651906
direction,bear,all,author_net,30,60D,bear,0,40,0.5,0.55,0.39829091798932054,0.6929469218909508,-0.05221327161430537,-0.008855574888669615,0.1540408909605967,-0.2584674341892074,0.595977947642848,0.5959779476428478,-0.0056068375540247045,0.03521997460986498,0.9427957945014668
direction,bear,all,author_net,30,90D,bear,0,30,0.7666666666666667,0.8,0.6269430358685175,0.9049489282271013,-0.04711946588513164,0.0664649682923833,0.12570827247107336,-0.6149820347698053,0.20440966624029494,0.6716317605038262,-0.0022414760237109864,0.12511348165746672,0.9828710563345464
direction,bear,all,author_net,7,1D,bear,0,58,0.43103448275862066,0.3793103448275862,0.2656427267728758,0.5079719280723111,-0.0054879476960686,-0.0038774198278549443,0.01884505152509018,-0.025465395306426882,0.7400258781898478,0.5967950630563289,-0.005512465391049793,-0.00391493506493934,0.5617015876043382
direction,bear,all,author_net,7,20D,bear,0,48,0.5208333333333334,0.5416666666666666,0.40291074545649797,0.6742475770713254,0.011400382110069109,0.010623917277658268,0.10068083485108092,-0.0856435882605959,1.1755793620501953,1.2778036544023863,0.021001130721136702,0.016950180020986527,1.6302859941817014
direction,bear,all,author_net,7,5D,bear,0,54,0.46296296296296297,0.48148148148148145,0.3539397274661188,0.6114829980187293,-0.010752632147245434,-0.007857204733444312,0.05052299259291854,-0.06357644657842128,0.794680975612543,0.6850698065625371,-0.005194086205659595,-0.0003875553000397547,0.8230254096181175
direction,bear,all,author_net,7,60D,bear,0,38,0.5263157894736842,0.6052631578947368,0.4471786799604255,0.744019242518399,-0.052996648709622195,0.007486905458408466,0.1261459208215196,-0.2520439481886686,0.5004917663291504,0.5561019625879448,-0.01883398803906735,0.028648303173355982,0.7973958966756726
direction,bear,all,author_net,7,90D,bear,0,33,0.7575757575757576,0.7878787878787878,0.6224835500784931,0.8932397846697919,-0.08861710058149648,0.06346340174403242,0.13135882332421553,-0.7760418627868465,0.16926770271450617,0.5289615709828318,-0.053827132980152,0.0995538056303591,0.6927782706710917
direction,bear,all,author_net,90,1D,bear,0,61,0.4918032786885246,0.5081967213114754,0.3860261849109117,0.6293960467628898,0.000434397320807204,0.0,0.021082132915118224,-0.020198858362810244,1.0437289344002851,1.0437289344002851,0.001975468362459395,0.0013320964959364634,1.2250614312510095
direction,bear,all,author_net,90,20D,bear,0,53,0.4716981132075472,0.49056603773584906,0.3612424984784323,0.6211647088532004,-0.04230244935228016,-0.0004416094210009103,0.07816131180011952,-0.1554097263212532,0.5029370661045331,0.4656824686153085,-0.02404241887251241,-0.0020248362345782756,0.6587525947011947
direction,bear,all,author_net,90,5D,bear,0,58,0.46551724137931033,0.5,0.3753827301422442,0.6246172698577558,-0.01070775625218151,-0.006871287959373529,0.04704470010003635,-0.06100828275250029,0.7711198869649929,0.6716205467114454,-0.0008384679170565225,0.0004939605163251648,0.9671216572147423
direction,bear,all,author_net,90,60D,bear,0,35,0.5142857142857142,0.5428571428571428,0.3818972506848375,0.6953398071159278,-0.11376508601073107,0.0019486474094452255,0.14586274091382923,-0.3886651380485007,0.37529154697591455,0.3973675203274389,-0.06726428496869805,0.009620252803544727,0.59841646877727
direction,bear,all,author_net,90,90D,bear,0,26,0.6153846153846154,0.6538461538461539,0.46220571188810816,0.8058776967705947,-0.16360310709245615,0.029128676683145283,0.10663746343533462,-0.5959880199369214,0.17892551505753587,0.2862808240920574,-0.13303416747402444,0.05532458443993421,0.3871066245951114
direction,bear,all,author_net_shift,1,1D,bear,0,3,0.3333333333333333,0.3333333333333333,0.06149194472039621,0.7923403991979522,0.007553294114342764,-0.008611410118406937,0.045960758218500763,-0.011650437937736235,3.9449811641528107,1.9724905820764054,0.008456762911362622,-0.008613636694915439,2.173974085661236
direction,bear,all,author_net_shift,1,5D,bear,0,3,1.0,1.0,0.20654931437723745,1.0,0.11227249691153322,0.12311346475540896,0.11227249691153322,,,,0.07396810057749803,0.07396810057749803,
direction,bear,all,author_net_shift,3,1D,bear,0,8,0.625,0.7142857142857143,0.35893445183261935,0.9177810759959433,0.010056626984513053,0.007540527815810827,0.029944482882804314,-0.023089799512639047,1.29687063183087,2.16145105305145,0.01561461049626862,0.007265606033090344,3.6879713297924757
direction,bear,all,author_net_shift,3,20D,bear,0,2,0.5,0.5,0.09453120573423074,0.9054687942657693,-0.11441758692570825,-0.11441758692570825,0.11111868721305518,-0.3399538610644717,0.3268640246212168,0.3268640246212168,-0.13180133692290213,-0.13180133692290213,0.22471576910333924
direction,bear,all,author_net_shift,3,5D,bear,0,5,0.2,0.25,0.04558726080970055,0.6993581574175981,-0.06198766239081956,-0.04031014101041541,0.0478456786998126,-0.0894459976634776,0.5349113425937988,0.1337278356484497,-0.0613200999978224,-0.0388606511245439,0.1581464926450866
direction,bear,all,author_net_shift,3,60D,bear,0,1,0.0,0.0,0.0,0.7934506856227626,-0.021319150870494186,-0.021319150870494186,,-0.021319150870494186,,,-0.012164726720390817,-0.012164726720390817,
direction,bear,all,author_net_shift,3,90D,bear,0,1,1.0,1.0,0.20654931437723745,1.0,0.0982999227237602,0.0982999227237602,0.0982999227237602,,,,0.08314019633118919,0.08314019633118919,
direction,bear,all,author_net_shift,30,1D,bear,0,65,0.5846153846153846,0.6,0.47855999348240486,0.7102797002530238,0.00943010513021507,0.004354280059376547,0.02793450975636924,-0.016613131010298213,1.681471706871696,2.366515735597202,0.007625299309020409,0.003215192444504189,2.0913500548761905
direction,bear,all,author_net_shift,30,20D,bear,0,51,0.5490196078431373,0.58,0.4423344176857823,0.7062499664528802,0.0023817341664348936,0.006232364463194751,0.12449475571896472,-0.14627759641925359,0.8510855986595789,1.036104207063835,0.010289451295948522,0.009609189851556676,1.1739259797475248
direction,bear,all,author_net_shift,30,5D,bear,0,59,0.5084745762711864,0.5084745762711864,0.3843514305938966,0.6315616309225984,-0.003663858608884618,0.0018802462227195393,0.042998762328958655,-0.051935535441136285,0.8279256575239016,0.8564748181281742,-0.003956326665625688,0.0006881805448315514,0.8251555339689551
direction,bear,all,author_net_shift,30,60D,bear,0,36,0.3333333333333333,0.4722222222222222,0.31986041515179053,0.629940619770124,-0.21247114448522375,-0.041515059550950584,0.07200907024974305,-0.35471125185270713,0.203007572704924,0.101503786352462,-0.15367218414021996,-0.0014757522393046285,0.20474648905929377
direction,bear,all,author_net_shift,30,90D,bear,0,24,0.6666666666666666,0.7083333333333334,0.5083230633550337,0.8508535180303913,-0.21810555848873855,0.03571684800691799,0.09412076063063746,-0.8425581967274905,0.11170831996674413,0.22341663993348826,-0.18501158147004212,0.03224541964853367,0.27228702316778824
direction,bear,all,author_net_shift,7,1D,bear,0,33,0.3939393939393939,0.34375,0.20410437924433172,0.5168891202103778,-0.009521039393985823,-0.004659879450944482,0.024822885071592547,-0.03184459029661176,0.7795008458386001,0.5066755497950901,-0.009157650778306731,-0.003229254086607236,0.46796594239418016
direction,bear,all,author_net_shift,7,20D,bear,0,26,0.5384615384615384,0.56,0.3706733186979878,0.7333436111893266,-0.0016801382262782076,0.007939337541122138,0.09814362436991744,-0.11814119458850647,0.8307316064625733,0.9691868742063354,0.018704389794027897,0.017113639447464468,1.4793462107618534
direction,bear,all,author_net_shift,7,5D,bear,0,31,0.45161290322580644,0.5333333333333333,0.36142299619873297,0.6976761109230025,-0.0031987145246987077,-0.006153716168642909,0.07902051750247956,-0.07090867031178669,1.1143985235518439,0.9177399605721068,0.001962533696666939,0.000859282158145902,1.0645569601803935
direction,bear,all,author_net_shift,7,60D,bear,0,14,0.42857142857142855,0.5,0.26799202452413634,0.7320079754758637,-0.1940832775239833,-0.03745398405379596,0.09820953890608235,-0.4133028898465325,0.2376212248178315,0.1782159186133736,-0.12630874752236948,0.011137411605135816,0.34362243567521367
direction,bear,all,author_net_shift,7,90D,bear,0,7,0.42857142857142855,0.5714285714285714,0.2504583645276572,0.8417801447485302,-0.16077384302893252,-0.0335104112317981,0.19163251456806185,-0.4250786112266783,0.450816647807931,0.3381124858559483,-0.09382839386418469,0.059326859803445875,0.5150156653231404
direction,bear,all,author_net_shift,90,1D,bear,0,33,0.42424242424242425,0.42424242424242425,0.2723559663341021,0.5919273666268755,-0.008355874218238465,-0.007656549083948638,0.01965696787476669,-0.02899691576045279,0.6778985750469257,0.4995042131924716,-0.006783521494860322,-0.005235635948595885,0.5247382508716774
direction,bear,all,author_net_shift,90,20D,bear,0,28,0.4642857142857143,0.6071428571428571,0.42409044296597176,0.764343134584204,-0.06672937711736229,-0.011319973234487857,0.13975315816242256,-0.24568090769317585,0.5688401246748748,0.4929947747182249,-0.03409279427845008,0.021920565627832178,0.6850887099536557
direction,bear,all,author_net_shift,90,5D,bear,0,30,0.43333333333333335,0.4,0.24590628116801852,0.5767963974667752,-0.02974213039929913,-0.01774672435653557,0.05861950544147838,-0.09731279310107016,0.602382313501119,0.46064529855967923,-0.01970205490991426,-0.0056774290877395495,0.5641642953761048
direction,bear,all,author_net_shift,90,60D,bear,0,12,0.5833333333333334,0.5833333333333334,0.31951131254954973,0.8067396863412435,-0.10800072452168796,0.09059544551858323,0.14069208699769092,-0.45617066064881834,0.3084198505830745,0.43178779081630425,0.00027863257660660595,0.1563985157427477,1.0019563391564446
direction,bear,all,author_net_shift,90,90D,bear,0,3,1.0,1.0,0.4385029682449546,1.0,0.14622923280719372,0.1846011583199494,0.14622923280719372,,,,0.22401960001104967,0.25002563684667,
direction,bear,all,high_low_divergence,1,1D,bear,0,7,0.14285714285714285,0.3333333333333333,0.09677141110578041,0.700006684861608,-0.013289716056467227,-0.014782475490196179,0.004034260600989215,-0.016177045499376635,0.24938179231458987,0.041563632052431645,-0.011440191016667082,-0.010020126392941808,0.15043762729229626
direction,bear,all,high_low_divergence,1,20D,bear,0,1,0.0,0.0,0.0,0.7934506856227626,-0.41939302406269774,-0.41939302406269774,,-0.41939302406269774,,,-0.41225706016387886,-0.41225706016387886,
direction,bear,all,high_low_divergence,1,5D,bear,0,4,0.25,0.5,0.09453120573423074,0.9054687942657693,-0.07010010675742259,-0.02776195234399148,0.03834367481322032,-0.10624803394763689,0.36088832318645586,0.12029610772881863,-0.11492563348653734,-0.11492563348653734,0.05477725677202197
direction,bear,all,high_low_divergence,3,1D,bear,0,23,0.43478260869565216,0.45454545454545453,0.2692029418081331,0.6534020467926505,-0.0033204871301947946,-0.0051978093950753035,0.021783881771795542,-0.022631540131725823,0.9625452640431661,0.7404194338793586,-0.0018841921197668447,-0.001087076312684676,0.8450308858149237
direction,bear,all,high_low_divergence,3,20D,bear,0,9,0.3333333333333333,0.3333333333333333,0.1205838183869109,0.6457978644196036,-0.08020858714609581,-0.045619360823003774,0.028226242080609604,-0.13442600175944852,0.20997605903000563,0.10498802951500283,-0.06456983502763598,-0.018868346896646848,0.15536161309884186
direction,bear,all,high_low_divergence,3,5D,bear,0,15,0.4,0.3076923076923077,0.12680703655710515,0.5763065681945096,-0.04257453255086208,-0.01740578174663243,0.025833335264449458,-0.08817977776106978,0.29296212714945785,0.1953080847663052,-0.033541722856474415,-0.016372834040480733,0.21970452657659917
direction,bear,all,high_low_divergence,3,60D,bear,0,4,0.5,0.5,0.15003898915214947,0.8499610108478506,-0.06855394945752508,0.002526880225453776,0.05056010648994602,-0.18766800540499617,0.2694124999135308,0.2694124999135308,-0.03153908930397811,0.004005782546792458,0.537374547528465
direction,bear,all,high_low_divergence,3,90D,bear,0,3,1.0,1.0,0.4385029682449546,1.0,0.08463135952290284,0.11581421376608847,0.08463135952290284,,,,0.10021143121521874,0.10197708661252436,
direction,bear,all,high_low_divergence,30,1D,bear,0,45,0.4666666666666667,0.4444444444444444,0.30938930034997586,0.5882386550647896,-0.00476808086678249,-0.0016132608512817725,0.01812282518176721,-0.02479762365926348,0.7308291080946859,0.6394754695828503,-0.004554765153019935,-0.003221830195262454,0.6315679245418909
direction,bear,all,high_low_divergence,30,20D,bear,0,34,0.4411764705882353,0.5588235294117647,0.3945389925620307,0.7111651775375785,-0.009330342200255366,-0.008032153092170091,0.11602326192618273,-0.10829371387902227,1.0713757776909871,0.8458229823876214,0.009596934368014794,0.01014219699183394,1.1901081141294358
direction,bear,all,high_low_divergence,30,5D,bear,0,40,0.5,0.48717948717948717,0.33865175329862,0.6380063711554202,-0.0096060136287598,-0.0010420295852193728,0.04396774742348372,-0.06317977468100332,0.6959149133639407,0.6959149133639407,-9.415764597587605e-05,-0.0010171598981039143,0.9958736253546656
direction,bear,all,high_low_divergence,30,60D,bear,0,31,0.6129032258064516,0.6451612903225806,0.46947954064368874,0.788833409061346,0.01520260481947355,0.04766803039158385,0.13948315680121842,-0.1815749358182892,0.7681850811215813,1.2162930451091705,0.03333380284906589,0.05891152492901419,1.5828924949247754
direction,bear,all,high_low_divergence,30,90D,bear,0,25,0.6,0.68,0.48410269273102247,0.8279480969309202,-0.09290285177008965,0.02312746386333764,0.12983152920347793,-0.4270044232304411,0.3040519538913813,0.45607793083707193,-0.041255568068675516,0.06896586528652626,0.7242022735111668
direction,bear,all,high_low_divergence,7,1D,bear,0,26,0.5,0.5,0.3206059352575905,0.6793940647424095,-0.0002682840477908728,0.0004744357946273037,0.023531395754990678,-0.024067963850572423,0.9777061284073275,0.9777061284073275,0.0006465003602329531,0.0007456429086489802,1.0616079778066039
direction,bear,all,high_low_divergence,7,20D,bear,0,15,0.4666666666666667,0.4666666666666667,0.24809535365737387,0.698830199745016,0.004816191736013035,-0.022728378838759777,0.10405812329047402,-0.08202049837414033,1.2686843576078755,1.1100988129068912,0.02702437237101584,-0.017279524765418497,1.9137388138063656
direction,bear,all,high_low_divergence,7,5D,bear,0,20,0.35,0.35,0.18119182410108206,0.5671457233147638,0.00789036531608881,-0.01318012133021429,0.07361579558564106,-0.02750025098290087,2.6769135900401038,1.4414150100215946,0.01832304651754384,-0.009018910227264754,3.09057299216938
direction,bear,all,high_low_divergence,7,60D,bear,0,11,0.6363636363636364,0.7272727272727273,0.43435469882387084,0.902539407099751,-0.02717655561726049,0.0447990846862486,0.10756443083734786,-0.2629732819128251,0.40903178473091106,0.7158056232790942,0.03624032809416609,0.06410518843068658,1.628163446627546
direction,bear,all,high_low_divergence,7,90D,bear,0,8,0.75,0.75,0.40927543031016883,0.9285207872478909,0.08976101617988903,0.13797914493590946,0.17957475471995296,-0.17968019944030267,0.9994131533653783,2.9982394600961344,0.12477782219005035,0.12703955027450875,6.438107352580333
direction,bear,all,high_low_divergence,90,1D,bear,0,52,0.5576923076923077,0.5961538461538461,0.4606757548486152,0.7184026612814113,0.001938909098275825,0.002645269448851295,0.019904103993700746,-0.02071285837856429,0.9609539943699646,1.2116376450751727,0.0029803397024282937,0.0031684929090601277,1.3912866099525996
direction,bear,all,high_low_divergence,90,20D,bear,0,44,0.5,0.5227272727272727,0.3793546556062164,0.662450089677489,0.00014175840816911406,0.00426935363700115,0.1233919733979968,-0.12310845658165856,1.0023029840858266,1.0023029840858266,0.008659018061270528,0.009515189687907544,1.163698306451782
direction,bear,all,high_low_divergence,90,5D,bear,0,47,0.48936170212765956,0.5531914893617021,0.41245459838218734,0.6858903373450472,-0.005476457769349338,-0.0021818181818182847,0.049352841980212274,-0.05802120336267921,0.8506001103030782,0.8151584390404499,0.0013429059842006601,0.0045407173865243955,1.055604389034577
direction,bear,all,high_low_divergence,90,60D,bear,0,42,0.40476190476190477,0.47619047619047616,0.3335960123070547,0.6227753586865502,-0.04728970163227627,-0.03411235545286251,0.18121829602313572,-0.20267514003795642,0.8941318406845441,0.6080096516654899,-0.021742059877241676,-0.006496285010290648,0.7862236054884824
direction,bear,all,high_low_divergence,90,90D,bear,0,37,0.6756756756756757,0.7567567567567568,0.5988270787855735,0.8663864701088361,-0.15133877149703834,0.03504770770304866,0.1413380019856535,-0.7610820495859797,0.18570665549468657,0.3868888656139303,-0.10057918373018863,0.10722922048894912,0.5624023068398479
direction,bear,all,weighted_net,1,1D,bear,0,30,0.4,0.4666666666666667,0.30232388907699753,0.638577003801267,-0.003850774537731409,-0.003452181688951228,0.019934145813353992,-0.019707388105121675,1.0115062283760163,0.6743374855840109,-0.0017874298266973806,-0.0011130841751563203,0.8097252489488629
direction,bear,all,weighted_net,1,20D,bear,0,22,0.4090909090909091,0.5454545454545454,0.3465979532073494,0.7307970581918668,-0.02727977931554305,-0.017104271859456288,0.11169521141673806,-0.12349323443789152,0.9044642155916076,0.626167533871113,-0.014287153375022576,0.0006267610771831245,0.7457051377500556
direction,bear,all,weighted_net,1,5D,bear,0,24,0.4166666666666667,0.43478260869565216,0.25634635325674215,0.6318862491498354,-0.026145500706455455,-0.008558507512673286,0.039393181717034986,-0.07295884529466291,0.5399370228234228,0.3856693020167306,-0.013833339811861745,-0.002179919140414155,0.5154641334426445
direction,bear,all,weighted_net,1,60D,bear,0,13,0.6153846153846154,0.6923076923076923,0.42369343180549035,0.8731929634428948,0.001315530088942286,0.035368060492470765,0.11315088892750472,-0.1776210440527576,0.6370353779358275,1.0192566046973242,0.027279538561188785,0.047658488218671136,1.6923061889345725
direction,bear,all,weighted_net,1,90D,bear,0,10,1.0,1.0,0.7224672001371107,0.9999999999999999,0.10086245483049079,0.07055763855163438,0.10086245483049079,,,,0.11592838377780863,0.09342940056872473,
direction,bear,all,weighted_net,3,1D,bear,0,57,0.38596491228070173,0.39285714285714285,0.2758041573011051,0.5236659719957729,-0.007515226771834512,-0.005831836413297653,0.025510266307338273,-0.02827410813588598,0.9022483108834195,0.5671275096981494,-0.006194650182469522,-0.003908442475584417,0.5973104565908243
direction,bear,all,weighted_net,3,20D,bear,0,43,0.37209302325581395,0.4418604651162791,0.30433309839170514,0.5889238554717591,-0.03647904076151115,-0.0261844062035268,0.08762626612147095,-0.11002292632179682,0.7964364251245258,0.471962325999719,-0.02137033912598889,-0.009389208941170457,0.5790983352850827
direction,bear,all,weighted_net,3,5D,bear,0,48,0.3333333333333333,0.41304347826086957,0.2828860322481277,0.5566050222015385,-0.02749785692538778,-0.01020336326644089,0.04047218170077201,-0.061482876238467675,0.658267540116316,0.329133770058158,-0.020179466473226694,-0.004446073244613491,0.3700084728928081
direction,bear,all,weighted_net,3,60D,bear,0,32,0.375,0.53125,0.3644951711897464,0.6913061289193116,-0.08329333182075876,-0.026931746984286464,0.11781023636533323,-0.20395547273241393,0.5776272378819579,0.3465763427291747,-0.029450110381629004,0.011182662485479278,0.6516422662181743
direction,bear,all,weighted_net,3,90D,bear,0,22,0.7727272727272727,0.9090909090909091,0.7218505315839417,0.9747045710090046,0.0503812447667188,0.03576366966968092,0.08898592419355641,-0.0808746652845291,1.100294188303478,3.7410002402318256,0.0893474847805375,0.06106772346727002,22.378308441128777
direction,bear,all,weighted_net,30,1D,bear,0,81,0.41975308641975306,0.4444444444444444,0.3411955250345785,0.5527242622356897,-0.008388188878549285,-0.006373453625862835,0.023099470734162436,-0.03116649583242585,0.7411635513457235,0.536160866930949,-0.007708616313700778,-0.003633829603314487,0.5318610500467217
direction,bear,all,weighted_net,30,20D,bear,0,61,0.47540983606557374,0.5409836065573771,0.41724048130756475,0.6598706770614424,-0.03108368715206632,-0.0035371399696815242,0.09076635428088213,-0.14151028720067585,0.6414117028267089,0.581279355686705,-0.01448769429094323,0.005205208058648436,0.7585275350355958
direction,bear,all,weighted_net,30,5D,bear,0,75,0.4533333333333333,0.47297297297297297,0.36338706920848024,0.5852264323805136,-0.016780771955042642,-0.007355365612397691,0.051144732277252025,-0.07310923887938456,0.6995659243783194,0.5801278397283625,-0.00921892531444637,-0.0024355220990531223,0.7137027352779792
direction,bear,all,weighted_net,30,60D,bear,0,50,0.5,0.54,0.40398871399157477,0.6703034780777566,-0.07051583717053689,0.0004115108985230931,0.16539427793984235,-0.3064259522809161,0.5397528398254502,0.5397528398254502,-0.036756576997313835,0.01935765501547493,0.7083525100558122
direction,bear,all,weighted_net,30,90D,bear,0,39,0.6666666666666666,0.6923076923076923,0.5357874562585069,0.8143406769308886,-0.06957973162583987,0.04538285694033406,0.14770872060801693,-0.5041566360935534,0.29298180373570937,0.5859636074714187,-0.029848941030100214,0.10205476783456957,0.8041757710481576
direction,bear,all,weighted_net,7,1D,bear,0,76,0.47368421052631576,0.42105263157894735,0.31648619118038757,0.5332159538298973,-0.006880216067189377,-0.0023168898497919477,0.017707226029021878,-0.029752732260286675,0.5951462162907678,0.5493657381145549,-0.007308996889107759,-0.0035062672520205784,0.4757806166639532
direction,bear,all,weighted_net,7,20D,bear,0,62,0.5645161290322581,0.5645161290322581,0.44092987972148767,0.6805741109751094,0.0012705490107044488,0.0151042382944504,0.09732071198874945,-0.12323892151639093,0.789691363663919,1.0236739899347098,0.012793983026259746,0.039444266699946495,1.2908886859676083
direction,bear,all,weighted_net,7,5D,bear,0,69,0.4782608695652174,0.4927536231884058,0.3783242300928733,0.6079473243736349,-0.011339815029489123,-0.007734883397790604,0.044622935574302414,-0.0626390030829647,0.7123825951572027,0.6530173788941025,-0.006320015934593436,-0.0005792587455539788,0.7755684525555683
direction,bear,all,weighted_net,7,60D,bear,0,49,0.5102040816326531,0.5918367346938775,0.4524731939184714,0.7178476147961312,-0.11526963920679412,0.0019486474094452255,0.146881178018905,-0.3883434071502307,0.3782249815871961,0.3939843558199959,-0.07325720239058515,0.06484942219487455,0.5395446953569811
direction,bear,all,weighted_net,7,90D,bear,0,40,0.775,0.8,0.652426936536005,0.895000102745623,-0.025493481640790117,0.08244662797406915,0.13473977684252855,-0.5774080386388877,0.23335279009995757,0.8037707214554094,0.01349443123812093,0.1110441181332058,1.1135609061858411
direction,bear,all,weighted_net,90,1D,bear,0,76,0.5394736842105263,0.6052631578947368,0.49286296638958565,0.7075341735967013,0.005428144541686947,0.0025237006207838864,0.027216434748957456,-0.020095281129687077,1.3543694449116308,1.5865470640393389,0.006070353685376278,0.004575258957579154,1.6947881638867637
direction,bear,all,weighted_net,90,20D,bear,0,67,0.5522388059701493,0.6268656716417911,0.5071540719064641,0.7328184001882802,0.008286707920674515,0.022354420287633014,0.1091434071468724,-0.11610322112496953,0.9400549449820533,1.1594010988111991,0.01585933378493017,0.017713914472499148,1.3479337261758488
direction,bear,all,weighted_net,90,5D,bear,0,69,0.5217391304347826,0.5362318840579711,0.4197840683642111,0.648858159303249,-0.0048271863316063,0.002462811545660526,0.05494587598845757,-0.07003416340803961,0.7845581829588905,0.8558816541369714,-0.0019718378958723903,0.010659955574654045,0.9358998537978062
direction,bear,all,weighted_net,90,60D,bear,0,52,0.5384615384615384,0.5576923076923077,0.42339761787202884,0.6840494318059871,-0.08087049444976098,0.016506789937567545,0.1395089166920705,-0.33797980744856443,0.4127729338188398,0.4815684227886465,-0.04765986184606549,0.04910708386848445,0.6711963200510802
direction,bear,all,weighted_net,90,90D,bear,0,42,0.5952380952380952,0.6666666666666666,0.5155250737683379,0.7898753292764273,-0.2701893575273435,0.04041729642351993,0.13672423855844815,-0.8685917047123312,0.1574091000601138,0.23148397067663795,-0.22354764241812722,0.09780300553702342,0.3235502318710703
direction,bull,all,author_net,1,1D,bull,0,214,0.4485981308411215,0.4549763033175355,0.38918922310629506,0.522373470126684,-0.004391639218235055,-0.004500238839910908,0.027866039813689875,-0.030635174701834997,0.9096092999274048,0.7400211253646684,-0.0039633276886408995,-0.0026769807507786014,0.7457603769220575
direction,bull,all,author_net,1,20D,bull,0,153,0.49019607843137253,0.46710526315789475,0.389580731981444,0.5462514908707197,0.041711498566363275,-0.006492238601972122,0.2002347442085627,-0.11071469916652077,1.8085651292553218,1.7390049319762708,0.030491505641819683,-0.008922818454794978,1.5365423192892222
direction,bull,all,author_net,1,5D,bull,0,183,0.4207650273224044,0.3977272727272727,0.32834779418634086,0.47147589365477716,-0.0035708549223736306,-0.013811942136041977,0.09129012718328386,-0.07247930418780407,1.259533713882494,0.9149443015938872,-0.002283663816210538,-0.010813088474778576,0.9394868735732398
direction,bull,all,author_net,1,60D,bull,0,83,0.4939759036144578,0.42168674698795183,0.32123014901825364,0.5290717669497665,0.16104540684703786,-0.0009954651034177475,0.4512367605668191,-0.12223662892703427,3.691502003349358,3.603609098507707,0.12232532898673362,-0.021919497617376105,2.6554688318257664
direction,bull,all,author_net,1,90D,bull,0,63,0.5079365079365079,0.4444444444444444,0.3284709601189181,0.5668036176131765,0.20978671745295968,0.014088910600879467,0.5453981511429037,-0.13665089151730514,3.991178872578638,4.119926578145691,0.16252491887178772,-0.020501108534518586,2.9836217511837204
direction,bull,all,author_net,3,1D,bull,0,422,0.476303317535545,0.46318289786223277,0.41609872479408067,0.5109328787456207,-0.0010902303494476223,-0.0018182861370417136,0.025899861574192377,-0.02563778001755459,1.010222474662718,0.9187996262769517,-0.00157470874447507,-0.0015532499026065238,0.8751299241787049
direction,bull,all,author_net,3,20D,bull,0,348,0.5057471264367817,0.47398843930635837,0.4219501205815769,0.526598001585883,0.03198079013791933,0.0016689585769934512,0.1629432456228026,-0.10202730384661239,1.5970552928436794,1.6341961136074858,0.018400348919781342,-0.0020776639927652107,1.357440095803005
direction,bull,all,author_net,3,5D,bull,0,382,0.5130890052356021,0.47368421052631576,0.4239963869280044,0.523898767333217,0.007153481190373576,0.0017741666306561044,0.07706227049404522,-0.06651384517263524,1.1585899190466553,1.220879699640561,0.0032249070977393864,-0.0027169933794695678,1.1025597595180077
direction,bull,all,author_net,3,60D,bull,0,191,0.5130890052356021,0.39790575916230364,0.3311617861795685,0.46867547517100283,0.15519831719471347,0.0022863331428055744,0.41329418452015354,-0.1167736720299438,3.5392753977469695,3.729559021281753,0.10867948895859318,-0.015057692955967594,2.462705957561634
direction,bull,all,author_net,3,90D,bull,0,136,0.5147058823529411,0.44776119402985076,0.3661914968022998,0.5322425438718391,0.2210090239956272,0.01246678613899177,0.5592877483288079,-0.13777144120623105,4.059533263440324,4.3055655824367065,0.16848444360418294,-0.021194142992465248,2.9783818036587846
direction,bull,all,author_net,30,1D,bull,0,489,0.5419222903885481,0.5307377049180327,0.4863924361110027,0.5746028286475479,0.0002903641073740776,0.0024038461538462563,0.023104360523519763,-0.02693994364967033,0.8576246789514905,1.023741170820473,-0.00035853263767366545,0.0009800786709449616,0.9695090471697524
direction,bull,all,author_net,30,20D,bull,0,423,0.4728132387706856,0.44075829383886256,0.3941350686837903,0.4884503420029294,-0.009118614355904931,-0.005775275970465565,0.12554450127770964,-0.1298927090945727,0.9665246198406932,0.8668382240723705,-0.021331249201574986,-0.012887012534476772,0.7016535413587552
direction,bull,all,author_net,30,5D,bull,0,458,0.517467248908297,0.487964989059081,0.4424282635215422,0.5337023562622133,0.00838660003050365,0.0018426585074540203,0.07905803679994906,-0.06740132084894687,1.1729449186481977,1.257864007781099,0.0036849143192590307,-0.002470999338628932,1.1126914372074577
direction,bull,all,author_net,30,60D,bull,0,274,0.4927007299270073,0.39416058394160586,0.3381453899721622,0.45310246682292304,0.06529107299950081,-0.001145567519614199,0.3106893994228765,-0.1730454310807562,1.7954209913689376,1.7437542002504072,0.021411935040626214,-0.03649532192274241,1.205066563843709
direction,bull,all,author_net,30,90D,bull,0,207,0.5024154589371981,0.4396135265700483,0.3737086281366463,0.5077188665324133,0.09120969502363598,0.0009902215620745114,0.4003242287589846,-0.22090595068972577,1.81219305097517,1.829787158266191,0.048059008498148106,-0.027669641402492617,1.382266925010573
direction,bull,all,author_net,7,1D,bull,0,524,0.4618320610687023,0.45977011494252873,0.41746586358355714,0.5026621535298261,-0.0024634274173906717,-0.0022692506730135897,0.025622165576157745,-0.02656524835511662,0.9644993803049754,0.827690957566681,-0.002858723525346011,-0.0015542602821257967,0.789937452234433
direction,bull,all,author_net,7,20D,bull,0,446,0.515695067264574,0.484304932735426,0.43825660281772416,0.5306213213364823,0.023674948930203867,0.006876689918804302,0.15869426747197946,-0.12009562173927942,1.3213992747920107,1.4070455240840856,0.010058572594758447,-0.002511150239476123,1.1692573989936472
direction,bull,all,author_net,7,5D,bull,0,487,0.5195071868583162,0.4948453608247423,0.450564701093375,0.5392070338734949,0.009619323300694059,0.002279981760145766,0.07844796999173309,-0.06479797419004472,1.210654668950831,1.3089556890793175,0.005276817678133104,-0.0008416769832813031,1.1729345620946812
direction,bull,all,author_net,7,60D,bull,0,262,0.5458015267175572,0.4389312977099237,0.38015274979091823,0.49947475397784685,0.16236678428827567,0.01619582488098037,0.4015316029833996,-0.1250329558243523,3.2114061475718105,3.8590846983425955,0.11344630951356678,-0.012269883914460933,2.5320336412834177
direction,bull,all,author_net,7,90D,bull,0,185,0.5621621621621622,0.4972677595628415,0.4256312041708546,0.5690166646356094,0.19359929784983773,0.03631559861161482,0.4740116873648879,-0.1664363627620786,2.848005565000777,3.6566985032108743,0.143290488432722,-0.005715753689951253,2.6473327472720505
direction,bull,all,author_net,90,1D,bull,0,454,0.5330396475770925,0.5286343612334802,0.48266916436274426,0.5741190523858453,0.0035368666167239324,0.001689520917062426,0.026594899760522775,-0.023222251432951185,1.1452334773529311,1.3324351034586988,0.0028942810755229744,0.0010042590504035775,1.2773932990401806
direction,bull,all,author_net,90,20D,bull,0,412,0.4733009708737864,0.4368932038834951,0.38980018419112494,0.48515215907096965,0.003955230024284578,-0.008050532091073148,0.14701539866120977,-0.12460114271396616,1.1798880448367772,1.0602680587242928,-0.010260328431668032,-0.016105257814962637,0.8530277197479018
direction,bull,all,author_net,90,5D,bull,0,431,0.5336426914153132,0.5046511627906977,0.45756276131249823,0.5516571966206905,0.010440611024367897,0.0037580312765184143,0.07507620234320335,-0.06352051337031944,1.181920585331469,1.3524464409265566,0.005346488387492136,0.00045331605696730115,1.1774052869299185
direction,bull,all,author_net,90,60D,bull,0,270,0.5037037037037037,0.4148148148148148,0.357643339994239,0.47437625193278227,0.041835283928841886,0.001069210857830627,0.25542444549131543,-0.1749417755673999,1.4600540360521717,1.4818458873365326,-0.0003997195172395841,-0.027048332371241157,0.9962376399676981
direction,bull,all,author_net,90,90D,bull,0,197,0.5025380710659898,0.4467005076142132,0.37895653263991225,0.5164833823890449,0.05771574944439939,0.009888988133214038,0.33100647337645284,-0.21836365534410357,1.5158496630533298,1.5313175167579556,0.014953501616623196,-0.03723671998334033,1.1182582894148685
direction,bull,all,author_net_shift,1,1D,bull,0,5,0.2,0.0,5.551115123125783e-17,0.5614970317550454,-0.02289470550759467,-0.013179806823047868,0.005812159242876369,-0.03007142169521243,0.19327849882806517,0.04831962470701629,-0.029229846739173726,-0.010469779722776962,
direction,bull,all,author_net_shift,1,5D,bull,0,2,0.5,,,,-0.012666812697895213,-0.012666812697895213,0.08507355210369316,-0.11040717749948359,0.7705436732506913,0.7705436732506913,,,
direction,bull,all,author_net_shift,3,1D,bull,0,12,0.8333333333333334,0.8,0.49016247153664183,0.9433178485456247,0.00851839856066843,0.008912615424751746,0.012230033651190176,-0.0100397768919403,1.218157911557593,6.090789557787964,0.010263721637443778,0.012858136716242696,11.321121153666788
direction,bull,all,author_net_shift,3,20D,bull,0,4,0.25,0.25,0.04558726080970055,0.6993581574175981,-0.0668627032318943,-0.08286993299736606,0.024415488664237373,-0.09728876719727153,0.25095896851822896,0.08365298950607632,-0.06178549347596768,-0.07797659703639459,0.0653484109740635
direction,bull,all,author_net_shift,3,5D,bull,0,8,0.375,0.2,0.03622410863243014,0.6244653702374747,-0.022377544433698146,-0.035227590975218326,0.03839949109235633,-0.05884376574933083,0.6525668539966446,0.3915401123979868,-0.0334994115942151,-0.027581294616256247,0.07818631968664651
direction,bull,all,author_net_shift,30,1D,bull,0,96,0.53125,0.53125,0.4321560201442166,0.6279392556146787,-0.0014215452894604924,0.001771869415535643,0.01672860668708307,-0.021991717529543195,0.7606775898521898,0.8621012684991484,-0.002684676233308003,0.0008949181236595494,0.7301647078579521
direction,bull,all,author_net_shift,30,20D,bull,0,78,0.4230769230769231,0.4675324675324675,0.3603007569249538,0.577849790171308,0.04190253792123819,-0.010572668101677452,0.2070282882747913,-0.07918967900470074,2.6143342273492736,1.917178433389467,0.03556462250388708,-0.010459537444555744,1.8636455337967193
direction,bull,all,author_net_shift,30,5D,bull,0,89,0.5617977528089888,0.5227272727272727,0.41961959494387296,0.6239337202077226,0.016290943369645938,0.013601639649711172,0.07455353150714189,-0.05840468244765654,1.2764992186021775,1.6365374597463813,0.012684081163102295,0.005022886602245258,1.5520473037555134
direction,bull,all,author_net_shift,30,60D,bull,0,48,0.4166666666666667,0.2553191489361702,0.152531540350547,0.3950817553041745,0.13094132987117058,-0.022151646396730285,0.44401938416005604,-0.09268585176374763,4.790584277003171,3.4218459121451223,0.06424619793496972,-0.042253768720737495,1.9121011015327742
direction,bull,all,author_net_shift,30,90D,bull,0,38,0.5526315789473685,0.40540540540540543,0.26346518192014284,0.5651403526977063,0.15754322417076705,0.023595487434650453,0.40319885821045237,-0.14591373552531484,2.7632686995426874,3.4134495700233196,0.10662770317540353,-0.04839911482237891,2.161953542294728
direction,bull,all,author_net_shift,7,1D,bull,0,36,0.4166666666666667,0.34285714285714286,0.20831694987048957,0.5084805048600374,-0.014160721631865424,-0.005658690097307406,0.013870801561846531,-0.034183238198802535,0.40577786929303955,0.289841335209314,-0.015089640492429278,-0.003469697548972084,0.18293199843675875
direction,bull,all,author_net_shift,7,20D,bull,0,26,0.4230769230769231,0.38461538461538464,0.22428594435712798,0.5746514991488447,0.0025909608986291978,-0.030617148794971516,0.12128563559415168,-0.08445180054475394,1.4361521579386363,1.053178249155,-0.009285697190028162,-0.020892667734264236,0.8110349160885797
direction,bull,all,author_net_shift,7,5D,bull,0,35,0.34285714285714286,0.3333333333333333,0.19750227679220683,0.5039210557219438,-0.03541517649675848,-0.02285604857332746,0.03572029093100606,-0.07252933341559213,0.4924944053508566,0.2569536027917512,-0.030573316473128633,-0.018480984290393465,0.24754065162356426
direction,bull,all,author_net_shift,7,60D,bull,0,11,0.45454545454545453,0.2727272727272727,0.09746059290024889,0.5656453011761291,0.010525565410696118,-0.010509952350376883,0.12003214082079405,-0.08072991409771883,1.4868359784887444,1.2390299820739537,-0.049409977715066236,-0.03242584262121295,0.2242021475090733
direction,bull,all,author_net_shift,7,90D,bull,0,8,0.125,0.125,0.02241749145005667,0.4708881822128535,-0.050983802689981594,-0.060486717283313784,0.16906772644477575,-0.08241973542351835,2.0513014944298464,0.2930430706328352,-0.08956288825701163,-0.12014024972716175,0.08528805451733058
direction,bull,all,author_net_shift,90,1D,bull,0,101,0.4752475247524752,0.45544554455445546,0.36173607809276237,0.5524200191111854,-0.0014872696056443583,-0.0016420361247947435,0.022741893305043812,-0.023430662430418553,0.9706039414199167,0.8790375318520002,-0.0016278518707665906,-0.001484526699122246,0.856913493661208
direction,bull,all,author_net_shift,90,20D,bull,0,82,0.5487804878048781,0.5487804878048781,0.44130776131828087,0.651887299785124,0.04534852301763254,0.01603628724660866,0.17940255140147857,-0.11769016015190989,1.524363219235259,1.8539552666374772,0.03371493490883543,0.002886298755316319,1.6367503844457494
direction,bull,all,author_net_shift,90,5D,bull,0,96,0.4895833333333333,0.5052631578947369,0.4064930002803157,0.6036242117876898,-0.0007115784474951021,-0.0007294917472380202,0.06924892502120311,-0.0678165511623689,1.0211213020167418,0.9794428815262626,-0.00032606900380175385,0.0005878427475836112,0.9894544963733009
direction,bull,all,author_net_shift,90,60D,bull,0,47,0.6382978723404256,0.5957446808510638,0.4534212295011096,0.7235996548079124,0.29489116734060455,0.09974700498549005,0.5346168726165266,-0.12815419491102248,4.171668925763306,7.3617686925234835,0.23169959513503305,0.05388741397344443,4.68336288731156
direction,bull,all,author_net_shift,90,90D,bull,0,27,0.7037037037037037,0.5925925925925926,0.4072670096806468,0.7548524292560443,0.3942896292742142,0.14337456814889116,0.6239729445056849,-0.1512082444005285,4.1265801807266005,9.800627929225676,0.3164303255679838,0.0689195815478918,5.228959012461171
direction,bull,all,high_low_divergence,1,1D,bull,0,2,0.5,0.5,0.09453120573423074,0.9054687942657693,-0.0024040629691948756,-0.0024040629691948756,0.003505864354921062,-0.008313990293310813,0.4216825172073842,0.4216825172073842,-0.0016616394764565334,-0.0016616394764565334,0.40697701993464874
direction,bull,all,high_low_divergence,3,1D,bull,0,17,0.35294117647058826,0.35294117647058826,0.17309720397243744,0.5869963651478132,-0.003331668496893043,-0.0073270530021887215,0.04088198528056678,-0.02744820692096204,1.489422802672966,0.8124124378216179,-0.0023237937573551675,-0.0050731312226547365,0.8500423457681427
direction,bull,all,high_low_divergence,3,20D,bull,0,11,0.5454545454545454,0.6,0.31267376973365824,0.8318196702937638,0.07828255542204317,0.0003621160746618557,0.1716499455036571,-0.033758312675893534,5.084671948851002,6.101606338621203,0.08293973923200378,0.011129388810298013,10.6343416929733
direction,bull,all,high_low_divergence,3,5D,bull,0,15,0.4666666666666667,0.5333333333333333,0.30116980025498397,0.7519046463426261,0.020044304176266223,-0.009250419725450154,0.11148850611192504,-0.05996937251743524,1.8590907563608632,1.6267044118157552,0.024334597858113642,0.0018748739997100916,2.1320677842178255
direction,bull,all,high_low_divergence,3,60D,bull,0,5,0.8,0.6,0.2307242812760128,0.882379225767352,0.5040243674464122,0.12191789840998135,0.6358628417094353,-0.023329529605680244,27.25570778566475,109.022831142659,0.4238750876736407,0.07209340825883981,18.91749044045945
direction,bull,all,high_low_divergence,3,90D,bull,0,3,1.0,1.0,0.4385029682449546,1.0,0.2518953389963911,0.25733118105999453,0.2518953389963911,,,,0.18154352583819833,0.17770051678499232,
direction,bull,all,high_low_divergence,30,1D,bull,0,53,0.39622641509433965,0.41509433962264153,0.29260908779813966,0.549055778186556,-0.003122754491928368,-0.005432877672625347,0.026337554845777017,-0.022456082494797528,1.1728472609538516,0.7696810150009652,-0.0018359684010246509,-0.0017577460714957027,0.8335177995766513
direction,bull,all,high_low_divergence,30,20D,bull,0,38,0.3684210526315789,0.40540540540540543,0.26346518192014284,0.5651403526977063,0.0024734116404660765,-0.024841576751242045,0.13169931762509687,-0.07290836685056856,1.8063676819839483,1.0537144811573034,-0.0011955482657600384,-0.009054421675595115,0.9715623032106429
direction,bull,all,high_low_divergence,30,5D,bull,0,48,0.5208333333333334,0.5,0.36389330502679385,0.6361066949732062,0.0020485476142961256,0.0009802530352633898,0.05348078472105508,-0.05385605793652882,0.9930319219443055,1.0793825238525059,0.0016169675719212827,-0.0002924038051058675,1.0738335040947524
direction,bull,all,high_low_divergence,30,60D,bull,0,28,0.7142857142857143,0.4642857142857143,0.2953156998279538,0.6418731076553209,0.18009280224314164,0.04333812306784668,0.325199114625858,-0.18267297871364918,1.7802256081652177,4.4505640204130446,0.12350791432200221,-0.00497630061554688,2.789646155527268
direction,bull,all,high_low_divergence,30,90D,bull,0,20,0.65,0.45,0.2581978582556243,0.6579146575496577,0.08511936886770022,0.0437024471970604,0.21252066381530987,-0.15148303603500343,1.4029337500616397,2.6054483929716166,0.017961650644608425,-0.025922519439470104,1.2165737000582082
direction,bull,all,high_low_divergence,7,1D,bull,0,44,0.5227272727272727,0.4772727272727273,0.337549910322511,0.6206453443937836,0.0028873046520609628,0.00411747576463517,0.03307061937980822,-0.030170611478328897,1.0961202892278918,1.2005126977257865,0.002577193493151477,-0.0011933658038151274,1.211106249918216
direction,bull,all,high_low_divergence,7,20D,bull,0,32,0.53125,0.5806451612903226,0.4076626249536972,0.7358445693268778,0.07104479961198708,0.011811445171224122,0.17763999197525468,-0.04976308506638285,3.569714211614631,4.045676106496582,0.06337814460196466,0.007886825675577969,4.604075169124108
direction,bull,all,high_low_divergence,7,5D,bull,0,43,0.627906976744186,0.5813953488372093,0.4332857738696422,0.7161544907215082,0.03543586600073954,0.015522834190995649,0.0897621759058449,-0.05623978196412575,1.5960619470947173,2.693354535722335,0.030921507721438517,0.006566236666764036,2.7627862922386375
direction,bull,all,high_low_divergence,7,60D,bull,0,21,0.6666666666666666,0.5714285714285714,0.3654655436930671,0.7553003107462404,0.29090085754182493,0.05755195275502811,0.4941392312412433,-0.11557588985701206,4.275452534716207,8.550905069432414,0.23366622198449816,0.057945394431487274,5.8181202280262
direction,bull,all,high_low_divergence,7,90D,bull,0,16,0.5625,0.4375,0.23098652405492354,0.6682144360118811,0.21722107037184063,0.019789672378080936,0.4558975588533424,-0.08964870053294736,5.085378328331625,6.538343564997804,0.1546344502970764,-0.02977113005502091,3.278509060423673
direction,bull,all,high_low_divergence,90,1D,bull,0,34,0.6176470588235294,0.5294117647058824,0.3673671298006892,0.6854849552491152,-0.00498911382845725,0.003880451109233962,0.012324818052714829,-0.03295777302111984,0.3739578534270777,0.6040857632283563,-0.007254473151996023,0.002023286139280045,0.4402176249815209
direction,bull,all,high_low_divergence,90,20D,bull,0,17,0.8235294117647058,0.6470588235294118,0.41300363485218694,0.8269027960275627,0.12512234054565852,0.049132947976878505,0.15657863222172047,-0.021673687275963933,7.224365205055155,33.71370429025739,0.08571203313598824,0.021334531034940207,7.948950691720789
direction,bull,all,high_low_divergence,90,5D,bull,0,30,0.6333333333333333,0.5333333333333333,0.36142299619873297,0.6976761109230025,0.005498870849922084,0.007212002740116463,0.04043332615118165,-0.05484246103407171,0.7372631604927764,1.2734545499420684,-0.0035407130888341835,0.003337342774028307,0.8209593857092907
direction,bull,all,high_low_divergence,90,60D,bull,0,11,0.5454545454545454,0.6363636363636364,0.35380117450784887,0.8483352890463243,0.10014723726955084,0.050863865325610824,0.2599568746627719,-0.09162432760231443,2.837203627742698,3.4046443532912374,0.0439322636108656,0.025798922647453315,1.7863047800005591
direction,bull,all,high_low_divergence,90,90D,bull,0,7,0.8571428571428571,0.7142857142857143,0.35893445183261935,0.9177810759959433,0.20185220990150718,0.211396787372635,0.2918526263879819,-0.3381502890173411,0.8630855447029205,5.1785132682175234,0.14423293194153447,0.10766316086354655,3.4168557707858556
direction,bull,all,weighted_net,1,1D,bull,0,230,0.43043478260869567,0.4342105263157895,0.37148991159345646,0.4991113167088467,-0.004527648406918117,-0.004847595967348406,0.028183511050072545,-0.02924829563014007,0.9635949870880587,0.7282130055092964,-0.004234823839772513,-0.003357888842754675,0.7266814907086968
direction,bull,all,weighted_net,1,20D,bull,0,166,0.4879518072289157,0.4666666666666667,0.3921704102345302,0.542679714392255,0.038508916370122624,-0.005521424288675858,0.19150703731679566,-0.10728929300258933,1.7849594489561398,1.7009613572405569,0.025724597921361905,-0.010459537444555744,1.4622115281306276
direction,bull,all,weighted_net,1,5D,bull,0,194,0.4329896907216495,0.4074074074074074,0.3398783143866667,0.4786254440165336,-0.003050632855106412,-0.009830960978243208,0.08758199764142205,-0.0722610052342736,1.2120229625574273,0.9255448077711262,-0.0032989530190621454,-0.010874339112096454,0.9123754624494009
direction,bull,all,weighted_net,1,60D,bull,0,91,0.5164835164835165,0.42857142857142855,0.33182663627211473,0.5311025071462968,0.1513853048430789,0.01819261498596414,0.41293551821663044,-0.12799787762412385,3.2261122284327954,3.4460744258259406,0.1071461962314472,-0.021150371022265024,2.4194845440429393
direction,bull,all,weighted_net,1,90D,bull,0,66,0.5151515151515151,0.45454545454545453,0.34024125498057733,0.5738498865661081,0.19821579376207868,0.016604700545105988,0.5232060840598062,-0.14708638967925677,3.557134587372312,3.779455499083082,0.14726346248329147,-0.022142084088009883,2.666427754635596
direction,bull,all,weighted_net,3,1D,bull,0,448,0.46875,0.4541387024608501,0.4085687024592921,0.500490237889168,-0.0016702127140811116,-0.002087154580347972,0.025415529134425397,-0.025569396698057446,0.9939823545526305,0.8770432540170271,-0.0019580274372505762,-0.0017792078165388414,0.8444237691253247
direction,bull,all,weighted_net,3,20D,bull,0,369,0.5203252032520326,0.4877384196185286,0.43699157565396524,0.538739293195972,0.03208825175030891,0.0034502182791154024,0.15882901579892117,-0.10539325501428742,1.5070130984889862,1.6347260729372055,0.018366175236575705,-0.0007678050872834685,1.3552951453808553
direction,bull,all,weighted_net,3,5D,bull,0,403,0.5210918114143921,0.4912718204488778,0.4426567606598595,0.5400525201030567,0.006844622860882304,0.0019209659714600757,0.07505064199130036,-0.06736918033801818,1.1140204113326184,1.2121465615536262,0.0030150452857453853,-0.0008416769832813031,1.0968703268694053
direction,bull,all,weighted_net,3,60D,bull,0,208,0.5288461538461539,0.4230769230769231,0.357928160803059,0.491015477622858,0.14702128406217735,0.006520236717735384,0.3828424855847943,-0.1176759829530049,3.2533612720081235,3.6517320400091178,0.09992586447392167,-0.012608850083837497,2.3516959953772907
direction,bull,all,weighted_net,3,90D,bull,0,149,0.5503355704697986,0.48299319727891155,0.4036795981203771,0.5631730162795969,0.22000304601445336,0.025912329950334545,0.5157334644440055,-0.14193567504858065,3.63357178713163,4.447058008131249,0.16489383901804527,-0.00930878025938442,3.0070461850707004
direction,bull,all,weighted_net,30,1D,bull,0,435,0.5471264367816092,0.5345622119815668,0.48753618850611924,0.5809817633589317,-0.0002590327283784692,0.0024038461538462563,0.023648927591035745,-0.029291448997505822,0.8073662587688802,0.9803733142193547,-0.0005456876764354847,0.0015160992181492139,0.9566232863221746
direction,bull,all,weighted_net,30,20D,bull,0,374,0.48663101604278075,0.4385026737967914,0.38909138049891023,0.4891644357273618,-0.00801726649978491,-0.004600760405406801,0.12617733020598035,-0.13522256129379157,0.9331085656027541,0.8845091611442774,-0.021585626325094,-0.014506112853352127,0.7065536964729018
direction,bull,all,weighted_net,30,5D,bull,0,406,0.4852216748768473,0.4641975308641975,0.4161907834756467,0.5128770755334403,0.004690795027091417,-0.0011777816861413548,0.07928883510419824,-0.06562410399295665,1.2082273170953801,1.1388554137214828,0.000510998822002694,-0.005849416655646866,1.0150383958174514
direction,bull,all,weighted_net,30,60D,bull,0,242,0.49173553719008267,0.4090909090909091,0.3490352697712274,0.47198759508212657,0.05125220693333954,-0.004815790340969017,0.2902655049359743,-0.17998830089034776,1.6126909554683195,1.5602457211441465,0.0076922506427109065,-0.0438504613252797,1.0693796769179231
direction,bull,all,weighted_net,30,90D,bull,0,176,0.5113636363636364,0.4431818181818182,0.371782946227626,0.517007991461884,0.09041864353281968,0.011448559107257505,0.40840865830254736,-0.24236160448201163,1.6851211196403015,1.7634988461351992,0.04717185462582941,-0.03593732248859438,1.3488294805755061
direction,bull,all,weighted_net,7,1D,bull,0,521,0.4740882917466411,0.4596153846153846,0.4172332085860335,0.5025898613661747,-0.0016484249160057813,-0.0018384825792565618,0.025903147976297124,-0.02648506179337373,0.9780286026282864,0.8816535213473968,-0.0019489949819177057,-0.0014028314452425583,0.8532489862896876
direction,bull,all,weighted_net,7,20D,bull,0,441,0.5238095238095238,0.48299319727891155,0.436702834473577,0.5295772868987293,0.022670763993478584,0.010110294117646967,0.15801864487574163,-0.12621190497701076,1.252010615833145,1.3772116774164596,0.007994817124187288,-0.0020916086835289782,1.1293288739800953
direction,bull,all,weighted_net,7,5D,bull,0,476,0.5126050420168067,0.49473684210526314,0.44999759443468207,0.5395605361158466,0.011238131877507808,0.0013377884017387043,0.083654084182876,-0.06492347313331047,1.288502911899138,1.355149614238749,0.007136796796418692,-0.0008297680978937017,1.2336635827397644
direction,bull,all,weighted_net,7,60D,bull,0,268,0.5447761194029851,0.4216417910447761,0.3640356173720023,0.48146256314025315,0.16352762849342026,0.014098535069727136,0.4066710872651287,-0.12744733036452588,3.190895298488911,3.818612406388369,0.1133728066851814,-0.01624570377806822,2.4911510987123187
direction,bull,all,weighted_net,7,90D,bull,0,186,0.5483870967741935,0.4918918918918919,0.4207528978579792,0.563360760134631,0.18406999109399036,0.031428309346755556,0.4772465462639133,-0.17193011161234462,2.7758171142235617,3.3706350672714676,0.1333790893791934,-0.00930878025938442,2.4475029731835676
direction,bull,all,weighted_net,90,1D,bull,0,388,0.5231958762886598,0.5,0.45049342256795943,0.5495065774320406,0.0019135594651693009,0.0014902469591732137,0.026173452310623707,-0.025114009596543536,1.0421853272774884,1.162437480424891,0.0015453835865704118,0.00010898794953617674,1.133495349323299
direction,bull,all,weighted_net,90,20D,bull,0,346,0.5028901734104047,0.47398843930635837,0.4219501205815769,0.526598001585883,-8.325867795090061e-05,0.000820251650018089,0.13216351893296932,-0.1338677895169051,0.9872690018257114,0.9987488739399639,-0.01195925878274501,-0.006887798438658388,0.8291835944842306
direction,bull,all,weighted_net,90,5D,bull,0,363,0.5289256198347108,0.5316804407713499,0.48028472644331893,0.5824126580724318,0.006687981900658673,0.005588235294117672,0.0767940991788016,-0.07202765855199303,1.0661751433078714,1.1971089328369082,0.003553316168678469,0.0027412172429830406,1.1061274889118533
direction,bull,all,weighted_net,90,60D,bull,0,233,0.51931330472103,0.44206008583690987,0.37974387330870574,0.5062558155361391,0.06918327881166039,0.012124826078314443,0.3012781194579751,-0.18156204010087604,1.6593673396189244,1.7927093579811593,0.022295985780516572,-0.04477594412609709,1.1990892744789847
direction,bull,all,weighted_net,90,90D,bull,0,169,0.4970414201183432,0.44970414201183434,0.3766508323337421,0.5249931359827034,0.11079867739222043,-0.0028286542677321558,0.4551686110741605,-0.22951984530522626,1.983134009474675,1.9598030211279143,0.065318495561135,-0.047291401859752114,1.4794658355722368
evidence_quality,bear_short_put_conflict,all,author_net,3,1D,all,0,5,0.4,0.2,0.03622410863243014,0.6244653702374747,-0.027050470999074407,-0.017181856809007856,0.0015615768751951475,-0.046125169581920776,0.03385520073637243,0.02257013382424829,-0.027395260746001182,-0.014326117694594132,0.0302652313453824
evidence_quality,bear_short_put_conflict,all,author_net,3,20D,all,0,5,0.0,0.2,0.03622410863243014,0.6244653702374747,-0.14877908027449696,-0.06652297882849512,,-0.14877908027449696,,,-0.10730253021235492,-0.02077191654788213,0.09270635173655604
evidence_quality,bear_short_put_conflict,all,author_net,3,5D,all,0,5,0.4,0.4,0.11762077423264783,0.769275718723987,-0.06382079658160889,-0.006153716168642909,0.0509383699172784,-0.14032690758086708,0.362997879704032,0.24199858646935465,-0.06980959077379079,-0.0048999920688301835,0.10845004919501862
evidence_quality,bear_short_put_conflict,all,author_net,3,60D,all,0,3,0.3333333333333333,0.6666666666666666,0.2076596008020477,0.9385080552796037,-0.06679284310131199,-0.05263437433609508,0.08771693495880206,-0.144047732131369,0.608943533236648,0.304471766618324,0.03858115799690257,0.08499382685533163,2.1830732536577377
evidence_quality,bear_short_put_conflict,all,author_net,3,90D,all,0,1,1.0,1.0,0.20654931437723745,1.0,0.03980602141846845,0.03980602141846845,0.03980602141846845,,,,0.07059394019714926,0.07059394019714926,
evidence_quality,bear_short_put_conflict,all,author_net,30,1D,all,0,18,0.5555555555555556,0.6111111111111112,0.3861904160223791,0.7969475342783638,-0.005022445752520076,0.0017083619821441909,0.014461825685180152,-0.02937778504964536,0.49227079784065375,0.6153384973008172,-0.006490699033090784,0.002211882582520197,0.49899252188899124
evidence_quality,bear_short_put_conflict,all,author_net,30,20D,all,0,17,0.35294117647058826,0.47058823529411764,0.26165106442409436,0.6903676493999558,-0.01003620637128122,-0.0261844062035268,0.09779455898865348,-0.06885298747670016,1.420338645752258,0.7747301704103227,0.013688852210066072,-0.006955322474030745,1.5140153587518916
evidence_quality,bear_short_put_conflict,all,author_net,30,5D,all,0,18,0.5555555555555556,0.5,0.29031021505169974,0.7096897849483003,-0.0030696227677364488,0.009674704508226495,0.038106144656359545,-0.05453933204785644,0.6986910771646906,0.8733638464558632,0.004998688509562205,0.00979134621428851,1.2780842968605852
evidence_quality,bear_short_put_conflict,all,author_net,30,60D,all,0,14,0.5,0.6428571428571429,0.38764423103907397,0.8365526824644587,-0.017098380541399553,-0.00022424988566782655,0.2770099654548136,-0.31120672653761267,0.8901156107284011,0.890115610728401,-0.0033956367649815183,0.09219592839346974,0.9744239546891696
evidence_quality,bear_short_put_conflict,all,author_net,30,90D,all,0,10,0.6,0.6,0.31267376973365824,0.8318196702937638,0.02412574396967514,0.08140331474964363,0.3718397455620119,-0.4974452584188299,0.7474988237779865,1.1212482356669797,0.010779385578084366,0.0494747418208939,1.0507699705655555
evidence_quality,bear_short_put_conflict,all,author_net,7,1D,all,0,8,0.625,0.625,0.30574239460262737,0.8631557141764026,-0.006525350223022697,0.0026467908045016975,0.010193257103046438,-0.03438969576647125,0.29640439892999887,0.4940073315499981,-0.00514806665168159,0.005194778323309279,0.5454275330586325
evidence_quality,bear_short_put_conflict,all,author_net,7,20D,all,0,7,0.14285714285714285,0.14285714285714285,0.02567962434474355,0.5131278292743189,-0.03710812097488379,-0.045619360823003774,0.03768844221105527,-0.049574214839206966,0.760242846675374,0.12670714111256234,-0.026827116490593106,-0.042027085642358575,0.19190733768628157
evidence_quality,bear_short_put_conflict,all,author_net,7,5D,all,0,8,0.375,0.5,0.21521606221387757,0.7847839377861224,-0.016950007773432738,-0.004317819347755658,0.04400529036264785,-0.05352318665508109,0.8221724660422535,0.49330347962535204,-0.006948810798109453,0.004569854342850677,0.7481947985497923
evidence_quality,bear_short_put_conflict,all,author_net,7,60D,all,0,5,0.6,0.6,0.2307242812760128,0.882379225767352,-0.12882686998604467,0.013025163507371706,0.06015281768859034,-0.4122964014979972,0.14589702328236923,0.21884553492355382,-0.11139568970121097,0.027184296597235758,0.3141869901199365
evidence_quality,bear_short_put_conflict,all,author_net,7,90D,all,0,5,0.4,0.6,0.2307242812760128,0.882379225767352,-0.16489018302940964,-0.014521671655027157,0.08300554295140394,-0.330154000349952,0.25141462124772346,0.16760974749848231,-0.1415160890594527,0.010937826638692583,0.29778658329936253
evidence_quality,bear_short_put_conflict,all,author_net,90,1D,all,0,25,0.52,0.48,0.30031285954112974,0.6650148304964322,-0.0038907302650454767,0.0008375209380234727,0.015258621226071955,-0.02463586104708936,0.6193662643617933,0.670980119725276,-0.0026243425422007947,-0.0014329719192929247,0.7631347178488895
evidence_quality,bear_short_put_conflict,all,author_net,90,20D,all,0,21,0.3333333333333333,0.2857142857142857,0.1381386295212213,0.49956380716085597,-0.04313471433573191,-0.03106388448519648,0.08969563599702299,-0.10954988950210935,0.8187651891268766,0.40938259456343823,-0.03958718340468764,-0.03555657441778515,0.44105222157878315
evidence_quality,bear_short_put_conflict,all,author_net,90,5D,all,0,24,0.4166666666666667,0.4583333333333333,0.2789133373121099,0.6492513464108051,-0.0032818246068348766,-0.012633326893225216,0.06724870866401647,-0.053660776943157275,1.253219064182631,0.8951564744161652,-0.0005342272772118628,-0.004317045398351649,0.9808563456106444
evidence_quality,bear_short_put_conflict,all,author_net,90,60D,all,0,14,0.5714285714285714,0.5,0.26799202452413634,0.7320079754758637,-0.06348047866308917,0.047933038333249245,0.17972170749365768,-0.3877500602054183,0.4634988512921095,0.6179984683894792,-0.060626375873011666,0.04814522076969724,0.6206894808320068
evidence_quality,bear_short_put_conflict,all,author_net,90,90D,all,0,8,0.5,0.5,0.21521606221387757,0.7847839377861224,-0.2000705240931045,0.03235191240045465,0.11576818620507456,-0.5159092343912836,0.22439642186608338,0.22439642186608338,-0.20899099841986138,-0.04643730721326511,0.22659909121381178
evidence_quality,bear_short_put_conflict,all,author_net_shift,3,1D,all,0,2,1.0,1.0,0.34238022750665303,1.0,0.005767618906870053,0.005767618906870053,0.005767618906870053,,,,0.0037685468939082645,0.0037685468939082645,
evidence_quality,bear_short_put_conflict,all,author_net_shift,3,20D,all,0,2,0.5,0.5,0.09453120573423074,0.9054687942657693,-0.026074638117106863,-0.026074638117106863,0.024415488664237373,-0.0765647648984511,0.31888674505328884,0.31888674505328884,-0.02961565825791823,-0.02961565825791823,0.22584413497557443
evidence_quality,bear_short_put_conflict,all,author_net_shift,3,5D,all,0,2,0.5,0.5,0.09453120573423074,0.9054687942657693,0.011744882509072685,0.011744882509072685,0.03425541266712995,-0.010765647648984578,3.1819184301801795,3.1819184301801795,0.0010936902203494414,0.0010936902203494414,1.1819879180388742
evidence_quality,bear_short_put_conflict,all,author_net_shift,30,1D,all,0,25,0.72,0.72,0.5242339480963842,0.8571614614904344,0.006846034591055314,0.010419757395933371,0.016590906851892247,-0.01821220836538251,0.9109772147911503,2.3425128380343865,0.0019368754976031698,0.0037850744105325518,1.3739796546393024
evidence_quality,bear_short_put_conflict,all,author_net_shift,30,20D,all,0,19,0.3684210526315789,0.3888888888888889,0.2030524657216362,0.613809583977621,-0.048592137692836095,-0.03754463854840262,0.05007809637001789,-0.10614977422950093,0.47176827961731344,0.27519816311009954,-0.05597156718751801,-0.028204373723244414,0.1508720201608328
evidence_quality,bear_short_put_conflict,all,author_net_shift,30,5D,all,0,24,0.4583333333333333,0.43478260869565216,0.25634635325674215,0.6318862491498354,-0.01068357074734834,-0.0044204624481153365,0.05700859103856944,-0.06796155379697108,0.8388358984386581,0.7097842217557878,-0.0081740148777102,-0.002841507417315814,0.7090684952674274
evidence_quality,bear_short_put_conflict,all,author_net_shift,30,60D,all,0,11,0.36363636363636365,0.2727272727272727,0.09746059290024889,0.5656453011761291,0.05930040320591026,-0.024196550440501285,0.48844140500752065,-0.18592302639500996,2.6271162560025436,1.5012092891443107,0.02962159021491192,-0.04477594412609709,1.2200676573096843
evidence_quality,bear_short_put_conflict,all,author_net_shift,30,90D,all,0,10,0.6,0.4,0.16818032970623614,0.6873262302663417,0.10621319322684444,0.02173733953013901,0.5604921955722272,-0.5752053102912297,0.9744211076362401,1.4616316614543603,0.09410525484560527,-0.01872729851676569,1.421380434002349
evidence_quality,bear_short_put_conflict,all,author_net_shift,7,1D,all,0,8,0.375,0.25,0.071479212752109,0.5907245696898311,-0.010085824963700502,-0.001939132261224219,0.003524895076693624,-0.018252256987936977,0.19312105231825563,0.11587263139095338,-0.011504102660374674,-0.003678253341087956,0.07798321932401069
evidence_quality,bear_short_put_conflict,all,author_net_shift,7,20D,all,0,7,0.42857142857142855,0.5714285714285714,0.2504583645276572,0.8417801447485302,-0.03480678766260862,-0.01577153800659037,0.1218869803520199,-0.15232711367358,0.8001660204315962,0.6001245153236971,-0.030194718093996036,0.004949517454557739,0.6157594265235014
evidence_quality,bear_short_put_conflict,all,author_net_shift,7,5D,all,0,8,0.5,0.5,0.21521606221387757,0.7847839377861224,-0.02484066047219033,0.008480252500283725,0.052158775179039885,-0.10184009612342054,0.5121634519652102,0.5121634519652102,-0.028337086402384942,-0.0005605771694925377,0.3583000037774828
evidence_quality,bear_short_put_conflict,all,author_net_shift,7,60D,all,0,2,1.0,0.5,0.09453120573423074,0.9054687942657693,0.06477720521000147,0.06477720521000147,0.06477720521000147,,,,0.0468015645845416,0.0468015645845416,5.475702359370358
evidence_quality,bear_short_put_conflict,all,author_net_shift,90,1D,all,0,35,0.5428571428571428,0.5142857142857142,0.35568804595868564,0.6700576399749026,0.002560547172591602,0.0010027804366654625,0.01740541162859687,-0.015067729368914658,1.1551449592999028,1.3717346391686347,0.0013935223673953992,0.0002347845791732528,1.2230042999606694
evidence_quality,bear_short_put_conflict,all,author_net_shift,90,20D,all,0,29,0.5862068965517241,0.6206896551724138,0.4400254420598852,0.7731197789919015,0.037103337532551746,0.015178449336797462,0.14138359274599935,-0.11062702401983233,1.2780203932870255,1.8105288904899528,0.03986918909672827,0.009741556152790931,2.0119667203620066
evidence_quality,bear_short_put_conflict,all,author_net_shift,90,5D,all,0,33,0.5454545454545454,0.5,0.33630882869327483,0.6636911713067252,-0.0006878507622125103,0.003244322435737468,0.052771938290428366,-0.06483959762538156,0.8138844197541828,0.9766613037050195,0.005115173232244214,0.0015596076635887024,1.241947308197511
evidence_quality,bear_short_put_conflict,all,author_net_shift,90,60D,all,0,15,0.6666666666666666,0.6,0.357468301206246,0.8017550385865841,0.2821346984919561,0.10472099590343242,0.4677923320130832,-0.08918056855029807,5.245451331129909,10.490902662259819,0.2623679329654839,0.12398648016790981,5.364401637747344
evidence_quality,bear_short_put_conflict,all,author_net_shift,90,90D,all,0,6,0.6666666666666666,0.5,0.1876163064826506,0.8123836935173494,0.5064275702397468,0.12010793749579873,0.8280590451901713,-0.13683537966110226,6.051498137696627,12.102996275393254,0.4187832492352303,0.013800012962740249,5.832658516738757
evidence_quality,bear_short_put_conflict,all,high_low_divergence,1,1D,all,0,1,0.0,1.0,0.20654931437723745,1.0,-0.0006348400203148863,-0.0006348400203148863,,-0.0006348400203148863,,,0.0005903400944793358,0.0005903400944793358,
evidence_quality,bear_short_put_conflict,all,high_low_divergence,3,1D,all,0,5,0.8,0.8,0.37553462976252533,0.9637758913675698,0.019231617870543616,0.007192081192832989,0.025338974686948346,-0.0051978093950753035,4.874933411555244,19.499733646220974,0.02040249611667635,0.00841726130762721,27.889607983659943
evidence_quality,bear_short_put_conflict,all,high_low_divergence,3,20D,all,0,2,0.0,0.0,0.0,0.6576197724933469,-0.23250619244285076,-0.23250619244285076,,-0.23250619244285076,,,-0.21880074648143855,-0.21880074648143855,
evidence_quality,bear_short_put_conflict,all,high_low_divergence,3,5D,all,0,3,0.0,0.0,5.551115123125783e-17,0.5614970317550454,-0.10123912730431235,-0.03206477055782386,,-0.10123912730431235,,,-0.08922490937863377,-0.023923932713053375,
evidence_quality,bear_short_put_conflict,all,high_low_divergence,30,1D,all,0,18,0.4444444444444444,0.4444444444444444,0.24559518127005633,0.6628358435795723,-0.0016253200908550314,-0.002682093183089651,0.015784459415327273,-0.015553143695800875,1.0148726022243881,0.8118980817795106,0.001441703088978224,-0.0015431797547750259,1.2649344390488404
evidence_quality,bear_short_put_conflict,all,high_low_divergence,30,20D,all,0,14,0.5,0.38461538461538464,0.17709707797762575,0.6447710848733431,0.007405954012843552,0.006333683233439802,0.07671669299084448,-0.061904784965157375,1.2392691943607246,1.2392691943607246,-0.00013000327742204934,-0.0002488070142654397,0.9956716738298541
evidence_quality,bear_short_put_conflict,all,high_low_divergence,30,5D,all,0,16,0.4375,0.5,0.27999563610326017,0.7200043638967398,0.001929134131575451,-0.00936510937207169,0.04369592048045474,-0.030556144139775105,1.430020760491685,1.1122383692713105,-0.0006865312881897748,-0.004330099547947275,0.9564799464299618
evidence_quality,bear_short_put_conflict,all,high_low_divergence,30,60D,all,0,10,0.7,0.5,0.236593090512564,0.7634069094874361,0.06773843951208235,0.01903857527911884,0.11171319424486625,-0.0348693215310801,3.2037673616704256,7.475457177230994,0.04365667966760357,0.0067462202634650525,3.0071017529248385
evidence_quality,bear_short_put_conflict,all,high_low_divergence,30,90D,all,0,8,0.75,0.625,0.30574239460262737,0.8631557141764026,0.04120468036929148,0.02300507801699536,0.07377307520453587,-0.0565005041364417,1.3057064946957475,3.9171194840872423,0.05254117009167898,0.044761091453504376,7.3379153298416515
evidence_quality,bear_short_put_conflict,all,high_low_divergence,7,1D,all,0,5,0.4,0.4,0.11762077423264783,0.769275718723987,-0.004202628159243105,-0.00709882308985621,0.005824070931906455,-0.010887094220009478,0.5349518259153437,0.35663455061022914,0.0009270182374483404,-0.001328613438054349,1.4036725775114718
evidence_quality,bear_short_put_conflict,all,high_low_divergence,7,20D,all,0,4,0.25,0.25,0.04558726080970055,0.6993581574175981,0.00923875469074495,-0.027739686574716926,0.16304900054308802,-0.042031327260036076,3.8792255960500466,1.2930751986833489,-0.013834510785316223,-0.030037104558688132,0.4837694892067474
evidence_quality,bear_short_put_conflict,all,high_low_divergence,7,5D,all,0,4,0.75,0.75,0.30064184258240184,0.9544127391902995,0.019491898756345633,0.032727897007917006,0.03740766923083749,-0.03425541266712995,1.0920221453566759,3.2760664360700273,0.016959872905366297,0.016567812363264434,5.77515836952675
evidence_quality,bear_short_put_conflict,all,high_low_divergence,7,60D,all,0,2,1.0,1.0,0.34238022750665303,1.0,0.16497862017921566,0.16497862017921566,0.16497862017921566,,,,0.10394008041331432,0.10394008041331432,
evidence_quality,bear_short_put_conflict,all,high_low_divergence,7,90D,all,0,1,1.0,1.0,0.20654931437723745,1.0,0.12620506448433944,0.12620506448433944,0.12620506448433944,,,,0.2185308041764421,0.2185308041764421,
evidence_quality,bear_short_put_conflict,all,high_low_divergence,90,1D,all,0,27,0.6296296296296297,0.5555555555555556,0.3731302451322448,0.72414141822977,-0.0017470706074973722,0.004463811244553195,0.009227867907376267,-0.020404466082782558,0.4522474574898488,0.768820677732743,-0.0019045391637198847,0.001787727937645034,0.7246676521346571
evidence_quality,bear_short_put_conflict,all,high_low_divergence,90,20D,all,0,24,0.625,0.5416666666666666,0.3507486535891948,0.72108666268789,0.019571734268222715,0.06538686507627889,0.10860915576875814,-0.12882396823266967,0.8430818989568661,1.4051364982614434,0.010973956542484573,0.03384032057990671,1.2212548998725319
evidence_quality,bear_short_put_conflict,all,high_low_divergence,90,5D,all,0,27,0.7037037037037037,0.7037037037037037,0.5151931703585185,0.8414695953022023,0.013965271394519781,0.020195930670685813,0.04436082530517961,-0.05822416914329731,0.7618970945897365,1.8095055996506242,0.013589335651279835,0.014848954125840641,1.8170560737431918
evidence_quality,bear_short_put_conflict,all,high_low_divergence,90,60D,all,0,21,0.47619047619047616,0.5238095238095238,0.3236953458284443,0.7165599389846583,0.02401471670959881,-0.012456832757770098,0.20821192789268803,-0.14343729345684594,1.451588515613828,1.3196259232852983,0.020618800070193795,0.00925827832439241,1.2629379263514726
evidence_quality,bear_short_put_conflict,all,high_low_divergence,90,90D,all,0,18,0.7777777777777778,0.7777777777777778,0.5478541568378739,0.9099907189139831,-0.23558686228835976,0.058036642202449085,0.1367652384204067,-1.5388192147690423,0.08887674205506556,0.31106859719272945,-0.20040727358805088,0.10397508297811503,0.3910289579298082
evidence_quality,bear_short_put_conflict,all,weighted_net,1,1D,all,0,4,0.5,0.5,0.15003898915214947,0.8499610108478506,0.013609141261733293,0.0002784199805112575,0.041380290510494744,-0.014162007987028158,2.921922551406373,2.921922551406373,0.008383979709101097,-0.0016852444787486265,1.797981436145778
evidence_quality,bear_short_put_conflict,all,weighted_net,1,20D,all,0,4,0.0,0.0,0.0,0.4898908364545973,-0.06298430891139387,-0.06285804450149768,,-0.06298430891139387,,,-0.05555722435172247,-0.052087334601241764,
evidence_quality,bear_short_put_conflict,all,weighted_net,1,5D,all,0,4,0.5,0.5,0.15003898915214947,0.8499610108478506,-0.001979589817671018,-0.014001275855273332,0.06319826262507389,-0.06715744226041592,0.9410463010191848,0.9410463010191848,-0.004596747976072013,-0.015056077377782529,0.8380756504861241
evidence_quality,bear_short_put_conflict,all,weighted_net,1,60D,all,0,3,0.3333333333333333,0.3333333333333333,0.06149194472039621,0.7923403991979522,0.03413294603956041,-0.0017857142857142794,0.1713735558408216,-0.03448735886107018,4.969170197439227,2.4845850987196134,0.00026949296529040395,-0.01594484737557833,1.0069141988985315
evidence_quality,bear_short_put_conflict,all,weighted_net,1,90D,all,0,3,0.3333333333333333,0.3333333333333333,0.06149194472039621,0.7923403991979522,-0.02970223753163818,-0.03347619047619044,0.1408093404242312,-0.11495802650957287,1.2248761108690887,0.6124380554345443,-0.09368437140305996,-0.05893568876991018,0.1238993514130326
evidence_quality,bear_short_put_conflict,all,weighted_net,3,1D,all,0,16,0.4375,0.4375,0.23098652405492354,0.6682144360118811,-0.008303027271224887,-0.0016852423680543405,0.009658846737201807,-0.022273373722223426,0.43364992019887044,0.3372832712657881,-0.009167069653441676,-0.0005173980017948443,0.2979112108746703
evidence_quality,bear_short_put_conflict,all,weighted_net,3,20D,all,0,14,0.35714285714285715,0.42857142857142855,0.21380798904474121,0.6740935542034926,-0.01882823743368494,-0.021687312505527634,0.16748006214859396,-0.12233284831272877,1.3690522574971191,0.7605845874983995,-0.004454474381099162,-0.01661640458754471,0.926279823893825
evidence_quality,bear_short_put_conflict,all,weighted_net,3,5D,all,0,15,0.4,0.4666666666666667,0.24809535365737387,0.698830199745016,-0.005260918480445853,-0.005681057403546408,0.0893801794961769,-0.06835498379819435,1.3075883356223974,0.8717255570815983,-0.008731345392438205,-0.0006992402968437617,0.7643461703025655
evidence_quality,bear_short_put_conflict,all,weighted_net,3,60D,all,0,10,0.4,0.6,0.31267376973365824,0.8318196702937638,0.0009263018189779148,-0.010894968866958621,0.13922577900243766,-0.09127334963666191,1.5253716397684898,1.0169144265123264,0.038175594769865415,0.04886944951137273,2.565083533589032
evidence_quality,bear_short_put_conflict,all,weighted_net,3,90D,all,0,7,0.8571428571428571,0.8571428571428571,0.4868721707256811,0.9743203756552565,0.2741563422203664,0.0982999227237602,0.35258904301425337,-0.1964398625429553,1.794895590181718,10.76937354109031,0.24042895266853434,0.07059394019714926,7.427002095073086
evidence_quality,bear_short_put_conflict,all,weighted_net,30,1D,all,0,43,0.5813953488372093,0.6744186046511628,0.5251621096752948,0.7950670287343129,-0.0016755544830683415,0.004348497891971892,0.013860566156780725,-0.023253499816192045,0.5960636577866544,0.8278661913703532,-0.0015622849054126432,0.0033076393491111578,0.8185656227280472
evidence_quality,bear_short_put_conflict,all,weighted_net,30,20D,all,0,39,0.4358974358974359,0.4358974358974359,0.2930475387568963,0.5902430835133052,-0.014286336634841018,-0.02821587988637897,0.0819893803763795,-0.08868120887078415,0.9245406261414952,0.7144177565638827,-0.015443724970963616,-0.028679047431301896,0.6662689549215646
evidence_quality,bear_short_put_conflict,all,weighted_net,30,5D,all,0,41,0.5853658536585366,0.5365853658536586,0.38746471267669474,0.6794376602366394,-7.091139504348443e-05,0.010102056675128201,0.032323696409764985,-0.04580447535477309,0.7056886070499805,0.9962662687764432,0.0017585892377571933,0.0009165494994680667,1.1103733890570746
evidence_quality,bear_short_put_conflict,all,weighted_net,30,60D,all,0,37,0.4594594594594595,0.4594594594594595,0.3103856980437303,0.6161595310782052,-0.019397802867398218,-0.03520582983446752,0.17677292025995855,-0.18614291752565149,0.9496623487466199,0.807212996434627,-0.01404262144737199,-0.01957975284308877,0.8553817440443358
evidence_quality,bear_short_put_conflict,all,weighted_net,30,90D,all,0,30,0.5666666666666667,0.4666666666666667,0.30232388907699753,0.638577003801267,-0.005058229111772768,0.01639888956592439,0.17904977341682263,-0.2458148478030129,0.7283928331306765,0.9525137048631923,-0.00793415747877915,-0.02340963152432618,0.9259326843796145
evidence_quality,bear_short_put_conflict,all,weighted_net,7,1D,all,0,19,0.5263157894736842,0.5263157894736842,0.3170780924511316,0.7267019483882042,-0.0019267356055456878,0.0008375209380234727,0.014652619155103897,-0.020348240895156338,0.7200926719219145,0.8001029688021273,-0.002533375821066912,0.0002094219437231981,0.7199615795776827
evidence_quality,bear_short_put_conflict,all,weighted_net,7,20D,all,0,18,0.5555555555555556,0.6111111111111112,0.3861904160223791,0.7969475342783638,0.026739429319173183,0.027678807571693054,0.08182940352428857,-0.04212303843722105,1.9426282281665108,2.4282852852081387,0.03268547746611451,0.047036881120295415,2.7219085650811365
evidence_quality,bear_short_put_conflict,all,weighted_net,7,5D,all,0,18,0.5555555555555556,0.5555555555555556,0.33716415642042774,0.7544048187299437,0.008000527976807559,0.015279188832687751,0.04391516665480929,-0.036892770370694605,1.1903461359381364,1.4879326699226705,0.011836944768829362,0.011786129454384953,2.034073025638904
evidence_quality,bear_short_put_conflict,all,weighted_net,7,60D,all,0,15,0.6,0.6,0.357468301206246,0.8017550385865841,0.011346021460575832,0.026923767276084032,0.12878019447618747,-0.1648052380628416,0.7814083823420861,1.1721125735131293,0.022329570712596034,0.08499382685533163,1.3195053997632653
evidence_quality,bear_short_put_conflict,all,weighted_net,7,90D,all,0,10,0.6,0.6,0.31267376973365824,0.8318196702937638,-0.02693211773669161,0.07052073974041889,0.16056715568795513,-0.3081810278736617,0.5210157055929457,0.7815235583894186,-0.0229351755857641,0.09531370431449565,0.8150094782891208
evidence_quality,bear_short_put_conflict,all,weighted_net,90,1D,all,0,60,0.45,0.45,0.3309365440675524,0.5750806411466566,-0.004343439702443603,-0.0012736553266836093,0.01616598235176279,-0.021123875928612472,0.7652943241285483,0.6261499015597214,-0.004406409977676334,-0.001612651650628405,0.60944565290619
evidence_quality,bear_short_put_conflict,all,weighted_net,90,20D,all,0,56,0.5178571428571429,0.48214285714285715,0.3566821941245828,0.6098961607582303,0.012675915007321547,0.005213119719822856,0.13423705484622614,-0.11788975370853892,1.138666004664858,1.2230116346400326,0.00939756626874665,-0.004670103448021767,1.1665474996213827
evidence_quality,bear_short_put_conflict,all,weighted_net,90,5D,all,0,56,0.5535714285714286,0.5892857142857143,0.4587759684643971,0.708332257121538,-0.0007570001221010453,0.012485680128258458,0.048355318337684604,-0.06165627501223526,0.7842724577196535,0.9724978475723703,0.0020302507367092088,0.013724412522592211,1.081746570087503
evidence_quality,bear_short_put_conflict,all,weighted_net,90,60D,all,0,51,0.5490196078431373,0.5098039215686274,0.37680923894569696,0.6414251410562926,0.02876288445838731,0.023853658536585387,0.19886310947275923,-0.17831565034171762,1.1152308229348642,1.3576723061815736,0.025276997330058962,0.01781073072559236,1.260593325440313
evidence_quality,bear_short_put_conflict,all,weighted_net,90,90D,all,0,43,0.5813953488372093,0.5813953488372093,0.4332857738696422,0.7161544907215082,0.03681265599391619,0.04027564711325393,0.43447814177396343,-0.5155005187005939,0.8428277489790679,1.170594095804261,0.03689782786683105,0.0752746379660969,1.169294683978316
evidence_quality,conditional_entry,all,author_net,1,1D,all,0,20,0.55,0.6111111111111112,0.3861904160223791,0.7969475342783638,-0.005762714993787943,0.003184252707472246,0.01585310459335807,-0.032182050044744184,0.49260704558338486,0.6020752779352482,-0.0022484030233328334,0.004161402447679818,0.7932588148324765
evidence_quality,conditional_entry,all,author_net,1,20D,all,0,5,0.6,0.6,0.2307242812760128,0.882379225767352,0.025102549453905176,0.04472787116492305,0.05651560878096159,-0.02201703953667944,2.566903179094947,3.85035476864242,0.014166777387640207,0.009641176840829324,2.278246054482713
evidence_quality,conditional_entry,all,author_net,1,5D,all,0,10,0.3,0.3333333333333333,0.09677141110578041,0.700006684861608,-0.03509360454971046,-0.026163567164665946,0.04668311171333084,-0.07014076866244244,0.6655631611053012,0.2852413547594148,-0.0038742614341704304,-0.019006831466921004,0.833004874824875
evidence_quality,conditional_entry,all,author_net,1,60D,all,0,3,0.3333333333333333,0.3333333333333333,0.06149194472039621,0.7923403991979522,-0.0963731613222204,-0.14676149053720466,0.07086918155746735,-0.17999433276206428,0.39373007177481417,0.19686503588740709,-0.11952347912347705,-0.1552984522016917,0.07682351907275589
evidence_quality,conditional_entry,all,author_net,1,90D,all,0,3,0.0,0.0,5.551115123125783e-17,0.5614970317550454,-0.1876391310590617,-0.20242153520630068,,-0.1876391310590617,,,-0.20116037024025665,-0.2228308979463568,
evidence_quality,conditional_entry,all,author_net,3,1D,all,0,35,0.4,0.38235294117647056,0.23900183324508897,0.549589826555693,-0.013416820380598105,-0.005432877672625347,0.017611337765456463,-0.03410225914463448,0.516427304442303,0.344284869628202,-0.012875224544127333,-0.004387097751723024,0.34289297172443894
evidence_quality,conditional_entry,all,author_net,3,20D,all,0,6,0.6666666666666666,0.6666666666666666,0.299993315138392,0.9032285888942195,0.026938046928260295,0.04396706592759614,0.0531882717582885,-0.025562402731796108,2.0807227049955523,4.161445409991105,0.017715480771797926,0.007958177124877786,5.0521722772058215
evidence_quality,conditional_entry,all,author_net,3,5D,all,0,11,0.7272727272727273,0.6,0.31267376973365824,0.8318196702937638,0.03545654320657805,0.022344900105152554,0.06279138463102324,-0.037436367258609105,1.6772830600058646,4.472754826682306,0.022066221320027578,0.005790828598599473,2.4343878416483413
evidence_quality,conditional_entry,all,author_net,3,60D,all,0,5,0.4,0.2,0.03622410863243014,0.6244653702374747,-0.0679374416753185,-0.07167880948690131,0.045990133317218684,-0.14388915833700996,0.31962194962252055,0.21308129974834705,-0.10857194545617102,-0.1552984522016917,0.05210240194028289
evidence_quality,conditional_entry,all,author_net,3,90D,all,0,5,0.0,0.0,0.0,0.43448246478317476,-0.1523232017218719,-0.14866042889521702,,-0.1523232017218719,,,-0.18323545705833813,-0.2111502586833972,
evidence_quality,conditional_entry,all,author_net,30,1D,all,0,27,0.6296296296296297,0.5185185185185185,0.3398561575495229,0.6925677302378153,-0.003930935113178456,0.003190225691498405,0.018222640962016194,-0.041592014441009365,0.43812835725621474,0.7448182073355651,-0.004766081908600115,0.0024225521035903252,0.6881084398531104
evidence_quality,conditional_entry,all,author_net,30,20D,all,0,13,0.5384615384615384,0.5384615384615384,0.29143795714506004,0.7679393219046169,0.0555694353244901,0.013131543013199964,0.19104096385603753,-0.10248068129564857,1.8641656304459924,2.174859902186991,0.029538371065111667,0.006275177408926247,1.5248109102253682
evidence_quality,conditional_entry,all,author_net,30,5D,all,0,13,0.6153846153846154,0.46153846153846156,0.23206067809538303,0.7085620428549398,0.027786934817648438,0.009017032171880324,0.09815006378998367,-0.08479407153808793,1.1575109203937268,1.8520174726299627,0.022001474353015932,-0.008998289015171412,1.7553496839601959
evidence_quality,conditional_entry,all,author_net,30,60D,all,0,8,0.125,0.0,0.0,0.32440756488388023,-0.14960244153647195,-0.07542722221497417,0.021111085076970015,-0.17399008819553505,0.121334986928938,0.017333569561276855,-0.18046721269794413,-0.09781328546190438,
evidence_quality,conditional_entry,all,author_net,30,90D,all,0,7,0.0,0.0,5.551115123125783e-17,0.35433043506668743,-0.27999653994452506,-0.16352975242507606,,-0.27999653994452506,,,-0.27212075941392094,-0.1494561990397958,
evidence_quality,conditional_entry,all,author_net,7,1D,all,0,34,0.35294117647058826,0.30303030303030304,0.17375531424053606,0.47338135145800575,-0.014693654624893098,-0.006824821894123534,0.0167994525497506,-0.03187171308378966,0.5270960022006161,0.28750691029124514,-0.014253484618342083,-0.006119934824002415,0.27866307442969973
evidence_quality,conditional_entry,all,author_net,7,20D,all,0,11,0.5454545454545454,0.45454545454545453,0.21271271622459764,0.719908462590678,0.014350058635958922,0.04320626069026923,0.07899815271080175,-0.06322765425385249,1.249424063616726,1.4993088763400715,-0.007598388770047613,-0.006030648217795309,0.753736362920011
evidence_quality,conditional_entry,all,author_net,7,5D,all,0,13,0.5384615384615384,0.4166666666666667,0.19326031365875665,0.6804886874504503,0.0013015746397599009,0.008596156667155519,0.053272235276542804,-0.05933086276982016,0.8978840486985267,1.0475313901482812,-0.010032981895050391,-0.010522803426247562,0.6673535843594463
evidence_quality,conditional_entry,all,author_net,7,60D,all,0,7,0.2857142857142857,0.0,5.551115123125783e-17,0.35433043506668743,-0.14734720958452532,-0.14676149053720466,0.016626526349194815,-0.2129367039580134,0.07808201235458784,0.031232804941835134,-0.18365007363222446,-0.20131108836177003,
evidence_quality,conditional_entry,all,author_net,7,90D,all,0,5,0.0,0.0,0.0,0.43448246478317476,-0.21913280621927464,-0.1515316474489039,,-0.21913280621927464,,,-0.22016479398843752,-0.12240134521389268,
evidence_quality,conditional_entry,all,author_net,90,1D,all,0,27,0.5185185185185185,0.4444444444444444,0.27585858177023004,0.6268697548677552,0.0018062058816698103,0.0005006827492035626,0.02325528721473732,-0.021292804784710587,1.092166459509172,1.1761792640868007,0.0018655538666301002,-0.0019610663717711807,1.1853043249025883
evidence_quality,conditional_entry,all,author_net,90,20D,all,0,16,0.5,0.5,0.27999563610326017,0.7200043638967398,0.028098132511938767,-0.02078760454071399,0.19011209586613098,-0.13391583084225345,1.4196386989531813,1.4196386989531813,0.006172390072025302,-0.020113619923797232,1.0877491235482721
evidence_quality,conditional_entry,all,author_net,90,5D,all,0,17,0.47058823529411764,0.29411764705882354,0.1327998961029523,0.5313311006653985,-0.01110304238411373,-0.01918543411747009,0.05119204439985335,-0.06647645285875113,0.7700778576231493,0.6845136512205772,-0.01344613569368831,-0.012905129149299865,0.5699640673312804
evidence_quality,conditional_entry,all,author_net,90,60D,all,0,13,0.23076923076923078,0.15384615384615385,0.043258178358081184,0.4223463101948254,-0.13246163577139325,-0.1355703975008079,0.10039471325093197,-0.2023185404780908,0.49622102360808484,0.14886630708242546,-0.13172557931637074,-0.09867823291496802,0.14473162772980488
evidence_quality,conditional_entry,all,author_net,90,90D,all,0,10,0.1,0.1,0.017876213095072896,0.4041500267952385,-0.17838349363131503,-0.13766816773635215,0.023357189329863193,-0.20079912507144593,0.11632117082956671,0.012924574536618522,-0.17963946604774955,-0.1259908657303126,0.05222090145588169
evidence_quality,conditional_entry,all,author_net_shift,1,1D,all,0,5,0.4,0.3333333333333333,0.06149194472039621,0.7923403991979522,0.0013665308824390987,-0.008611410118406937,0.025886458730688566,-0.014980087683060547,1.7280578911404452,1.1520385940936302,0.008277054953671778,-0.009152760567987972,2.1210596051337607
evidence_quality,conditional_entry,all,author_net_shift,1,5D,all,0,4,0.75,1.0,0.20654931437723745,1.0,0.04598694046423185,0.08562073730050102,0.09811831311880366,-0.11040717749948359,0.8886950589717103,2.6660851769151312,0.07396810057749803,0.07396810057749803,
evidence_quality,conditional_entry,all,author_net_shift,3,1D,all,0,10,0.6,0.5714285714285714,0.2504583645276572,0.8417801447485302,0.007955847689625983,0.0014282055216802148,0.02343890279382434,-0.015268734966671554,1.5350913382795988,2.3026370074193983,0.016931938528220725,0.006547019893017203,5.556798456915916
evidence_quality,conditional_entry,all,author_net_shift,3,5D,all,0,5,0.6,0.5,0.09453120573423074,0.9054687942657693,-0.0030784773819102496,0.03932309498190345,0.042929579769917216,-0.07209056310965145,0.5954951372015268,0.8932427058022903,-0.01394546065628166,-0.01394546065628166,0.6229331144803241
evidence_quality,conditional_entry,all,author_net_shift,30,1D,all,0,31,0.6129032258064516,0.5806451612903226,0.4076626249536972,0.7358445693268778,0.012197451190331719,0.008351314283717493,0.03140266319932038,-0.01821080115723366,1.724397676312372,2.7302963208279225,0.009660586539389726,0.002666994276925072,2.4154881566498556
evidence_quality,conditional_entry,all,author_net_shift,30,20D,all,0,23,0.6086956521739131,0.5217391304347826,0.32962737336427406,0.7076284258335335,0.06240596957193987,0.03711247901510906,0.1631759451152732,-0.09434732571768975,1.7295237980940286,2.690370352590711,0.05633556673861831,0.03470386054027552,2.5786533922191466
evidence_quality,conditional_entry,all,author_net_shift,30,5D,all,0,28,0.5,0.4444444444444444,0.27585858177023004,0.6268697548677552,0.009654804112755282,0.00024598931321390127,0.06573726170208681,-0.04642765347657625,1.4159074771085012,1.4159074771085012,0.008053954711060293,-0.003956477021987315,1.4544217793896888
evidence_quality,conditional_entry,all,author_net_shift,30,60D,all,0,17,0.47058823529411764,0.35294117647058826,0.17309720397243744,0.5869963651478132,0.00014660740334207338,-0.004915746933566556,0.09930622668005573,-0.08799527639818118,1.1285404256325324,1.0031470450066955,-0.012798306797663354,-0.009076950336414757,0.7502712471575663
evidence_quality,conditional_entry,all,author_net_shift,30,90D,all,0,9,0.6666666666666666,0.5555555555555556,0.26665129349549305,0.8112214789023355,0.03080592256833529,0.08786897643750147,0.11684470257557485,-0.14127163744614382,0.8270924347438026,1.6541848694876051,0.01224175239815966,0.053071033748302465,1.201703733253902
evidence_quality,conditional_entry,all,author_net_shift,7,1D,all,0,12,0.3333333333333333,0.36363636363636365,0.15166471095367573,0.6461988254921511,-0.027762330693012916,-0.01641520074884062,0.015753529844790115,-0.049520260961914433,0.31812291653523406,0.15906145826761703,-0.022403440068404477,-0.008350301464178034,0.16754645787738146
evidence_quality,conditional_entry,all,author_net_shift,7,20D,all,0,6,0.3333333333333333,0.3333333333333333,0.09677141110578041,0.700006684861608,-0.025611366105151412,-0.06884196936032205,0.19637522251651707,-0.13660466041598565,1.437544091969625,0.7187720459848125,-0.023351699785146045,-0.0580667425447321,0.7344479966693604
evidence_quality,conditional_entry,all,author_net_shift,7,5D,all,0,9,0.2222222222222222,0.42857142857142855,0.15821985525146975,0.7495416354723428,-0.06730269268408069,-0.06273789649415695,0.015715605833078905,-0.09102220654612629,0.17265683210080043,0.04933052345737155,-0.0443896894560007,-0.037736465764479976,0.1064898021496827
evidence_quality,conditional_entry,all,author_net_shift,7,60D,all,0,3,0.3333333333333333,0.3333333333333333,0.06149194472039621,0.7923403991979522,-0.015915377549814647,-0.010509952350376883,0.03444262918783425,-0.041094380918639095,0.8381347624149796,0.4190673812074898,-0.05118899754282539,-0.045036116709305185,0.23684121920361048
evidence_quality,conditional_entry,all,author_net_shift,7,90D,all,0,3,0.3333333333333333,0.3333333333333333,0.06149194472039621,0.7923403991979522,-0.04543848925797608,-0.0931702206752053,0.09238412819192976,-0.11434979798292899,0.8079081014705559,0.40395405073527796,-0.07758141856597105,-0.12114780264487501,0.2995918941940844
evidence_quality,conditional_entry,all,author_net_shift,90,1D,all,0,17,0.47058823529411764,0.47058823529411764,0.26165106442409436,0.6903676493999558,-0.005915627697545356,-0.005432877672625347,0.019658497022723376,-0.028648183004450895,0.6862039739019105,0.6099590879128093,-0.004411666858590944,-0.0007916257875557609,0.6505665484351947
evidence_quality,conditional_entry,all,author_net_shift,90,20D,all,0,10,0.6,0.5,0.236593090512564,0.7634069094874361,0.008958916422531372,0.02302757188656257,0.1293773809063999,-0.17166878030327143,0.7536453668386343,1.1304680502579514,-0.018108207204329117,-0.0024933522927834684,0.7471318625492653
evidence_quality,conditional_entry,all,author_net_shift,90,5D,all,0,15,0.4666666666666667,0.42857142857142855,0.21380798904474121,0.6740935542034926,-0.030341093074252264,-0.008502619726077909,0.03852896942037149,-0.09060239775704805,0.4252533086782936,0.37209664509350693,-0.023620975632418613,-0.01133541109887698,0.37471663631695795
evidence_quality,conditional_entry,all,author_net_shift,90,60D,all,0,7,0.42857142857142855,0.2857142857142857,0.08221892400405678,0.6410655481673808,-0.06389157212528326,-0.06170959624292749,0.07955028995011677,-0.1714729686818333,0.4639232093643966,0.3479424070232975,-0.07981103906470123,-0.10878529520162816,0.3900367071813228
evidence_quality,conditional_entry,all,author_net_shift,90,90D,all,0,3,0.6666666666666666,0.6666666666666666,0.2076596008020477,0.9385080552796037,0.06992699910425748,0.023357189329863193,0.1270432700508159,-0.04430554278885934,2.8674351346116675,5.734870269223335,0.09271841653079076,0.09897807272260772,2.9332727494024877
evidence_quality,conditional_entry,all,high_low_divergence,1,1D,all,0,5,0.2,0.5,0.15003898915214947,0.8499610108478506,-0.005825729141742619,-0.0070336391437311185,0.003505864354921062,-0.00815862751590854,0.4297125157491212,0.1074281289372803,-0.0021866109434942327,-0.0025068115492802856,0.2471299518769527
evidence_quality,conditional_entry,all,high_low_divergence,1,5D,all,0,2,0.0,,,,-0.02776195234399148,-0.02776195234399148,,-0.02776195234399148,,,,,
evidence_quality,conditional_entry,all,high_low_divergence,3,1D,all,0,11,0.2727272727272727,0.3,0.10779126740630099,0.6032218525388546,-0.009257955846514848,-0.008313990293310813,0.03690478998923633,-0.02656898553492154,1.3890176552179494,0.520881620706731,-0.007631914163121545,-0.005338547207847322,0.5903524296107672
evidence_quality,conditional_entry,all,high_low_divergence,3,20D,all,0,2,0.0,0.0,0.0,0.7934506856227626,-0.05594695224050661,-0.05594695224050661,,-0.05594695224050661,,,-0.018868346896646848,-0.018868346896646848,
evidence_quality,conditional_entry,all,high_low_divergence,3,5D,all,0,3,0.3333333333333333,0.5,0.09453120573423074,0.9054687942657693,-0.014791679950955391,-0.023741554857740987,0.03737971872686885,-0.04087737928986751,0.9144353032469074,0.4572176516234537,0.01284044228857767,0.01284044228857767,2.190268161776102
evidence_quality,conditional_entry,all,high_low_divergence,30,1D,all,0,20,0.45,0.45,0.2581978582556243,0.6579146575496577,-0.0030397481837052542,-0.0032338829285699644,0.023293385422448038,-0.024585039316012493,0.9474617926389409,0.7751960121591335,-0.0031694421819090323,-0.0013417220769539329,0.7551978374146955
evidence_quality,conditional_entry,all,high_low_divergence,30,20D,all,0,11,0.36363636363636365,0.5,0.236593090512564,0.7634069094874361,-0.0316409968453826,-0.04077759777829204,0.09070061873450319,-0.1015504914624602,0.8931578511171673,0.5103759149240955,-0.005724793707964038,-0.01539365727912051,0.898441381501496
evidence_quality,conditional_entry,all,high_low_divergence,30,5D,all,0,14,0.42857142857142855,0.42857142857142855,0.21380798904474121,0.6740935542034926,0.0016194684407742316,-0.011353102081427757,0.05441894879170602,-0.03798014182242461,1.432826371374302,1.0746197785307265,0.001711899857228876,-0.006623824531841627,1.0919577923573711
evidence_quality,conditional_entry,all,high_low_divergence,30,60D,all,0,7,0.5714285714285714,0.7142857142857143,0.35893445183261935,0.9177810759959433,-0.00025878758022144865,0.0666049525572785,0.12971635253817182,-0.1735589744047458,0.7473906375804492,0.9965208501072655,0.025696080588897625,0.07514191422176553,1.3148588871090026
evidence_quality,conditional_entry,all,high_low_divergence,30,90D,all,0,4,0.75,0.75,0.30064184258240184,0.9544127391902995,0.00452510247677404,0.12095246299338497,0.15667778517030928,-0.4519329456038317,0.3466836987530765,1.0400510962592295,0.0020902281259464472,0.1232573895282183,1.0154975210154427
evidence_quality,conditional_entry,all,high_low_divergence,7,1D,all,0,17,0.4117647058823529,0.4117647058823529,0.2161105679021481,0.6399455735700021,-0.003271071964266955,-0.005432877672625347,0.030438921374647494,-0.02686806730150707,1.1329032726123969,0.7930322908286779,-0.002315094583705275,-0.0028076345315831697,0.8422202395735665
evidence_quality,conditional_entry,all,high_low_divergence,7,20D,all,0,8,0.25,0.2857142857142857,0.08221892400405678,0.6410655481673808,-0.010577504473443924,-0.04521054896442883,0.16105861844443103,-0.06778954544606891,2.375862197992814,0.7919540659976047,-0.011242601011122035,-0.049384259334465,0.7791728190978366
evidence_quality,conditional_entry,all,high_low_divergence,7,5D,all,0,11,0.5454545454545454,0.5454545454545454,0.280091537409322,0.7872872837754024,0.049823314551577486,0.022344900105152554,0.11899431762996454,-0.03318188914248699,3.5861224512862653,4.303346941543518,0.04255401906620611,0.006566236666764036,4.02124781105085
evidence_quality,conditional_entry,all,high_low_divergence,7,60D,all,0,3,0.0,0.0,5.551115123125783e-17,0.5614970317550454,-0.22073119467457572,-0.2098363987399654,,-0.22073119467457572,,,-0.19105902315422743,-0.18152043849544985,
evidence_quality,conditional_entry,all,high_low_divergence,7,90D,all,0,3,0.0,0.0,5.551115123125783e-17,0.5614970317550454,-0.12195461427508607,-0.126968803983335,,-0.12195461427508607,,,-0.11009249777576209,-0.09472526672676329,
evidence_quality,conditional_entry,all,high_low_divergence,90,1D,all,0,11,0.45454545454545453,0.2727272727272727,0.09746059290024889,0.5656453011761291,-0.003977537039143861,-0.005758424142726426,0.02334307714408661,-0.026744715525169254,0.8728108220900168,0.7273423517416806,-0.004989529898761295,-0.005582816716639627,0.6598505333106125
evidence_quality,conditional_entry,all,high_low_divergence,90,20D,all,0,5,0.8,0.8,0.37553462976252533,0.9637758913675698,0.14508346126572141,0.1233518527312154,0.19049565772430457,-0.03656532456861128,5.20973517866245,20.8389407146498,0.13429663814495613,0.1365522438539153,15.579126487694799
evidence_quality,conditional_entry,all,high_low_divergence,90,5D,all,0,8,0.875,0.875,0.5291118177871464,0.9775825085499433,0.015621913374180646,0.022788262985035224,0.027143248005100786,-0.06502742904226033,0.4174122890120845,2.9218860230845913,0.01615963283064832,0.021064977210556446,3.173245038042
evidence_quality,conditional_entry,all,high_low_divergence,90,60D,all,0,3,0.6666666666666666,0.6666666666666666,0.2076596008020477,0.9385080552796037,0.1977957806784443,0.30271688458119217,0.3540033921932505,-0.11461944235116805,3.0885108575966034,6.177021715193207,0.15517162091630302,0.22434556142708917,3.3947696096241313
evidence_quality,conditional_entry,all,high_low_divergence,90,90D,all,0,2,1.0,1.0,0.34238022750665303,1.0,0.21700990655339886,0.21700990655339886,0.21700990655339886,,,,0.2521657250079672,0.2521657250079672,
evidence_quality,conditional_entry,all,weighted_net,1,1D,all,0,27,0.4444444444444444,0.46153846153846156,0.2875585353039122,0.6454206125314121,-0.009411360925957056,-0.005364207204146654,0.0179798569072612,-0.03132433519253166,0.5739900558702983,0.45919204469623864,-0.007392141986241492,-0.004691264637392389,0.5197321269752933
evidence_quality,conditional_entry,all,weighted_net,1,20D,all,0,6,0.6666666666666666,0.6666666666666666,0.299993315138392,0.9032285888942195,0.020926373862482417,0.022386683535145835,0.042398080562063345,-0.02201703953667944,1.925693983127476,3.851387966254952,0.013387031788587614,0.009564740317076992,2.449469001744269
evidence_quality,conditional_entry,all,weighted_net,1,5D,all,0,9,0.4444444444444444,0.42857142857142855,0.15821985525146975,0.7495416354723428,0.002213168083387809,-0.0015716893125127251,0.05505896708800087,-0.04006347112030264,1.3742934785323453,1.0994347828258761,0.007015377478299627,-0.0042842137520895385,1.352787106235977
evidence_quality,conditional_entry,all,weighted_net,1,60D,all,0,4,0.5,0.5,0.15003898915214947,0.8499610108478506,-0.04817272813452242,-0.037946154489868655,0.08364887649301944,-0.17999433276206428,0.46473061239986624,0.46473061239986624,-0.06539334447464148,-0.06272973703057311,0.3265524277920761
evidence_quality,conditional_entry,all,weighted_net,1,90D,all,0,4,0.25,0.25,0.04558726080970055,0.6993581574175981,-0.09998776503678941,-0.17554098205075885,0.1629663330300274,-0.1876391310590617,0.8685093141831475,0.28950310472771584,-0.12071032413762947,-0.17261612158012474,0.19990652901491057
evidence_quality,conditional_entry,all,weighted_net,3,1D,all,0,42,0.40476190476190477,0.38095238095238093,0.24999725763955144,0.5318595973284732,-0.01141384630667358,-0.004840805403472814,0.02219639770692019,-0.034268812235917344,0.6477142409872033,0.44044568387129823,-0.011342494461885878,-0.00416786283671855,0.4274823821873341
evidence_quality,conditional_entry,all,weighted_net,3,20D,all,0,6,0.6666666666666666,0.6666666666666666,0.299993315138392,0.9032285888942195,0.08579703062783846,0.045196496800198105,0.14147674730765575,-0.025562402731796108,5.534563741603138,11.069127483206277,0.08589811215093623,0.026192708318964253,20.648010302743515
evidence_quality,conditional_entry,all,weighted_net,3,5D,all,0,10,0.7,0.6,0.31267376973365824,0.8318196702937638,0.06269067601557521,0.019357227606443872,0.10560226599022562,-0.037436367258609105,2.820847045887997,6.5819764404053265,0.05419495402885098,0.005790828598599473,4.522876980623771
evidence_quality,conditional_entry,all,weighted_net,3,60D,all,0,4,0.25,0.25,0.04558726080970055,0.6993581574175981,-0.09019957336339063,-0.10922015001205299,0.07086918155746735,-0.14388915833700996,0.49252620820452025,0.1641754027348401,-0.12868995037706832,-0.1557439081697669,0.054790754690612724
evidence_quality,conditional_entry,all,weighted_net,3,90D,all,0,4,0.0,0.0,0.0,0.4898908364545973,-0.17461169211695943,-0.17554098205075885,,-0.17461169211695943,,,-0.20365784235104178,-0.216990578314877,
evidence_quality,conditional_entry,all,weighted_net,30,1D,all,0,28,0.5714285714285714,0.5,0.32633127457293465,0.6736687254270654,-0.003791043732862134,0.0037633888077089894,0.019272807020432443,-0.034542844737254906,0.5579391960050838,0.7439189280067785,-0.004917680587084654,0.0006826811016005241,0.6569413176470287
evidence_quality,conditional_entry,all,weighted_net,30,20D,all,0,12,0.5,0.4166666666666667,0.19326031365875665,0.6804886874504503,0.0728925124879674,0.007660101679308973,0.22099840276344174,-0.07521337778750693,2.938285837764222,2.938285837764222,0.051326359872833814,-0.022539197234680786,2.0567375852701093
evidence_quality,conditional_entry,all,weighted_net,30,5D,all,0,14,0.5714285714285714,0.5,0.26799202452413634,0.7320079754758637,0.015226808048199139,0.013137591300489748,0.06377461497513827,-0.0495036011877197,1.2882823359315274,1.7177097812420365,0.010003981537415487,0.002735391620480865,1.520651573479919
evidence_quality,conditional_entry,all,weighted_net,30,60D,all,0,8,0.25,0.375,0.13684428582359742,0.6942576053973727,-0.06014984158301022,-0.02308078187277074,0.1429199340552555,-0.12783976679576545,1.1179614734715673,0.3726538244905224,-0.06020458025759021,-0.07917457079091067,0.4876506031876848
evidence_quality,conditional_entry,all,weighted_net,30,90D,all,0,6,0.3333333333333333,0.3333333333333333,0.09677141110578041,0.700006684861608,-0.17852673312727463,-0.1525438533222217,0.12095246299338497,-0.3282663311876044,0.36845832637115794,0.18422916318557897,-0.17994575937344492,-0.15731649206716453,0.18588203998881495
evidence_quality,conditional_entry,all,weighted_net,7,1D,all,0,43,0.3953488372093023,0.32558139534883723,0.20493297126568708,0.47483789032470525,-0.012865259129392329,-0.004317403602798975,0.016247363016058388,-0.03190043514757164,0.5093147770836972,0.3330135080931866,-0.012950953029442514,-0.00564599266351129,0.31692335653565873
evidence_quality,conditional_entry,all,weighted_net,7,20D,all,0,10,0.6,0.5,0.236593090512564,0.7634069094874361,0.03216403082551861,0.05411174801234697,0.0823797134057187,-0.04315949304478153,1.908727549701359,2.8630913245520384,0.006497975351010821,0.010824336266494206,1.3061562930590138
evidence_quality,conditional_entry,all,weighted_net,7,5D,all,0,11,0.5454545454545454,0.45454545454545453,0.21271271622459764,0.719908462590678,0.009649097376284034,0.008596156667155519,0.05039135810292265,-0.0392416154956823,1.284130570732164,1.540956684878597,-0.0010857652023708536,-0.008140477703195259,0.948069165651611
evidence_quality,conditional_entry,all,weighted_net,7,60D,all,0,6,0.16666666666666666,0.0,2.7755575615628914e-17,0.3903342879021653,-0.1754235920281079,-0.17999433276206428,0.012141967621419614,-0.2129367039580134,0.0570214875863475,0.0114042975172695,-0.20957509827549825,-0.21721102583552748,
evidence_quality,conditional_entry,all,weighted_net,7,90D,all,0,4,0.0,0.0,0.0,0.4898908364545973,-0.2581236977387129,-0.1769765913276023,,-0.2581236977387129,,,-0.24981951351366605,-0.17261612158012474,
evidence_quality,conditional_entry,all,weighted_net,90,1D,all,0,17,0.4117647058823529,0.29411764705882354,0.1327998961029523,0.5313311006653985,0.002712305249094062,-0.0014230534661515692,0.02076795268934279,-0.009926647959080048,2.092141554223855,1.4644990879566986,0.0020968747665059636,-0.0032166358109676496,1.3627272878234074
evidence_quality,conditional_entry,all,weighted_net,90,20D,all,0,4,0.5,0.5,0.15003898915214947,0.8499610108478506,0.011160905810799343,-0.013747246603598828,0.07422630168938682,-0.051904490067788134,1.4300555037232043,1.4300555037232043,-0.010625058563564854,-0.0019693502618817194,0.6187981656746525
evidence_quality,conditional_entry,all,weighted_net,90,5D,all,0,7,0.5714285714285714,0.42857142857142855,0.15821985525146975,0.7495416354723428,0.020635177106392177,0.006573541495480728,0.06930634530645127,-0.04425971382701995,1.5659013426368042,2.0878684568490726,0.012176569099176209,-0.012905129149299865,1.629475644787452
evidence_quality,conditional_entry,all,weighted_net,90,60D,all,0,3,0.0,0.0,5.551115123125783e-17,0.5614970317550454,-0.19303576642201534,-0.22886101908818424,,-0.19303576642201534,,,-0.23432146736544077,-0.2039210134936138,
evidence_quality,conditional_entry,all,weighted_net,90,90D,all,0,2,0.0,0.0,0.0,0.6576197724933469,-0.3771033914059538,-0.3771033914059538,,-0.3771033914059538,,,-0.4227481578819315,-0.4227481578819315,
evidence_quality,has_audit_flags,all,author_net,1,1D,all,0,157,0.4840764331210191,0.487012987012987,0.40935240799808725,0.5653057076206747,-0.0022201589597192345,-0.0027132847918670544,0.0270809909043314,-0.02971259586919884,0.9114313344935487,0.8551701410062926,-0.0019508374188040496,-0.0007881442551651019,0.8595176986573284
evidence_quality,has_audit_flags,all,author_net,1,20D,all,0,115,0.4260869565217391,0.42105263157894735,0.3344461555763685,0.5128062445539749,0.00802659258664699,-0.023574561403508887,0.1753833883106337,-0.11622314969328253,1.5090228476295589,1.1203351444522482,0.005162989610657788,-0.017059580974505772,1.0813831201309794
evidence_quality,has_audit_flags,all,author_net,1,5D,all,0,133,0.40601503759398494,0.36220472440944884,0.2837954420708089,0.4487052475770787,-0.008604378447549712,-0.016558102530953245,0.08026678527154557,-0.06935175617958952,1.1573864843983341,0.7911249387026589,-0.005805387424549292,-0.01579321513863774,0.8372898810709523
evidence_quality,has_audit_flags,all,author_net,1,60D,all,0,60,0.4166666666666667,0.38333333333333336,0.27088272374082023,0.5098240417590008,0.10692302595516225,-0.022973246163860928,0.4362339732242528,-0.12829907923704528,3.400133312089226,2.428666651492304,0.08839619396430391,-0.02642144402685004,2.1889457064314217
evidence_quality,has_audit_flags,all,author_net,1,90D,all,0,52,0.5576923076923077,0.5,0.36885862959780547,0.6311413704021945,0.19249704866434608,0.030708625986117455,0.4621075731864233,-0.1474466561678382,3.13406614430379,3.9516486167308655,0.1586967601715732,0.0021904640099631445,3.12360310022276
evidence_quality,has_audit_flags,all,author_net,3,1D,all,0,304,0.48026315789473684,0.45874587458745875,0.40350573480931706,0.515018964896895,-0.0018737572955837866,-0.0016426288705435055,0.024046006146070893,-0.025824931108758362,0.9311159841938879,0.8603983145082762,-0.002375362213520452,-0.0015532499026065238,0.808567210017816
evidence_quality,has_audit_flags,all,author_net,3,20D,all,0,246,0.47560975609756095,0.46530612244897956,0.4038655071953985,0.5278179024720815,0.014717748531575077,-0.004546637093276074,0.14481697082299963,-0.1032792205234379,1.4021888438839958,1.271752672359903,0.00899184349339731,-0.002958581176950803,1.1723518484123125
evidence_quality,has_audit_flags,all,author_net,3,5D,all,0,266,0.5037593984962406,0.4867924528301887,0.42723356000397156,0.5467287892902692,0.0030609597273262377,0.001172626925037834,0.07224191854851719,-0.06716819543964035,1.0755375825666815,1.0918336065449648,0.0014020190048822572,-0.001889159288990916,1.0454678122227343
evidence_quality,has_audit_flags,all,author_net,3,60D,all,0,145,0.4689655172413793,0.3724137931034483,0.29797004755959333,0.4534432999501684,0.09213934094890541,-0.010509952350376883,0.3278475100594549,-0.11601852268119023,2.8258204162826144,2.4955297182755554,0.06695411177257996,-0.01635586381926002,1.9731697773895116
evidence_quality,has_audit_flags,all,author_net,3,90D,all,0,116,0.5603448275862069,0.5086206896551724,0.41883837571114535,0.5978503396940331,0.20226723490966572,0.02461749942131186,0.49497028130376824,-0.17078566735732767,2.8981956680718572,3.6937787926406025,0.16696747122943745,0.008567782182007933,2.9221339403255824
evidence_quality,has_audit_flags,all,author_net,30,1D,all,0,400,0.525,0.5213032581453634,0.4723180414477958,0.5698821830518547,-2.3778422378970265e-05,0.0012396258757667034,0.022573477412509757,-0.025400757356035496,0.888693084859773,0.9979975819280875,-0.0004431443892699015,0.0007861205841828145,0.9607840027158377
evidence_quality,has_audit_flags,all,author_net,30,20D,all,0,353,0.4447592067988669,0.4460227272727273,0.3949552443644912,0.4982556250886157,-0.015425986918713722,-0.014306410720753338,0.12042684221580956,-0.12488403902660536,0.9643093157016948,0.7763926285393132,-0.021206804485954873,-0.01139799464993635,0.6915883093389736
evidence_quality,has_audit_flags,all,author_net,30,5D,all,0,375,0.52,0.5080213903743316,0.4575308517267951,0.5583488244176043,0.00380866162383548,0.002118772322779794,0.06885507336346891,-0.06665828442743406,1.0329559777138628,1.1190356425233514,0.0011333216158350321,0.0025691174839601594,1.0364374645543957
evidence_quality,has_audit_flags,all,author_net,30,60D,all,0,256,0.48828125,0.40234375,0.3441464041785611,0.46342856777961694,0.04977224865956493,-0.0020446594946820773,0.29476163264362176,-0.18399624750842822,1.601998065912294,1.5286241086949368,0.01953947380378746,-0.03236914578289324,1.188667646637485
evidence_quality,has_audit_flags,all,author_net,30,90D,all,0,200,0.555,0.495,0.4264584535990475,0.5637299996647251,0.09945004838294881,0.039484861041512054,0.37874078986341064,-0.2488788539129081,1.521787744956211,1.8979599965184204,0.06433824639920237,-0.0017939646788787678,1.5291883927154761
evidence_quality,has_audit_flags,all,author_net,7,1D,all,0,408,0.4583333333333333,0.458128078817734,0.41028176760874263,0.506759324090877,-0.0027973683887248394,-0.002077834714261595,0.024476089606797095,-0.02611121031539174,0.9373785937593712,0.8004100321141663,-0.0030720963933346,-0.0014702773287584847,0.7661276583712211
evidence_quality,has_audit_flags,all,author_net,7,20D,all,0,342,0.4824561403508772,0.4766081871345029,0.4242288393463803,0.5295071874025254,0.011741526063187192,-0.004704496635405342,0.1434316049113254,-0.11102041184609418,1.2919390454987894,1.204349957668363,0.00418871478937393,-0.004925289711233682,1.0732298955362585
evidence_quality,has_audit_flags,all,author_net,7,5D,all,0,373,0.4932975871313673,0.48517520215633425,0.4347324019367365,0.5359218580413151,0.0014934663194186668,-0.000785631078481841,0.06988623138049647,-0.06508996633263592,1.0736867034674702,1.045282293322828,-0.0003875210371648724,-0.0019309377287528573,0.9875606275949019
evidence_quality,has_audit_flags,all,author_net,7,60D,all,0,220,0.5045454545454545,0.42727272727272725,0.36370444168271054,0.4933372334002182,0.11942681536351896,0.002405535434016226,0.36879038465512776,-0.1345122322637157,2.7416865994172332,2.791992775553329,0.08826478150762512,-0.014709385330176517,2.1387838049309016
evidence_quality,has_audit_flags,all,author_net,7,90D,all,0,174,0.5977011494252874,0.5523255813953488,0.47767716238044344,0.624687775448892,0.17794190950757996,0.07580374418628522,0.46172709888887437,-0.24368180043034313,1.8947951717094271,2.815124255111149,0.1404848468045256,0.01975042530936022,2.3348745929231924
evidence_quality,has_audit_flags,all,author_net,90,1D,all,0,388,0.520618556701031,0.520618556701031,0.4709515409401253,0.5698813000975598,0.0025800408191600003,0.0010291368677909918,0.025006032756930526,-0.022253641643219153,1.1236827283299966,1.2471643468277984,0.0022630370157013906,0.0006734696386887506,1.2265295699356014
evidence_quality,has_audit_flags,all,author_net,90,20D,all,0,354,0.480225988700565,0.4463276836158192,0.3953948446408131,0.4984128764509991,0.006021955709476391,-0.004661939832558526,0.1381943980279702,-0.1167282805661218,1.1838981723858146,1.0997961164239807,-0.004419799442342449,-0.013727382755284734,0.9300171649816279
evidence_quality,has_audit_flags,all,author_net,90,5D,all,0,367,0.5286103542234333,0.5163934426229508,0.4652925232529733,0.5671538120991101,0.007020428365537631,0.004986651891401905,0.06703973127995773,-0.06028445467144213,1.1120566926470963,1.2470462333730443,0.004174452353923832,0.0024890962499897196,1.150514040354815
evidence_quality,has_audit_flags,all,author_net,90,60D,all,0,250,0.516,0.42,0.3604822730348509,0.4819390548844201,0.02959757254386053,0.002574704820618723,0.24229909009572062,-0.1971668552593622,1.2289037616235723,1.3101535971028166,-0.003652366280730063,-0.020939704203961462,0.9672850076957152
evidence_quality,has_audit_flags,all,author_net,90,90D,all,0,184,0.532608695652174,0.483695652173913,0.41256364438913473,0.5554945253159496,0.04695445776875553,0.02463475964009887,0.3105294635515513,-0.2533984557976862,1.225459178802094,1.3964534828209911,0.012766195271899157,-0.01354557252344113,1.0978420698772
evidence_quality,has_audit_flags,all,author_net_shift,1,1D,all,0,8,0.25,0.16666666666666666,0.030053369748306635,0.5635028221864702,-0.011476705649368132,-0.012521297245653373,0.025886458730688566,-0.023931093776053698,1.0817081313931198,0.3605693771310399,-0.010386541913905553,-0.009811270145382467,0.4298337656053281
evidence_quality,has_audit_flags,all,author_net_shift,1,5D,all,0,5,0.8,1.0,0.20654931437723745,1.0,0.062296773067761844,0.08616792249730887,0.1054727607095732,-0.11040717749948359,0.9553071013890065,3.821228405556026,0.07396810057749803,0.07396810057749803,
evidence_quality,has_audit_flags,all,author_net_shift,3,1D,all,0,19,0.7368421052631579,0.75,0.5050168346449122,0.8981793250878696,0.009100767513196153,0.008611410118406937,0.018733109648037476,-0.017869790464359547,1.048311656781862,2.9352726389892134,0.012548513482906337,0.009992456223945179,4.967292492462557
evidence_quality,has_audit_flags,all,author_net_shift,3,20D,all,0,6,0.3333333333333333,0.3333333333333333,0.09677141110578041,0.700006684861608,-0.08271433112983229,-0.08286993299736606,0.06776708793864628,-0.15795504066407157,0.42902770088084036,0.21451385044042018,-0.08512410795827917,-0.07797659703639459,0.15499685104913224
evidence_quality,has_audit_flags,all,author_net_shift,3,5D,all,0,12,0.3333333333333333,0.25,0.071479212752109,0.5907245696898311,-0.022265129380981335,-0.0389968360400047,0.0407610379942204,-0.0537782130685822,0.7579470508296496,0.3789735254148248,-0.024892647619403574,-0.03312308997737068,0.23237508078723018
evidence_quality,has_audit_flags,all,author_net_shift,3,60D,all,0,1,0.0,0.0,0.0,0.7934506856227626,-0.021319150870494186,-0.021319150870494186,,-0.021319150870494186,,,-0.012164726720390817,-0.012164726720390817,
evidence_quality,has_audit_flags,all,author_net_shift,3,90D,all,0,1,1.0,1.0,0.20654931437723745,1.0,0.0982999227237602,0.0982999227237602,0.0982999227237602,,,,0.08314019633118919,0.08314019633118919,
evidence_quality,has_audit_flags,all,author_net_shift,30,1D,all,0,159,0.5534591194968553,0.559748427672956,0.4820807267303315,0.6345971766586392,0.0032158059910464254,0.0030141432877348606,0.02146065544115917,-0.01939752853867078,1.106360297311864,1.371263467090761,0.0016826065832018266,0.00228068424012684,1.1974469369669423
evidence_quality,has_audit_flags,all,author_net_shift,30,20D,all,0,127,0.48031496062992124,0.52,0.4331350544138638,0.6056723298378032,0.03160545374157441,-0.0016211617791046518,0.16914404382293646,-0.0955135461821087,1.7708906284396757,1.636732247497276,0.030924357389671912,0.0015602480330358937,1.7007578904275649
evidence_quality,has_audit_flags,all,author_net_shift,30,5D,all,0,146,0.541095890410959,0.5172413793103449,0.43651693345574205,0.5970758574213172,0.0085203389590519,0.006303657843053645,0.06317199460657243,-0.05591967292384544,1.1296917757835172,1.3320246311477293,0.006254918073810642,0.0026384667432203246,1.2761591352424682
evidence_quality,has_audit_flags,all,author_net_shift,30,60D,all,0,84,0.38095238095238093,0.3493975903614458,0.2555612557016784,0.45655781346759094,-0.01623544485299842,-0.02513261770648323,0.3045155164436887,-0.21362065180480586,1.4254966168811116,0.8772286873114533,-0.0302726183867993,-0.01762189198455899,0.755273628638366
evidence_quality,has_audit_flags,all,author_net_shift,30,90D,all,0,62,0.5967741935483871,0.5245901639344263,0.40157156924985693,0.6446951257715474,0.012130792173539072,0.026882928029150266,0.2695434646624243,-0.36883996311001105,0.7307870394240052,1.0815648183475277,-0.008115621931001316,0.0019860091810797176,0.947872849051463
evidence_quality,has_audit_flags,all,author_net_shift,7,1D,all,0,68,0.4117647058823529,0.3484848484848485,0.2447587406192953,0.4688783978696565,-0.011713868149243686,-0.0038574873642460705,0.018955697477085753,-0.033182564087674296,0.5712547537616862,0.39987832763318043,-0.0119910086563018,-0.003391995905962175,0.3220813679422131
evidence_quality,has_audit_flags,all,author_net_shift,7,20D,all,0,51,0.47058823529411764,0.46,0.3296965219222435,0.5960112860084253,-0.0038738800157827854,-0.01577153800659037,0.10362097760118605,-0.09942486456419951,1.0422038597224046,0.9264034308643595,0.0002105471031131656,-0.004505387914230052,1.0046722849576248
evidence_quality,has_audit_flags,all,author_net_shift,7,5D,all,0,65,0.38461538461538464,0.41935483870967744,0.3047758590777194,0.5433441525515342,-0.02446011565496038,-0.01304001592673698,0.05134858185146274,-0.07184055159647482,0.7147576224064291,0.44672351400401816,-0.01920115000674848,-0.007547243732792586,0.47156633145175797
evidence_quality,has_audit_flags,all,author_net_shift,7,60D,all,0,24,0.4166666666666667,0.375,0.21159367559548778,0.5729003755732572,-0.12233667216092026,-0.022017474402125925,0.08547224714964868,-0.2707716145256124,0.31566177015783103,0.22547269296987935,-0.11095343015097302,-0.02556360979997835,0.21556373753298794
evidence_quality,has_audit_flags,all,author_net_shift,7,90D,all,0,14,0.21428571428571427,0.2857142857142857,0.11721378644576919,0.5464908432989318,-0.13816005825855937,-0.060486717283313784,0.11433725908383681,-0.20702296298830378,0.5522926415186925,0.15062526586873431,-0.1308826683781423,-0.09414857676778599,0.14278810644028755
evidence_quality,has_audit_flags,all,author_net_shift,90,1D,all,0,134,0.4626865671641791,0.44776119402985076,0.3661914968022998,0.5322425438718391,-0.003178791637104101,-0.002326392520672127,0.022045297240142526,-0.024899534836955364,0.885369842629484,0.7624018089309447,-0.002897531703565793,-0.0017293259986774778,0.7603369600850043
evidence_quality,has_audit_flags,all,author_net_shift,90,20D,all,0,110,0.5272727272727272,0.5636363636363636,0.4703630331129352,0.6526150114854803,0.01681960298327022,0.008219690048114459,0.17051561843410393,-0.1546105680965058,1.1028716893897603,1.2301261150885787,0.016454785661162756,0.008414535229250675,1.2454906975482887
evidence_quality,has_audit_flags,all,author_net_shift,90,5D,all,0,126,0.47619047619047616,0.48,0.3943276701621969,0.5668649455861363,-0.0076236146264960615,-0.0064310090765244965,0.06694588411226275,-0.07541406802536771,0.8877108192829959,0.8070098357118144,-0.004976305621268755,-0.0011157960757712804,0.855123491035287
evidence_quality,has_audit_flags,all,author_net_shift,90,60D,all,0,59,0.6271186440677966,0.5932203389830508,0.4659340125533739,0.7091096641280723,0.21294705374149422,0.09974700498549005,0.46009056182377384,-0.20270339166961246,2.269772390260141,3.817344474528419,0.18463092478416665,0.06023002500853436,3.3347905631414294
evidence_quality,has_audit_flags,all,author_net_shift,90,90D,all,0,30,0.7333333333333333,0.6333333333333333,0.4551356365479487,0.7812607919389929,0.36948358962751215,0.14734432845186918,0.5588260747286179,-0.1512082444005285,3.6957381321640734,10.163279863451201,0.3071892530122904,0.07347923427925351,5.5616177123693396
evidence_quality,has_audit_flags,all,high_low_divergence,1,1D,all,0,9,0.2222222222222222,0.375,0.13684428582359742,0.6942576053973727,-0.010870682037073372,-0.008313990293310813,0.0037700624779551384,-0.015053751898510088,0.2504400566298872,0.07155430189425349,-0.008995553131614445,-0.005808734054291553,0.16707697676198224
evidence_quality,has_audit_flags,all,high_low_divergence,1,20D,all,0,1,0.0,0.0,0.0,0.7934506856227626,-0.41939302406269774,-0.41939302406269774,,-0.41939302406269774,,,-0.41225706016387886,-0.41225706016387886,
evidence_quality,has_audit_flags,all,high_low_divergence,1,5D,all,0,4,0.25,0.5,0.09453120573423074,0.9054687942657693,-0.07010010675742259,-0.02776195234399148,0.03834367481322032,-0.10624803394763689,0.36088832318645586,0.12029610772881863,-0.11492563348653734,-0.11492563348653734,0.05477725677202197
evidence_quality,has_audit_flags,all,high_low_divergence,3,1D,all,0,39,0.41025641025641024,0.42105263157894735,0.27852501157758713,0.5780765465632945,-0.003194855985066448,-0.0051978093950753035,0.02894567058758476,-0.0255534831660412,1.1327485337126775,0.7879989799740366,-0.0021036593140370805,-0.00292046930319223,0.8491451302320108
evidence_quality,has_audit_flags,all,high_low_divergence,3,20D,all,0,20,0.45,0.47368421052631576,0.2732980516117956,0.6829219075488682,0.0069615412663806275,-0.005977319748418308,0.12384204436264125,-0.08866796126692353,1.3966943932524922,1.1427499581156755,0.01306678300375336,-0.011418755424061788,1.3207160338463309
evidence_quality,has_audit_flags,all,high_low_divergence,3,5D,all,0,29,0.4482758620689655,0.42857142857142855,0.26508547124123694,0.6092921437253123,-0.007191468234493375,-0.009250419725450154,0.07195535033616708,-0.07149825832315498,1.0063930510159584,0.8176943539504661,-0.0025365510450879552,-0.005955190306825953,0.919406279043631
evidence_quality,has_audit_flags,all,high_low_divergence,3,60D,all,0,9,0.6666666666666666,0.5555555555555556,0.26665129349549305,0.8112214789023355,0.24954511548910674,0.05286521388216303,0.4407619299696055,-0.13288851347189087,3.3167797460751736,6.633559492150348,0.22146878679469897,0.049377357890080464,6.097984084465617
evidence_quality,has_audit_flags,all,high_low_divergence,3,90D,all,0,6,1.0,1.0,0.6096657120978346,1.0,0.16826334925964695,0.15299778228072408,0.16826334925964695,,,,0.14087747852670854,0.11251474028970809,
evidence_quality,has_audit_flags,all,high_low_divergence,30,1D,all,0,95,0.43157894736842106,0.43157894736842106,0.3365583329880693,0.5319179101278586,-0.0035295611463468206,-0.002561027004246652,0.022689703401835574,-0.02343678052552234,0.9681237308651156,0.7350569067679581,-0.002755690906734424,-0.002694440468219983,0.7603753774613639
evidence_quality,has_audit_flags,all,high_low_divergence,30,20D,all,0,71,0.39436619718309857,0.4714285714285714,0.3590487639638429,0.5867811253167438,-0.008039127284944112,-0.010423224903812534,0.11559297610300132,-0.08854375274686206,1.3054899133705158,0.8500864552180102,0.00022184523968056576,-0.001078294127337509,1.0047462442905906
evidence_quality,has_audit_flags,all,high_low_divergence,30,5D,all,0,86,0.5232558139534884,0.5058823529411764,0.4016643580854897,0.609591647987286,0.0001877870461194261,0.0011378187449927468,0.0492527681443567,-0.053664021476336116,0.9177986813022462,1.007340016063441,0.0037796463168123166,0.0008675189350282331,1.189673784931522
evidence_quality,has_audit_flags,all,high_low_divergence,30,60D,all,0,58,0.6551724137931034,0.5517241379310345,0.42452083125844636,0.6725014595221879,0.07061877777708837,0.042251441526086675,0.20358347817367867,-0.1820141529764332,1.1185035605447573,2.125156765035039,0.05536564809289673,0.040121161021522744,1.8666893334001275
evidence_quality,has_audit_flags,all,high_low_divergence,30,90D,all,0,45,0.6222222222222222,0.5777777777777777,0.4330078870920313,0.710312975327297,-0.013781864819960821,0.03504770770304866,0.1682229131303999,-0.3135544402676138,0.5365030486789607,0.8836520801771118,-0.014936804196104875,0.04874206045530127,0.8754890094232817
evidence_quality,has_audit_flags,all,high_low_divergence,7,1D,all,0,69,0.5217391304347826,0.4927536231884058,0.3783242300928733,0.6079473243736349,0.0020435456174922395,0.0035920943864131694,0.029625899737513,-0.028046295240712227,1.0563213245544034,1.152350535877531,0.00216512392357804,-0.0010581181695759057,1.1889135193065508
evidence_quality,has_audit_flags,all,high_low_divergence,7,20D,all,0,46,0.5,0.5333333333333333,0.3907745474012537,0.670648679349887,0.05045145035502964,0.0006299450646272131,0.16188595562261865,-0.06098305491255937,2.6546055433716633,2.6546055433716633,0.0521102487153322,0.005723646547819872,3.3715866848623515
evidence_quality,has_audit_flags,all,high_low_divergence,7,5D,all,0,62,0.532258064516129,0.5,0.3792274119456608,0.6207725880543392,0.025683546278440706,0.0015727196072756744,0.08635514071112264,-0.043356543938059426,1.9917441029084886,2.2664674274475907,0.025879478566144528,-0.00010798515666027297,2.7261028846119424
evidence_quality,has_audit_flags,all,high_low_divergence,7,60D,all,0,32,0.65625,0.625,0.4525440735307745,0.7706611269054578,0.1815617467683893,0.05117551872063836,0.36528096443994484,-0.16917494151367135,2.1591907239431545,4.122091382073295,0.16580107095969654,0.06286282500710821,4.209578378647627
evidence_quality,has_audit_flags,all,high_low_divergence,7,90D,all,0,24,0.625,0.5416666666666666,0.3507486535891948,0.72108666268789,0.17473438564119012,0.11102404870375937,0.34536843719998667,-0.10965570029013744,3.149571215050181,5.2492853584169685,0.14468224092806772,0.07327122236875194,3.7353915512689704
evidence_quality,has_audit_flags,all,high_low_divergence,90,1D,all,0,84,0.5833333333333334,0.5714285714285714,0.4647695274572077,0.6718402256264122,-0.0006530440202136424,0.003746312657102513,0.01699285824124822,-0.02535730718626025,0.6701365455104684,0.9381911637146558,-0.0009056495285676041,0.002524269900493259,0.9064591636089635
evidence_quality,has_audit_flags,all,high_low_divergence,90,20D,all,0,60,0.5833333333333334,0.55,0.4249193588533434,0.6690634559324476,0.03473640352097929,0.023112608138314672,0.13878832336808966,-0.1109362842649752,1.2510633855068454,1.7514887397095833,0.030465963335895272,0.016683811855306208,1.7204854354243848
evidence_quality,has_audit_flags,all,high_low_divergence,90,5D,all,0,75,0.5466666666666666,0.5466666666666666,0.4344837385429269,0.6543020361586779,-0.0016451775031693528,0.006502520640023324,0.04332148615511049,-0.05586968367933035,0.7754023882390046,0.9350440564058586,-0.0007443368880766095,0.0034434708813531056,0.9663134680539407
evidence_quality,has_audit_flags,all,high_low_divergence,90,60D,all,0,52,0.4423076923076923,0.5192307692307693,0.38685682768056057,0.6489588555454449,-0.013008757173873294,-0.026791881237127058,0.201758794798693,-0.183341643221081,1.1004526372407593,0.8727727812599125,-0.003401755028342768,0.005824477731524724,0.9618206512548074
evidence_quality,has_audit_flags,all,high_low_divergence,90,90D,all,0,43,0.7209302325581395,0.7674418604651163,0.6225547970219101,0.8684632152061551,-0.08949811132703551,0.07971745711402622,0.17046986477320092,-0.7610820495859797,0.2239835571814296,0.5786241893853598,-0.05517344736304874,0.10766316086354655,0.7235744701308957
evidence_quality,has_audit_flags,all,weighted_net,1,1D,all,0,186,0.44086021505376344,0.4486486486486487,0.3787495387837907,0.5206369618360729,-0.0034571895761858072,-0.004519126210436986,0.026980829229438938,-0.027456396711389934,0.9826791735656372,0.7748047330036756,-0.0028651873048811745,-0.001927678406716038,0.7944971800671937
evidence_quality,has_audit_flags,all,weighted_net,1,20D,all,0,137,0.4233576642335766,0.4338235294117647,0.3534798001050564,0.5178030072126235,0.0042860619571415395,-0.02346760070052545,0.1613410647011957,-0.11102014258912604,1.4532593900397168,1.0669499319278932,0.00018969188071956672,-0.01522437683109612,1.0031555982188913
evidence_quality,has_audit_flags,all,weighted_net,1,5D,all,0,153,0.4117647058823529,0.37583892617449666,0.30211109774696193,0.45580798856975185,-0.01162126220833878,-0.020962882236040814,0.07498190849594609,-0.0722434817013382,1.0379055207489698,0.7265338645242789,-0.00898448448905348,-0.014206752189496186,0.7573490421816232
evidence_quality,has_audit_flags,all,weighted_net,1,60D,all,0,71,0.4647887323943662,0.4084507042253521,0.30168730269929867,0.5246121815057658,0.09743431913371478,-0.007575386524301675,0.3619669131960428,-0.13229135465725425,2.7361343009438612,2.3761166297670373,0.07316771871891202,-0.021150371022265024,2.0315750526337912
evidence_quality,has_audit_flags,all,weighted_net,1,90D,all,0,58,0.5689655172413793,0.5172413793103449,0.3916226178340948,0.6407181457594501,0.17352708993705224,0.03923523976167986,0.4230274948904623,-0.15581344460144902,2.714961446186578,3.5837491089662827,0.13468074353319737,0.013808881811725904,2.6924248636303902
evidence_quality,has_audit_flags,all,weighted_net,3,1D,all,0,359,0.4596100278551532,0.44537815126050423,0.3946757828000115,0.49724351015634627,-0.0032122553212708457,-0.002116341588972004,0.02334618349152941,-0.02580061822906488,0.9048691501984824,0.7696052050657196,-0.0032055680395504625,-0.0017270835225405845,0.7471342140762139
evidence_quality,has_audit_flags,all,weighted_net,3,20D,all,0,290,0.503448275862069,0.49480968858131485,0.43761416475019077,0.5521413841666828,0.016429114063293948,0.00038379909645014365,0.13683217854303426,-0.10564621520088718,1.2951924333763087,1.3131812171732018,0.010151294616400233,-0.0001709842650494675,1.2020247448837749
evidence_quality,has_audit_flags,all,weighted_net,3,5D,all,0,315,0.4888888888888889,0.4967948717948718,0.4416928450911022,0.5519748639947547,0.0015611279489155738,-0.000785631078481841,0.07105252355152851,-0.06490890262749681,1.0946498966295746,1.0470564228630717,0.0007762506310556608,-0.0002962706638570678,1.025833726348111
evidence_quality,has_audit_flags,all,weighted_net,3,60D,all,0,175,0.4857142857142857,0.4114285714285714,0.34118512539845625,0.4854769908445089,0.07308432507172793,-0.0030811179277436818,0.2891923668574757,-0.13101771439258936,2.2072768419003426,2.0846503506836567,0.05042726693061001,-0.012720394461074314,1.6870469622692787
evidence_quality,has_audit_flags,all,weighted_net,3,90D,all,0,139,0.5971223021582733,0.5539568345323741,0.4709760059366673,0.6340355230958749,0.20145117145976385,0.035504922021900365,0.4349011343481221,-0.1445550235354815,3.0085508183074263,4.459102105705649,0.1663450689185466,0.018663370517862488,3.4129025100519064
evidence_quality,has_audit_flags,all,weighted_net,30,1D,all,0,384,0.5078125,0.5117493472584856,0.46182080305468365,0.5614445419459194,-0.0015436075379115083,0.0004915320947787016,0.024075623670452413,-0.028124956969660848,0.8560234846376277,0.8878966994911565,-0.001607391220636559,0.0004718546449276051,0.8750795342028058
evidence_quality,has_audit_flags,all,weighted_net,30,20D,all,0,333,0.4774774774774775,0.4594594594594595,0.4067000122326645,0.5131435839370918,-0.008200790596680215,-0.00504959422903517,0.12192401644759024,-0.1271079418612722,0.9592163531422783,0.8765252882162198,-0.014545452930405826,-0.01245785959946133,0.7826187729955913
evidence_quality,has_audit_flags,all,weighted_net,30,5D,all,0,359,0.49303621169916434,0.49019607843137253,0.43872093279674235,0.5418799659390141,5.007346733569172e-05,-0.000785631078481841,0.06582655966551508,-0.06391936640671787,1.029837486915339,1.0015452482638185,-0.0007452569183776928,-0.0016077625267645335,0.9752512826127112
evidence_quality,has_audit_flags,all,weighted_net,30,60D,all,0,248,0.4879032258064516,0.4314516129032258,0.37131887550003295,0.4936755532996856,0.031169458067519782,-0.005383675230113905,0.27050286452998795,-0.1968568583258554,1.3741094256529633,1.3091908701103039,0.004260318531345478,-0.037875477036060534,1.0383567454420233
evidence_quality,has_audit_flags,all,weighted_net,30,90D,all,0,188,0.5585106382978723,0.5,0.4292466738276321,0.5707533261723678,0.08167023191464791,0.036191547931030965,0.3638584459538954,-0.2753148581350025,1.321608461013299,1.6719143181493543,0.05272900138916066,0.0014558958878415074,1.4014066099812732
evidence_quality,has_audit_flags,all,weighted_net,7,1D,all,0,432,0.47453703703703703,0.46635730858468677,0.4197649683605015,0.5135440586153321,-0.001527751480093137,-0.001201204377863696,0.024938001432220983,-0.025541057225688217,0.9763887693395595,0.8856623792681846,-0.0017787302329141557,-0.0009351333069154144,0.857294418576589
evidence_quality,has_audit_flags,all,weighted_net,7,20D,all,0,363,0.5068870523415978,0.48760330578512395,0.4365829878084689,0.538883253033194,0.011337813498267239,0.0042699061823430196,0.13550965370714857,-0.11630251386728675,1.1651481055841937,1.1976941420530258,0.0037295855239161337,-0.0016417869365064064,1.0657908270849947
evidence_quality,has_audit_flags,all,weighted_net,7,5D,all,0,389,0.4961439588688946,0.49742268041237114,0.44794202126196464,0.5469538736083247,0.004416655047398701,-0.0010796804145973837,0.07290999436820454,-0.06302831683482339,1.1567815551742846,1.139075715044066,0.0029906257841320416,-0.00038178428158341937,1.1022805535826026
evidence_quality,has_audit_flags,all,weighted_net,7,60D,all,0,246,0.5203252032520326,0.44308943089430897,0.3823620006380301,0.5055669278425909,0.1120111867028337,0.009507580144930361,0.35523614726698005,-0.15182605865488435,2.3397574198673428,2.5380419469747446,0.0810187402637595,-0.014709385330176517,1.9728656952798755
evidence_quality,has_audit_flags,all,weighted_net,7,90D,all,0,189,0.6031746031746031,0.5585106382978723,0.48706203751845484,0.6276159895109497,0.1695402661334964,0.06837755545889523,0.4295597966163255,-0.22568942020040386,1.9033226999958273,2.8930505039936576,0.1338958996345471,0.01975042530936022,2.3751110131443323
evidence_quality,has_audit_flags,all,weighted_net,90,1D,all,0,364,0.510989010989011,0.5054945054945055,0.45434407755278494,0.5565301724918512,0.0011612497971326098,0.0006417409647991867,0.024349159363565534,-0.023330958610607497,1.0436416167013003,1.1029394358320561,0.0010137031481863735,0.0004008068585318325,1.092800406442414
evidence_quality,has_audit_flags,all,weighted_net,90,20D,all,0,328,0.5213414634146342,0.5091463414634146,0.45525301356248865,0.5628279098438964,0.005839503712821096,0.006981436099929406,0.12709317784416485,-0.12622659995889726,1.0068652557032334,1.0966494186321842,-0.0015442791728028944,0.0029896743188478347,0.9748454003781506
evidence_quality,has_audit_flags,all,weighted_net,90,5D,all,0,337,0.5400593471810089,0.5519287833827893,0.4985459883973443,0.6041410500899905,0.0014510136801337285,0.006573541495480728,0.06318339189990207,-0.0710347465521104,0.8894716313734062,1.0444118510319995,0.00024428230608723885,0.005581592002829483,1.007854431398189
evidence_quality,has_audit_flags,all,weighted_net,90,60D,all,0,244,0.5286885245901639,0.46311475409836067,0.4016046241377411,0.5257683017413691,0.04465336989526641,0.012741962406549678,0.2715743745843981,-0.2098928005821074,1.2938717947029423,1.4513866218841702,0.013954881289013777,-0.02160819380249801,1.1192695172269391
evidence_quality,has_audit_flags,all,weighted_net,90,90D,all,0,184,0.532608695652174,0.5054347826086957,0.4338250879497816,0.5768221888151903,0.051489173644238224,0.03046727443779318,0.39660606014346406,-0.3417835574827865,1.1604012289661962,1.322317679519619,0.02417397889168258,0.003786405496868761,1.1416177184357736
evidence_quality,no_audit_flags,all,author_net,1,1D,all,0,73,0.3835616438356164,0.3972602739726027,0.29286701857646835,0.5119258597705996,-0.00749064514286448,-0.009319986192613094,0.028694154722447882,-0.03000563172572551,0.9562923048824457,0.5950263230379662,-0.006323030326665112,-0.004113130012717625,0.631335552451223
evidence_quality,no_audit_flags,all,author_net,1,20D,all,0,52,0.6153846153846154,0.5961538461538461,0.4606757548486152,0.7184026612814113,0.10331389789864773,0.05446332885945304,0.23015163833501417,-0.09962648679953857,2.3101450801744035,3.6962321282790453,0.08016373091080217,0.027474228639125353,2.905498131934954
evidence_quality,no_audit_flags,all,author_net,1,5D,all,0,65,0.46153846153846156,0.484375,0.3663355166543264,0.6041839852141988,0.0057667608227054586,-0.0010804597701149499,0.0987771170470845,-0.07395640165533372,1.3356128047903844,1.1448109755346152,0.004990107881488983,-0.0009188086410476526,1.1343025816741532
evidence_quality,no_audit_flags,all,author_net,1,60D,all,0,33,0.6666666666666666,0.5757575757575758,0.4080726333731245,0.7276440336658979,0.21299793159705982,0.06124587618862809,0.38037583327873903,-0.1217578717662986,3.124034838657745,6.248069677315489,0.15634345690581364,0.041396529175845354,3.4615715544244563
evidence_quality,no_audit_flags,all,author_net,1,90D,all,0,19,0.5789473684210527,0.5263157894736842,0.3170780924511316,0.7267019483882042,0.21014839630404625,0.04538285694033406,0.4397930977230055,-0.10561306814702268,4.164192040238571,5.725764055328034,0.1583291341042088,0.04142349816581414,3.3578462571246623
evidence_quality,no_audit_flags,all,author_net,3,1D,all,0,152,0.4605263157894737,0.4473684210526316,0.3705898664101692,0.5267416901532926,-0.0009400005343313635,-0.003578698547445913,0.028970062861330137,-0.026472981481847284,1.0943256573195248,0.9341804391752042,-0.0013638181742784364,-0.002905666029677567,0.9001633972318062
evidence_quality,no_audit_flags,all,author_net,3,20D,all,0,130,0.5076923076923077,0.46511627906976744,0.38130031118129837,0.550949755327321,0.04521668708663391,0.002979160469768316,0.19229608977616836,-0.10645894693694849,1.8062933676213975,1.8627400353595662,0.02446031730512657,-0.0045536161509556194,1.4492086807791003
evidence_quality,no_audit_flags,all,author_net,3,5D,all,0,146,0.5136986301369864,0.45517241379310347,0.3763184910009353,0.5363402527187108,0.007955638142339036,0.0008763788469009492,0.07899354960333083,-0.06708440917561004,1.177524712136104,1.2438641325381379,0.0018889145443400713,-0.00350389237389237,1.056894745920376
evidence_quality,no_audit_flags,all,author_net,3,60D,all,0,68,0.5735294117647058,0.5147058823529411,0.39834753306325144,0.6294915452743935,0.217170627285502,0.04257044384183106,0.49125289856768983,-0.1514227720250265,3.2442471630786,4.362953081381566,0.15726644144867916,0.016038724252852465,2.8812633008417636
evidence_quality,no_audit_flags,all,author_net,3,90D,all,0,36,0.5,0.47058823529411764,0.3145150447508847,0.6326328701993107,0.1579931388638811,-0.0042791832274475805,0.4485478736679569,-0.13256159594019465,3.383693976272886,3.383693976272886,0.08533431278283908,-0.04159181429631026,1.9151377848745097
evidence_quality,no_audit_flags,all,author_net,30,1D,all,0,151,0.5629139072847682,0.5496688741721855,0.4700621544641578,0.6268111255620267,0.00037593858076114656,0.0033901411031702633,0.021880142248663283,-0.02773915946832994,0.7887817319643029,1.0314838033379348,-0.00039098082752537524,0.0023985121239016305,0.9661614329336585
evidence_quality,no_audit_flags,all,author_net,30,20D,all,0,123,0.5040650406504065,0.4146341463414634,0.3314444281869028,0.5029945620671744,0.0016786834509002215,0.0004533091568450498,0.13159933034708374,-0.13037181011571256,1.0094155341578956,1.0259633297998285,-0.01644130117779701,-0.02101651462703058,0.7678817927527294
evidence_quality,no_audit_flags,all,author_net,30,5D,all,0,143,0.48951048951048953,0.44755244755244755,0.3684877717153971,0.5293612409512758,0.01220646382976387,-0.0003566333808844302,0.09540925039923868,-0.0675770301409654,1.411859180556106,1.353837570396266,0.005890150238328627,-0.007297850139045492,1.1668865509771436
evidence_quality,no_audit_flags,all,author_net,30,60D,all,0,58,0.5172413793103449,0.46551724137931033,0.3433202232528626,0.5919982495600479,0.05275047380073078,0.00938321519346208,0.27262275536158487,-0.18282697072875576,1.4911517391274354,1.5976625776365379,0.011042955262086308,-0.04309500255078352,1.1064402677972816
evidence_quality,no_audit_flags,all,author_net,30,90D,all,0,37,0.43243243243243246,0.43243243243243246,0.28671719277157315,0.5908581890983192,-0.06549153468246124,-0.03358551123337916,0.1552988989331564,-0.23371281743721756,0.6644860159408008,0.5062750597644197,-0.08072104868743636,-0.0916677592747488,0.46990305713599295
evidence_quality,no_audit_flags,all,author_net,7,1D,all,0,174,0.45977011494252873,0.4367816091954023,0.3652386232424672,0.5110556888606452,-0.0026885668418675664,-0.0026431761735261072,0.026183270013579656,-0.027260342889056696,0.9604893863639031,0.8174377756288538,-0.0032454341219405655,-0.003879680618751491,0.7741349707535314
evidence_quality,no_audit_flags,all,author_net,7,20D,all,0,152,0.5921052631578947,0.5197368421052632,0.4408087537451127,0.5976919125435891,0.04664897138515935,0.02320986555913307,0.17056097310515125,-0.1332232891761192,1.280263940035831,1.8584476548907227,0.02672129732836149,0.0077782100187618886,1.4754977147423196
evidence_quality,no_audit_flags,all,author_net,7,5D,all,0,168,0.5595238095238095,0.5119047619047619,0.4369019656382571,0.5863753041629365,0.02111253199014042,0.005485413112259918,0.08778026222042642,-0.06357350370779045,1.3807680417285169,1.7539485935470347,0.014419917997482767,0.001337104049658533,1.501960314251023
evidence_quality,no_audit_flags,all,author_net,7,60D,all,0,80,0.65,0.55,0.44119507889355963,0.6542231081528878,0.17815406815735507,0.05799338408746291,0.36550394127571845,-0.169781410491034,2.152791287447929,3.9980409624032966,0.11986237019240516,0.02229444953156179,2.6303136922013963
evidence_quality,no_audit_flags,all,author_net,7,90D,all,0,44,0.5681818181818182,0.5,0.35831760539989393,0.641682394600106,0.04385485292526556,0.022058562515272495,0.182462711384432,-0.13852390820521665,1.317192921774356,1.7331485812820475,0.006419780556016045,-0.005754342634134546,1.078504735968992
evidence_quality,no_audit_flags,all,author_net,90,1D,all,0,127,0.5511811023622047,0.5433070866141733,0.45667481947198496,0.6273963923529648,0.004969920021478932,0.0016983695652172948,0.028817301608572748,-0.024750558390576216,1.164309150275371,1.4553864378442138,0.004381486742561528,0.0017921290439666393,1.3985270941974388
evidence_quality,no_audit_flags,all,author_net,90,20D,all,0,111,0.45045045045045046,0.43243243243243246,0.34405636717040633,0.5253287821124847,-0.024722949250632828,-0.012423337002673507,0.14257975738367923,-0.16185631534433123,0.8809032695471705,0.7220518602845659,-0.035467518121632076,-0.02101651462703058,0.6117197652190333
evidence_quality,no_audit_flags,all,author_net,90,5D,all,0,122,0.5163934426229508,0.4672131147540984,0.381037535373078,0.5553904107507917,0.010675051464948574,0.0012875038532806915,0.08780992973533258,-0.07168931007800385,1.2248678309191172,1.3079097177610914,0.005922207425378837,-0.0037586320290924347,1.1685263873579288
evidence_quality,no_audit_flags,all,author_net,90,60D,all,0,55,0.45454545454545453,0.4727272727272727,0.3469309836131932,0.6020845564477388,-0.001557172464607434,-0.04380586693090571,0.24426685203679446,-0.2064105262157757,1.1834030779101101,0.9861692315917585,-0.02816513951593825,-0.04650279765187881,0.7666053582025849
evidence_quality,no_audit_flags,all,author_net,90,90D,all,0,39,0.4358974358974359,0.41025641025641024,0.27079310000725176,0.5658137711710304,-0.03905893264892811,-0.03358551123337916,0.23787957948130323,-0.25305687384047054,0.9400241766649847,0.7263823183320337,-0.07338534527895668,-0.10072408544562861,0.5627744797561458
evidence_quality,no_audit_flags,all,author_net_shift,3,1D,all,0,1,1.0,1.0,0.20654931437723745,1.0,0.009759215853398673,0.009759215853398673,0.009759215853398673,,,,0.011163274121816724,0.011163274121816724,
evidence_quality,no_audit_flags,all,author_net_shift,3,5D,all,0,1,0.0,0.0,0.0,0.7934506856227626,-0.221777114851907,-0.221777114851907,,-0.221777114851907,,,-0.2136362770071365,-0.2136362770071365,
evidence_quality,no_audit_flags,all,author_net_shift,30,1D,all,0,2,0.5,0.5,0.09453120573423074,0.9054687942657693,-0.017412333450304684,-0.017412333450304684,0.026132632961260782,-0.06095729986187015,0.42870391274675207,0.42870391274675207,-0.014809455020166062,-0.014809455020166062,0.45475841255454125
evidence_quality,no_audit_flags,all,author_net_shift,30,20D,all,0,2,0.0,0.0,0.0,0.6576197724933469,-0.3120131124175963,-0.3120131124175963,,-0.3120131124175963,,,-0.30629808805612885,-0.30629808805612885,
evidence_quality,no_audit_flags,all,author_net_shift,30,5D,all,0,2,0.5,0.5,0.09453120573423074,0.9054687942657693,-0.005121593023640569,-0.005121593023640569,0.02705187130663167,-0.03729505735391281,0.7253473576919844,0.7253473576919844,-0.01209362581072837,-0.01209362581072837,0.6675555423692783
evidence_quality,no_audit_flags,all,author_net_shift,7,1D,all,0,1,0.0,0.0,0.0,0.7934506856227626,-0.02743724460011676,-0.02743724460011676,,-0.02743724460011676,,,-0.029775670824921274,-0.029775670824921274,
evidence_quality,no_audit_flags,all,author_net_shift,7,20D,all,0,1,1.0,1.0,0.20654931437723745,1.0,0.2212492702860478,0.2212492702860478,0.2212492702860478,,,,0.21565426275430688,0.21565426275430688,
evidence_quality,no_audit_flags,all,author_net_shift,7,5D,all,0,1,1.0,1.0,0.20654931437723745,1.0,0.251216189920218,0.251216189920218,0.251216189920218,,,,0.24042786770516889,0.24042786770516889,
evidence_quality,no_audit_flags,all,author_net_shift,7,60D,all,0,1,1.0,1.0,0.20654931437723745,1.0,0.3346954660439775,0.3346954660439775,0.3346954660439775,,,,0.351050103444451,0.351050103444451,
evidence_quality,no_audit_flags,all,author_net_shift,7,90D,all,0,1,1.0,1.0,0.20654931437723745,1.0,0.40095349289745086,0.40095349289745086,0.40095349289745086,,,,0.45905549418860636,0.45905549418860636,
evidence_quality,no_audit_flags,all,high_low_divergence,3,1D,all,0,1,0.0,0.0,0.0,0.7934506856227626,-0.008410185024070538,-0.008410185024070538,,-0.008410185024070538,,,-0.0010176665764993764,-0.0010176665764993764,
evidence_quality,no_audit_flags,all,high_low_divergence,3,5D,all,0,1,0.0,,,,-0.12940084681863007,-0.12940084681863007,,-0.12940084681863007,,,,,
evidence_quality,no_audit_flags,all,high_low_divergence,30,1D,all,0,3,0.3333333333333333,0.3333333333333333,0.06149194472039621,0.7923403991979522,-0.014920439391489201,-0.010888745427157343,0.0033901411031702633,-0.024075729638818932,0.1408115622674259,0.07040578113371294,-0.0134933736668111,-0.013744484541571067,0.16185317032589247
evidence_quality,no_audit_flags,all,high_low_divergence,30,20D,all,0,1,1.0,1.0,0.20654931437723745,1.0,0.3475360447600604,0.3475360447600604,0.3475360447600604,,,,0.26653131590174195,0.26653131590174195,
evidence_quality,no_audit_flags,all,high_low_divergence,30,5D,all,0,2,0.0,0.0,0.0,0.6576197724933469,-0.1510299728152243,-0.1510299728152243,,-0.1510299728152243,,,-0.12366382083494226,-0.12366382083494226,
evidence_quality,no_audit_flags,all,high_low_divergence,30,60D,all,0,1,1.0,1.0,0.20654931437723745,1.0,1.417990101140521,1.417990101140521,1.417990101140521,,,,1.2803618999490942,1.2803618999490942,
evidence_quality,no_audit_flags,all,high_low_divergence,7,1D,all,0,1,0.0,0.0,0.0,0.7934506856227626,-0.02093862815884484,-0.02093862815884484,,-0.02093862815884484,,,-0.019188027662162987,-0.019188027662162987,
evidence_quality,no_audit_flags,all,high_low_divergence,7,20D,all,0,1,1.0,1.0,0.20654931437723745,1.0,0.024909747292418682,0.024909747292418682,0.024909747292418682,,,,0.025126876036193124,0.025126876036193124,
evidence_quality,no_audit_flags,all,high_low_divergence,7,5D,all,0,1,1.0,1.0,0.20654931437723745,1.0,0.08916967509025264,0.08916967509025264,0.08916967509025264,,,,0.09155809127177217,0.09155809127177217,
evidence_quality,no_audit_flags,all,high_low_divergence,90,1D,all,0,2,0.5,0.5,0.09453120573423074,0.9054687942657693,-0.00697544967962882,-0.00697544967962882,0.0033901411031702633,-0.017341040462427904,0.1954981369494834,0.1954981369494834,-0.007799931120957393,-0.007799931120957393,0.33382070673252856
evidence_quality,no_audit_flags,all,high_low_divergence,90,20D,all,0,1,1.0,1.0,0.20654931437723745,1.0,0.049132947976878505,0.049132947976878505,0.049132947976878505,,,,0.010143557853987017,0.010143557853987017,
evidence_quality,no_audit_flags,all,high_low_divergence,90,5D,all,0,2,0.5,0.5,0.09453120573423074,0.9054687942657693,0.015480461537972556,0.015480461537972556,0.1271676300578033,-0.09620670698185818,1.3218166804293952,1.3218166804293952,0.0063602275990756185,0.0063602275990756185,1.178699988107768
evidence_quality,no_audit_flags,all,high_low_divergence,90,60D,all,0,1,0.0,0.0,0.0,0.7934506856227626,-0.20809248554913296,-0.20809248554913296,,-0.20809248554913296,,,-0.2530203536508048,-0.2530203536508048,
evidence_quality,no_audit_flags,all,high_low_divergence,90,90D,all,0,1,0.0,0.0,0.0,0.7934506856227626,-0.3381502890173411,-0.3381502890173411,,-0.3381502890173411,,,-0.3393410378151429,-0.3393410378151429,
evidence_quality,no_audit_flags,all,weighted_net,1,1D,all,0,74,0.3918918918918919,0.410958904109589,0.30531272700930645,0.5255077675581524,-0.006943852818277692,-0.007093663958043839,0.028170667134601278,-0.02957321012124414,0.9525738673315234,0.6138809367247594,-0.006700042176247084,-0.003974423037773067,0.6040107562843243
evidence_quality,no_audit_flags,all,weighted_net,1,20D,all,0,51,0.6274509803921569,0.5882352941176471,0.4516533720637157,0.7124560479541906,0.1020614604778435,0.051641153693048114,0.22373578664817942,-0.10286372044061705,2.175069943900595,3.663275694990476,0.07655770954894817,0.02417205103685094,2.740068442520667
evidence_quality,no_audit_flags,all,weighted_net,1,5D,all,0,65,0.47692307692307695,0.49206349206349204,0.37266808813984664,0.6123711372504527,0.008595974262003977,-0.0008498464386385018,0.09764385109049029,-0.07259473696396883,1.345054134419609,1.2263728872649378,0.00630189289830798,-0.0007499637960841632,1.1760364541122676
evidence_quality,no_audit_flags,all,weighted_net,1,60D,all,0,33,0.6666666666666666,0.5757575757575758,0.4080726333731245,0.7276440336658979,0.20834327192068736,0.06124587618862809,0.38037583327873903,-0.135721850795416,2.802613072615027,5.605226145230054,0.1487887827064968,0.041396529175845354,3.0936012072133496
evidence_quality,no_audit_flags,all,weighted_net,1,90D,all,0,18,0.6111111111111112,0.5555555555555556,0.33716415642042774,0.7544048187299437,0.22368309556961494,0.06438674445709092,0.4397930977230055,-0.115918336385713,3.793990764839947,5.961985487605631,0.17039940204165982,0.08373028641179248,3.5204684708079204
evidence_quality,no_audit_flags,all,weighted_net,3,1D,all,0,146,0.4589041095890411,0.4520547945205479,0.37358587754894446,0.5329820368975312,-0.0001604353531963822,-0.003578698547445913,0.03054278658042422,-0.02619987673993791,1.1657606974106933,0.9886831231204615,-0.0005325403051355172,-0.0026692052027555424,0.9603629301786724
evidence_quality,no_audit_flags,all,weighted_net,3,20D,all,0,122,0.5081967213114754,0.45454545454545453,0.3685882130623515,0.543300032205601,0.045143631678391506,0.002634243883903431,0.19225311651699026,-0.10686950265482723,1.7989521027148367,1.8589171728053313,0.02386559987823219,-0.006986717481060278,1.4353689285741307
evidence_quality,no_audit_flags,all,weighted_net,3,5D,all,0,136,0.5294117647058824,0.45185185185185184,0.37039137039232417,0.5359766546167708,0.006961254239768745,0.0018760151885801601,0.0759180708118061,-0.07061516440377329,1.0750958586984392,1.209482841035744,0.00028583336982300304,-0.002415711754362171,1.0084262795713343
evidence_quality,no_audit_flags,all,weighted_net,3,60D,all,0,65,0.5692307692307692,0.5076923076923077,0.3891645248727548,0.6253616054145856,0.23269667044794187,0.04422253922967201,0.5120282450763768,-0.13642005316820421,3.7533209611423652,4.959745555795267,0.1694985317770281,0.009620252803544727,3.103583022337958
evidence_quality,no_audit_flags,all,weighted_net,3,90D,all,0,32,0.5,0.4666666666666667,0.30232388907699753,0.638577003801267,0.1839727627535684,-0.0042791832274475805,0.4816319153002985,-0.1136863897931617,4.236495821325385,4.236495821325385,0.10276914737155002,-0.04159181429631026,2.192006010471952
evidence_quality,no_audit_flags,all,weighted_net,30,1D,all,0,132,0.5833333333333334,0.5454545454545454,0.4604256517486356,0.6279126221787636,-0.0015104336473417193,0.003858045253781417,0.022325716310257267,-0.0348810435879803,0.6400529919337193,0.896074188707207,-0.0018605722384769795,0.003182270091380779,0.868342431406267
evidence_quality,no_audit_flags,all,weighted_net,30,20D,all,0,102,0.5098039215686274,0.43137254901960786,0.33947646820687183,0.528250222675976,-0.02121273841667735,0.00391405209624307,0.11943422608590691,-0.16748558149936496,0.713101539945752,0.7416256015435821,-0.04032488011281916,-0.016967127791812087,0.5372858814828501
evidence_quality,no_audit_flags,all,weighted_net,30,5D,all,0,122,0.4426229508196721,0.39344262295081966,0.31128161661288445,0.48210920828969206,0.00514695499670003,-0.010162466651655988,0.10569482133624918,-0.07469988003764783,1.4149262526657376,1.1236179065286742,-0.0017146658237467535,-0.01409397524097411,0.9612200179153148
evidence_quality,no_audit_flags,all,weighted_net,30,60D,all,0,44,0.5227272727272727,0.4318181818181818,0.2968272340851781,0.5777585300637057,0.026073104968100426,0.014561016768381618,0.25850458381515046,-0.22849470519771625,1.1313373042559856,1.239083714185127,-0.023474163411439333,-0.03308770660122751,0.8151288573809272
evidence_quality,no_audit_flags,all,weighted_net,30,90D,all,0,27,0.4074074074074074,0.4074074074074074,0.24514757074395552,0.592732990319353,-0.07977525450315916,-0.07167119565217406,0.21746083253442636,-0.2841250643414992,0.765370112765036,0.5261919525259623,-0.10277461285889392,-0.11630703874200643,0.4504221107508291
evidence_quality,no_audit_flags,all,weighted_net,7,1D,all,0,165,0.4727272727272727,0.42424242424242425,0.3513982260437973,0.5005338753807146,-0.004374164623910119,-0.002702702702702786,0.024657017866472765,-0.030402121339425808,0.8110295196571454,0.7271299141753719,-0.004862596507778156,-0.003633829603314487,0.6906521933639733
evidence_quality,no_audit_flags,all,weighted_net,7,20D,all,0,140,0.5857142857142857,0.5071428571428571,0.4252500550206417,0.588654142116938,0.04257824757083374,0.022117091823345425,0.1826189707778928,-0.1554103611012153,1.1750759053893267,1.661314211067669,0.021179298244379585,0.0015362086262600272,1.3150814181160868
evidence_quality,no_audit_flags,all,weighted_net,7,5D,all,0,156,0.5384615384615384,0.48717948717948717,0.409999682575514,0.564975520794676,0.018261696943723538,0.0026764754034833693,0.09300624406559817,-0.0689402746984635,1.349084326576828,1.5739317143396325,0.011497016503645513,-0.001743190778441428,1.3512539342357273
evidence_quality,no_audit_flags,all,weighted_net,7,60D,all,0,71,0.6056338028169014,0.4647887323943662,0.3535844784547986,0.5796076308548415,0.14961183360854405,0.0350844011537188,0.40873910095367366,-0.2483336126714764,1.645927414161206,2.5276742431761376,0.09667181929021278,-0.014591211336772547,1.8930808761585936
evidence_quality,no_audit_flags,all,weighted_net,7,90D,all,0,37,0.5135135135135135,0.4864864864864865,0.3344640430301664,0.6410510333438121,0.03173429131404825,0.00927029532512258,0.20454020983033847,-0.15067195600870253,1.3575201069170735,1.4329378906346888,0.0011480987400206272,-0.029652054454722743,1.0121573960625874
evidence_quality,no_audit_flags,all,weighted_net,90,1D,all,0,100,0.58,0.56,0.4622810465167699,0.6532797336983921,0.007323051314976268,0.0034538336911817957,0.03276105176104619,-0.028483801723001276,1.1501642961722678,1.627061687268086,0.0069196776573807696,0.004479985933575237,1.5866751525122063
evidence_quality,no_audit_flags,all,weighted_net,90,20D,all,0,85,0.47058823529411764,0.4588235294117647,0.3569713181901941,0.5642366393003748,-0.01634065046695457,-0.009669211195928784,0.13254562368546885,-0.14868400526910872,0.8914585226942844,0.7924075757282527,-0.030221230665412973,-0.02101651462703058,0.640314846735114
evidence_quality,no_audit_flags,all,weighted_net,90,5D,all,0,95,0.4842105263157895,0.4631578947368421,0.3662764282064395,0.5629030873175216,0.016901789082665233,-0.00014884828638417336,0.1135465489593957,-0.07382594467916337,1.53803042348936,1.4438652955206237,0.011278671760670421,-0.00463622968684918,1.282317960669389
evidence_quality,no_audit_flags,all,weighted_net,90,60D,all,0,41,0.4878048780487805,0.4634146341463415,0.32056233976336046,0.6125352873233052,0.0248540487142512,-0.057065217391304324,0.2663903900202804,-0.2051805620533957,1.2983217676875045,1.2364969216071473,-0.016788760089131858,-0.045447153929821904,0.864561380783978
evidence_quality,no_audit_flags,all,weighted_net,90,90D,all,0,27,0.4074074074074074,0.4074074074074074,0.24514757074395552,0.592732990319353,-0.07766609212603727,-0.10505780346820814,0.2531704909210195,-0.3051162429708888,0.8297509449379742,0.5704537746448574,-0.10363656843700458,-0.15797066067416177,0.4907210490962918
evidence_quality,option_direction_unresolved,all,author_net,1,1D,all,0,149,0.48322147651006714,0.48299319727891155,0.4036795981203771,0.5631730162795969,-0.0016720774005633018,-0.002960725075528803,0.02793127575927253,-0.029353134900669528,0.9515602287044111,0.8897706034638649,-0.0018583305659214777,-0.001372690971192192,0.8674907199794748
evidence_quality,option_direction_unresolved,all,author_net,1,20D,all,0,112,0.41964285714285715,0.4144144144144144,0.32713457628753195,0.5074199461374632,0.007506650355208996,-0.025327114093752545,0.1802107302832689,-0.11737168436200354,1.5353850569908674,1.1102015027472425,0.004696914029728116,-0.017573724761422493,1.0725837691061444
evidence_quality,option_direction_unresolved,all,author_net,1,5D,all,0,129,0.4108527131782946,0.3629032258064516,0.28357014182263524,0.45047544625464736,-0.007985408473477847,-0.01625412008013949,0.08048376427952134,-0.06968101578806937,1.155031443920219,0.8054824543127841,-0.005655132000711845,-0.014705963242662712,0.8417105468212103
evidence_quality,option_direction_unresolved,all,author_net,1,60D,all,0,58,0.43103448275862066,0.39655172413793105,0.2808875779487437,0.525067840489988,0.11681672797989419,-0.017566422052502972,0.4362339732242528,-0.1251660335688623,3.4852424478582757,2.640335187771421,0.09814105264429676,-0.02237854302416692,2.397713891100461
evidence_quality,option_direction_unresolved,all,author_net,1,90D,all,0,50,0.58,0.52,0.38511744890044614,0.6520286471342196,0.20721856989295032,0.03923523976167986,0.4621075731864233,-0.14477100608375051,3.191989789164638,4.407985899322595,0.17194927544164113,0.013808881811725904,3.4281645692740086
evidence_quality,option_direction_unresolved,all,author_net,3,1D,all,0,292,0.4828767123287671,0.46048109965635736,0.4041001050854298,0.5178918695439342,-0.0016634286837341472,-0.0013787205992696339,0.0241926185519627,-0.02580715491044445,0.9374384210857614,0.8753564064443203,-0.0022035977792242843,-0.0015401961745895587,0.8212967579500068
evidence_quality,option_direction_unresolved,all,author_net,3,20D,all,0,244,0.47540983606557374,0.46502057613168724,0.4033406040513641,0.5277892795540117,0.014854497500898336,-0.004546637093276074,0.14567980788901755,-0.10370594003833469,1.4047392833541386,1.273044975539688,0.008973077593152455,-0.002958581176950803,1.1708581550824109
evidence_quality,option_direction_unresolved,all,author_net,3,5D,all,0,261,0.49808429118773945,0.4807692307692308,0.4207613752412014,0.5413370756819494,0.0020338418803931982,-0.0006091370558375386,0.07182348124129734,-0.0672230521418781,1.0684352904671715,1.0602792958834526,0.0005533116808517459,-0.0022317786466292677,1.0177557202402079
evidence_quality,option_direction_unresolved,all,author_net,3,60D,all,0,143,0.4755244755244755,0.3776223776223776,0.30234704948670676,0.45930064673552995,0.09495555760570204,-0.008943332651036973,0.3278475100594549,-0.11619981261903388,2.8214116931007207,2.558079935077987,0.07006876939415126,-0.015057692955967594,2.036765129019105
evidence_quality,option_direction_unresolved,all,author_net,3,90D,all,0,114,0.5701754385964912,0.5175438596491229,0.4267504103946124,0.6071935006875335,0.20878026456156296,0.0269845009724361,0.49497028130376824,-0.1708595535658522,2.8969423773719405,3.8428827454933905,0.17370357736179384,0.009545498598977464,3.0536516237144666
evidence_quality,option_direction_unresolved,all,author_net,30,1D,all,0,394,0.5228426395939086,0.5216284987277354,0.4722710234870177,0.5705672425815513,0.00015769225550756098,0.0010291368677909918,0.022774876669048136,-0.02502429105488615,0.9101107647403741,1.0134206353325248,-0.0002599668467378439,0.0007861205841828145,0.9766777333503517
evidence_quality,option_direction_unresolved,all,author_net,30,20D,all,0,351,0.4444444444444444,0.44571428571428573,0.39451112386756104,0.4980961468387919,-0.016687933986586908,-0.014306410720753338,0.11812614823928896,-0.1251811544052633,0.943641627212237,0.7588046074490153,-0.022314203394157246,-0.01139799464993635,0.6759323955602559
evidence_quality,option_direction_unresolved,all,author_net,30,5D,all,0,373,0.517426273458445,0.5080645161290323,0.4574392267480631,0.5585249513892467,0.0033842220740765904,0.0019680481592960763,0.06870883953662539,-0.06665828442743406,1.0307621944789715,1.1052061307468972,0.0007777074568679831,0.0025691174839601594,1.024898010705035
evidence_quality,option_direction_unresolved,all,author_net,30,60D,all,0,255,0.49019607843137253,0.403921568627451,0.3455538359528507,0.46514109590525043,0.0510634252274372,-0.0012878937982959693,0.29476163264362176,-0.1832617742112018,1.6084185254253889,1.5465562744474892,0.02090507482653728,-0.031135522243614044,1.2035889821256875
evidence_quality,option_direction_unresolved,all,author_net,30,90D,all,0,199,0.5577889447236181,0.49748743718592964,0.42872774656614177,0.566342294806002,0.10261251686429243,0.04027564711325393,0.37874078986341064,-0.24568564566868625,1.5415666179136605,1.9444760748683674,0.06751712128136134,-0.0009311302822051504,1.5657805001558256
evidence_quality,option_direction_unresolved,all,author_net,7,1D,all,0,398,0.457286432160804,0.4595959595959596,0.4111340588176343,0.5088342203738686,-0.00282769054059669,-0.0021860433393376955,0.024640266871394957,-0.026214716849305444,0.9399402256770054,0.7993884162299766,-0.0030860295435712407,-0.0014702773287584847,0.7660269043709311
evidence_quality,option_direction_unresolved,all,author_net,7,20D,all,0,338,0.47928994082840237,0.47633136094674555,0.4236524452655133,0.5295422314270161,0.01136033680781072,-0.005138176179253551,0.14458742643352918,-0.11126914341586196,1.2994386583272424,1.1960742195966663,0.004186227169895101,-0.004925289711233682,1.072744081947294
evidence_quality,option_direction_unresolved,all,author_net,7,5D,all,0,368,0.4891304347826087,0.48360655737704916,0.4328461879008898,0.5347074767470266,0.0011875265130647256,-0.0011901653698800363,0.0702678495321042,-0.06495320829239859,1.0818226132230573,1.0357876084050548,-0.0004988306806110598,-0.0020573617448721437,0.9840457702829214
evidence_quality,option_direction_unresolved,all,author_net,7,60D,all,0,217,0.5069124423963134,0.43317972350230416,0.3689788526473374,0.4997052243603875,0.12298615981123419,0.0025247377252268777,0.37203264299179784,-0.13304293504728915,2.7963352045680705,2.8747371261914743,0.09211835622502539,-0.012720394461074314,2.2129430793265135
evidence_quality,option_direction_unresolved,all,author_net,7,90D,all,0,172,0.6046511627906976,0.5588235294117647,0.4837022802241812,0.6313450746224476,0.18426857540075373,0.08109839993092582,0.46172709888887437,-0.24007975463990133,1.923223803612365,2.9414011114071466,0.14679107296161875,0.02408778358889252,2.441578016541078
evidence_quality,option_direction_unresolved,all,author_net,90,1D,all,0,385,0.5168831168831168,0.522077922077922,0.4722106140272754,0.571509003864188,0.002545684723362669,0.0008375209380234727,0.025277645213871925,-0.022253641643219153,1.1358880321313258,1.241987463704032,0.002250135792109237,0.0007546725881482086,1.2238290540319376
evidence_quality,option_direction_unresolved,all,author_net,90,20D,all,0,353,0.48158640226628896,0.4475920679886686,0.3965612565002461,0.4997512400289429,0.006229507016208518,-0.004550609975379594,0.1381943980279702,-0.11700017411007321,1.1811469434050377,1.1032691229607494,-0.004137207546008269,-0.012992889937759156,0.9343709547785816
evidence_quality,option_direction_unresolved,all,author_net,90,5D,all,0,366,0.5273224043715847,0.5178082191780822,0.4666279974850611,0.5686174980770842,0.007016123096953975,0.004511780386300734,0.06734254772872872,-0.06028445467144213,1.1170798192627616,1.2462219949000752,0.004221245727905267,0.0026656065634009796,1.1519785869101398
evidence_quality,option_direction_unresolved,all,author_net,90,60D,all,0,249,0.5180722891566265,0.42168674698795183,0.36199533773940573,0.4837578066147512,0.030838839004469872,0.002624671916010568,0.24229909009572062,-0.19648093091862467,1.233193923516538,1.3256834677802782,-0.002346999129257423,-0.0207290373856579,0.9788120177173315
evidence_quality,option_direction_unresolved,all,author_net,90,90D,all,0,183,0.5355191256830601,0.48633879781420764,0.4149521081759828,0.5582872358563374,0.05010656507571283,0.025912329950334545,0.3105294635515513,-0.25014571787290096,1.241394280870046,1.4312545826501706,0.015941190082950148,-0.009862309418193771,1.1244575834744364
evidence_quality,option_direction_unresolved,all,author_net_shift,1,1D,all,0,8,0.25,0.16666666666666666,0.030053369748306635,0.5635028221864702,-0.011476705649368132,-0.012521297245653373,0.025886458730688566,-0.023931093776053698,1.0817081313931198,0.3605693771310399,-0.010386541913905553,-0.009811270145382467,0.4298337656053281
evidence_quality,option_direction_unresolved,all,author_net_shift,1,5D,all,0,5,0.8,1.0,0.20654931437723745,1.0,0.062296773067761844,0.08616792249730887,0.1054727607095732,-0.11040717749948359,0.9553071013890065,3.821228405556026,0.07396810057749803,0.07396810057749803,
evidence_quality,option_direction_unresolved,all,author_net_shift,3,1D,all,0,18,0.7222222222222222,0.7333333333333333,0.4804956594401943,0.8910254667430761,0.005041089066236891,0.006966624948314959,0.013852965808773984,-0.017869790464359547,0.7752170254264071,2.0155642661086586,0.00808741755122063,0.007265606033090344,3.3970830522630813
evidence_quality,option_direction_unresolved,all,author_net_shift,3,20D,all,0,6,0.3333333333333333,0.3333333333333333,0.09677141110578041,0.700006684861608,-0.08271433112983229,-0.08286993299736606,0.06776708793864628,-0.15795504066407157,0.42902770088084036,0.21451385044042018,-0.08512410795827917,-0.07797659703639459,0.15499685104913224
evidence_quality,option_direction_unresolved,all,author_net_shift,3,5D,all,0,12,0.3333333333333333,0.25,0.071479212752109,0.5907245696898311,-0.022265129380981335,-0.0389968360400047,0.0407610379942204,-0.0537782130685822,0.7579470508296496,0.3789735254148248,-0.024892647619403574,-0.03312308997737068,0.23237508078723018
evidence_quality,option_direction_unresolved,all,author_net_shift,3,60D,all,0,1,0.0,0.0,0.0,0.7934506856227626,-0.021319150870494186,-0.021319150870494186,,-0.021319150870494186,,,-0.012164726720390817,-0.012164726720390817,
evidence_quality,option_direction_unresolved,all,author_net_shift,3,90D,all,0,1,1.0,1.0,0.20654931437723745,1.0,0.0982999227237602,0.0982999227237602,0.0982999227237602,,,,0.08314019633118919,0.08314019633118919,
evidence_quality,option_direction_unresolved,all,author_net_shift,30,1D,all,0,159,0.5534591194968553,0.559748427672956,0.4820807267303315,0.6345971766586392,0.0032158059910464254,0.0030141432877348606,0.02146065544115917,-0.01939752853867078,1.106360297311864,1.371263467090761,0.0016826065832018266,0.00228068424012684,1.1974469369669423
evidence_quality,option_direction_unresolved,all,author_net_shift,30,20D,all,0,127,0.48031496062992124,0.52,0.4331350544138638,0.6056723298378032,0.03160545374157441,-0.0016211617791046518,0.16914404382293646,-0.0955135461821087,1.7708906284396757,1.636732247497276,0.030924357389671912,0.0015602480330358937,1.7007578904275649
evidence_quality,option_direction_unresolved,all,author_net_shift,30,5D,all,0,146,0.541095890410959,0.5172413793103449,0.43651693345574205,0.5970758574213172,0.0085203389590519,0.006303657843053645,0.06317199460657243,-0.05591967292384544,1.1296917757835172,1.3320246311477293,0.006254918073810642,0.0026384667432203246,1.2761591352424682
evidence_quality,option_direction_unresolved,all,author_net_shift,30,60D,all,0,84,0.38095238095238093,0.3493975903614458,0.2555612557016784,0.45655781346759094,-0.01623544485299842,-0.02513261770648323,0.3045155164436887,-0.21362065180480586,1.4254966168811116,0.8772286873114533,-0.0302726183867993,-0.01762189198455899,0.755273628638366
evidence_quality,option_direction_unresolved,all,author_net_shift,30,90D,all,0,62,0.5967741935483871,0.5245901639344263,0.40157156924985693,0.6446951257715474,0.012130792173539072,0.026882928029150266,0.2695434646624243,-0.36883996311001105,0.7307870394240052,1.0815648183475277,-0.008115621931001316,0.0019860091810797176,0.947872849051463
evidence_quality,option_direction_unresolved,all,author_net_shift,7,1D,all,0,68,0.4117647058823529,0.3484848484848485,0.2447587406192953,0.4688783978696565,-0.011713868149243686,-0.0038574873642460705,0.018955697477085753,-0.033182564087674296,0.5712547537616862,0.39987832763318043,-0.0119910086563018,-0.003391995905962175,0.3220813679422131
evidence_quality,option_direction_unresolved,all,author_net_shift,7,20D,all,0,51,0.47058823529411764,0.46,0.3296965219222435,0.5960112860084253,-0.0038738800157827854,-0.01577153800659037,0.10362097760118605,-0.09942486456419951,1.0422038597224046,0.9264034308643595,0.0002105471031131656,-0.004505387914230052,1.0046722849576248
evidence_quality,option_direction_unresolved,all,author_net_shift,7,5D,all,0,65,0.38461538461538464,0.41935483870967744,0.3047758590777194,0.5433441525515342,-0.02446011565496038,-0.01304001592673698,0.05134858185146274,-0.07184055159647482,0.7147576224064291,0.44672351400401816,-0.01920115000674848,-0.007547243732792586,0.47156633145175797
evidence_quality,option_direction_unresolved,all,author_net_shift,7,60D,all,0,24,0.4166666666666667,0.375,0.21159367559548778,0.5729003755732572,-0.12233667216092026,-0.022017474402125925,0.08547224714964868,-0.2707716145256124,0.31566177015783103,0.22547269296987935,-0.11095343015097302,-0.02556360979997835,0.21556373753298794
evidence_quality,option_direction_unresolved,all,author_net_shift,7,90D,all,0,14,0.21428571428571427,0.2857142857142857,0.11721378644576919,0.5464908432989318,-0.13816005825855937,-0.060486717283313784,0.11433725908383681,-0.20702296298830378,0.5522926415186925,0.15062526586873431,-0.1308826683781423,-0.09414857676778599,0.14278810644028755
evidence_quality,option_direction_unresolved,all,author_net_shift,90,1D,all,0,134,0.4626865671641791,0.44776119402985076,0.3661914968022998,0.5322425438718391,-0.003178791637104101,-0.002326392520672127,0.022045297240142526,-0.024899534836955364,0.885369842629484,0.7624018089309447,-0.002897531703565793,-0.0017293259986774778,0.7603369600850043
evidence_quality,option_direction_unresolved,all,author_net_shift,90,20D,all,0,110,0.5272727272727272,0.5636363636363636,0.4703630331129352,0.6526150114854803,0.01681960298327022,0.008219690048114459,0.17051561843410393,-0.1546105680965058,1.1028716893897603,1.2301261150885787,0.016454785661162756,0.008414535229250675,1.2454906975482887
evidence_quality,option_direction_unresolved,all,author_net_shift,90,5D,all,0,126,0.47619047619047616,0.48,0.3943276701621969,0.5668649455861363,-0.0076236146264960615,-0.0064310090765244965,0.06694588411226275,-0.07541406802536771,0.8877108192829959,0.8070098357118144,-0.004976305621268755,-0.0011157960757712804,0.855123491035287
evidence_quality,option_direction_unresolved,all,author_net_shift,90,60D,all,0,59,0.6271186440677966,0.5932203389830508,0.4659340125533739,0.7091096641280723,0.21294705374149422,0.09974700498549005,0.46009056182377384,-0.20270339166961246,2.269772390260141,3.817344474528419,0.18463092478416665,0.06023002500853436,3.3347905631414294
evidence_quality,option_direction_unresolved,all,author_net_shift,90,90D,all,0,30,0.7333333333333333,0.6333333333333333,0.4551356365479487,0.7812607919389929,0.36948358962751215,0.14734432845186918,0.5588260747286179,-0.1512082444005285,3.6957381321640734,10.163279863451201,0.3071892530122904,0.07347923427925351,5.5616177123693396
evidence_quality,option_direction_unresolved,all,high_low_divergence,1,1D,all,0,8,0.25,0.42857142857142855,0.15821985525146975,0.7495416354723428,-0.011350312398741152,-0.011548232891753496,0.0037700624779551384,-0.016390437357639915,0.23001597795667336,0.07667199265222445,-0.009421560019624622,-0.005603963193039907,0.17957559463319073
evidence_quality,option_direction_unresolved,all,high_low_divergence,1,20D,all,0,1,0.0,0.0,0.0,0.7934506856227626,-0.41939302406269774,-0.41939302406269774,,-0.41939302406269774,,,-0.41225706016387886,-0.41225706016387886,
evidence_quality,option_direction_unresolved,all,high_low_divergence,1,5D,all,0,3,0.3333333333333333,0.5,0.09453120573423074,0.9054687942657693,-0.08001115151754201,-0.015156932210918628,0.03834367481322032,-0.13918856468292318,0.2754800647637158,0.1377400323818579,-0.11492563348653734,-0.11492563348653734,0.05477725677202197
evidence_quality,option_direction_unresolved,all,high_low_divergence,3,1D,all,0,39,0.41025641025641024,0.42105263157894735,0.27852501157758713,0.5780765465632945,-0.003194855985066448,-0.0051978093950753035,0.02894567058758476,-0.0255534831660412,1.1327485337126775,0.7879989799740366,-0.0021036593140370805,-0.00292046930319223,0.8491451302320108
evidence_quality,option_direction_unresolved,all,high_low_divergence,3,20D,all,0,20,0.45,0.47368421052631576,0.2732980516117956,0.6829219075488682,0.0069615412663806275,-0.005977319748418308,0.12384204436264125,-0.08866796126692353,1.3966943932524922,1.1427499581156755,0.01306678300375336,-0.011418755424061788,1.3207160338463309
evidence_quality,option_direction_unresolved,all,high_low_divergence,3,5D,all,0,29,0.4482758620689655,0.42857142857142855,0.26508547124123694,0.6092921437253123,-0.007191468234493375,-0.009250419725450154,0.07195535033616708,-0.07149825832315498,1.0063930510159584,0.8176943539504661,-0.0025365510450879552,-0.005955190306825953,0.919406279043631
evidence_quality,option_direction_unresolved,all,high_low_divergence,3,60D,all,0,9,0.6666666666666666,0.5555555555555556,0.26665129349549305,0.8112214789023355,0.24954511548910674,0.05286521388216303,0.4407619299696055,-0.13288851347189087,3.3167797460751736,6.633559492150348,0.22146878679469897,0.049377357890080464,6.097984084465617
evidence_quality,option_direction_unresolved,all,high_low_divergence,3,90D,all,0,6,1.0,1.0,0.6096657120978346,1.0,0.16826334925964695,0.15299778228072408,0.16826334925964695,,,,0.14087747852670854,0.11251474028970809,
evidence_quality,option_direction_unresolved,all,high_low_divergence,30,1D,all,0,95,0.43157894736842106,0.43157894736842106,0.3365583329880693,0.5319179101278586,-0.0035295611463468206,-0.002561027004246652,0.022689703401835574,-0.02343678052552234,0.9681237308651156,0.7350569067679581,-0.002755690906734424,-0.002694440468219983,0.7603753774613639
evidence_quality,option_direction_unresolved,all,high_low_divergence,30,20D,all,0,71,0.39436619718309857,0.4714285714285714,0.3590487639638429,0.5867811253167438,-0.008039127284944112,-0.010423224903812534,0.11559297610300132,-0.08854375274686206,1.3054899133705158,0.8500864552180102,0.00022184523968056576,-0.001078294127337509,1.0047462442905906
evidence_quality,option_direction_unresolved,all,high_low_divergence,30,5D,all,0,86,0.5232558139534884,0.5058823529411764,0.4016643580854897,0.609591647987286,0.0001877870461194261,0.0011378187449927468,0.0492527681443567,-0.053664021476336116,0.9177986813022462,1.007340016063441,0.0037796463168123166,0.0008675189350282331,1.189673784931522
evidence_quality,option_direction_unresolved,all,high_low_divergence,30,60D,all,0,58,0.6551724137931034,0.5517241379310345,0.42452083125844636,0.6725014595221879,0.07061877777708837,0.042251441526086675,0.20358347817367867,-0.1820141529764332,1.1185035605447573,2.125156765035039,0.05536564809289673,0.040121161021522744,1.8666893334001275
evidence_quality,option_direction_unresolved,all,high_low_divergence,30,90D,all,0,45,0.6222222222222222,0.5777777777777777,0.4330078870920313,0.710312975327297,-0.013781864819960821,0.03504770770304866,0.1682229131303999,-0.3135544402676138,0.5365030486789607,0.8836520801771118,-0.014936804196104875,0.04874206045530127,0.8754890094232817
evidence_quality,option_direction_unresolved,all,high_low_divergence,7,1D,all,0,69,0.5217391304347826,0.4927536231884058,0.3783242300928733,0.6079473243736349,0.0020435456174922395,0.0035920943864131694,0.029625899737513,-0.028046295240712227,1.0563213245544034,1.152350535877531,0.00216512392357804,-0.0010581181695759057,1.1889135193065508
evidence_quality,option_direction_unresolved,all,high_low_divergence,7,20D,all,0,46,0.5,0.5333333333333333,0.3907745474012537,0.670648679349887,0.05045145035502964,0.0006299450646272131,0.16188595562261865,-0.06098305491255937,2.6546055433716633,2.6546055433716633,0.0521102487153322,0.005723646547819872,3.3715866848623515
evidence_quality,option_direction_unresolved,all,high_low_divergence,7,5D,all,0,62,0.532258064516129,0.5,0.3792274119456608,0.6207725880543392,0.025683546278440706,0.0015727196072756744,0.08635514071112264,-0.043356543938059426,1.9917441029084886,2.2664674274475907,0.025879478566144528,-0.00010798515666027297,2.7261028846119424
evidence_quality,option_direction_unresolved,all,high_low_divergence,7,60D,all,0,32,0.65625,0.625,0.4525440735307745,0.7706611269054578,0.1815617467683893,0.05117551872063836,0.36528096443994484,-0.16917494151367135,2.1591907239431545,4.122091382073295,0.16580107095969654,0.06286282500710821,4.209578378647627
evidence_quality,option_direction_unresolved,all,high_low_divergence,7,90D,all,0,24,0.625,0.5416666666666666,0.3507486535891948,0.72108666268789,0.17473438564119012,0.11102404870375937,0.34536843719998667,-0.10965570029013744,3.149571215050181,5.2492853584169685,0.14468224092806772,0.07327122236875194,3.7353915512689704
evidence_quality,option_direction_unresolved,all,high_low_divergence,90,1D,all,0,84,0.5833333333333334,0.5714285714285714,0.4647695274572077,0.6718402256264122,-0.0006530440202136424,0.003746312657102513,0.01699285824124822,-0.02535730718626025,0.6701365455104684,0.9381911637146558,-0.0009056495285676041,0.002524269900493259,0.9064591636089635
evidence_quality,option_direction_unresolved,all,high_low_divergence,90,20D,all,0,60,0.5833333333333334,0.55,0.4249193588533434,0.6690634559324476,0.03473640352097929,0.023112608138314672,0.13878832336808966,-0.1109362842649752,1.2510633855068454,1.7514887397095833,0.030465963335895272,0.016683811855306208,1.7204854354243848
evidence_quality,option_direction_unresolved,all,high_low_divergence,90,5D,all,0,75,0.5466666666666666,0.5466666666666666,0.4344837385429269,0.6543020361586779,-0.0016451775031693528,0.006502520640023324,0.04332148615511049,-0.05586968367933035,0.7754023882390046,0.9350440564058586,-0.0007443368880766095,0.0034434708813531056,0.9663134680539407
evidence_quality,option_direction_unresolved,all,high_low_divergence,90,60D,all,0,52,0.4423076923076923,0.5192307692307693,0.38685682768056057,0.6489588555454449,-0.013008757173873294,-0.026791881237127058,0.201758794798693,-0.183341643221081,1.1004526372407593,0.8727727812599125,-0.003401755028342768,0.005824477731524724,0.9618206512548074
evidence_quality,option_direction_unresolved,all,high_low_divergence,90,90D,all,0,43,0.7209302325581395,0.7674418604651163,0.6225547970219101,0.8684632152061551,-0.08949811132703551,0.07971745711402622,0.17046986477320092,-0.7610820495859797,0.2239835571814296,0.5786241893853598,-0.05517344736304874,0.10766316086354655,0.7235744701308957
evidence_quality,option_direction_unresolved,all,weighted_net,1,1D,all,0,178,0.4438202247191011,0.449438202247191,0.37819821873158815,0.5228144539738755,-0.002834601859822984,-0.004519126210436986,0.027449402816150312,-0.02700062579317541,1.016620985987974,0.8112430090207066,-0.002602714176812535,-0.0018534431116274397,0.8120728747379311
evidence_quality,option_direction_unresolved,all,weighted_net,1,20D,all,0,134,0.417910447761194,0.42857142857142855,0.34763759685784285,0.5135155933833102,0.0037677401525924963,-0.023521081052017168,0.16489107229932035,-0.11191054959377619,1.473418483760986,1.0578389114181437,-0.00031146813937824014,-0.015577599203893788,0.9949021072907586
evidence_quality,option_direction_unresolved,all,weighted_net,1,5D,all,0,149,0.4161073825503356,0.3767123287671233,0.3022230507316628,0.457523014987846,-0.011166365620338015,-0.016558102530953245,0.07508215060315764,-0.07263082545777169,1.0337504789452128,0.7366957436161286,-0.008922194205749844,-0.013912731768091935,0.7594715751976837
evidence_quality,option_direction_unresolved,all,weighted_net,1,60D,all,0,69,0.4782608695652174,0.42028985507246375,0.3110611534112484,0.5379259457203395,0.10547572933359244,-0.0017857142857142794,0.3619669131960428,-0.12964118920698703,2.7920672080392683,2.559394940702662,0.0809176441239671,-0.01957975284308877,2.201361950003656
evidence_quality,option_direction_unresolved,all,weighted_net,1,90D,all,0,56,0.5892857142857143,0.5357142857142857,0.40704181935661177,0.6598014708777623,0.18599380679375982,0.051137820028518965,0.4230274948904623,-0.1540980065623786,2.745184732284136,3.938743311538108,0.14565563157295888,0.01606481147717459,2.9100925977960053
evidence_quality,option_direction_unresolved,all,weighted_net,3,1D,all,0,346,0.4595375722543353,0.4476744186046512,0.3959930949710895,0.5005114789171045,-0.0032379106235799456,-0.0022438349614654074,0.022854004506947793,-0.02542301493242439,0.8989494191658562,0.7643473670982415,-0.0032060576271571942,-0.0016336398485650716,0.7422284894525302
evidence_quality,option_direction_unresolved,all,weighted_net,3,20D,all,0,287,0.5017421602787456,0.493006993006993,0.4355429707239692,0.5506563811000411,0.015233498839439833,0.0003621160746618557,0.13566951411965514,-0.10604472633783991,1.2793612544902595,1.2883078366894922,0.008726606215767891,-0.00021162573445820954,1.1721080780256683
evidence_quality,option_direction_unresolved,all,weighted_net,3,5D,all,0,309,0.48220064724919093,0.49019607843137253,0.4346547243333651,0.5459805333792827,-0.0003760393310210882,-0.0016872619755426976,0.06895406176036896,-0.06493969597237806,1.06181682448434,0.9888169178010415,-0.0010902969421478013,-0.0007704586400625324,0.9641481190811233
evidence_quality,option_direction_unresolved,all,weighted_net,3,60D,all,0,173,0.4913294797687861,0.4161849710982659,0.3453326314865663,0.490678673818237,0.07519189125766759,-0.0009954651034177475,0.2891923668574757,-0.1315131135830561,2.1989622097635038,2.1239975889761116,0.052810748723677955,-0.012497305706600681,1.7289758098085792
evidence_quality,option_direction_unresolved,all,weighted_net,3,90D,all,0,137,0.6058394160583942,0.5620437956204379,0.47839647165220356,0.6423066234615922,0.20685885944090604,0.03980602141846845,0.4349011343481221,-0.14365056310166682,3.02749341845828,4.653369513556244,0.17194120975407104,0.019045220637335936,3.5747990434895445
evidence_quality,option_direction_unresolved,all,weighted_net,30,1D,all,0,377,0.506631299734748,0.5132978723404256,0.4628984873269038,0.5634282860354546,-0.001642708173095982,0.00047519217330549424,0.024232023442641464,-0.028365499777306513,0.8542780360960892,0.8819843507802866,-0.00165937378353931,0.0005320606670784489,0.8721153151066461
evidence_quality,option_direction_unresolved,all,weighted_net,30,20D,all,0,331,0.4773413897280967,0.459214501510574,0.40630402070762067,0.5130608031851746,-0.009923091618382857,-0.00504959422903517,0.118765790522846,-0.1274539781982335,0.9318327462335112,0.8510379994502589,-0.016036294699496766,-0.01245785959946133,0.7606586092843534
evidence_quality,option_direction_unresolved,all,weighted_net,30,5D,all,0,356,0.49157303370786515,0.4915254237288136,0.4398186308433379,0.5434141672237904,-0.0003349414420663021,-0.0009330454242983954,0.06571221122427613,-0.06419268573272888,1.0236713182226698,0.9897374623699845,-0.0010148360062567185,-0.0012247197550229183,0.9665024978931109
evidence_quality,option_direction_unresolved,all,weighted_net,30,60D,all,0,247,0.4898785425101215,0.4331983805668016,0.37289212719453896,0.4955506726713756,0.032427139177703526,-0.004961800828702567,0.27050286452998795,-0.19620113675583944,1.3787018210124469,1.3239914312897307,0.005608290618506461,-0.03705409530972037,1.0508966109429014
evidence_quality,option_direction_unresolved,all,weighted_net,30,90D,all,0,187,0.5614973262032086,0.5026737967914439,0.4316825137028354,0.5735574378578973,0.08494056031742371,0.036878173840161566,0.3638584459538954,-0.27221039080244847,1.3366809579945784,1.7116036657247649,0.056049786718249395,0.003842922057888165,1.4344129033185706
evidence_quality,option_direction_unresolved,all,weighted_net,7,1D,all,0,420,0.47619047619047616,0.47255369928400953,0.4252169597597705,0.5203891308441475,-0.0012832035770107958,-0.0011774388662464386,0.02502088231953172,-0.025311059206625013,0.9885355691863996,0.9027722093026481,-0.0015080834477873796,-0.0008901757001966715,0.8770358475538061
evidence_quality,option_direction_unresolved,all,weighted_net,7,20D,all,0,359,0.5041782729805014,0.48746518105849584,0.4361669361151345,0.5390288421477694,0.01097442403147914,0.0022195446762635074,0.13641284283965954,-0.1165781254307717,1.1701409877332982,1.189862465054646,0.0037221277733710777,-0.0016417869365064064,1.0652886902790772
evidence_quality,option_direction_unresolved,all,weighted_net,7,5D,all,0,384,0.4921875,0.4960835509138381,0.44629846461216904,0.5459464203876301,0.0041615250862050805,-0.002142518693407758,0.07333743521074541,-0.0628858954960417,1.1661984715692182,1.1303154416747807,0.0029283579110385163,-0.0005792587455539788,1.0998655766255347
evidence_quality,option_direction_unresolved,all,weighted_net,7,60D,all,0,243,0.522633744855967,0.448559670781893,0.38731124071474055,0.5114091763519888,0.11509814497103187,0.010738532713971516,0.35793767624056716,-0.1507692728844076,2.374075760881279,2.5992036347579517,0.08437054104542313,-0.013370831804462524,2.029473962046367
evidence_quality,option_direction_unresolved,all,weighted_net,7,90D,all,0,187,0.6096256684491979,0.5645161290322581,0.4926680889672008,0.6337531898677249,0.17526958830931308,0.07264478065106017,0.4295597966163255,-0.2218411479509529,1.936339586158729,3.0238727783848645,0.13958880583006258,0.02308227363142601,2.4823882427009814
evidence_quality,option_direction_unresolved,all,weighted_net,90,1D,all,0,362,0.5082872928176796,0.505524861878453,0.4542343666038811,0.5566993313233416,0.0011452762276634712,0.0006153890228050019,0.024569775597179867,-0.023330958610607497,1.0530975605095427,1.1009656314417948,0.0010215687190115983,0.0004008068585318325,1.0931388728377998
evidence_quality,option_direction_unresolved,all,weighted_net,90,20D,all,0,327,0.5229357798165137,0.5107033639143731,0.4567137015831737,0.5644444689343666,0.0060629996127592786,0.007712872199858722,0.12709317784416485,-0.12660469575628144,1.0038583251984883,1.1003831641598814,-0.0012304245560582304,0.0033766701377018205,0.9799149403397185
evidence_quality,option_direction_unresolved,all,weighted_net,90,5D,all,0,336,0.5386904761904762,0.5535714285714286,0.5001090291368739,0.6058227195230039,0.001429748373624735,0.006436377046952935,0.06348497883488963,-0.0710347465521104,0.893717256924647,1.0436311193765233,0.0002834174592282719,0.005699074112421709,1.0090969075717242
evidence_quality,option_direction_unresolved,all,weighted_net,90,60D,all,0,243,0.5308641975308642,0.46502057613168724,0.4033406040513641,0.5277892795540117,0.04598724292425049,0.012861736334405238,0.2715743745843981,-0.20928240605960075,1.2976455101871174,1.4683883404748959,0.015364937537106086,-0.016110415951036572,1.1323060531669893
evidence_quality,option_direction_unresolved,all,weighted_net,90,90D,all,0,183,0.5355191256830601,0.5081967213114754,0.43634385437363493,0.5797125392069731,0.054666060819367555,0.035504922021900365,0.39660606014346406,-0.33957064428370837,1.1679633290447307,1.3465930146633363,0.02741131131814222,0.003842922057888165,1.1626529440877833
position_policy,non_overlapping_same_ticker,all,author_net,1,1D,all,0,230,0.45217391304347826,0.4581497797356828,0.3945685556180855,0.5231238723492917,-0.0038929654439348992,-0.004230540221348111,0.027515304239978142,-0.029817251532244078,0.9227981395342011,0.7616746548536263,-0.0033568730235346996,-0.002357867196503438,0.7752573494240287
position_policy,non_overlapping_same_ticker,all,author_net,1,20D,all,0,102,0.45098039215686275,0.46534653465346537,0.37112922730014125,0.5621032927473737,0.013159256419417438,-0.018712250416361043,0.17636187198767814,-0.12090003494022528,1.4587412822078505,1.1982517675278772,0.005689730261134397,-0.00977677292161161,1.087867584016991
position_policy,non_overlapping_same_ticker,all,author_net,1,5D,all,0,161,0.40993788819875776,0.4050632911392405,0.33165210857864863,0.48298129735698797,-0.0003937149989488082,-0.010411502231036263,0.09297459834257471,-0.06526012216253356,1.4246770502668824,0.9897756349222551,0.0005220892160119564,-0.00970066862972685,1.0152394370885833
position_policy,non_overlapping_same_ticker,all,author_net,1,60D,all,0,42,0.5952380952380952,0.5476190476190477,0.3994911903473349,0.6877660676654553,0.19732400131181188,0.06605752887304772,0.43667282504268107,-0.15465956299828987,2.823445356867519,4.152125524805175,0.16032027831687565,0.03330743784413581,3.2782736044081218
position_policy,non_overlapping_same_ticker,all,author_net,1,90D,all,0,27,0.6296296296296297,0.5185185185185185,0.3398561575495229,0.6925677302378153,0.21104065133984926,0.04538285694033406,0.44485035615151797,-0.1864358468399876,2.3860773756310927,4.0563315385728576,0.1724701559877635,0.03281885706726251,3.0405920146680767
position_policy,non_overlapping_same_ticker,all,author_net,3,1D,all,0,456,0.47368421052631576,0.45494505494505494,0.4097572703483973,0.5008872470293971,-0.001562505041832979,-0.002103015110851314,0.02564176526675676,-0.026046348319563744,0.9844668032599757,0.8860201229339781,-0.00203743980920224,-0.0018867840780432132,0.8411556300539279
position_policy,non_overlapping_same_ticker,all,author_net,3,20D,all,0,197,0.45685279187817257,0.41116751269035534,0.34479561390254915,0.4809375778123794,0.009740870758891238,-0.012612536096483828,0.17887446907476875,-0.13252103436661322,1.3497817152552622,1.1353304147006877,-0.0029574082299692007,-0.013797792608867598,0.9598868011872688
position_policy,non_overlapping_same_ticker,all,author_net,3,5D,all,0,347,0.5187319884726225,0.4927536231884058,0.4403697181710377,0.5452971231014899,0.0081736585330152,0.002865973588086712,0.0771589687647591,-0.06618176566886445,1.165864464100554,1.2566203804676628,0.0046515594023442824,-0.001087653486011142,1.152014171083372
position_policy,non_overlapping_same_ticker,all,author_net,3,60D,all,0,81,0.5061728395061729,0.4444444444444444,0.3411955250345785,0.5527242622356897,0.12343737708613689,0.0022863331428055744,0.39967542067376893,-0.15970661759118596,2.502560173785977,2.5651241781306267,0.08493699788215095,-0.015057692955967594,1.925146599496189
position_policy,non_overlapping_same_ticker,all,author_net,3,90D,all,0,52,0.5961538461538461,0.5,0.36885862959780547,0.6311413704021945,0.12126027416541468,0.03789028456757715,0.3273663982272451,-0.18299162325919216,1.7889693112539817,2.6408594594701635,0.0837166739370725,0.00014698091451809114,1.901736126879094
position_policy,non_overlapping_same_ticker,all,author_net,30,1D,all,0,551,0.5353901996370236,0.5290909090909091,0.48731778049536084,0.570460487076262,8.576289790080766e-05,0.0016983695652172948,0.022373702873774333,-0.02600391663103208,0.8603974236355769,1.0072112697321238,-0.00042882312050004066,0.0010213171192995363,0.962284297326192
position_policy,non_overlapping_same_ticker,all,author_net,30,20D,all,0,358,0.4888268156424581,0.4553072625698324,0.4044677739068567,0.5070957044621126,4.658006415350309e-05,-0.003956771460867481,0.13267273596786366,-0.12678171110059666,1.0464658886216853,1.0007187459496991,-0.011298176533847142,-0.01139799464993635,0.8329964696499846
position_policy,non_overlapping_same_ticker,all,author_net,30,5D,all,0,500,0.512,0.49498997995991983,0.4513283060267161,0.5387282020191271,0.006197706261276018,0.001586660614487978,0.07559932909336697,-0.06661711113632761,1.134833495536272,1.1906449789233018,0.002546416669730205,-0.0006492082948057476,1.0795051612391993
position_policy,non_overlapping_same_ticker,all,author_net,30,60D,all,0,166,0.5301204819277109,0.4397590361445783,0.36646063291194464,0.5157824887682894,0.04308103392271187,0.014505729200653239,0.2700331638355052,-0.21296752290197807,1.2679546634901349,1.4305129536811778,0.009033491634188822,-0.03409480877666721,1.0796912744360587
position_policy,non_overlapping_same_ticker,all,author_net,30,90D,all,0,103,0.5242718446601942,0.4563106796116505,0.36342238345230693,0.5523406536744683,0.01425239228683628,0.013333333333333197,0.3044026686900628,-0.305505055177944,0.9963915933003495,1.0980642048616096,-0.020759645638831457,-0.027669641402492617,0.8702843811877715
position_policy,non_overlapping_same_ticker,all,author_net,7,1D,all,0,582,0.4587628865979381,0.4517241379310345,0.41167256220389503,0.4924109879552272,-0.002764840091210809,-0.002358181804297532,0.024987604335421083,-0.026456317222498787,0.944485361483771,0.8056792061219388,-0.0031240977119163893,-0.001894258837058238,0.7686833829725417
position_policy,non_overlapping_same_ticker,all,author_net,7,20D,all,0,289,0.5294117647058824,0.5017301038062284,0.4444410920800055,0.5589737249477034,0.02071235430388273,0.014175814677154452,0.15701942911552141,-0.13263310485921076,1.1838630278782707,1.3318459063630543,0.009060248337698588,0.0005565390717054974,1.1428044666086075
position_policy,non_overlapping_same_ticker,all,author_net,7,5D,all,0,477,0.5073375262054507,0.4884210526315789,0.4437419252895124,0.533285961921651,0.008094406116294738,0.0012052730696798797,0.07929146041389562,-0.06522341150080917,1.2156901730433392,1.2519022207510133,0.004757591339863024,-0.0014376306749313006,1.152889489742711
position_policy,non_overlapping_same_ticker,all,author_net,7,60D,all,0,110,0.509090909090909,0.41818181818181815,0.33029106092011495,0.5115943103104936,0.07345235070834048,0.004885897037228859,0.32408155717288617,-0.18645941895859583,1.7380809131709778,1.8024542803254584,0.03928817045332412,-0.02419685226478907,1.3772647507919973
position_policy,non_overlapping_same_ticker,all,author_net,7,90D,all,0,72,0.5694444444444444,0.5138888888888888,0.40069754605192803,0.6256732547092813,0.0689445667424629,0.04387867794525768,0.35183376116153925,-0.30519920652147686,1.1528003796981716,1.5246714699233885,0.034819582248391386,0.009222370381060219,1.244681717247446
position_policy,non_overlapping_same_ticker,all,author_net,90,1D,all,0,515,0.5281553398058253,0.5262135922330097,0.48305523119669536,0.5689837867749408,0.00316938967099399,0.0013245782859732103,0.025986874005514922,-0.0228411514661267,1.1377217144264076,1.3002533879158944,0.0027854508318397157,0.0010454974987581522,1.2720788634024311
position_policy,non_overlapping_same_ticker,all,author_net,90,20D,all,0,376,0.48138297872340424,0.4601063829787234,0.4103860151501932,0.5106336647627316,0.002782348016291236,-0.00479926238196926,0.14725769906915998,-0.13132041373021772,1.1213618270475718,1.0408537984390283,-0.009246038884509315,-0.014710752296096197,0.870973084415086
position_policy,non_overlapping_same_ticker,all,author_net,90,5D,all,0,475,0.5221052631578947,0.510548523206751,0.46564285098280067,0.5552845922421549,0.008175275587381433,0.0030729690468209725,0.07378112547619081,-0.06349983794752927,1.1619104530181181,1.269399966292922,0.00478339588461793,0.0017446116130876987,1.1594846709811435
position_policy,non_overlapping_same_ticker,all,author_net,90,60D,all,0,202,0.5247524752475248,0.45544554455445546,0.3882388030289294,0.524315256279018,0.02511687719524228,0.012741962406549678,0.2566052239429536,-0.23048483900535566,1.1133279961073317,1.2292996623685124,-0.012795741718634861,-0.02123371851720013,0.8982276140554926
position_policy,non_overlapping_same_ticker,all,author_net,90,90D,all,0,128,0.5,0.46875,0.3844747677270395,0.5548462920400548,-0.005954297737176909,0.0035301669327409413,0.29968652411130003,-0.3115951195856539,0.9617818292847802,0.9617818292847802,-0.04321297110766542,-0.04434851586603239,0.7509843456752855
position_policy,non_overlapping_same_ticker,all,author_net_shift,1,1D,all,0,8,0.25,0.16666666666666666,0.030053369748306635,0.5635028221864702,-0.011476705649368132,-0.012521297245653373,0.025886458730688566,-0.023931093776053698,1.0817081313931198,0.3605693771310399,-0.010386541913905553,-0.009811270145382467,0.4298337656053281
position_policy,non_overlapping_same_ticker,all,author_net_shift,1,5D,all,0,3,0.6666666666666666,,,,0.0340674926953638,0.08507355210369316,0.10630482779278749,-0.11040717749948359,0.962843450945793,1.925686901891586,,,
position_policy,non_overlapping_same_ticker,all,author_net_shift,3,1D,all,0,20,0.75,0.7647058823529411,0.5273820188043501,0.9044495567791988,0.009133689930206279,0.008912615424751746,0.01813485006172822,-0.017869790464359547,1.0148328318620927,3.044498495586278,0.012467028814606948,0.011163274121816724,5.187876257598934
position_policy,non_overlapping_same_ticker,all,author_net_shift,3,20D,all,0,6,0.3333333333333333,0.3333333333333333,0.09677141110578041,0.700006684861608,-0.08271433112983229,-0.08286993299736606,0.06776708793864628,-0.15795504066407157,0.42902770088084036,0.21451385044042018,-0.08512410795827917,-0.07797659703639459,0.15499685104913224
position_policy,non_overlapping_same_ticker,all,author_net_shift,3,5D,all,0,11,0.18181818181818182,0.2222222222222222,0.06322510711784671,0.5474110308930111,-0.05180924800305655,-0.05801320372199403,0.04105054568347127,-0.07244475771117384,0.5666461864243306,0.12592137476096235,-0.045864161995818345,-0.03866488533848511,0.12743363293451343
position_policy,non_overlapping_same_ticker,all,author_net_shift,3,60D,all,0,1,0.0,0.0,0.0,0.7934506856227626,-0.021319150870494186,-0.021319150870494186,,-0.021319150870494186,,,-0.012164726720390817,-0.012164726720390817,
position_policy,non_overlapping_same_ticker,all,author_net_shift,3,90D,all,0,1,1.0,1.0,0.20654931437723745,1.0,0.0982999227237602,0.0982999227237602,0.0982999227237602,,,,0.08314019633118919,0.08314019633118919,
position_policy,non_overlapping_same_ticker,all,author_net_shift,30,1D,all,0,161,0.5527950310559007,0.5590062111801242,0.48182385896909463,0.6334384065794478,0.0029595558116507596,0.0030141432877348606,0.021513149570598515,-0.019974747584826327,1.0770173429846404,1.3313131045226807,0.001477736252725207,0.00228068424012684,1.1688192660300223
position_policy,non_overlapping_same_ticker,all,author_net_shift,30,20D,all,0,79,0.4050632911392405,0.44871794871794873,0.3433437231709858,0.5589063085943674,0.0001412074409489529,-0.011510938458392905,0.1731268272820939,-0.11763623585514972,1.4717134225144026,1.002017649371508,0.001202082483916127,-0.01324121389894628,1.0190684166664252
position_policy,non_overlapping_same_ticker,all,author_net_shift,30,5D,all,0,128,0.5625,0.515625,0.4298624503761484,0.6004770197403044,0.010124831359415436,0.01256633706623489,0.06421283582131829,-0.059416888663031096,1.0807169016453602,1.3894931592583202,0.005639576511124734,0.0030919065537866053,1.2257132231727512
position_policy,non_overlapping_same_ticker,all,author_net_shift,30,60D,all,0,30,0.36666666666666664,0.3448275862068966,0.19940718526674994,0.5265489590952386,-0.08799661160252122,-0.05587658059050549,0.4363121000462293,-0.3915437604517978,1.1143380232717126,0.6451430661046756,-0.1496651115903361,-0.12393477656556817,0.410754406059746
position_policy,non_overlapping_same_ticker,all,author_net_shift,30,90D,all,0,19,0.3684210526315789,0.3684210526315789,0.19149512745135072,0.5896046683519693,-0.191044655516457,-0.09519803479489852,0.1139587433527929,-0.3689633048568528,0.30886199752846866,0.18016949855827338,-0.199365194551947,-0.07354870993335128,0.1768439607117442
position_policy,non_overlapping_same_ticker,all,author_net_shift,7,1D,all,0,69,0.4057971014492754,0.34328358208955223,0.24089006272762914,0.4626733540965101,-0.011941743170270832,-0.004659879450944482,0.018955697477085753,-0.033042434344075326,0.5736773894955051,0.3917796806310766,-0.01225645137523642,-0.003469697548972084,0.314070732994123
position_policy,non_overlapping_same_ticker,all,author_net_shift,7,20D,all,0,26,0.46153846153846156,0.46153846153846156,0.2875585353039122,0.6454206125314121,0.004317425348717955,-0.015767307097396044,0.13318048318158004,-0.1061366242223067,1.2548023282013292,1.0755448527439966,0.008959390655750857,-0.010797425944595374,1.1835832322262145
position_policy,non_overlapping_same_ticker,all,author_net_shift,7,5D,all,0,51,0.43137254901960786,0.46938775510204084,0.3370350369317515,0.6061913601633808,-0.002926618139787484,-0.009445551128818064,0.06476910874206736,-0.054281997153608395,1.1931968633869956,0.9051838273970311,-0.0003225260056391013,-0.0018540993264033467,0.9874269999221792
position_policy,non_overlapping_same_ticker,all,author_net_shift,7,60D,all,0,9,0.4444444444444444,0.4444444444444444,0.18877852109766452,0.733348706504507,-0.2335146638232619,-0.010509952350376883,0.16491963092010134,-0.5522620996179525,0.29862565443869954,0.23890052355095964,-0.22896077835565315,-0.016937910160957248,0.23089881857362338
position_policy,non_overlapping_same_ticker,all,author_net_shift,7,90D,all,0,6,0.3333333333333333,0.3333333333333333,0.09677141110578041,0.700006684861608,-0.205009214528281,-0.11434979798292899,0.2412567077561279,-0.4281421756704854,0.5634967108258175,0.28174835541290877,-0.17957694975433838,-0.10936148183474087,0.3248327135562505
position_policy,non_overlapping_same_ticker,all,author_net_shift,90,1D,all,0,134,0.4626865671641791,0.44776119402985076,0.3661914968022998,0.5322425438718391,-0.003178791637104101,-0.002326392520672127,0.022045297240142526,-0.024899534836955364,0.885369842629484,0.7624018089309447,-0.002897531703565793,-0.0017293259986774778,0.7603369600850043
position_policy,non_overlapping_same_ticker,all,author_net_shift,90,20D,all,0,81,0.5061728395061729,0.5432098765432098,0.43524015896677065,0.6472666731563539,0.004776716840140725,0.0068217135933836826,0.16955410060837292,-0.16412010152229728,1.0331098935211016,1.0589376408591291,0.007046088725972114,0.004212349477596744,1.096251482120285
position_policy,non_overlapping_same_ticker,all,author_net_shift,90,5D,all,0,120,0.48333333333333334,0.47058823529411764,0.3832373024605453,0.5597786787301571,-0.008000170004797212,-0.003311008224684886,0.06674336173254648,-0.07792153840424777,0.8565457394628142,0.8012847240136004,-0.005603968118501881,-0.00161586088782939,0.8411412803291007
position_policy,non_overlapping_same_ticker,all,author_net_shift,90,60D,all,0,30,0.5666666666666667,0.5666666666666667,0.3919730700081361,0.7262251442353347,0.09579003334618452,0.06892661145653917,0.3206829772871599,-0.19830073949970636,1.6171547221468368,2.1147407904997095,0.09213071396115426,0.04156512961474296,2.148588531526674
position_policy,non_overlapping_same_ticker,all,author_net_shift,90,90D,all,0,21,0.7619047619047619,0.6190476190476191,0.4087865377511576,0.7924898863143551,0.42025373284962797,0.1513140887548472,0.5972191979035826,-0.14603575532302696,4.089540924977932,13.086530959929382,0.35782502316968834,0.07116990928485323,6.755544228911779
position_policy,non_overlapping_same_ticker,all,high_low_divergence,1,1D,all,0,9,0.2222222222222222,0.375,0.13684428582359742,0.6942576053973727,-0.010870682037073372,-0.008313990293310813,0.0037700624779551384,-0.015053751898510088,0.2504400566298872,0.07155430189425349,-0.008995553131614445,-0.005808734054291553,0.16707697676198224
position_policy,non_overlapping_same_ticker,all,high_low_divergence,1,20D,all,0,1,0.0,0.0,0.0,0.7934506856227626,-0.41939302406269774,-0.41939302406269774,,-0.41939302406269774,,,-0.41225706016387886,-0.41225706016387886,
position_policy,non_overlapping_same_ticker,all,high_low_divergence,1,5D,all,0,4,0.25,0.5,0.09453120573423074,0.9054687942657693,-0.07010010675742259,-0.02776195234399148,0.03834367481322032,-0.10624803394763689,0.36088832318645586,0.12029610772881863,-0.11492563348653734,-0.11492563348653734,0.05477725677202197
position_policy,non_overlapping_same_ticker,all,high_low_divergence,3,1D,all,0,40,0.4,0.41025641025641024,0.27079310000725176,0.5658137711710304,-0.0033252392110415504,-0.00621621179781473,0.02894567058758476,-0.024839179076792423,1.1653231573433553,0.7768821048955703,-0.0020758133464079086,-0.0020471874797272083,0.8475175046092032
position_policy,non_overlapping_same_ticker,all,high_low_divergence,3,20D,all,0,12,0.5,0.5454545454545454,0.280091537409322,0.7872872837754024,0.0034464137294775155,-0.015373409793201509,0.08473664493081338,-0.07784381747185835,1.0885468837836336,1.0885468837836336,0.012757421084066018,0.005723646547819872,1.488567480487992
position_policy,non_overlapping_same_ticker,all,high_low_divergence,3,5D,all,0,24,0.4166666666666667,0.4090909090909091,0.2325581619647187,0.6126518152368488,-0.016482373959400085,-0.02057366830218671,0.0796395725259021,-0.08514090716318735,0.9353855294642212,0.6681325210458723,-0.007238745555048614,-0.017773557610995527,0.8086342813414359
position_policy,non_overlapping_same_ticker,all,high_low_divergence,3,60D,all,0,6,0.5,0.5,0.1876163064826506,0.8123836935173494,0.19213537287279844,0.005447714212269028,0.5171592592174877,-0.13288851347189087,3.8916776605141226,3.8916776605141226,0.16968269619411122,0.004005782546792458,3.839785406914759
position_policy,non_overlapping_same_ticker,all,high_low_divergence,3,90D,all,0,4,1.0,1.0,0.5101091635454027,1.0,0.1588729796475887,0.1525263912100021,0.1588729796475887,,,,0.13925373745094152,0.10822858131022389,
position_policy,non_overlapping_same_ticker,all,high_low_divergence,30,1D,all,0,98,0.42857142857142855,0.42857142857142855,0.33511579016394677,0.5274156369962931,-0.0038782615007899547,-0.002682093183089651,0.022230190013772116,-0.023459600136711507,0.9475945832079419,0.7106959374059563,-0.0030843954810224855,-0.0027510374999015763,0.7350362089771134
position_policy,non_overlapping_same_ticker,all,high_low_divergence,30,20D,all,0,56,0.4107142857142857,0.4642857142857143,0.34019852912223775,0.5929581806433883,0.007335099277704488,-0.008222016517645703,0.14661071818809712,-0.08973578662953886,1.633804346011454,1.138712119947377,0.009788668220890525,-0.001078294127337509,1.2047116008673135
position_policy,non_overlapping_same_ticker,all,high_low_divergence,30,5D,all,0,84,0.5119047619047619,0.4880952380952381,0.3840835367193851,0.5931481711000114,-0.0023033911395343217,0.0009073282849137998,0.04715280261602969,-0.05417208215146731,0.8704262554315075,0.9128860727696299,-0.00018960608594596686,-0.0012347432216719412,0.9913781998600913
position_policy,non_overlapping_same_ticker,all,high_low_divergence,30,60D,all,0,36,0.5555555555555556,0.5555555555555556,0.395810617556973,0.7045873125991978,0.1027666096799215,0.01581913071045349,0.3406922418287185,-0.1946404305060747,1.7503672846535627,2.187959105816953,0.10067172011301843,0.03077525413451576,2.2358192920039963
position_policy,non_overlapping_same_ticker,all,high_low_divergence,30,90D,all,0,23,0.7391304347826086,0.6956521739130435,0.49134243731240795,0.8439597554678597,0.04833926610607338,0.036355827290871945,0.19315997953840722,-0.36198608861887244,0.5336116099803528,1.5118995616109998,0.06328037686478367,0.08626254267610378,1.6675194412343193
position_policy,non_overlapping_same_ticker,all,high_low_divergence,7,1D,all,0,70,0.5142857142857142,0.4857142857142857,0.37245878383038566,0.6004561608099076,0.0017152288492588525,0.003256074577452306,0.029625899737513,-0.027837246208892597,1.0642539680541037,1.1268571426455214,0.0018600789009245967,-0.0010867272441721365,1.160749158298184
position_policy,non_overlapping_same_ticker,all,high_low_divergence,7,20D,all,0,32,0.53125,0.5625,0.3932559113685198,0.7183466888495963,0.05192528566452595,0.022514765660030633,0.15344943189510113,-0.0631354133967926,2.4304811458302202,2.7545452986075833,0.05601747146973639,0.01023902877029087,4.010784259893666
position_policy,non_overlapping_same_ticker,all,high_low_divergence,7,5D,all,0,56,0.5357142857142857,0.5,0.37331738801362335,0.6266826119863766,0.022516286085439492,0.0015727196072756744,0.0776882492193366,-0.04114367137674947,1.8882186887978765,2.178713871689857,0.02371088274289825,-0.00010798515666027297,2.670683307563098
position_policy,non_overlapping_same_ticker,all,high_low_divergence,7,60D,all,0,19,0.631578947368421,0.631578947368421,0.41039533164803066,0.8085048725486492,0.17966255174757578,0.0447990846862486,0.36766137539316346,-0.14262114593057446,2.577888243669945,4.419236989148477,0.174175445018909,0.06162046158352985,4.607797649230425
position_policy,non_overlapping_same_ticker,all,high_low_divergence,7,90D,all,0,14,0.6428571428571429,0.6428571428571429,0.38764423103907397,0.8365526824644587,0.28707036442851613,0.1313659193312256,0.4972501843286292,-0.09125331139168744,5.449119344220591,9.808414819597063,0.2603785611802362,0.0998799948993101,7.021279507415587
position_policy,non_overlapping_same_ticker,all,high_low_divergence,90,1D,all,0,86,0.5813953488372093,0.5697674418604651,0.46436203379906343,0.6692065898354842,-0.0008000767099674837,0.003256002651038814,0.01672080389848666,-0.02513463311059824,0.6652495711758046,0.9239577377441731,-0.0010659816586231806,0.002524269900493259,0.8904324744077544
position_policy,non_overlapping_same_ticker,all,high_low_divergence,90,20D,all,0,47,0.5957446808510638,0.5531914893617021,0.41245459838218734,0.6858903373450472,0.040403858245886395,0.02387079598899633,0.13808164153617428,-0.10354234870822206,1.3335764859389319,1.9652706108573732,0.0357582721925513,0.010143557853987017,2.005016395097558
position_policy,non_overlapping_same_ticker,all,high_low_divergence,90,5D,all,0,76,0.5526315789473685,0.5526315789473685,0.4410051506448649,0.6591934193482787,0.0006258498404650995,0.006538031067752026,0.04531782291469842,-0.054581881604176055,0.8302722731938791,1.0256304551218505,0.0012281081028119429,0.003992094133938751,1.0586304613683561
position_policy,non_overlapping_same_ticker,all,high_low_divergence,90,60D,all,0,31,0.4838709677419355,0.5806451612903226,0.4076626249536972,0.7358445693268778,0.027982563244570182,-0.009844433641225114,0.21503504051581573,-0.14737913419722254,1.4590602780177564,1.3678690106416465,0.035039636990181956,0.017158668758445184,1.585833987649915
position_policy,non_overlapping_same_ticker,all,high_low_divergence,90,90D,all,0,24,0.8333333333333334,0.7916666666666666,0.5952954674681133,0.9075517464714814,0.09794260105020887,0.1141781323537116,0.19823256212865276,-0.40350720434201043,0.49127391034295376,2.4563695517147686,0.11696909013043566,0.15237099952334066,2.7419015729859098
position_policy,non_overlapping_same_ticker,all,weighted_net,1,1D,all,0,260,0.4269230769230769,0.437984496124031,0.3787932561201849,0.49899538688491996,-0.004449547575858113,-0.004847595967348406,0.027291687781238107,-0.02809570277476872,0.971382990488757,0.7236477311694767,-0.00395024314057773,-0.0031897113904461594,0.7328168723749564
position_policy,non_overlapping_same_ticker,all,weighted_net,1,20D,all,0,110,0.4636363636363636,0.46788990825688076,0.37691328555456316,0.5610527769799256,0.010273614662951276,-0.01725012544181309,0.16087852142264378,-0.11991028779034225,1.34165737058302,1.1597377271141358,0.0019428436423620014,-0.00977677292161161,1.030776475716676
position_policy,non_overlapping_same_ticker,all,weighted_net,1,5D,all,0,176,0.42045454545454547,0.4161849710982659,0.3453326314865663,0.490678673818237,-0.005594371484660004,-0.01211172218353912,0.08344405590643053,-0.07019087763113745,1.1888162496690855,0.8624745340736503,-0.004273474305338669,-0.010051738861149628,0.8802837371606951
position_policy,non_overlapping_same_ticker,all,weighted_net,1,60D,all,0,44,0.5909090909090909,0.5454545454545454,0.40066183198961974,0.6829476585777909,0.19171572526417344,0.07204426347047777,0.42814974946273016,-0.1498000874670752,2.858140850931304,4.128425673567439,0.15444239143806274,0.03330743784413581,3.2567064569326
position_policy,non_overlapping_same_ticker,all,weighted_net,1,90D,all,0,28,0.6428571428571429,0.5357142857142857,0.358126892344679,0.7046843001720462,0.20853239023572004,0.0828843814903013,0.42795918861111315,-0.1864358468399876,2.2954769475122343,4.131858505522022,0.167730040260715,0.036282886348834364,3.058009357305658
position_policy,non_overlapping_same_ticker,all,weighted_net,3,1D,all,0,505,0.4594059405940594,0.44731610337972166,0.4044265433437805,0.4910042682490219,-0.0023299469740651587,-0.0025836496443494283,0.02542451283185679,-0.025916154574702126,0.9810295257566781,0.8336954211558583,-0.0024296991544121285,-0.001927678406716038,0.8116089163614092
position_policy,non_overlapping_same_ticker,all,weighted_net,3,20D,all,0,212,0.47641509433962265,0.42452830188679247,0.35991828902223477,0.4918247441520205,0.007114780007695914,-0.011103108714175025,0.1647632457241299,-0.13633112122978006,1.2085519743245474,1.0996734180790926,-0.004984926344504624,-0.013774125258013914,0.9317129445536888
position_policy,non_overlapping_same_ticker,all,weighted_net,3,5D,all,0,371,0.5094339622641509,0.4959349593495935,0.4452261710528347,0.5467275134717108,0.005952095817706147,0.0018623725497572963,0.07595009479556819,-0.06673813389007366,1.1380314427231037,1.1818018828278385,0.0033947257295666097,-0.00019585185452553056,1.1105777399431522
position_policy,non_overlapping_same_ticker,all,weighted_net,3,60D,all,0,87,0.5057471264367817,0.45977011494252873,0.358970941640143,0.5639717313323724,0.12364189981646981,0.0022863331428055744,0.39011074590121503,-0.14902389617722295,2.617773094841686,2.6786515389077716,0.0838148028620998,-0.01466058892182387,1.9340442024758226
position_policy,non_overlapping_same_ticker,all,weighted_net,3,90D,all,0,53,0.6226415094339622,0.5660377358490566,0.4326535142760728,0.6904960344024968,0.13631959129997304,0.07264478065106017,0.32864776541477503,-0.1810218959894503,1.8155138836570808,2.9955979080341835,0.10032438337022105,0.02838640841160389,2.2143913099589994
position_policy,non_overlapping_same_ticker,all,weighted_net,30,1D,all,0,516,0.5271317829457365,0.5203883495145631,0.4772499069045537,0.5632248848511634,-0.0015351211938122598,0.0016451579166201213,0.023580245483926583,-0.029654112377099407,0.7951762367413361,0.8900738123195202,-0.0016722842193840066,0.0009430185520962198,0.8732296342812038
position_policy,non_overlapping_same_ticker,all,weighted_net,30,20D,all,0,345,0.4985507246376812,0.4608695652173913,0.4089904715926387,0.5136104712790108,-0.006445616788828709,-0.00022857142857146684,0.12786186613264672,-0.1399767558783881,0.913450703513469,0.908170641643449,-0.01681379857818326,-0.01093312291025228,0.7677691694848888
position_policy,non_overlapping_same_ticker,all,weighted_net,30,5D,all,0,443,0.4762979683972912,0.4683257918552036,0.4222793763810343,0.5149180299031112,0.002856591917292537,-0.0034285714285713365,0.07830910987486323,-0.06576617225963596,1.19072020134773,1.0829394934671164,0.00018869221837859712,-0.0048511620217694396,1.0055852986539626
position_policy,non_overlapping_same_ticker,all,weighted_net,30,60D,all,0,168,0.5238095238095238,0.4166666666666667,0.34479424061158126,0.49226487078006353,0.03216434081518242,0.009376698753442936,0.2660774577867148,-0.22514008785350317,1.1818306562971996,1.3000137219269194,-0.010117258433146861,-0.048089944064013734,0.9191622539372235
position_policy,non_overlapping_same_ticker,all,weighted_net,30,90D,all,0,100,0.51,0.44,0.34672026630160796,0.5377189534832302,0.007817643973702078,0.005439604847644275,0.29958275644864235,-0.2958562486022562,1.0125956705798567,1.0539261061137284,-0.023610440937911786,-0.03593732248859438,0.853351155445196
position_policy,non_overlapping_same_ticker,all,weighted_net,7,1D,all,0,597,0.474036850921273,0.4546979865771812,0.4151387392211008,0.4948374733165162,-0.002314448580143056,-0.0018384825792565618,0.024860557198551864,-0.02689221562151943,0.9244518022776148,0.8358461982254471,-0.0026324851580023434,-0.0015410999497555422,0.8030363921214441
position_policy,non_overlapping_same_ticker,all,weighted_net,7,20D,all,0,299,0.5351170568561873,0.4983277591973244,0.44203605304510185,0.5546618891590662,0.021224419945150754,0.014175814677154452,0.15193266558595667,-0.12923111460541722,1.1756662940643539,1.3532849428078895,0.009593169039823412,-1.2878687169259884e-05,1.1564357000448187
position_policy,non_overlapping_same_ticker,all,weighted_net,7,5D,all,0,481,0.5114345114345115,0.49583333333333335,0.4513160158421171,0.5404168133169436,0.009192484218124632,0.0014703037337975289,0.08118392086754611,-0.06616876435956763,1.2269221233509007,1.2843525206141342,0.005682596784708175,-0.0006392495211988702,1.1816740517699784
position_policy,non_overlapping_same_ticker,all,weighted_net,7,60D,all,0,117,0.5213675213675214,0.41025641025641024,0.32536293772432145,0.5008556448305281,0.07762923039373534,0.0077313894411308315,0.3196351192186028,-0.18598432707620957,1.718613198453158,1.8720608054579044,0.04249501503719539,-0.02239275172076427,1.4194978636009914
position_policy,non_overlapping_same_ticker,all,weighted_net,7,90D,all,0,74,0.5675675675675675,0.5135135135135135,0.40181114568899073,0.6238821035165123,0.048076492723983316,0.04387867794525768,0.3172823152722717,-0.3052561493706452,1.0393969652255037,1.3642085168584737,0.013243362535139035,0.007786318961000349,1.0917100009084824
position_policy,non_overlapping_same_ticker,all,weighted_net,90,1D,all,0,464,0.5258620689655172,0.5172413793103449,0.47181917468220513,0.5623804450785828,0.002489224262185122,0.0016363019371794518,0.026348707556409296,-0.02430453726317959,1.084106530031598,1.2189953609571884,0.002286542482064476,0.0010846745224536436,1.2057862811838322
position_policy,non_overlapping_same_ticker,all,weighted_net,90,20D,all,0,346,0.5086705202312138,0.5,0.44760589118926947,0.5523941088107305,0.0007953028652571385,0.004266240388699161,0.1294245510169535,-0.1323738011035579,0.9777202885917194,1.0122280634831917,-0.008908968111521153,-0.00015329655948148613,0.8677837383349847
position_policy,non_overlapping_same_ticker,all,weighted_net,90,5D,all,0,411,0.5328467153284672,0.537712895377129,0.48938484355594786,0.5853424994828276,0.005470338023443509,0.005588235294117672,0.07356514257728125,-0.07220029842077767,1.0189035805440771,1.1621868965580882,0.0032014915008001525,0.003449078734692912,1.0969755949606272
position_policy,non_overlapping_same_ticker,all,weighted_net,90,60D,all,0,206,0.529126213592233,0.45145631067961167,0.38500797827613664,0.5196819714011115,0.02509282002770794,0.01246321951898921,0.24164737033340725,-0.21825198392405726,1.1071943814150649,1.244166882208681,-0.012693090193394213,-0.029120746948786747,0.8961553742827121
position_policy,non_overlapping_same_ticker,all,weighted_net,90,90D,all,0,137,0.5255474452554745,0.48905109489051096,0.406793178139353,0.5719062756640947,0.023500068457307448,0.035504922021900365,0.33228420467773623,-0.3185377439714752,1.0431548881299668,1.1554946453131938,-0.011330123235165789,-0.023209129445495025,0.9321658562771409
signal_month,2025-08,all,author_net,1,1D,all,0,2,0.0,0.0,0.0,0.6576197724933469,-0.008821960748373436,-0.008821960748373436,,-0.008821960748373436,,,-0.011417597606416752,-0.011417597606416752,
signal_month,2025-08,all,author_net,1,20D,all,0,2,0.5,0.5,0.09453120573423074,0.9054687942657693,0.09461932781080118,0.09461932781080118,0.20654868769770007,-0.017310032076097714,11.932311089296569,11.932311089296569,0.07791764064684359,0.07791764064684359,5.581811351369775
signal_month,2025-08,all,author_net,1,5D,all,0,2,0.0,0.0,0.0,0.6576197724933469,-0.0429689071942585,-0.0429689071942585,,-0.0429689071942585,,,-0.045873548440164225,-0.045873548440164225,
signal_month,2025-08,all,author_net,1,60D,all,0,2,0.5,0.5,0.09453120573423074,0.9054687942657693,0.06265236291436499,0.06265236291436499,0.12630019093214773,-0.0009954651034177475,126.87555846861844,126.87555846861844,0.054479196855407086,0.054479196855407086,12.883823417167799
signal_month,2025-08,all,author_net,1,90D,all,0,2,1.0,0.5,0.09453120573423074,0.9054687942657693,0.1346627798961344,0.1346627798961344,0.1346627798961344,,,,0.06580115206101933,0.06580115206101933,4.945302778366761
signal_month,2025-08,all,author_net,3,1D,all,0,2,0.0,0.0,0.0,0.6576197724933469,-0.005121797848457066,-0.005121797848457066,,-0.005121797848457066,,,-0.008017580811974512,-0.008017580811974512,
signal_month,2025-08,all,author_net,3,20D,all,0,2,0.5,0.5,0.09453120573423074,0.9054687942657693,0.12041528003514546,0.12041528003514546,0.2581405921463886,-0.017310032076097714,14.91277376099366,14.91277376099366,0.099241934630246,0.099241934630246,6.835749373902254
signal_month,2025-08,all,author_net,3,5D,all,0,2,0.0,0.0,0.0,0.6576197724933469,-0.05068849278784204,-0.05068849278784204,,-0.05068849278784204,,,-0.05149697333136205,-0.05149697333136205,
signal_month,2025-08,all,author_net,3,60D,all,0,2,0.5,0.5,0.09453120573423074,0.9054687942657693,0.07344953118642833,0.07344953118642833,0.1478945274762744,-0.0009954651034177475,148.5682692125576,148.5682692125576,0.055353608597242976,0.055353608597242976,13.074563283642986
signal_month,2025-08,all,author_net,3,90D,all,0,2,1.0,0.5,0.09453120573423074,0.9054687942657693,0.15943854386598233,0.15943854386598233,0.15943854386598233,,,,0.09153580292731,0.09153580292731,6.488299920254528
signal_month,2025-08,all,author_net,30,1D,all,0,2,0.0,0.0,0.0,0.6576197724933469,-0.005121797848457066,-0.005121797848457066,,-0.005121797848457066,,,-0.008017580811974512,-0.008017580811974512,
signal_month,2025-08,all,author_net,30,20D,all,0,2,0.5,0.5,0.09453120573423074,0.9054687942657693,0.12041528003514546,0.12041528003514546,0.2581405921463886,-0.017310032076097714,14.91277376099366,14.91277376099366,0.099241934630246,0.099241934630246,6.835749373902254
signal_month,2025-08,all,author_net,30,5D,all,0,2,0.0,0.0,0.0,0.6576197724933469,-0.05068849278784204,-0.05068849278784204,,-0.05068849278784204,,,-0.05149697333136205,-0.05149697333136205,
signal_month,2025-08,all,author_net,30,60D,all,0,2,0.5,0.5,0.09453120573423074,0.9054687942657693,0.07344953118642833,0.07344953118642833,0.1478945274762744,-0.0009954651034177475,148.5682692125576,148.5682692125576,0.055353608597242976,0.055353608597242976,13.074563283642986
signal_month,2025-08,all,author_net,30,90D,all,0,2,1.0,0.5,0.09453120573423074,0.9054687942657693,0.15943854386598233,0.15943854386598233,0.15943854386598233,,,,0.09153580292731,0.09153580292731,6.488299920254528
signal_month,2025-08,all,author_net,7,1D,all,0,2,0.0,0.0,0.0,0.6576197724933469,-0.005121797848457066,-0.005121797848457066,,-0.005121797848457066,,,-0.008017580811974512,-0.008017580811974512,
signal_month,2025-08,all,author_net,7,20D,all,0,2,0.5,0.5,0.09453120573423074,0.9054687942657693,0.12041528003514546,0.12041528003514546,0.2581405921463886,-0.017310032076097714,14.91277376099366,14.91277376099366,0.099241934630246,0.099241934630246,6.835749373902254
signal_month,2025-08,all,author_net,7,5D,all,0,2,0.0,0.0,0.0,0.6576197724933469,-0.05068849278784204,-0.05068849278784204,,-0.05068849278784204,,,-0.05149697333136205,-0.05149697333136205,
signal_month,2025-08,all,author_net,7,60D,all,0,2,0.5,0.5,0.09453120573423074,0.9054687942657693,0.07344953118642833,0.07344953118642833,0.1478945274762744,-0.0009954651034177475,148.5682692125576,148.5682692125576,0.055353608597242976,0.055353608597242976,13.074563283642986
signal_month,2025-08,all,author_net,7,90D,all,0,2,1.0,0.5,0.09453120573423074,0.9054687942657693,0.15943854386598233,0.15943854386598233,0.15943854386598233,,,,0.09153580292731,0.09153580292731,6.488299920254528
signal_month,2025-08,all,author_net,90,1D,all,0,2,0.0,0.0,0.0,0.6576197724933469,-0.005121797848457066,-0.005121797848457066,,-0.005121797848457066,,,-0.008017580811974512,-0.008017580811974512,
signal_month,2025-08,all,author_net,90,20D,all,0,2,0.5,0.5,0.09453120573423074,0.9054687942657693,0.12041528003514546,0.12041528003514546,0.2581405921463886,-0.017310032076097714,14.91277376099366,14.91277376099366,0.099241934630246,0.099241934630246,6.835749373902254
signal_month,2025-08,all,author_net,90,5D,all,0,2,0.0,0.0,0.0,0.6576197724933469,-0.05068849278784204,-0.05068849278784204,,-0.05068849278784204,,,-0.05149697333136205,-0.05149697333136205,
signal_month,2025-08,all,author_net,90,60D,all,0,2,0.5,0.5,0.09453120573423074,0.9054687942657693,0.07344953118642833,0.07344953118642833,0.1478945274762744,-0.0009954651034177475,148.5682692125576,148.5682692125576,0.055353608597242976,0.055353608597242976,13.074563283642986
signal_month,2025-08,all,author_net,90,90D,all,0,2,1.0,0.5,0.09453120573423074,0.9054687942657693,0.15943854386598233,0.15943854386598233,0.15943854386598233,,,,0.09153580292731,0.09153580292731,6.488299920254528
signal_month,2025-08,all,weighted_net,1,1D,all,0,2,0.0,0.0,0.0,0.6576197724933469,-0.008821960748373436,-0.008821960748373436,,-0.008821960748373436,,,-0.011417597606416752,-0.011417597606416752,
signal_month,2025-08,all,weighted_net,1,20D,all,0,2,0.5,0.5,0.09453120573423074,0.9054687942657693,0.09461932781080118,0.09461932781080118,0.20654868769770007,-0.017310032076097714,11.932311089296569,11.932311089296569,0.07791764064684359,0.07791764064684359,5.581811351369775
signal_month,2025-08,all,weighted_net,1,5D,all,0,2,0.0,0.0,0.0,0.6576197724933469,-0.0429689071942585,-0.0429689071942585,,-0.0429689071942585,,,-0.045873548440164225,-0.045873548440164225,
signal_month,2025-08,all,weighted_net,1,60D,all,0,2,0.5,0.5,0.09453120573423074,0.9054687942657693,0.06265236291436499,0.06265236291436499,0.12630019093214773,-0.0009954651034177475,126.87555846861844,126.87555846861844,0.054479196855407086,0.054479196855407086,12.883823417167799
signal_month,2025-08,all,weighted_net,1,90D,all,0,2,1.0,0.5,0.09453120573423074,0.9054687942657693,0.1346627798961344,0.1346627798961344,0.1346627798961344,,,,0.06580115206101933,0.06580115206101933,4.945302778366761
signal_month,2025-08,all,weighted_net,3,1D,all,0,2,0.0,0.0,0.0,0.6576197724933469,-0.005121797848457066,-0.005121797848457066,,-0.005121797848457066,,,-0.008017580811974512,-0.008017580811974512,
signal_month,2025-08,all,weighted_net,3,20D,all,0,2,0.5,0.5,0.09453120573423074,0.9054687942657693,0.12041528003514546,0.12041528003514546,0.2581405921463886,-0.017310032076097714,14.91277376099366,14.91277376099366,0.099241934630246,0.099241934630246,6.835749373902254
signal_month,2025-08,all,weighted_net,3,5D,all,0,2,0.0,0.0,0.0,0.6576197724933469,-0.05068849278784204,-0.05068849278784204,,-0.05068849278784204,,,-0.05149697333136205,-0.05149697333136205,
signal_month,2025-08,all,weighted_net,3,60D,all,0,2,0.5,0.5,0.09453120573423074,0.9054687942657693,0.07344953118642833,0.07344953118642833,0.1478945274762744,-0.0009954651034177475,148.5682692125576,148.5682692125576,0.055353608597242976,0.055353608597242976,13.074563283642986
signal_month,2025-08,all,weighted_net,3,90D,all,0,2,1.0,0.5,0.09453120573423074,0.9054687942657693,0.15943854386598233,0.15943854386598233,0.15943854386598233,,,,0.09153580292731,0.09153580292731,6.488299920254528
signal_month,2025-08,all,weighted_net,30,1D,all,0,2,0.0,0.0,0.0,0.6576197724933469,-0.005121797848457066,-0.005121797848457066,,-0.005121797848457066,,,-0.008017580811974512,-0.008017580811974512,
signal_month,2025-08,all,weighted_net,30,20D,all,0,2,0.5,0.5,0.09453120573423074,0.9054687942657693,0.12041528003514546,0.12041528003514546,0.2581405921463886,-0.017310032076097714,14.91277376099366,14.91277376099366,0.099241934630246,0.099241934630246,6.835749373902254
signal_month,2025-08,all,weighted_net,30,5D,all,0,2,0.0,0.0,0.0,0.6576197724933469,-0.05068849278784204,-0.05068849278784204,,-0.05068849278784204,,,-0.05149697333136205,-0.05149697333136205,
signal_month,2025-08,all,weighted_net,30,60D,all,0,2,0.5,0.5,0.09453120573423074,0.9054687942657693,0.07344953118642833,0.07344953118642833,0.1478945274762744,-0.0009954651034177475,148.5682692125576,148.5682692125576,0.055353608597242976,0.055353608597242976,13.074563283642986
signal_month,2025-08,all,weighted_net,30,90D,all,0,2,1.0,0.5,0.09453120573423074,0.9054687942657693,0.15943854386598233,0.15943854386598233,0.15943854386598233,,,,0.09153580292731,0.09153580292731,6.488299920254528
signal_month,2025-08,all,weighted_net,7,1D,all,0,2,0.0,0.0,0.0,0.6576197724933469,-0.005121797848457066,-0.005121797848457066,,-0.005121797848457066,,,-0.008017580811974512,-0.008017580811974512,
signal_month,2025-08,all,weighted_net,7,20D,all,0,2,0.5,0.5,0.09453120573423074,0.9054687942657693,0.12041528003514546,0.12041528003514546,0.2581405921463886,-0.017310032076097714,14.91277376099366,14.91277376099366,0.099241934630246,0.099241934630246,6.835749373902254
signal_month,2025-08,all,weighted_net,7,5D,all,0,2,0.0,0.0,0.0,0.6576197724933469,-0.05068849278784204,-0.05068849278784204,,-0.05068849278784204,,,-0.05149697333136205,-0.05149697333136205,
signal_month,2025-08,all,weighted_net,7,60D,all,0,2,0.5,0.5,0.09453120573423074,0.9054687942657693,0.07344953118642833,0.07344953118642833,0.1478945274762744,-0.0009954651034177475,148.5682692125576,148.5682692125576,0.055353608597242976,0.055353608597242976,13.074563283642986
signal_month,2025-08,all,weighted_net,7,90D,all,0,2,1.0,0.5,0.09453120573423074,0.9054687942657693,0.15943854386598233,0.15943854386598233,0.15943854386598233,,,,0.09153580292731,0.09153580292731,6.488299920254528
signal_month,2025-08,all,weighted_net,90,1D,all,0,2,0.0,0.0,0.0,0.6576197724933469,-0.005121797848457066,-0.005121797848457066,,-0.005121797848457066,,,-0.008017580811974512,-0.008017580811974512,
signal_month,2025-08,all,weighted_net,90,20D,all,0,2,0.5,0.5,0.09453120573423074,0.9054687942657693,0.12041528003514546,0.12041528003514546,0.2581405921463886,-0.017310032076097714,14.91277376099366,14.91277376099366,0.099241934630246,0.099241934630246,6.835749373902254
signal_month,2025-08,all,weighted_net,90,5D,all,0,2,0.0,0.0,0.0,0.6576197724933469,-0.05068849278784204,-0.05068849278784204,,-0.05068849278784204,,,-0.05149697333136205,-0.05149697333136205,
signal_month,2025-08,all,weighted_net,90,60D,all,0,2,0.5,0.5,0.09453120573423074,0.9054687942657693,0.07344953118642833,0.07344953118642833,0.1478945274762744,-0.0009954651034177475,148.5682692125576,148.5682692125576,0.055353608597242976,0.055353608597242976,13.074563283642986
signal_month,2025-08,all,weighted_net,90,90D,all,0,2,1.0,0.5,0.09453120573423074,0.9054687942657693,0.15943854386598233,0.15943854386598233,0.15943854386598233,,,,0.09153580292731,0.09153580292731,6.488299920254528
signal_month,2025-09,all,author_net,1,1D,all,0,6,0.6666666666666666,0.6666666666666666,0.299993315138392,0.9032285888942195,0.004933775946215431,0.01399319815014044,0.0167862516705502,-0.018771175502454107,0.8942568177659198,1.7885136355318396,0.00307814301132033,0.007006020635215826,1.683697696794272
signal_month,2025-09,all,author_net,1,20D,all,0,6,1.0,1.0,0.6096657120978346,1.0,0.1379716484265728,0.04865313806426064,0.1379716484265728,,,,0.11727427524063709,0.0336114000743295,
signal_month,2025-09,all,author_net,1,5D,all,0,6,0.6666666666666666,0.5,0.1876163064826506,0.8123836935173494,0.06123219451793636,0.006129045562653701,0.09353003405935212,-0.0033634845648951583,27.807481275677418,55.614962551354836,0.056912996703011774,0.0055211140870076725,23.139957285000214
signal_month,2025-09,all,author_net,1,60D,all,0,6,1.0,0.8333333333333334,0.43649717781352987,0.9699466302516935,0.11436456140003042,0.07361253159233394,0.11436456140003042,,,,0.08234008088180356,0.04819616622135148,22.6327782061752
signal_month,2025-09,all,author_net,1,90D,all,0,6,0.6666666666666666,0.3333333333333333,0.09677141110578041,0.700006684861608,0.038704386020955016,0.020000620275607006,0.11639758597753402,-0.11668201389220301,0.9975623671105663,1.9951247342211327,-0.00412084560360404,-0.022142084088009883,0.9316861620435566
signal_month,2025-09,all,author_net,3,1D,all,0,9,0.6666666666666666,0.6666666666666666,0.3542021355803963,0.879416181613089,0.003147690954397042,0.00987639718493094,0.01404484894433474,-0.018646625025478352,0.7532113143876791,1.5064226287753582,0.0011516114032053733,0.0028350447177716287,1.2290825423696567
signal_month,2025-09,all,author_net,3,20D,all,0,9,0.8888888888888888,0.7777777777777778,0.45258896910698887,0.9367748928821533,0.10184013010386729,0.04566512243547316,0.1187253504016971,-0.033241632278771194,3.5715860582910546,28.572688466328437,0.08209149133110016,0.018005977010847607,28.141024209033628
signal_month,2025-09,all,author_net,3,5D,all,0,9,0.6666666666666666,0.5555555555555556,0.26665129349549305,0.8112214789023355,0.041338246458666794,0.007570246430844696,0.07531712971184805,-0.026619520047695706,2.8293947290145756,5.65878945802915,0.036734595404969136,0.012129881660026487,5.555061527996211
signal_month,2025-09,all,author_net,3,60D,all,0,9,1.0,0.8888888888888888,0.5650002944233439,0.9801091123614551,0.0956709615509602,0.07321934538348818,0.0956709615509602,,,,0.06768077739841859,0.041396529175845354,27.672124266853796
signal_month,2025-09,all,author_net,3,90D,all,0,9,0.5555555555555556,0.4444444444444444,0.18877852109766452,0.733348706504507,0.026220080843065447,0.014088910600879467,0.11436119374506468,-0.0839563102844336,1.3621512588824247,1.702689073603031,-0.00904457402226729,-0.020501108534518586,0.8277509884286407
signal_month,2025-09,all,author_net,30,1D,all,0,17,0.6470588235294118,0.5294117647058824,0.30963235060004424,0.7383489355759056,-0.0022972740265903993,0.004698627119888332,0.010856402429951702,-0.02641234753025092,0.41103511974910645,0.7535643862066952,-0.003386869524664258,0.0028350447177716287,0.6084752355284835
signal_month,2025-09,all,author_net,30,20D,all,0,17,0.6470588235294118,0.6470588235294118,0.41300363485218694,0.8269027960275627,0.05409700274915132,0.034363088126528885,0.1189485445233735,-0.06479749050358934,1.8356967777445727,3.365444092531717,0.03556795590888841,0.015909394655918563,2.2318060441080028
signal_month,2025-09,all,author_net,30,5D,all,0,17,0.6470588235294118,0.5882352941176471,0.3600544264299978,0.7838894320978518,0.03253546233720713,0.01092336576207531,0.07709256527681269,-0.04915255971873639,1.5684343952371191,2.8754630579347182,0.02692558220408347,0.008064367626412716,2.4723849318835014
signal_month,2025-09,all,author_net,30,60D,all,0,17,0.6470588235294118,0.5882352941176471,0.3600544264299978,0.7838894320978518,-0.046714982493660406,0.039570208712798705,0.10917771241388653,-0.3325182564908298,0.3283359944385413,0.6019493231373256,-0.07771145697570701,0.022131703360963373,0.3995770204184431
signal_month,2025-09,all,author_net,30,90D,all,0,17,0.5294117647058824,0.47058823529411764,0.26165106442409436,0.6903676493999558,-0.09832750509643133,0.01874906004043919,0.11641650139377016,-0.33991451239790804,0.3424875877540986,0.3852985362233609,-0.13829039944607863,-0.020501108534518586,0.22014668662965994
signal_month,2025-09,all,author_net,7,1D,all,0,11,0.6363636363636364,0.5454545454545454,0.280091537409322,0.7872872837754024,0.00251961553434412,0.008239535054807678,0.01229552858153655,-0.014588232298242632,0.8428388258540226,1.4749679452445394,0.0003646925906095812,0.00027777562660658006,1.077461676561008
signal_month,2025-09,all,author_net,7,20D,all,0,11,0.8181818181818182,0.8181818181818182,0.523019438039156,0.9486323102539149,0.0877712415036073,0.051641153693048114,0.11189315457228156,-0.020777367305426897,5.385338427504041,24.234022923768187,0.06812258732239802,0.018712566325055136,12.971854867852569
signal_month,2025-09,all,author_net,7,5D,all,0,11,0.6363636363636364,0.45454545454545453,0.21271271622459764,0.719908462590678,0.028496189589093734,0.005646173149310041,0.06364991606977378,-0.03302283175209636,1.9274517869211247,3.373040627111968,0.023175898685631413,-0.001087653486011142,2.7846582622252436
signal_month,2025-09,all,author_net,7,60D,all,0,11,0.9090909090909091,0.8181818181818182,0.523019438039156,0.9486323102539149,0.043966525201592006,0.07321934538348818,0.09034066613490503,-0.4197748841315383,0.21521217573988155,2.1521217573988154,0.014370975254761931,0.032566095202902545,1.326854381661532
signal_month,2025-09,all,author_net,7,90D,all,0,11,0.6363636363636364,0.5454545454545454,0.280091537409322,0.7872872837754024,0.010512150401257102,0.025912329950334545,0.09991248174619545,-0.145938429452385,0.6846207823470765,1.1980863691073838,-0.02637534651518666,0.008841998673699836,0.5973268098901964
signal_month,2025-09,all,author_net,90,1D,all,0,19,0.631578947368421,0.5263157894736842,0.3170780924511316,0.7267019483882042,-0.00178535128566973,0.004698627119888332,0.010858699685690401,-0.023460867236572813,0.4628430644184768,0.7934452532888173,-0.0035631546008899674,0.0028350447177716287,0.5789060484209282
signal_month,2025-09,all,author_net,90,20D,all,0,19,0.6842105263157895,0.6842105263157895,0.46010407675327475,0.8463562091220773,0.05410561154620455,0.04151131685816867,0.10898396633841712,-0.06479749050358934,1.6819164676196858,3.6441523465093195,0.033668396423202206,0.015909394655918563,2.3031983917994485
signal_month,2025-09,all,author_net,90,5D,all,0,19,0.631578947368421,0.5789473684210527,0.3627590353425504,0.7685810871754576,0.030647904854790707,0.01092336576207531,0.0740734986473366,-0.043795970218145124,1.6913313777130843,2.8994252189367162,0.024520093787987626,0.008064367626412716,2.405339283664109
signal_month,2025-09,all,author_net,90,60D,all,0,19,0.631578947368421,0.5789473684210527,0.3627590353425504,0.7685810871754576,-0.0251227747782966,0.039570208712798705,0.13271156409332788,-0.29569592712965287,0.4488109301388458,0.7693901659523071,-0.057895729417489154,0.022131703360963373,0.5250484982692264
signal_month,2025-09,all,author_net,90,90D,all,0,19,0.5263157894736842,0.47368421052631576,0.2732980516117956,0.6829219075488682,-0.06774993714342274,0.01874906004043919,0.14934264252549306,-0.30896391455332917,0.4833659708817405,0.5370733009797116,-0.11009310092137764,-0.020501108534518586,0.3300682065808936
signal_month,2025-09,all,weighted_net,1,1D,all,0,6,0.6666666666666666,0.6666666666666666,0.299993315138392,0.9032285888942195,0.004933775946215431,0.01399319815014044,0.0167862516705502,-0.018771175502454107,0.8942568177659198,1.7885136355318396,0.00307814301132033,0.007006020635215826,1.683697696794272
signal_month,2025-09,all,weighted_net,1,20D,all,0,6,1.0,1.0,0.6096657120978346,1.0,0.1379716484265728,0.04865313806426064,0.1379716484265728,,,,0.11727427524063709,0.0336114000743295,
signal_month,2025-09,all,weighted_net,1,5D,all,0,6,0.6666666666666666,0.5,0.1876163064826506,0.8123836935173494,0.06123219451793636,0.006129045562653701,0.09353003405935212,-0.0033634845648951583,27.807481275677418,55.614962551354836,0.056912996703011774,0.0055211140870076725,23.139957285000214
signal_month,2025-09,all,weighted_net,1,60D,all,0,6,1.0,0.8333333333333334,0.43649717781352987,0.9699466302516935,0.11436456140003042,0.07361253159233394,0.11436456140003042,,,,0.08234008088180356,0.04819616622135148,22.6327782061752
signal_month,2025-09,all,weighted_net,1,90D,all,0,6,0.6666666666666666,0.3333333333333333,0.09677141110578041,0.700006684861608,0.038704386020955016,0.020000620275607006,0.11639758597753402,-0.11668201389220301,0.9975623671105663,1.9951247342211327,-0.00412084560360404,-0.022142084088009883,0.9316861620435566
signal_month,2025-09,all,weighted_net,3,1D,all,0,10,0.7,0.6,0.31267376973365824,0.8318196702937638,0.0029778318939772674,0.008562043491903815,0.012245456288029675,-0.018646625025478352,0.6567116714846651,1.5323272334642188,0.00097179745216458,0.0025901280626322576,1.2117664512306092
signal_month,2025-09,all,weighted_net,3,20D,all,0,10,0.9,0.8,0.49016247153664183,0.9433178485456247,0.09649335207200285,0.047018736110348014,0.11090835033319996,-0.033241632278771194,3.3364291320925408,30.027862188832867,0.07523097215624956,0.01574613829672089,28.636449736395193
signal_month,2025-09,all,weighted_net,3,5D,all,0,10,0.7,0.6,0.31267376973365824,0.8318196702937638,0.03927629028969214,0.014144465599882472,0.06751735186285836,-0.026619520047695706,2.5363850190342907,5.918231711080011,0.033293165828027736,0.0072250906477908106,5.587029902121851
signal_month,2025-09,all,weighted_net,3,60D,all,0,10,1.0,0.9,0.5958499732047615,0.9821237869049271,0.09340629608918971,0.07318782633773147,0.09340629608918971,,,,0.06319794928035811,0.03575441946266078,28.67277704098103
signal_month,2025-09,all,weighted_net,3,90D,all,0,10,0.6,0.5,0.236593090512564,0.7634069094874361,0.03086255082386492,0.020000620275607006,0.10740845822939726,-0.0839563102844336,1.2793375252617782,1.9190062878926675,-0.007543127036682551,-0.007265606350469245,0.8403835919221398
signal_month,2025-09,all,weighted_net,30,1D,all,0,8,0.625,0.375,0.13684428582359742,0.6942576053973727,-0.007302941302094884,0.0027799944672889376,0.009468982857393771,-0.03525614823457598,0.26857678253427203,0.44762797089045336,-0.008804609100160093,-0.0004251896893490148,0.30255097625374083
signal_month,2025-09,all,weighted_net,30,20D,all,0,8,0.375,0.375,0.13684428582359742,0.6942576053973727,-0.025746686223515808,-0.006762288866948685,0.04985660698487945,-0.07110866214855296,0.7011326817079487,0.42067960902476925,-0.04924459671022416,-0.04041591745518586,0.16642913282428598
signal_month,2025-09,all,weighted_net,30,5D,all,0,8,0.5,0.375,0.13684428582359742,0.6942576053973727,0.015621635668155817,-0.004584368485883672,0.08641929305744267,-0.055176021721131036,1.5662472639694907,1.5662472639694907,0.0074154331110978106,-0.015617091930269111,1.2434575396142549
signal_month,2025-09,all,weighted_net,30,60D,all,0,8,0.375,0.375,0.13684428582359742,0.6942576053973727,-0.2080623802778846,-0.30130842892553533,0.10878118565703043,-0.39816851983883356,0.2732038828711565,0.16392232972269388,-0.24225340085979308,-0.33279057334477835,0.09599904397160205
signal_month,2025-09,all,weighted_net,30,90D,all,0,8,0.25,0.25,0.071479212752109,0.5907245696898311,-0.31821839409052055,-0.3946894462461465,0.05922741825849098,-0.44403366487352436,0.13338497268075594,0.04446165756025198,-0.3627317372503825,-0.4364585621407357,0.0033701720866268674
signal_month,2025-09,all,weighted_net,7,1D,all,0,14,0.5714285714285714,0.35714285714285715,0.1634473175355414,0.612355768960926,-0.0007698983002382856,0.0007806763467335109,0.008805057576239339,-0.013536506135541785,0.6504675200582639,0.867290026744352,-0.0033944987900554812,-0.0010942659160620427,0.43365091585263676
signal_month,2025-09,all,weighted_net,7,20D,all,0,14,0.7142857142857143,0.6428571428571429,0.38764423103907397,0.8365526824644587,0.08638271261502525,0.03662388862001742,0.12976178911353947,-0.02206497863126028,5.880893486554349,14.702233716385871,0.06430406661947782,0.01574613829672089,8.388143873952185
signal_month,2025-09,all,weighted_net,7,5D,all,0,14,0.5714285714285714,0.5,0.26799202452413634,0.7320079754758637,0.03381621588282146,0.004359571098065507,0.07985684282227984,-0.02757128670312305,2.8963770781591527,3.8618361042122036,0.026154673782712516,-0.00014715330861125864,3.002816912857037
signal_month,2025-09,all,weighted_net,7,60D,all,0,14,0.8571428571428571,0.7142857142857143,0.4535091567010681,0.8827862135542308,0.04838271930433192,0.073090307112615,0.09337403771260187,-0.22156519114528778,0.4214291840245491,2.5285751041472944,0.015538480160595931,0.026548403163004775,1.4018394844313586
signal_month,2025-09,all,weighted_net,7,90D,all,0,14,0.6428571428571429,0.5714285714285714,0.3259064457965074,0.7861920109552588,0.022726934602111417,0.03812514887361207,0.11209199593818248,-0.1381301758028165,0.811495354195422,1.4606916375517596,-0.017278073235272536,0.009217946694044521,0.7154016974706005
signal_month,2025-09,all,weighted_net,90,1D,all,0,11,0.5454545454545454,0.36363636363636365,0.15166471095367573,0.6461988254921511,-0.008681127372118347,0.001449100350199295,0.00970481396429749,-0.03074425697581735,0.31566266089731976,0.3787951930767837,-0.01068148219691447,-0.0006465281072025597,0.2251739236278071
signal_month,2025-09,all,weighted_net,90,20D,all,0,11,0.5454545454545454,0.5454545454545454,0.280091537409322,0.7872872837754024,0.012153409241600587,0.04151131685816867,0.08153846873339521,-0.07110866214855296,1.1466742063442756,1.376009047613131,-0.012225320339327257,0.005487371263524832,0.7154576665945681
signal_month,2025-09,all,weighted_net,90,5D,all,0,11,0.5454545454545454,0.45454545454545453,0.21271271622459764,0.719908462590678,0.014502027108693548,0.0030729690468209725,0.06531380304912511,-0.04647210401982434,1.4054410581725152,1.6865292698070184,0.007033805905653682,-0.010020419395397662,1.2927434985227857
signal_month,2025-09,all,weighted_net,90,60D,all,0,11,0.45454545454545453,0.45454545454545453,0.21271271622459764,0.719908462590678,-0.10508214148590737,-0.07476195096259142,0.18194019876235568,-0.34426742502612656,0.5284850832127036,0.4404042360105863,-0.14030921227879506,-0.11579215437951329,0.31696580851350137
signal_month,2025-09,all,weighted_net,90,90D,all,0,11,0.36363636363636365,0.36363636363636365,0.15166471095367573,0.6461988254921511,-0.18862635547921835,-0.24069728461280582,0.16266780269161069,-0.3893658744339778,0.41777621864802944,0.23872926779887396,-0.23581995760271066,-0.282466400507395,0.14089362700351846
signal_month,2025-10,all,author_net,1,1D,all,0,11,0.45454545454545453,0.5454545454545454,0.280091537409322,0.7872872837754024,0.002144082330945712,-0.00477082710081711,0.025101039909947654,-0.016986715651555906,1.4776864712896112,1.2314053927413426,0.0074047416555046534,0.0008065968859157779,2.7581464805307476
signal_month,2025-10,all,author_net,1,20D,all,0,11,0.36363636363636365,0.36363636363636365,0.15166471095367573,0.6461988254921511,-0.05412360833573077,-0.03811904761904761,0.05893321844588892,-0.11872750935379917,0.4963737449445882,0.28364213996833615,-0.05266496975780226,-0.029901960868164545,0.22915567011953852
signal_month,2025-10,all,author_net,1,5D,all,0,11,0.2727272727272727,0.2727272727272727,0.09746059290024889,0.5656453011761291,-0.025131781651116958,-0.01784487103129162,0.038174324962073215,-0.048871571631063274,0.7811151491148122,0.2929181809180546,-0.017677761164690945,-0.004570825013655799,0.34426493743320424
signal_month,2025-10,all,author_net,1,60D,all,0,11,0.2727272727272727,0.18181818181818182,0.05136768974608513,0.4769805619608442,-0.04509557076383481,-0.008943332651036973,0.038373783312740474,-0.07639657854255054,0.502297145301703,0.18836142948813864,-0.061233977231293875,-0.03748090214591637,0.09512921998012837
signal_month,2025-10,all,author_net,1,90D,all,0,11,0.18181818181818182,0.09090909090909091,0.016232172885884855,0.37735843645159567,-0.1096666922595877,-0.09320009748964175,0.055752309340631134,-0.14642647039296966,0.38075294167104334,0.08461176481578742,-0.10765150624481899,-0.08213122777184689,0.0775510053603633
signal_month,2025-10,all,author_net,3,1D,all,0,30,0.5,0.5,0.33154125640533766,0.6684587435946623,-0.005249562772539666,-0.001114856162909128,0.013210166381765124,-0.023709291926844456,0.5571725390418821,0.5571725390418821,-0.0048245939850876775,-0.0005748298475277691,0.5163699712118359
signal_month,2025-10,all,author_net,3,20D,all,0,30,0.43333333333333335,0.4666666666666667,0.30232388907699753,0.638577003801267,-0.03944484387548709,-0.014379245966918808,0.06987254914514546,-0.12304049736185316,0.5678825317135656,0.43426311248684424,-0.04259391316083073,-0.010604525572007695,0.3657368784748223
signal_month,2025-10,all,author_net,3,5D,all,0,30,0.5,0.5,0.33154125640533766,0.6684587435946623,-0.023144295138037507,0.00013567580678963687,0.019647389290021397,-0.06593597956609641,0.2979767559277132,0.2979767559277132,-0.02072909638776438,0.0006914349802957243,0.3318844666795144
signal_month,2025-10,all,author_net,3,60D,all,0,30,0.5,0.36666666666666664,0.21873920806100708,0.5448643634520511,-0.0028583500752156986,-0.00374675626806259,0.09674807480082626,-0.10246477495125766,0.944208142230822,0.944208142230822,-0.01942417957932955,-0.013690491691449092,0.6804111291899093
signal_month,2025-10,all,author_net,3,90D,all,0,30,0.4,0.3333333333333333,0.19230498083676134,0.5121994835545616,-0.06614548005086304,-0.06337051211184491,0.07921825082383828,-0.16305463396733058,0.48583869649304384,0.3238924643286959,-0.07173294011551944,-0.05709498432315696,0.3076044274872947
signal_month,2025-10,all,author_net,30,1D,all,0,51,0.49019607843137253,0.49019607843137253,0.35857485894370744,0.623190761054303,-0.0033822955461785833,0.0,0.012594131222038785,-0.019494014136243094,0.6460511998205588,0.6460511998205588,-0.0032490293344730387,-0.0009351333069154144,0.6516760654142807
signal_month,2025-10,all,author_net,30,20D,all,0,51,0.3333333333333333,0.3333333333333333,0.21969931853588517,0.47031622143029195,-0.09702454139207389,-0.05198562783661109,0.041351145821419834,-0.16621238499882077,0.24878498567789162,0.12439249283894582,-0.09857886130715343,-0.04557956785291073,0.10054493528456412
signal_month,2025-10,all,author_net,30,5D,all,0,51,0.47058823529411764,0.45098039215686275,0.3226751854937402,0.5861529144963119,-0.03247978176844932,-0.007211005103172852,0.032837302566532035,-0.09053941228843272,0.36268517473828704,0.32238682198958846,-0.03208856105582287,-0.00463622968684918,0.3042321547603128
signal_month,2025-10,all,author_net,30,60D,all,0,51,0.37254901960784315,0.23529411764705882,0.14004948834462844,0.3676222516016529,-0.094667616841331,-0.0755631109222269,0.1329080421957203,-0.22979066439458024,0.5783874751652227,0.343417563379351,-0.11459383514180267,-0.060653712128975856,0.2651904669056065
signal_month,2025-10,all,author_net,30,90D,all,0,51,0.21568627450980393,0.17647058823529413,0.09572403469126317,0.3025414252430807,-0.1950265128310761,-0.1603909902252444,0.17898639070287084,-0.2978800613029115,0.6008673085402021,0.1652385098485556,-0.20512179036356834,-0.14761171651881844,0.1463343202200479
signal_month,2025-10,all,author_net,7,1D,all,0,36,0.5277777777777778,0.5,0.34474325409626827,0.6552567459037317,-0.003253899869828356,0.0006037021096496065,0.013617474502758865,-0.022110141815661132,0.6158926802139861,0.6883506425921022,-0.0031889559502347236,-0.00039002224072282043,0.6660962782263635
signal_month,2025-10,all,author_net,7,20D,all,0,36,0.3888888888888889,0.4166666666666667,0.2714056205144606,0.5779974842512834,-0.04801833506003649,-0.027266970756481046,0.05550547484108852,-0.11389712317893422,0.4873299104656798,0.31011903393270535,-0.05232461046919698,-0.017895358094000613,0.25336114279791566
signal_month,2025-10,all,author_net,7,5D,all,0,36,0.5555555555555556,0.4722222222222222,0.31986041515179053,0.629940619770124,-0.018799320075639732,0.005262840166022742,0.034626852996922766,-0.08558203641634285,0.40460421890954656,0.5057552736369332,-0.019603759379532334,-0.0005129934004470815,0.4707910214250704
signal_month,2025-10,all,author_net,7,60D,all,0,36,0.4722222222222222,0.3611111111111111,0.22475592946515371,0.5242492451444196,-0.034354765978975355,-0.011478692444351568,0.12925157714641863,-0.1807393887753805,0.7151267801787802,0.6398502770020665,-0.05359740362265867,-0.025530534135725036,0.497286197287583
signal_month,2025-10,all,author_net,7,90D,all,0,36,0.3611111111111111,0.3055555555555556,0.1800445159482992,0.4685627285051034,-0.11089966708090974,-0.07958380440718893,0.14337699818390315,-0.25462126049145617,0.5630990825635087,0.318273394492418,-0.12084177578670285,-0.10126527764483684,0.28673545912102477
signal_month,2025-10,all,author_net,90,1D,all,0,43,0.4883720930232558,0.46511627906976744,0.32511057704121815,0.6108435952768602,-0.002815064852793416,0.0,0.01278889395694159,-0.018553074369804298,0.689314002737784,0.689314002737784,-0.0032478513753396695,-0.001372690971192192,0.6293484038246354
signal_month,2025-10,all,author_net,90,20D,all,0,43,0.32558139534883723,0.32558139534883723,0.20493297126568708,0.47483789032470525,-0.08956572387082887,-0.05198562783661109,0.046149179569535966,-0.1550832634627291,0.2975767890042301,0.14365776020893867,-0.08726440382575024,-0.04557956785291073,0.12344278928812497
signal_month,2025-10,all,author_net,90,5D,all,0,43,0.4883720930232558,0.4418604651162791,0.30433309839170514,0.5889238554717591,-0.029503208511727955,-0.0003566333808844302,0.03313459790723032,-0.08929384191164268,0.3710737179392214,0.3542067307601659,-0.029565720455169007,-0.00463622968684918,0.32242429936306105
signal_month,2025-10,all,author_net,90,60D,all,0,43,0.3953488372093023,0.27906976744186046,0.16746613786237488,0.42691028681878873,-0.10267112607662918,-0.07168197257516673,0.1040094382782818,-0.2378084181548402,0.437366511603302,0.2859704114329282,-0.12022910569842103,-0.05310095708228879,0.20882571528195026
signal_month,2025-10,all,author_net,90,90D,all,0,43,0.23255813953488372,0.20930232558139536,0.11422834220995602,0.3520564271073644,-0.19586636461523224,-0.16295375803411982,0.11654999618085489,-0.29053798909889494,0.4011523468663609,0.12156131723223057,-0.20382392153040996,-0.17012343547254916,0.10310111599239606
signal_month,2025-10,all,author_net_shift,3,1D,all,0,1,0.0,0.0,0.0,0.7934506856227626,-0.02827401245511152,-0.02827401245511152,,-0.02827401245511152,,,-0.024597595716430165,-0.024597595716430165,
signal_month,2025-10,all,author_net_shift,3,20D,all,0,1,1.0,1.0,0.20654931437723745,1.0,0.11111868721305518,0.11111868721305518,0.11111868721305518,,,,0.07640511083586354,0.07640511083586354,
signal_month,2025-10,all,author_net_shift,3,5D,all,0,1,0.0,0.0,0.0,0.7934506856227626,-0.03768353106959399,-0.03768353106959399,,-0.03768353106959399,,,-0.03866488533848511,-0.03866488533848511,
signal_month,2025-10,all,author_net_shift,3,60D,all,0,1,0.0,0.0,0.0,0.7934506856227626,-0.021319150870494186,-0.021319150870494186,,-0.021319150870494186,,,-0.012164726720390817,-0.012164726720390817,
signal_month,2025-10,all,author_net_shift,3,90D,all,0,1,1.0,1.0,0.20654931437723745,1.0,0.0982999227237602,0.0982999227237602,0.0982999227237602,,,,0.08314019633118919,0.08314019633118919,
signal_month,2025-10,all,author_net_shift,30,1D,all,0,3,0.3333333333333333,0.3333333333333333,0.06149194472039621,0.7923403991979522,0.00010118284565940883,-0.007077879103992046,0.029340017456303213,-0.014518234459662493,2.0209080889154674,1.0104540444577337,-0.0008851058621435574,-0.006854478651233675,0.9199317546220979
signal_month,2025-10,all,author_net_shift,30,20D,all,0,3,0.6666666666666666,0.6666666666666666,0.2076596008020477,0.9385080552796037,0.023319186482202103,0.03711247901510906,0.0762963196275106,-0.08263507980841489,0.923292139420687,1.846584278841374,0.01358902513719836,0.03470386054027552,1.5505968323719233
signal_month,2025-10,all,author_net_shift,30,5D,all,0,3,1.0,0.3333333333333333,0.06149194472039621,0.7923403991979522,0.010631354199958901,0.014952159818734545,0.010631354199958901,,,,-0.0017264519893222714,-0.00560068183502449,0.7946560301397922
signal_month,2025-10,all,author_net_shift,30,60D,all,0,3,0.6666666666666666,0.6666666666666666,0.2076596008020477,0.9385080552796037,0.017516289097810073,0.0342249580302183,0.034333793609026275,-0.016118719924622327,2.1300570870134243,4.260114174026849,0.016646310022772875,0.047658488218671136,2.06034395172384
signal_month,2025-10,all,author_net_shift,30,90D,all,0,3,0.6666666666666666,0.6666666666666666,0.2076596008020477,0.9385080552796037,0.03766676905437324,0.09238412819192976,0.10409917097900911,-0.09519803479489852,1.0935012598031866,2.187002519606373,0.023404296067459307,0.08810780246163907,1.597817398677183
signal_month,2025-10,all,author_net_shift,7,1D,all,0,2,1.0,1.0,0.34238022750665303,1.0,0.01868586940651107,0.01868586940651107,0.01868586940651107,,,,0.016287714025653544,0.016287714025653544,
signal_month,2025-10,all,author_net_shift,7,20D,all,0,2,0.5,0.5,0.09453120573423074,0.9054687942657693,0.013227672067958274,0.013227672067958274,0.11548016023991214,-0.0890248161039956,1.2971681975171099,1.2971681975171099,-0.007914111054179607,-0.007914111054179607,0.8350076145608815
signal_month,2025-10,all,author_net_shift,7,5D,all,0,2,0.5,0.5,0.09453120573423074,0.9054687942657693,-0.0038971960074524192,-0.0038971960074524192,0.01506165655842262,-0.02285604857332746,0.6589790229969701,0.6589790229969701,-0.008846496049677355,-0.008846496049677355,0.5311433717778492
signal_month,2025-10,all,author_net_shift,7,60D,all,0,2,0.5,0.5,0.09453120573423074,0.9054687942657693,0.011966338418728684,0.011966338418728684,0.03444262918783425,-0.010509952350376883,3.2771441810199216,3.2771441810199216,0.0013111857546829753,0.0013111857546829753,1.058228188862121
signal_month,2025-10,all,author_net_shift,7,90D,all,0,2,0.5,0.5,0.09453120573423074,0.9054687942657693,-0.00039304624163777335,-0.00039304624163777335,0.09238412819192976,-0.0931702206752053,0.9915628354470052,0.9915628354470052,-0.01079699850725796,-0.01079699850725796,0.821754942779976
signal_month,2025-10,all,high_low_divergence,3,1D,all,0,1,0.0,0.0,0.0,0.7934506856227626,-0.02195858981533294,-0.02195858981533294,,-0.02195858981533294,,,-0.026308700757759707,-0.026308700757759707,
signal_month,2025-10,all,high_low_divergence,3,20D,all,0,1,1.0,1.0,0.20654931437723745,1.0,0.03711247901510906,0.03711247901510906,0.03711247901510906,,,,0.03470386054027552,0.03470386054027552,
signal_month,2025-10,all,high_low_divergence,3,5D,all,0,1,1.0,0.0,0.0,0.7934506856227626,0.0018802462227195393,0.0018802462227195393,0.0018802462227195393,,,,-0.01962214779806759,-0.01962214779806759,
signal_month,2025-10,all,high_low_divergence,3,60D,all,0,1,1.0,1.0,0.20654931437723745,1.0,0.0342249580302183,0.0342249580302183,0.0342249580302183,,,,0.049377357890080464,0.049377357890080464,
signal_month,2025-10,all,high_low_divergence,3,90D,all,0,1,1.0,1.0,0.20654931437723745,1.0,0.11581421376608847,0.11581421376608847,0.11581421376608847,,,,0.08810780246163907,0.08810780246163907,
signal_month,2025-10,all,high_low_divergence,30,1D,all,0,2,1.0,1.0,0.34238022750665303,1.0,0.012459512389857486,0.012459512389857486,0.012459512389857486,,,,0.007192851147355128,0.007192851147355128,
signal_month,2025-10,all,high_low_divergence,30,20D,all,0,2,0.0,0.0,0.0,0.6576197724933469,-0.1084246941771711,-0.1084246941771711,,-0.1084246941771711,,,-0.0962868886017117,-0.0962868886017117,
signal_month,2025-10,all,high_low_divergence,30,5D,all,0,2,0.5,0.5,0.09453120573423074,0.9054687942657693,0.021854214907010228,0.021854214907010228,0.05101585359805583,-0.007307423784035372,6.981373341109744,6.981373341109744,0.00037037588715393976,0.00037037588715393976,1.0345613095040262
signal_month,2025-10,all,high_low_divergence,30,60D,all,0,2,1.0,0.5,0.09453120573423074,0.9054687942657693,0.004209464579838229,0.004209464579838229,0.004209464579838229,,,,0.0041034609456624405,0.0041034609456624405,1.9167955722104746
signal_month,2025-10,all,high_low_divergence,30,90D,all,0,2,1.0,0.5,0.09453120573423074,0.9054687942657693,0.02235101822308372,0.02235101822308372,0.02235101822308372,,,,0.016468445452350156,0.016468445452350156,3.0839315136260557
signal_month,2025-10,all,high_low_divergence,7,1D,all,0,1,1.0,1.0,0.20654931437723745,1.0,0.024276687728633117,0.024276687728633117,0.024276687728633117,,,,0.01832552527798248,0.01832552527798248,
signal_month,2025-10,all,high_low_divergence,7,20D,all,0,1,1.0,1.0,0.20654931437723745,1.0,0.05425119166389536,0.05425119166389536,0.05425119166389536,,,,0.04808069890179556,0.04808069890179556,
signal_month,2025-10,all,high_low_divergence,7,5D,all,0,1,0.0,0.0,0.0,0.7934506856227626,-0.02443188116616768,-0.02443188116616768,,-0.02443188116616768,,,-0.03367299828855386,-0.03367299828855386,
signal_month,2025-10,all,high_low_divergence,7,60D,all,0,1,1.0,1.0,0.20654931437723745,1.0,0.04467353951890041,0.04467353951890041,0.04467353951890041,,,,0.06162046158352985,0.06162046158352985,
signal_month,2025-10,all,high_low_divergence,7,90D,all,0,1,1.0,1.0,0.20654931437723745,1.0,0.0958430329231793,0.0958430329231793,0.0958430329231793,,,,0.08477416320538445,0.08477416320538445,
signal_month,2025-10,all,high_low_divergence,90,1D,all,0,3,0.6666666666666666,0.6666666666666666,0.2076596008020477,0.9385080552796037,-0.007215126784676544,0.011811163368533162,0.013678446473654515,-0.04900227330133866,0.27913901850102213,0.5582780370020443,-0.0070893005580906126,0.01046053018543125,0.5658523727235141
signal_month,2025-10,all,high_low_divergence,90,20D,all,0,3,0.6666666666666666,0.6666666666666666,0.2076596008020477,0.9385080552796037,-0.029554313369121437,0.02387079598899633,0.05992731514529387,-0.20851757039795205,0.2873969566733569,0.5747939133467138,-0.03582874282022863,0.015653709238113267,0.4415111646046005
signal_month,2025-10,all,high_low_divergence,90,5D,all,0,3,0.6666666666666666,0.3333333333333333,0.06149194472039621,0.7923403991979522,0.006157614522547483,0.0022733013387219447,0.01289013367583891,-0.007307423784035372,1.7639778472955354,3.527955694591071,0.00926317191714062,-0.0031265967764078084,2.131514547602275
signal_month,2025-10,all,high_low_divergence,90,60D,all,0,3,0.6666666666666666,0.6666666666666666,0.2076596008020477,0.9385080552796037,0.030152024825389107,0.0032115429369327098,0.11443743355028368,-0.13841879262440004,0.8267478091707542,1.6534956183415084,0.04057843978066226,0.017158668758445184,1.9001042053677846
signal_month,2025-10,all,high_low_divergence,90,90D,all,0,3,0.6666666666666666,0.6666666666666666,0.2076596008020477,0.9385080552796037,0.0027492390599669716,0.03504770770304866,0.07977427536186243,-0.15130083354382395,0.5272560202965173,1.0545120405930346,0.011540764839815773,0.04874206045530127,1.2110084829883885
signal_month,2025-10,all,weighted_net,1,1D,all,0,11,0.45454545454545453,0.5454545454545454,0.280091537409322,0.7872872837754024,0.002144082330945712,-0.00477082710081711,0.025101039909947654,-0.016986715651555906,1.4776864712896112,1.2314053927413426,0.0074047416555046534,0.0008065968859157779,2.7581464805307476
signal_month,2025-10,all,weighted_net,1,20D,all,0,11,0.36363636363636365,0.36363636363636365,0.15166471095367573,0.6461988254921511,-0.05412360833573077,-0.03811904761904761,0.05893321844588892,-0.11872750935379917,0.4963737449445882,0.28364213996833615,-0.05266496975780226,-0.029901960868164545,0.22915567011953852
signal_month,2025-10,all,weighted_net,1,5D,all,0,11,0.2727272727272727,0.2727272727272727,0.09746059290024889,0.5656453011761291,-0.025131781651116958,-0.01784487103129162,0.038174324962073215,-0.048871571631063274,0.7811151491148122,0.2929181809180546,-0.017677761164690945,-0.004570825013655799,0.34426493743320424
signal_month,2025-10,all,weighted_net,1,60D,all,0,11,0.2727272727272727,0.18181818181818182,0.05136768974608513,0.4769805619608442,-0.04509557076383481,-0.008943332651036973,0.038373783312740474,-0.07639657854255054,0.502297145301703,0.18836142948813864,-0.061233977231293875,-0.03748090214591637,0.09512921998012837
signal_month,2025-10,all,weighted_net,1,90D,all,0,11,0.18181818181818182,0.09090909090909091,0.016232172885884855,0.37735843645159567,-0.1096666922595877,-0.09320009748964175,0.055752309340631134,-0.14642647039296966,0.38075294167104334,0.08461176481578742,-0.10765150624481899,-0.08213122777184689,0.0775510053603633
signal_month,2025-10,all,weighted_net,3,1D,all,0,33,0.3939393939393939,0.45454545454545453,0.29842938513876116,0.6201406146378254,-0.008553635554238836,-0.00477082710081711,0.012727121330286998,-0.02238612752918063,0.5685271520809938,0.36954264885264604,-0.006361054763087957,-0.0006341329385668448,0.3956097409828927
signal_month,2025-10,all,weighted_net,3,20D,all,0,33,0.45454545454545453,0.48484848484848486,0.32504042108133696,0.6478162455108585,-0.040023321972940076,-0.0005114166240486329,0.06775424342548902,-0.12983795980496435,0.5218369383442703,0.4348641152868919,-0.04411340221588257,-0.0031494189221391578,0.3587304288546726
signal_month,2025-10,all,weighted_net,3,5D,all,0,33,0.42424242424242425,0.42424242424242425,0.2723559663341021,0.5919273666268755,-0.027956747013270736,-0.00769093398416576,0.01809936796343928,-0.0618928317329518,0.292430762281687,0.21547529852334832,-0.023414254340370564,-0.0007499637960841632,0.2678289733101152
signal_month,2025-10,all,weighted_net,3,60D,all,0,33,0.42424242424242425,0.36363636363636365,0.2218717823524236,0.5338382169773361,-0.01136356300162979,-0.008943332651036973,0.11044054347093238,-0.10111395724457034,1.0922383662999489,0.8048072172736465,-0.025753100578715066,-0.012720394461074314,0.6170610002989577
signal_month,2025-10,all,weighted_net,3,90D,all,0,33,0.42424242424242425,0.36363636363636365,0.2218717823524236,0.5338382169773361,-0.060783830193340535,-0.05687909469922581,0.08446243345547454,-0.1678073928819411,0.5033296328898755,0.3708744663399083,-0.06481479678527105,-0.03205874087446703,0.355523201907991
signal_month,2025-10,all,weighted_net,30,1D,all,0,44,0.5227272727272727,0.5454545454545454,0.40066183198961974,0.6829476585777909,-0.002540628440230584,0.00024716224618792637,0.017902052912197583,-0.026176743417534502,0.683891522587408,0.7864752509755192,-0.0018302896623977377,0.0009260471923369651,0.8417391731104643
signal_month,2025-10,all,weighted_net,30,20D,all,0,44,0.38636363636363635,0.36363636363636365,0.23783529708820186,0.5113362312095656,-0.07913064234889598,-0.028634058238919236,0.05778876610857228,-0.16533915878507968,0.349516512199572,0.22006595212565647,-0.08215036662608761,-0.038661945710718404,0.19667163095591883
signal_month,2025-10,all,weighted_net,30,5D,all,0,44,0.4772727272727273,0.4318181818181818,0.2968272340851781,0.5777585300637057,-0.03006132211584889,-0.004023783682525095,0.037696173615488826,-0.09192686169663551,0.4100670132728842,0.3744090121187204,-0.03021894653511369,-0.005242823171248023,0.35011855440766815
signal_month,2025-10,all,weighted_net,30,60D,all,0,44,0.5,0.38636363636363635,0.2572120275052556,0.5337642460762172,-0.04291949709612309,-0.005289008316489652,0.15840248306940266,-0.24424147726164885,0.6485486611256885,0.6485486611256885,-0.062422115240149394,-0.03520930113233517,0.5337417841833223
signal_month,2025-10,all,weighted_net,30,90D,all,0,44,0.3409090909090909,0.29545454545454547,0.1815552911850489,0.44220200126160236,-0.1469329560322565,-0.18726606505394472,0.21071757336874206,-0.331924609170704,0.6348356450436402,0.32836326467774496,-0.16056616423468392,-0.1884590778745161,0.2971797614383107
signal_month,2025-10,all,weighted_net,7,1D,all,0,42,0.47619047619047616,0.42857142857142855,0.2911765117618606,0.5779376012189541,-0.004010756342257766,-0.0013635205954780627,0.013282948521970822,-0.01973230621882921,0.6731574289727877,0.6119612990661707,-0.00322287034368891,-0.001650184688954115,0.6431112320512321
signal_month,2025-10,all,weighted_net,7,20D,all,0,42,0.42857142857142855,0.4523809523809524,0.31223393233454466,0.6005088096526652,-0.043763886482735055,-0.027542081136729124,0.06297673239204357,-0.12381935063881903,0.5086178538905979,0.38146339041794847,-0.04603934664885202,-0.031315063164048806,0.3421475477680104
signal_month,2025-10,all,weighted_net,7,5D,all,0,42,0.5,0.42857142857142855,0.2911765117618606,0.5779376012189541,-0.01551764030297534,0.00013567580678963687,0.03570173831047244,-0.06673701891642313,0.5349615384406495,0.5349615384406495,-0.015794273322490053,-0.0007958203896827332,0.49847110907696685
signal_month,2025-10,all,weighted_net,7,60D,all,0,42,0.42857142857142855,0.3333333333333333,0.21012467072357258,0.484474926231662,-0.03409740844618416,-0.01683692471222531,0.13872506295517228,-0.1637142619972015,0.8473608912432053,0.6355206684324041,-0.05046426611927082,-0.031040077364428598,0.5142043766698261
signal_month,2025-10,all,weighted_net,7,90D,all,0,42,0.40476190476190477,0.3333333333333333,0.21012467072357258,0.484474926231662,-0.09529479395953383,-0.07958380440718893,0.14995592817691786,-0.262065285012321,0.5722082883655027,0.3891016360885419,-0.10195151657031497,-0.09843899927292205,0.36597474012679526
signal_month,2025-10,all,weighted_net,90,1D,all,0,37,0.5135135135135135,0.5135135135135135,0.358948966656188,0.6655359569698336,-0.0026885029474313957,0.00012444121110011253,0.018069406642052623,-0.026046666779644793,0.6937320154981858,0.7753475467332666,-0.0022520186762273174,0.00032873294571045264,0.8013747176689308
signal_month,2025-10,all,weighted_net,90,20D,all,0,37,0.4594594594594595,0.4594594594594595,0.3103856980437303,0.6161595310782052,-0.053608055218493364,-0.004773269689737458,0.06244316208344958,-0.15225158992514487,0.41013142860544194,0.3486117143146257,-0.05352522849021184,-0.01093312291025228,0.33368204003948937
signal_month,2025-10,all,weighted_net,90,5D,all,0,37,0.5405405405405406,0.5135135135135135,0.358948966656188,0.6655359569698336,-0.021265355941071894,0.0052010272568356886,0.03878859676111757,-0.09191706500247128,0.4219955974450958,0.49646540875893624,-0.022179437242886464,0.0009165494994680667,0.4509770841718109
signal_month,2025-10,all,weighted_net,90,60D,all,0,37,0.5675675675675675,0.4864864864864865,0.3344640430301664,0.6410510333438121,-0.0038193744405996574,0.03585319284350463,0.16812381513335797,-0.22949481075641906,0.7325822077598131,0.9615141476847547,-0.021697911884924953,-0.01466058892182387,0.8019322827002514
signal_month,2025-10,all,weighted_net,90,90D,all,0,37,0.3783783783783784,0.3783783783783784,0.24063999175798265,0.5389956956078235,-0.09992961764146731,-0.06357178408216813,0.22254516672691244,-0.29621861682222017,0.7512869012567029,0.45730507033016693,-0.11160963790251036,-0.0958933591436939,0.41806790138338756
signal_month,2025-11,all,author_net,1,1D,all,0,10,0.5,0.5,0.236593090512564,0.7634069094874361,-0.01752112907266683,0.0009058836216551125,0.01674309026834293,-0.05178534841367659,0.3233171308338838,0.3233171308338838,-0.013299624034140511,-1.5459969214925984e-05,0.27937505488099257
signal_month,2025-11,all,author_net,1,20D,all,0,10,0.5,0.4,0.16818032970623614,0.6873262302663417,-0.0002253952117209912,-0.0019761446074095246,0.07712578651775961,-0.0775765769412016,0.9941890910734092,0.9941890910734092,-0.007848105586460864,-0.0004767726356703639,0.8110995799927453
signal_month,2025-11,all,author_net,1,5D,all,0,10,0.5,0.5,0.236593090512564,0.7634069094874361,-0.013602993832303446,-0.0014576781034034703,0.031016936882226665,-0.05822292454683355,0.532727222544054,0.532727222544054,-0.022309464455229456,-0.002291187075966483,0.32947680030516097
signal_month,2025-11,all,author_net,1,60D,all,0,10,0.2,0.3,0.10779126740630099,0.6032218525388546,0.01079357354241861,-0.048678024763657624,0.4150196665375622,-0.0902629497063673,4.597896123355762,1.1494740308389404,0.0042232389718192655,-0.048678024763657624,1.0531387378417785
signal_month,2025-11,all,author_net,1,90D,all,0,10,0.4,0.4,0.16818032970623614,0.6873262302663417,-0.0217117985706037,-0.03501840800781125,0.1376014930121089,-0.12792065962574542,1.0756784198477904,0.7171189465651936,-0.014128942942878243,-0.012659805986834027,0.7799714955007322
signal_month,2025-11,all,author_net,3,1D,all,0,25,0.52,0.48,0.30031285954112974,0.6650148304964322,-0.008769526409452251,0.002873422474735099,0.019367157999703573,-0.03925093451937106,0.493419029046188,0.5345372814667038,-0.008585814288340399,-0.0001518272928371367,0.43572034213345856
signal_month,2025-11,all,author_net,3,20D,all,0,25,0.44,0.4,0.23403302377747973,0.5926054264103301,-0.039163342595624234,-0.02346760070052545,0.0617385182694677,-0.11844337613248217,0.5212492271447199,0.40955296418513704,-0.05205573607555205,-0.028679047431301896,0.27298250336947594
signal_month,2025-11,all,author_net,3,5D,all,0,25,0.56,0.52,0.3349851695035678,0.6996871404588704,-0.003448344053734709,0.002995185748561058,0.03625815898629796,-0.05398389337741265,0.6716477215307465,0.8548243728573136,-0.012138074365001649,0.00013457754312051762,0.563739926733828
signal_month,2025-11,all,author_net,3,60D,all,0,25,0.36,0.24,0.11496313693401444,0.4342968335542908,0.019386835029370268,-0.024196550440501285,0.28001106436623224,-0.12721429397261458,2.2010974995192774,1.2381173434795936,0.0034846109669595692,-0.035936548535764445,1.0372734837599717
signal_month,2025-11,all,author_net,3,90D,all,0,25,0.36,0.36,0.20247880774458224,0.5548150225183514,-0.0003052415103645068,-0.039627405165519436,0.24137645805694655,-0.136251197516977,1.7715547639636038,0.9964995547295271,0.012177186394445112,-0.017228835628688488,1.160193826308096
signal_month,2025-11,all,author_net,30,1D,all,0,36,0.4444444444444444,0.5277777777777778,0.37005938022987594,0.6801395848482095,-0.009829646171972076,-0.0014119657649681594,0.01931027033826159,-0.033141579380159006,0.58265993049873,0.466127944398984,-0.008123746877567771,0.0010826590777520684,0.48766486620305693
signal_month,2025-11,all,author_net,30,20D,all,0,36,0.4166666666666667,0.3888888888888889,0.24784873065371,0.5513554090339485,-0.0422188130511042,-0.05430527906530197,0.09327084935168978,-0.1389971433388142,0.6710270953147308,0.4793050680819506,-0.051697425393206826,-0.06346839454633307,0.40043713850980095
signal_month,2025-11,all,author_net,30,5D,all,0,36,0.4166666666666667,0.4444444444444444,0.2954126874008022,0.6041893824430271,-0.018745576886195225,-0.020786585436000315,0.077237856493273,-0.08730517215724395,0.8846882101573676,0.6319201501124054,-0.016392161509450578,-0.01982589418744013,0.6336901988718879
signal_month,2025-11,all,author_net,30,60D,all,0,36,0.4444444444444444,0.3888888888888889,0.24784873065371,0.5513554090339485,0.07659218685232243,-0.03528694516346914,0.4227967120537959,-0.20037143330885634,2.110064818481829,1.6880518547854633,0.0629136227863084,-0.04825656542223222,1.5266389997921073
signal_month,2025-11,all,author_net,30,90D,all,0,36,0.4444444444444444,0.4444444444444444,0.2954126874008022,0.6041893824430271,0.0769213693289459,-0.05637351411616637,0.4696727641587555,-0.23727974653490175,1.9794052000543196,1.5835241600434558,0.09728825216144764,-0.012460498231389283,1.8579637692797952
signal_month,2025-11,all,author_net,7,1D,all,0,42,0.40476190476190477,0.47619047619047616,0.3335960123070547,0.6227753586865502,-0.009481128926678382,-0.0059808647404908655,0.02027760340556163,-0.029717066912601592,0.6823554782576091,0.4640017252151742,-0.007682935976301509,-0.0026972284075945097,0.4916600017739037
signal_month,2025-11,all,author_net,7,20D,all,0,42,0.47619047619047616,0.4523809523809524,0.31223393233454466,0.6005088096526652,-0.03296189468859932,-0.009103260025731974,0.07538917663940901,-0.13146286862315235,0.5734636512117915,0.5213305920107196,-0.041425238821938035,-0.004503529707600484,0.44338920913466584
signal_month,2025-11,all,author_net,7,5D,all,0,42,0.5476190476190477,0.5476190476190477,0.3994911903473349,0.6877660676654553,-0.00043224188010262824,0.003915845423959841,0.05317073021679897,-0.06532005020793087,0.8140032049507397,0.9853723007298428,-0.0030678201217899555,0.00234310726560083,0.8970562606050878
signal_month,2025-11,all,author_net,7,60D,all,0,42,0.3333333333333333,0.30952380952380953,0.19071102858794878,0.4602599393608908,0.04509542505771338,-0.03528694516346914,0.4176168053403367,-0.14116526508359825,2.95835384924913,1.4791769246245647,0.03391827066083499,-0.050280583823080205,1.324133204264203
signal_month,2025-11,all,author_net,7,90D,all,0,42,0.40476190476190477,0.38095238095238093,0.24999725763955144,0.5318595973284732,0.04776010143469547,-0.05783956108280219,0.36620490063079353,-0.1687823620186512,2.1696870232822447,1.4753871758319264,0.062237149314270095,-0.03801101892227793,1.7251287882908428
signal_month,2025-11,all,author_net,90,1D,all,0,38,0.4473684210526316,0.5789473684210527,0.42192345343670545,0.7214749884224129,0.0008469590819935503,-0.0012582446240446687,0.025699233467808367,-0.019271548754142255,1.3335323380423452,1.079526178415232,0.002006505747876714,0.0014837869622411626,1.2350419422578935
signal_month,2025-11,all,author_net,90,20D,all,0,38,0.5263157894736842,0.5263157894736842,0.3725897138449667,0.6752097667747392,-0.006973395347935098,0.010895894947432372,0.0723656396840198,-0.09512787871677388,0.7607195772700394,0.8452439747444881,-0.013919433368125681,0.005875874603867293,0.70459519926811
signal_month,2025-11,all,author_net,90,5D,all,0,38,0.42105263157894735,0.4473684210526316,0.3014640099805125,0.6029370287800753,-0.0040361206560412186,-0.012180469975891228,0.07190114219497085,-0.059263220911322724,1.2132506652407336,0.8823641201750789,-8.564901127042661e-05,-0.004747910527115429,0.9969878300117004
signal_month,2025-11,all,author_net,90,60D,all,0,38,0.5,0.4473684210526316,0.3014640099805125,0.6029370287800753,0.07816219655531473,-0.010835906357637204,0.34787859489308304,-0.19155420178245353,1.8160843858082831,1.816084385808283,0.06982724556348609,-0.026779220260161718,1.7020383252583169
signal_month,2025-11,all,author_net,90,90D,all,0,38,0.5,0.5,0.34849928364395105,0.6515007163560489,0.06123714834960142,0.0027686052589305787,0.33527344585766755,-0.2127991491584647,1.57553940973702,1.57553940973702,0.07990775335439905,0.005633905002925987,1.851485897248402
signal_month,2025-11,all,author_net_shift,30,1D,all,0,15,0.7333333333333333,0.7333333333333333,0.4804956594401943,0.8910254667430761,0.010665671590242365,0.009809932556713585,0.019128576278509724,-0.012607316302492871,1.517259963940731,4.17246490083701,0.006607582902934587,0.007144601870412881,3.219524928913259
signal_month,2025-11,all,author_net_shift,30,20D,all,0,15,0.3333333333333333,0.4666666666666667,0.24809535365737387,0.698830199745016,-0.012993714073517348,-0.006993237671119923,0.08940178496224924,-0.06419146359140064,1.3927363540317512,0.6963681770158756,-0.015723623071789244,-0.016609869490079365,0.6240505220783036
signal_month,2025-11,all,author_net_shift,30,5D,all,0,15,0.5333333333333333,0.6,0.357468301206246,0.8017550385865841,0.004708421496840742,0.013338763873332549,0.046442150336675286,-0.04298726860582731,1.0803698825930903,1.234708437249246,-0.003228972150571548,0.01024437025086078,0.8189682046733
signal_month,2025-11,all,author_net_shift,30,60D,all,0,15,0.26666666666666666,0.3333333333333333,0.1517632443971473,0.5828645226148023,-0.03453660006468892,-0.027300445625830783,0.035737638353518564,-0.06009086858040073,0.5947266065176293,0.21626422055186523,-0.036040543842934376,-0.01762189198455899,0.2784810999677031
signal_month,2025-11,all,author_net_shift,30,90D,all,0,15,0.6666666666666666,0.6666666666666666,0.41713547738519774,0.8482367556028526,0.015064556827023309,0.033312676905555616,0.06782207072059084,-0.09045047096011175,0.749825512246366,1.499651024492732,0.003828550477325569,0.01751316723516616,1.150703529024519
signal_month,2025-11,all,author_net_shift,7,1D,all,0,4,0.5,0.5,0.15003898915214947,0.8499610108478506,0.0018615905015109402,-0.006284726550190078,0.0259110065408652,-0.02218782553784332,1.1678028789559238,1.1678028789559238,0.002314838430139715,-0.0014685696867019482,1.3020322000259859
signal_month,2025-11,all,author_net_shift,7,20D,all,0,4,0.25,0.25,0.04558726080970055,0.6993581574175981,-0.029256612807583765,-0.05423242977164655,0.06638835149170141,-0.06113826757401216,1.0858723043032525,0.3619574347677509,-0.03553690222208836,-0.06461096922973053,0.3545897271481085
signal_month,2025-11,all,author_net_shift,7,5D,all,0,4,0.25,0.5,0.15003898915214947,0.8499610108478506,-0.017100154008316465,-0.022010444323124434,0.013338763873332549,-0.027246459968866137,0.48955952034041955,0.16318650678013985,-0.015339835830685905,-0.012822059187258816,0.29844513476517637
signal_month,2025-11,all,author_net_shift,7,60D,all,0,4,0.5,0.25,0.04558726080970055,0.6993581574175981,0.004195399553332618,-0.006081921663016854,0.04141973458683906,-0.03302893548017383,1.2540438856015192,1.2540438856015192,-0.009461405092843295,-0.031319722139238115,0.7277628694945257
signal_month,2025-11,all,author_net_shift,7,90D,all,0,4,0.25,0.25,0.04558726080970055,0.6993581574175981,-0.042254469393139815,-0.060486717283313784,0.08155992261480494,-0.08352593339578807,0.9764622710450037,0.32548742368166794,-0.03254545480326043,-0.035187991103519556,0.3130561624477596
signal_month,2025-11,all,high_low_divergence,3,1D,all,0,1,0.0,0.0,0.0,0.7934506856227626,-0.022165689636102215,-0.022165689636102215,,-0.022165689636102215,,,-0.01831372365192485,-0.01831372365192485,
signal_month,2025-11,all,high_low_divergence,3,20D,all,0,1,1.0,1.0,0.20654931437723745,1.0,0.011746488220329643,0.011746488220329643,0.011746488220329643,,,,0.024946879343029527,0.024946879343029527,
signal_month,2025-11,all,high_low_divergence,3,5D,all,0,1,1.0,1.0,0.20654931437723745,1.0,0.027496958301072905,0.027496958301072905,0.027496958301072905,,,,0.03937879183688131,0.03937879183688131,
signal_month,2025-11,all,high_low_divergence,3,60D,all,0,1,1.0,1.0,0.20654931437723745,1.0,0.06689525494967374,0.06689525494967374,0.06689525494967374,,,,0.0971628184330362,0.0971628184330362,
signal_month,2025-11,all,high_low_divergence,3,90D,all,0,1,1.0,1.0,0.20654931437723745,1.0,0.11675699590753241,0.11675699590753241,0.11675699590753241,,,,0.11054940457149276,0.11054940457149276,
signal_month,2025-11,all,high_low_divergence,30,1D,all,0,6,0.5,0.5,0.1876163064826506,0.8123836935173494,-0.004369379174732439,-0.0016792588075910664,0.012552867546595162,-0.02129162589606004,0.5895682935570475,0.5895682935570477,-0.002611047943567054,-0.004930157236999577,0.7461882943289256
signal_month,2025-11,all,high_low_divergence,30,20D,all,0,6,0.16666666666666666,0.3333333333333333,0.09677141110578041,0.700006684861608,-0.0419265312949326,-0.08013075600979541,0.16115044247787602,-0.08254192604949433,1.952346524858724,0.39046930497174476,-0.031671003267240615,-0.05905503321300487,0.4897994617848354
signal_month,2025-11,all,high_low_divergence,30,5D,all,0,6,0.3333333333333333,0.3333333333333333,0.09677141110578041,0.700006684861608,-0.02053616576812245,-0.025846922211389733,0.059986204247441166,-0.06079735077590426,0.9866581928634862,0.4933290964317431,-0.008071790578491425,-0.01000408569482869,0.7162154585346401
signal_month,2025-11,all,high_low_divergence,30,60D,all,0,6,0.5,0.6666666666666666,0.299993315138392,0.9032285888942195,0.05874248167910934,0.018356148240254944,0.24266969741731023,-0.12518473405909156,1.938492734287886,1.938492734287886,0.0780180280380302,0.04278286601189313,2.330692218413865
signal_month,2025-11,all,high_low_divergence,30,90D,all,0,6,0.6666666666666666,0.6666666666666666,0.299993315138392,0.9032285888942195,0.036239671022959406,0.06056060112389383,0.16273311577407384,-0.21674721847926948,0.7507967895312957,1.5015935790625914,0.028499509201028117,0.044761091453504376,1.4086309236405283
signal_month,2025-11,all,high_low_divergence,7,1D,all,0,5,1.0,1.0,0.5655175352168251,1.0,0.03435078115420755,0.03035498825173044,0.03435078115420755,,,,0.026453922342291068,0.024366039669359796,
signal_month,2025-11,all,high_low_divergence,7,20D,all,0,5,1.0,0.8,0.37553462976252533,0.9637758913675698,0.10716666716886684,0.11660613227468541,0.10716666716886684,,,,0.10355333577627579,0.14194237556303513,52.72673037582873
signal_month,2025-11,all,high_low_divergence,7,5D,all,0,5,0.8,0.6,0.2307242812760128,0.882379225767352,0.04085622280834642,0.06363116784149359,0.05642111590415602,-0.021403349574891983,2.6360881368934406,10.544352547573762,0.036335087125814326,0.037102926884183374,6.143535178832951
signal_month,2025-11,all,high_low_divergence,7,60D,all,0,5,0.8,0.8,0.37553462976252533,0.9637758913675698,0.03443763326667382,0.05755195275502811,0.07833947823794313,-0.14116974661840342,0.5549310678420563,2.219724271368225,0.03195701246170812,0.06410518843068658,1.8802593450794574
signal_month,2025-11,all,high_low_divergence,7,90D,all,0,5,0.6,0.6,0.2307242812760128,0.882379225767352,0.09279772401206629,0.14975322538747948,0.17829285637834932,-0.03544497453735823,5.030130750705789,7.545196126058682,0.07707413409850183,0.12655893797289708,7.472221070888041
signal_month,2025-11,all,high_low_divergence,90,1D,all,0,9,0.4444444444444444,0.4444444444444444,0.18877852109766452,0.733348706504507,-0.00888895994374365,-0.010810896370514689,0.014060058019222083,-0.027248174314116236,0.5160000026841469,0.4128000021473176,-0.009315030645396417,-0.006958930386337325,0.40415392288074875
signal_month,2025-11,all,high_low_divergence,90,20D,all,0,9,0.7777777777777778,0.7777777777777778,0.45258896910698887,0.9367748928821533,0.1544798898411494,0.1233518527312154,0.21768701059646237,-0.06674503280244581,3.261471325376072,11.415149638816253,0.16202857887436176,0.1365522438539153,17.060490993798872
signal_month,2025-11,all,high_low_divergence,90,5D,all,0,9,0.6666666666666666,0.6666666666666666,0.3542021355803963,0.879416181613089,0.028264277868776968,0.030102457158400653,0.06613837952615546,-0.04748392544598001,1.3928582968861252,2.7857165937722503,0.03165684447779474,0.04012367767811453,3.126028258109741
signal_month,2025-11,all,high_low_divergence,90,60D,all,0,9,0.5555555555555556,0.7777777777777778,0.45258896910698887,0.9367748928821533,0.1593163576682909,0.11804047598367051,0.35122744735154604,-0.08057250443577799,4.3591476994673695,5.448934624334211,0.1758240031311657,0.15144039728879488,6.339094409032075
signal_month,2025-11,all,high_low_divergence,90,90D,all,0,9,0.8888888888888888,0.8888888888888888,0.5650002944233439,0.9801091123614551,0.181080793132066,0.1929370169380037,0.24598467840074184,-0.3381502890173411,0.7274418694586039,5.819534955668831,0.16616159560386837,0.18247102516101132,5.406936367211409
signal_month,2025-11,all,weighted_net,1,1D,all,0,11,0.36363636363636365,0.36363636363636365,0.15166471095367573,0.6461988254921511,-0.018358715879768086,-0.006963743294771563,0.019187927011735773,-0.03981394038919887,0.4819399141146368,0.27539423663693535,-0.012827601106574155,-0.0007546725881482086,0.26473881632953283
signal_month,2025-11,all,weighted_net,1,20D,all,0,11,0.45454545454545453,0.5454545454545454,0.280091537409322,0.7872872837754024,-0.0017753590886518955,-0.00866024688166478,0.07540283632250037,-0.06609052193127879,1.1409024186691183,0.9507520155575986,-0.0061297845507910405,0.0007825610062912602,0.8373984109054629
signal_month,2025-11,all,weighted_net,1,5D,all,0,11,0.6363636363636364,0.6363636363636364,0.35380117450784887,0.8483352890463243,-0.0021213786318858637,0.01625412008013949,0.035932191100469114,-0.06871512566350707,0.5229153079982188,0.915101788996883,-0.012172712541516145,0.008420797821248494,0.5871067006308582
signal_month,2025-11,all,weighted_net,1,60D,all,0,11,0.36363636363636365,0.45454545454545453,0.21271271622459764,0.719908462590678,0.025009129803427198,-0.02261696272204161,0.2404589912490417,-0.09810507673692394,2.4510351476901686,1.4005915129658106,0.019191140569235158,-0.021919497617376105,1.278198242076756
signal_month,2025-11,all,weighted_net,1,90D,all,0,11,0.5454545454545454,0.5454545454545454,0.280091537409322,0.7872872837754024,0.005905368754628912,0.04296555750145936,0.1288212765944878,-0.14159372065320175,0.9097951236835082,1.0917541484202098,0.0012552778180769638,0.012471704364905856,1.0220959779458993
signal_month,2025-11,all,weighted_net,3,1D,all,0,25,0.52,0.52,0.3349851695035678,0.6996871404588704,-0.009088593190011731,0.002873422474735099,0.020367675147178084,-0.0409995505553007,0.496778010278574,0.5381761778017885,-0.007613109947992416,0.00012090735440728473,0.48741282018779164
signal_month,2025-11,all,weighted_net,3,20D,all,0,25,0.48,0.48,0.30031285954112974,0.6650148304964322,-0.021189782588936508,-0.012612536096483828,0.07827220694359677,-0.11300084984973645,0.6926691883085808,0.6393869430540746,-0.0325876643805714,-0.0001709842650494675,0.47689400407500615
signal_month,2025-11,all,weighted_net,3,5D,all,0,25,0.56,0.56,0.3706733186979878,0.7333436111893266,-0.0023201565691601854,0.002995185748561058,0.0377440851510929,-0.05331100966766411,0.7079979423834969,0.9010882903062687,-0.010534312791139575,0.0060355169521846275,0.6127902822413726
signal_month,2025-11,all,weighted_net,3,60D,all,0,25,0.44,0.32,0.17205190306907978,0.5158973072689775,0.03904706965802076,-0.007575386524301675,0.24445080257504692,-0.12234157763392838,1.9981007871787866,1.5699363327833324,0.025320870048667156,-0.02239275172076427,1.3185904960338284
signal_month,2025-11,all,weighted_net,3,90D,all,0,25,0.44,0.44,0.26665638881067344,0.6293266813020123,0.014287354137675599,-0.010481461527158675,0.20507430957499626,-0.13561668227736207,1.5121613811166685,1.1881267994488112,0.026496717704481497,-0.008090776344979567,1.4000088090460774
signal_month,2025-11,all,weighted_net,30,1D,all,0,34,0.4411764705882353,0.47058823529411764,0.3145150447508847,0.6326328701993107,-0.011338795838137255,-0.004639781358542705,0.01711779921807814,-0.03380452877725467,0.5063759158091216,0.3997704598493065,-0.009604513986629658,-0.004612748601741878,0.41974287336779065
signal_month,2025-11,all,weighted_net,30,20D,all,0,34,0.4411764705882353,0.4411764705882353,0.2888348224624216,0.6054610074379694,-0.03143614809762646,-0.024249549388943414,0.09043275408240753,-0.12764843929239014,0.708451702063221,0.5593039753130693,-0.03771660585430977,-0.02161521766238461,0.49924904995376646
signal_month,2025-11,all,weighted_net,30,5D,all,0,34,0.47058823529411764,0.47058823529411764,0.3145150447508847,0.6326328701993107,-0.008433266081470754,-0.016149941617400854,0.07288532053340145,-0.08071645418357937,0.9029797117652494,0.8026486326802216,-0.006838083283404409,-0.003639170548469073,0.8073057670177051
signal_month,2025-11,all,weighted_net,30,60D,all,0,34,0.4411764705882353,0.4411764705882353,0.2888348224624216,0.6054610074379694,0.04498469781918325,-0.02748634117166865,0.356378203727498,-0.20085228052948628,1.7743298845699669,1.4007867509762897,0.03376829951715233,-0.054475998667028736,1.278234831125306
signal_month,2025-11,all,weighted_net,30,90D,all,0,34,0.4411764705882353,0.4117647058823529,0.2636596836387115,0.5777840612118749,0.040795835194267646,-0.07618850215841305,0.3881324492394927,-0.2334172811572258,1.6628265367295298,1.3127577921548919,0.05540813400505988,-0.04568479929262209,1.4706767933222114
signal_month,2025-11,all,weighted_net,7,1D,all,0,38,0.47368421052631576,0.5,0.34849928364395105,0.6515007163560489,-0.009382008341886426,-0.0059808647404908655,0.021875347426817484,-0.037513628533719943,0.5831306722876555,0.5248176050588899,-0.007313405901066243,-0.00031688261687046193,0.5683385720875433
signal_month,2025-11,all,weighted_net,7,20D,all,0,38,0.5263157894736842,0.5,0.34849928364395105,0.6515007163560489,-0.030169754291895935,0.009383527405651959,0.08191678855178981,-0.15471035745154676,0.5294848379976439,0.5883164866640488,-0.03907478573068852,0.0001438422237995951,0.5021904632080729
signal_month,2025-11,all,weighted_net,7,5D,all,0,38,0.5526315789473685,0.5789473684210527,0.42192345343670545,0.7214749884224129,0.0014246348184126395,0.006055626408384418,0.06196576798145081,-0.07336147085357568,0.8446636532837531,1.043408042291695,-0.0023961973174420584,0.008506971848047606,0.9273181207059131
signal_month,2025-11,all,weighted_net,7,60D,all,0,38,0.4473684210526316,0.3157894736842105,0.1908460367559618,0.4745575989060954,0.0943195022738032,-0.013503783126630697,0.4630202432841137,-0.20415252616311483,2.2680113343989063,1.8360091754657815,0.08176226062896459,-0.03828871340800544,1.6628892917750033
signal_month,2025-11,all,weighted_net,7,90D,all,0,38,0.42105263157894735,0.39473684210526316,0.25598075748160104,0.5528213200395746,0.114371178303033,-0.047875586421329996,0.5436698457410885,-0.19784603437918913,2.7479441144576997,1.9985048105146905,0.1255481538947518,-0.03801101892227793,2.225134670377904
signal_month,2025-11,all,weighted_net,90,1D,all,0,33,0.3333333333333333,0.45454545454545453,0.29842938513876116,0.6201406146378254,-0.0038042281480771168,-0.008489770090698068,0.03277085705960819,-0.02209177075191977,1.4833965745711175,0.7416982872855588,-0.0033977783021619783,-0.004798643023524618,0.7599173305170729
signal_month,2025-11,all,weighted_net,90,20D,all,0,33,0.5151515151515151,0.5151515151515151,0.3521837544891414,0.674959578918663,-0.004361020382204569,0.008990600735594656,0.0896066688650905,-0.10420169020745558,0.8599348886442457,0.913680819184511,-0.009959333869060349,0.004961465650795249,0.8192039511837008
signal_month,2025-11,all,weighted_net,90,5D,all,0,33,0.5454545454545454,0.6060606060606061,0.43683440819940234,0.7531689256552291,0.0012027378360760577,0.00867148415786545,0.07289380059116507,-0.08482653747003076,0.8593277854458986,1.0311933425350783,0.006508542006723223,0.01114405927915807,1.1997558924736764
signal_month,2025-11,all,weighted_net,90,60D,all,0,33,0.48484848484848486,0.5151515151515151,0.3521837544891414,0.674959578918663,0.04167151521005096,-0.012456832757770098,0.3389653118405478,-0.23813441103041666,1.4234201196451701,1.339689524371925,0.03394721196759166,0.01781073072559236,1.2654887689766563
signal_month,2025-11,all,weighted_net,90,90D,all,0,33,0.5757575757575758,0.5757575757575758,0.4080726333731245,0.7276440336658979,0.054804062580341796,0.06010645203167586,0.30062587886138986,-0.27881125951536634,1.078241529355529,1.4633277898396464,0.07053054325734442,0.08233951484303492,1.6526756927028001
signal_month,2025-12,all,author_net,1,1D,all,0,9,0.5555555555555556,0.6666666666666666,0.3542021355803963,0.879416181613089,0.00024649286361863896,0.014826839826839633,0.028177739621392427,-0.0346675655835986,0.8127983360540164,1.0159979200675207,-0.0009847665381340384,0.008944830310536389,0.936990596774973
signal_month,2025-12,all,author_net,1,20D,all,0,9,0.5555555555555556,0.4444444444444444,0.18877852109766452,0.733348706504507,0.06714880150713962,0.0004054821182384316,0.161865269537262,-0.051246783530513346,3.158544954160571,3.948181192700714,0.0585087341562672,-0.00977677292161161,3.0316688180162963
signal_month,2025-12,all,author_net,1,5D,all,0,9,0.4444444444444444,0.4444444444444444,0.18877852109766452,0.733348706504507,-0.015368223433329034,-0.010411502231036263,0.034467481065422134,-0.05523678703232997,0.6239950387637209,0.4991960310109767,-0.010988974587491866,-0.0029013671944334574,0.5891062309795534
signal_month,2025-12,all,author_net,1,60D,all,0,9,0.2222222222222222,0.2222222222222222,0.06322510711784671,0.5474110308930111,-0.061980968496989246,-0.14676149053720466,0.24001468631738132,-0.14826544130109512,1.618817468259264,0.462519276645504,-0.04226803074995519,-0.14661502288851969,0.5937867343238902
signal_month,2025-12,all,author_net,1,90D,all,0,9,0.4444444444444444,0.4444444444444444,0.18877852109766452,0.733348706504507,0.08126958950112402,-0.17413419913419914,0.42515678749407015,-0.19384016889323288,2.193336860577368,1.7546694884618943,0.0418765561867286,-0.21218481652626497,1.3235880263712132
signal_month,2025-12,all,author_net,3,1D,all,0,17,0.47058823529411764,0.5882352941176471,0.3600544264299978,0.7838894320978518,0.002766730847984707,-0.0011315185306657316,0.031204888567508915,-0.022511631569370145,1.3861673451500076,1.2321487512444513,0.002333067639164116,0.0006743044638657381,1.2075338736443713
signal_month,2025-12,all,author_net,3,20D,all,0,17,0.5882352941176471,0.47058823529411764,0.26165106442409436,0.6903676493999558,0.026309488064219694,0.010220254686560626,0.092077316066782,-0.06764455193944074,1.3611933766552975,1.944561966650425,0.01742194071157664,-0.001956657939990558,1.5359011393635766
signal_month,2025-12,all,author_net,3,5D,all,0,17,0.47058823529411764,0.47058823529411764,0.26165106442409436,0.6903676493999558,-0.014563164909333862,-0.010411502231036263,0.04297144252953913,-0.06570503818833208,0.6540052896152188,0.5813380352135279,-0.013420850867980191,-0.0029013671944334574,0.5732470474275948
signal_month,2025-12,all,author_net,3,60D,all,0,17,0.23529411764705882,0.17647058823529413,0.06191126637620997,0.41029458568834126,-0.08005998442907011,-0.11462930273609884,0.12510687698335715,-0.14318824947904774,0.8737230704232027,0.26883786782252395,-0.05689136403847674,-0.10693912373553072,0.367413604915803
signal_month,2025-12,all,author_net,3,90D,all,0,17,0.5294117647058824,0.5294117647058824,0.30963235060004424,0.7383489355759056,0.05298701522321532,0.028056671994537652,0.2445600173177186,-0.16253261213310088,1.504682747099665,1.6927680904871232,0.011032736631402402,0.007647309254481538,1.1145212719060966
signal_month,2025-12,all,author_net,30,1D,all,0,34,0.5588235294117647,0.5,0.34069325645682497,0.659306743543175,-0.0044508672718474125,0.0021611645147838754,0.009948581592810236,-0.022690169167080436,0.4384533900806668,0.555374294102178,-0.0032443268328799383,-0.00038839610938057323,0.6296820358408578
signal_month,2025-12,all,author_net,30,20D,all,0,34,0.5294117647058824,0.5294117647058824,0.3673671298006892,0.6854849552491152,0.0278774773583922,0.015284103195472798,0.09598659560869875,-0.05199496605141618,1.8460747818121592,2.215289738174591,0.019182897280314443,0.008337639722110102,1.7157145420041335
signal_month,2025-12,all,author_net,30,5D,all,0,34,0.47058823529411764,0.4117647058823529,0.2636596836387115,0.5777840612118749,-0.011612350101257229,-0.0055235127297234565,0.05530442053098723,-0.07109392399658564,0.777906428876303,0.6914723812233804,-0.012053963564152326,-0.006373628377552343,0.6606201907060977
signal_month,2025-12,all,author_net,30,60D,all,0,34,0.2647058823529412,0.2647058823529412,0.14601190677211745,0.43117141282944665,-0.06566401256030237,-0.1011444828033744,0.1472271731167857,-0.14230483940405406,1.0345900654773617,0.37245242357185016,-0.047548507048380255,-0.05032455000089042,0.45520477459496533
signal_month,2025-12,all,author_net,30,90D,all,0,34,0.6176470588235294,0.5588235294117647,0.3945389925620307,0.7111651775375785,0.056987429941738395,0.04012926074328438,0.18696173880171693,-0.15297106898591925,1.22220325739455,1.9743283388681192,0.0205980975051103,0.007784632875578068,1.2725613296030935
signal_month,2025-12,all,author_net,7,1D,all,0,29,0.4482758620689655,0.4827586206896552,0.3138609015268349,0.6556897811800528,0.005676571394255286,-0.003444113623561562,0.026920498335890112,-0.011584119245823012,2.3239141245543613,1.8881802262004186,0.0060808525091828845,-0.0010210629110869451,2.05690985736204
signal_month,2025-12,all,author_net,7,20D,all,0,29,0.6551724137931034,0.5862068965517241,0.4073783598787858,0.744868226586776,0.07038863048912854,0.015783103364802598,0.13146381742810379,-0.04565422469492442,2.8795542648371644,5.471153103190613,0.06419616893314314,0.022348703636288603,4.400264689477368
signal_month,2025-12,all,author_net,7,5D,all,0,29,0.5172413793103449,0.4827586206896552,0.3138609015268349,0.6556897811800528,-0.005351653797437815,0.006896551724138167,0.047529608397368965,-0.062010149006159365,0.7664811189640575,0.821229770318633,-0.0052814373459660275,-0.004973015411722015,0.8151187550995201
signal_month,2025-12,all,author_net,7,60D,all,0,29,0.3793103448275862,0.3448275862068966,0.19940718526674994,0.5265489590952386,-0.007035080131146161,-0.03204150137320738,0.16443734273850807,-0.11182378299593486,1.4705042016373733,0.8986414565561726,0.010267948901775308,-0.00916664081647367,1.1843898134306585
signal_month,2025-12,all,author_net,7,90D,all,0,29,0.7241379310344828,0.7241379310344828,0.5428286758313405,0.8530124489791204,0.13288194354020147,0.08521095648332211,0.2422187550783715,-0.15412718674749487,1.5715511337736685,4.12532172615588,0.10285689210635428,0.04910851344020184,2.9115140011515592
signal_month,2025-12,all,author_net,90,1D,all,0,33,0.5151515151515151,0.42424242424242425,0.2723559663341021,0.5919273666268755,-0.004375931806164458,0.0013245782859732103,0.012593628305790158,-0.022406089425116238,0.5620627529796992,0.5971916750409304,-0.0036609640856483812,-0.002378381496534576,0.6401310190852261
signal_month,2025-12,all,author_net,90,20D,all,0,33,0.45454545454545453,0.45454545454545453,0.29842938513876116,0.6201406146378254,0.04328563927788094,-0.00504959422903517,0.1712880141564467,-0.06711141859862528,2.5522931526879598,2.2520233700187884,0.035659807975198556,-0.014461875572810312,1.9280887141925303
signal_month,2025-12,all,author_net,90,5D,all,0,33,0.45454545454545453,0.45454545454545453,0.29842938513876116,0.6201406146378254,-0.0013196819272119067,-0.0031677393403057863,0.05663355420173296,-0.04961404536799929,1.141482291590381,0.9512352429919841,-0.0013399815368185931,-0.007774241343382671,0.9447038114804522
signal_month,2025-12,all,author_net,90,60D,all,0,33,0.2727272727272727,0.2727272727272727,0.1506744088542064,0.44217559002872625,-0.0777919188174487,-0.10123296560674888,0.18142238019806056,-0.17499728094826464,1.036715423319608,0.388768283744853,-0.06089105694375874,-0.08737213313375325,0.47069000800660427
signal_month,2025-12,all,author_net,90,90D,all,0,33,0.48484848484848486,0.48484848484848486,0.32504042108133696,0.6478162455108585,0.03147662244730191,-0.07100566050011914,0.2693798806070942,-0.1924323264089732,1.399868128365219,1.3175229443437355,-0.0015909779592600689,-0.04810120021494768,0.9862933636766877
signal_month,2025-12,all,author_net_shift,30,1D,all,0,15,0.4666666666666667,0.6,0.357468301206246,0.8017550385865841,0.003935742995181232,-0.00136739834472821,0.017934482365773836,-0.008313153954087299,2.157361990987314,1.8876917421138997,0.004714348071427972,0.0024220143350874856,2.3970526787631212
signal_month,2025-12,all,author_net_shift,30,20D,all,0,15,0.3333333333333333,0.4,0.1982449614134158,0.6425316987937539,-0.02744358976559085,-0.0063567284908899735,0.054598263733398086,-0.06846451651508531,0.7974680391026793,0.39873401955133964,-0.031208520687486297,-0.015659437178431435,0.3645614739357465
signal_month,2025-12,all,author_net_shift,30,5D,all,0,15,0.5333333333333333,0.4666666666666667,0.24809535365737387,0.698830199745016,-0.002841188411515905,0.008669917885874012,0.026079092983035485,-0.03589293857671749,0.7265800465819784,0.8303771960936895,-0.004119259357994057,-0.0007667616044046976,0.7185284335251821
signal_month,2025-12,all,author_net_shift,30,60D,all,0,15,0.2,0.2,0.07047549346981563,0.45185448715169363,-0.1158766740019886,-0.027861753411226542,0.0419992088061939,-0.15534564470403422,0.2703597444666771,0.06758993611666927,-0.10630673933595268,-0.031111487820635664,0.06465876016518865
signal_month,2025-12,all,author_net_shift,30,90D,all,0,15,0.5333333333333333,0.4666666666666667,0.24809535365737387,0.698830199745016,-0.04441293269422884,0.016084922634040932,0.13868088952777932,-0.25366301523366674,0.5467130846805974,0.6248149539206828,-0.06734312328312503,-0.005600032763011464,0.4738041381779171
signal_month,2025-12,all,author_net_shift,90,1D,all,0,1,0.0,0.0,0.0,0.7934506856227626,-0.005188716516975389,-0.005188716516975389,,-0.005188716516975389,,,-0.001484526699122246,-0.001484526699122246,
signal_month,2025-12,all,author_net_shift,90,20D,all,0,1,1.0,0.0,0.0,0.7934506856227626,0.0068217135933836826,0.0068217135933836826,0.0068217135933836826,,,,-0.002307510130931334,-0.002307510130931334,
signal_month,2025-12,all,author_net_shift,90,5D,all,0,1,0.0,0.0,0.0,0.7934506856227626,-0.025258777359285833,-0.025258777359285833,,-0.025258777359285833,,,-0.03080047866158564,-0.03080047866158564,
signal_month,2025-12,all,author_net_shift,90,60D,all,0,1,0.0,0.0,0.0,0.7934506856227626,-0.12992862222456358,-0.12992862222456358,,-0.12992862222456358,,,-0.05155729907046058,-0.05155729907046058,
signal_month,2025-12,all,author_net_shift,90,90D,all,0,1,1.0,1.0,0.20654931437723745,1.0,0.16300998235309616,0.16300998235309616,0.16300998235309616,,,,0.08649075410791984,0.08649075410791984,
signal_month,2025-12,all,high_low_divergence,30,1D,all,0,11,0.2727272727272727,0.36363636363636365,0.15166471095367573,0.6461988254921511,-0.012201321481374185,-0.003047912037828171,0.017240806873205172,-0.023242119614341444,0.7417915043586133,0.27817181413448,-0.010826770100958238,-0.010109135387831647,0.30335153582157465
signal_month,2025-12,all,high_low_divergence,30,20D,all,0,11,0.7272727272727273,0.7272727272727273,0.43435469882387084,0.902539407099751,0.0138727421628608,0.026936460884134594,0.09016859961735878,-0.18958287771580049,0.47561573441525945,1.2683086251073588,0.013135092717194515,0.03185418779845306,1.266098101368674
signal_month,2025-12,all,high_low_divergence,30,5D,all,0,11,0.6363636363636364,0.5454545454545454,0.280091537409322,0.7872872837754024,0.019577106736761343,0.004253125402758129,0.05212619015676358,-0.037383789248242566,1.3943527717488955,2.440117350560567,0.02093550951734718,0.007565543321917834,2.732635744529283
signal_month,2025-12,all,high_low_divergence,30,60D,all,0,11,0.8181818181818182,0.7272727272727273,0.43435469882387084,0.902539407099751,0.027669209681363317,0.0933458668033954,0.11080640894421426,-0.3464481870014659,0.3198354417820793,1.4392594880193565,0.014862984148529036,0.07514191422176553,1.2219270204399304
signal_month,2025-12,all,high_low_divergence,30,90D,all,0,11,0.36363636363636365,0.45454545454545453,0.21271271622459764,0.719908462590678,-0.01609193464134834,-0.045423571317949385,0.3787086771597017,-0.24169228424194836,1.566904290501023,0.8953738802862989,-0.0026109903259662337,-0.004300113447619491,0.9804317731147573
signal_month,2025-12,all,high_low_divergence,7,1D,all,0,3,0.3333333333333333,0.3333333333333333,0.06149194472039621,0.7923403991979522,-0.00640747222592349,-0.009250517039834594,0.00792602377807139,-0.01357422022792093,0.5839026953289208,0.2919513476644604,-0.001970582788104062,-0.0019445410139355968,0.5284366583544043
signal_month,2025-12,all,high_low_divergence,7,20D,all,0,3,0.6666666666666666,0.6666666666666666,0.2076596008020477,0.9385080552796037,0.0006840203572321771,0.04425186583940288,0.059302628442565064,-0.1165531958134336,0.5088031094187295,1.017606218837459,-0.007834194730273877,0.032541888296894195,0.801979924112754
signal_month,2025-12,all,high_low_divergence,7,5D,all,0,3,0.6666666666666666,0.6666666666666666,0.2076596008020477,0.9385080552796037,0.009797154932803753,0.01716347450768807,0.01835389721985392,-0.007316329641296582,2.508620868619212,5.017241737238424,0.01289828637409407,0.024673609544290875,3.9689441670348824
signal_month,2025-12,all,high_low_divergence,7,60D,all,0,3,0.3333333333333333,0.3333333333333333,0.06149194472039621,0.7923403991979522,-0.11176603034632722,-0.15470816294014555,0.029246470641129285,-0.18227228084005548,0.16045484539030463,0.08022742269515232,-0.08086824990050108,-0.12600923914978757,0.19279775958399473
signal_month,2025-12,all,high_low_divergence,7,90D,all,0,3,0.3333333333333333,0.3333333333333333,0.06149194472039621,0.7923403991979522,-0.012069745216669814,-0.07971745711402622,0.17047702544735177,-0.1033431305486806,1.649621262121987,0.8248106310609935,-0.05737681676859285,-0.12084091498435612,0.42905613533154874
signal_month,2025-12,all,high_low_divergence,90,1D,all,0,10,0.6,0.7,0.39677814746114537,0.8922087325936989,0.005490709012659434,0.0038337548826465895,0.01785814088296221,-0.013060438792794726,1.3673461639599973,2.051019245939996,0.003556381396538666,0.005134395464049757,1.581045133144162
signal_month,2025-12,all,high_low_divergence,90,20D,all,0,10,0.5,0.5,0.236593090512564,0.7634069094874361,-0.056757209603366554,-0.013266025950170846,0.08667456962873021,-0.20018898883546332,0.43296372159593965,0.43296372159593965,-0.050300961914802836,-0.002704896507028931,0.4785412726057751
signal_month,2025-12,all,high_low_divergence,90,5D,all,0,10,0.3,0.4,0.16818032970623614,0.6873262302663417,-0.026686293134929772,-0.040838369599782265,0.07151680738710993,-0.06877333621580393,1.039891494614966,0.44566778340641405,-0.02769140702581775,-0.04173499924341634,0.4294264522280568
signal_month,2025-12,all,high_low_divergence,90,60D,all,0,10,0.5,0.5,0.236593090512564,0.7634069094874361,-0.020247033316428187,0.0035097120835043683,0.1695825758930717,-0.2100766425259281,0.8072414612783118,0.8072414612783118,-0.05724311439534966,0.0035097120835043683,0.5449190227366693
signal_month,2025-12,all,high_low_divergence,90,90D,all,0,10,0.5,0.5,0.236593090512564,0.7634069094874361,-0.5354021119333174,-0.07138532749995796,0.19389120431931955,-1.2646954281859544,0.15331059162397065,0.15331059162397065,-0.49137824667471597,-0.02590109300858756,0.18790202761705305
signal_month,2025-12,all,weighted_net,1,1D,all,0,9,0.5555555555555556,0.6666666666666666,0.3542021355803963,0.879416181613089,0.00024649286361863896,0.014826839826839633,0.028177739621392427,-0.0346675655835986,0.8127983360540164,1.0159979200675207,-0.0009847665381340384,0.008944830310536389,0.936990596774973
signal_month,2025-12,all,weighted_net,1,20D,all,0,9,0.5555555555555556,0.4444444444444444,0.18877852109766452,0.733348706504507,0.06714880150713962,0.0004054821182384316,0.161865269537262,-0.051246783530513346,3.158544954160571,3.948181192700714,0.0585087341562672,-0.00977677292161161,3.0316688180162963
signal_month,2025-12,all,weighted_net,1,5D,all,0,9,0.4444444444444444,0.4444444444444444,0.18877852109766452,0.733348706504507,-0.015368223433329034,-0.010411502231036263,0.034467481065422134,-0.05523678703232997,0.6239950387637209,0.4991960310109767,-0.010988974587491866,-0.0029013671944334574,0.5891062309795534
signal_month,2025-12,all,weighted_net,1,60D,all,0,9,0.2222222222222222,0.2222222222222222,0.06322510711784671,0.5474110308930111,-0.061980968496989246,-0.14676149053720466,0.24001468631738132,-0.14826544130109512,1.618817468259264,0.462519276645504,-0.04226803074995519,-0.14661502288851969,0.5937867343238902
signal_month,2025-12,all,weighted_net,1,90D,all,0,9,0.4444444444444444,0.4444444444444444,0.18877852109766452,0.733348706504507,0.08126958950112402,-0.17413419913419914,0.42515678749407015,-0.19384016889323288,2.193336860577368,1.7546694884618943,0.0418765561867286,-0.21218481652626497,1.3235880263712132
signal_month,2025-12,all,weighted_net,3,1D,all,0,18,0.4444444444444444,0.5555555555555556,0.33716415642042774,0.7544048187299437,0.0013335122694232366,-0.00238418751083197,0.031204888567508915,-0.022563588769045306,1.3829754161411811,1.106380332912945,0.001129729784306742,0.0006052182322434652,1.0966321095085938
signal_month,2025-12,all,weighted_net,3,20D,all,0,18,0.6111111111111112,0.5,0.29031021505169974,0.7096897849483003,0.031567347939800025,0.011619394774877834,0.0947021933174987,-0.06764455193944074,1.399997347935448,2.1999958324699893,0.022666374122064088,0.0004325353015807165,1.7382335619553422
signal_month,2025-12,all,weighted_net,3,5D,all,0,18,0.5,0.5,0.29031021505169974,0.7096897849483003,-0.011764666479089383,-0.0016795669793121526,0.042175705230153314,-0.06570503818833208,0.6418945394912332,0.6418945394912332,-0.01099368662349424,0.00030002538108836463,0.6298622156589709
signal_month,2025-12,all,weighted_net,3,60D,all,0,18,0.2222222222222222,0.2222222222222222,0.09000928108601694,0.45214584316212625,-0.07873256412852823,-0.10336484099122373,0.12510687698335715,-0.13697240444620978,0.9133728614108375,0.2609636746888107,-0.05249712691773989,-0.06091771988166067,0.38193717824896034
signal_month,2025-12,all,weighted_net,3,90D,all,0,18,0.5555555555555556,0.5555555555555556,0.33716415642042774,0.7544048187299437,0.05933006778675967,0.04491977465569774,0.2368202117226481,-0.16253261213310088,1.4570627310703146,1.8213284138378931,0.015455514214204331,0.017565120230425668,1.1698673666984836
signal_month,2025-12,all,weighted_net,30,1D,all,0,44,0.5454545454545454,0.5681818181818182,0.4222414699362943,0.703172765914822,-0.0028649864359256328,0.0024179395159202866,0.0149089250466303,-0.02419368021499275,0.61623221081476,0.739478652977712,-0.0007704956310628407,0.0025750627913908586,0.9157744981693086
signal_month,2025-12,all,weighted_net,30,20D,all,0,44,0.5454545454545454,0.5227272727272727,0.3793546556062164,0.662450089677489,0.040231694620097534,0.02076991329824085,0.13470819908691956,-0.0731401107400889,1.8417828155281217,2.210139378633746,0.033000608087942696,0.014050016664940101,1.9128624776984946
signal_month,2025-12,all,weighted_net,30,5D,all,0,44,0.5,0.45454545454545453,0.31705234142220895,0.5993381680103802,-0.00830387944041061,0.00026121479230389877,0.052400830838352626,-0.06900858971917384,0.7593378020271758,0.7593378020271757,-0.00534136965247008,-0.003907261414518914,0.8283811503199555
signal_month,2025-12,all,weighted_net,30,60D,all,0,44,0.36363636363636365,0.38636363636363635,0.2572120275052556,0.5337642460762172,-0.03033272020906527,-0.06328728831713815,0.21448157185054562,-0.17022660138598575,1.2599768197463599,0.7199867541407771,-0.015930490131668425,-0.0438504613252797,0.8370564361042655
signal_month,2025-12,all,weighted_net,30,90D,all,0,44,0.5909090909090909,0.5,0.35831760539989393,0.641682394600106,0.07583870728550332,0.03291942678608861,0.2769220069120527,-0.21461494773062362,1.2903202215888265,1.8637958756283053,0.04941074599743946,-0.003579231604198818,1.4902303895395757
signal_month,2025-12,all,weighted_net,7,1D,all,0,35,0.4857142857142857,0.5428571428571428,0.3818972506848375,0.6953398071159278,0.006031919097101819,-0.0011315185306657316,0.02357644818793069,-0.010537913933125451,2.2372974705951245,2.113003166673173,0.006788187188470857,0.0006743044638657381,2.4866931858723245
signal_month,2025-12,all,weighted_net,7,20D,all,0,35,0.6,0.5142857142857142,0.35568804595868564,0.6700576399749026,0.05399371191202052,0.015783103364802598,0.12344382652975677,-0.050181460014583845,2.4599488833900263,3.689923325085039,0.047191886706566745,0.002821728543151991,3.057787369410233
signal_month,2025-12,all,weighted_net,7,5D,all,0,35,0.5142857142857142,0.4857142857142857,0.32994236002509725,0.6443119540413141,-0.003953818016430583,0.006896551724138167,0.044026763226678055,-0.05475678639148679,0.8040421311781554,0.8513387271298116,-0.0027906389552671343,-0.003545346364352886,0.8848427716528842
signal_month,2025-12,all,weighted_net,7,60D,all,0,35,0.3142857142857143,0.2857142857142857,0.16326536236434688,0.45054934863182616,-0.026275528700181478,-0.056129420123517626,0.16951686843445132,-0.11601371072022153,1.461179608703819,0.669707320655917,-0.009456111831995103,-0.019506294535531987,0.8560587151487234
signal_month,2025-12,all,weighted_net,7,90D,all,0,35,0.6285714285714286,0.6285714285714286,0.4633693684359532,0.7683418049663429,0.08611952207040137,0.08063687724704671,0.23239661516327387,-0.16142632777907517,1.4396450588984915,2.436322407366678,0.05491063826124997,0.021078685660681273,1.7324028127492679
signal_month,2025-12,all,weighted_net,90,1D,all,0,36,0.5555555555555556,0.4722222222222222,0.31986041515179053,0.629940619770124,-0.0021610684463390186,0.002700386038291369,0.015264628263392126,-0.02394318933350295,0.6375352945162077,0.7969191181452596,-0.0027304600269925866,-0.0014923490446587806,0.7389085468478465
signal_month,2025-12,all,weighted_net,90,20D,all,0,36,0.5277777777777778,0.5,0.34474325409626827,0.6552567459037317,0.018828255299119277,0.008693717946264612,0.1505148564671771,-0.1283508871828277,1.1726826340730956,1.3106452969052245,0.014925803114238226,0.0036999124910297443,1.242100049809534
signal_month,2025-12,all,weighted_net,90,5D,all,0,36,0.5,0.5555555555555556,0.395810617556973,0.7045873125991978,-0.006292041632853514,-0.00043879299503235547,0.054239515505034364,-0.06682359877074139,0.8116820480010283,0.8116820480010283,-0.006073912758085106,0.0014696016730375017,0.805014850933712
signal_month,2025-12,all,weighted_net,90,60D,all,0,36,0.3333333333333333,0.3055555555555556,0.1800445159482992,0.4685627285051034,-0.047639318112883064,-0.09901175307364474,0.24881628458279817,-0.1958671194607237,1.2703320765009367,0.6351660382504684,-0.040069485402100674,-0.09115996849823982,0.687025518343909
signal_month,2025-12,all,weighted_net,90,90D,all,0,36,0.4166666666666667,0.4444444444444444,0.2954126874008022,0.6041893824430271,-0.036015184948849005,-0.09514425535086818,0.5807690135502995,-0.4765753267339552,1.218630048539021,0.8704500346707292,-0.05410221802796614,-0.13818099311516346,0.8103979783130887
signal_month,2026-01,all,author_net,1,1D,all,0,23,0.4782608695652174,0.4782608695652174,0.29237157416646653,0.6703726266357259,0.0021381972788382772,-0.004696293421307951,0.03201510280662236,-0.025248966121630467,1.267976781797629,1.16231204998116,0.000253215526682748,-0.002357867196503438,1.0178900350688744
signal_month,2026-01,all,author_net,1,20D,all,0,23,0.4782608695652174,0.4782608695652174,0.29237157416646653,0.6703726266357259,0.003249828546542172,-0.012839260175796507,0.129763251970525,-0.11272080959210873,1.151191625043202,1.055258989622935,0.005304517010078541,-0.014872436950194468,1.0932755754890344
signal_month,2026-01,all,author_net,1,5D,all,0,23,0.5217391304347826,0.4782608695652174,0.29237157416646653,0.6703726266357259,0.013782602450832447,0.00577982884537831,0.06347561713478535,-0.04042795902257072,1.570092051872993,1.7128276929523563,0.01298528882535322,-0.0031061535027333553,1.678379921475329
signal_month,2026-01,all,author_net,1,60D,all,0,23,0.5217391304347826,0.5217391304347826,0.32962737336427406,0.7076284258335335,0.05943464759503156,0.06124587618862809,0.2705028011072231,-0.17082151987281377,1.5835405358097014,1.727498766337856,0.0624159059004981,0.0448912387881546,1.8746001390439644
signal_month,2026-01,all,author_net,1,90D,all,0,23,0.7391304347826086,0.7391304347826086,0.5352999516257462,0.8745138395501366,0.49816572824438515,0.17677345537757438,0.712989093120486,-0.11050047223790017,6.452362407877025,18.281693488984903,0.4461209650944085,0.1347565277210705,9.924289011755155
signal_month,2026-01,all,author_net,3,1D,all,0,39,0.5641025641025641,0.5384615384615384,0.3856944827051576,0.6843311439327215,0.002133147672198823,0.0026550672240424067,0.022644196816263392,-0.024410562984825912,0.9276392695383335,1.200474348814314,0.00017711186157934393,0.001126359300886337,1.0155661463163543
signal_month,2026-01,all,author_net,3,20D,all,0,39,0.38461538461538464,0.38461538461538464,0.24891373465561348,0.5410093854307493,-0.01464594159339009,-0.013483146067415852,0.13863819889559634,-0.11044852939900661,1.2552290161759572,0.7845181351099733,-0.011551589950877253,-0.017573724761422493,0.8209285190215287
signal_month,2026-01,all,author_net,3,5D,all,0,39,0.5897435897435898,0.5384615384615384,0.3856944827051576,0.6843311439327215,0.019709151881628188,0.0066519341949597965,0.06567997103668911,-0.046373900653771886,1.4163132734306003,2.0359503305564877,0.02119518108649794,0.010649796376637877,2.215676677196418
signal_month,2026-01,all,author_net,3,60D,all,0,39,0.41025641025641024,0.4358974358974359,0.2930475387568963,0.5902430835133052,0.03947346163462171,-0.03267527381196356,0.29261316806387583,-0.13662372544659854,2.1417449063650964,1.4899095000800673,0.05243607001501962,-0.00887324693347824,1.765383496910767
signal_month,2026-01,all,author_net,3,90D,all,0,39,0.717948717948718,0.6923076923076923,0.5357874562585069,0.8143406769308886,0.45229567960632594,0.1513140887548472,0.6783664066398094,-0.12315708011526848,5.508139735083802,14.020719325667857,0.3922311614496964,0.08142590075232081,7.93926966452957
signal_month,2026-01,all,author_net,30,1D,all,0,46,0.5,0.45652173913043476,0.32154733782284584,0.5981981894019872,-0.007932345932357475,-0.005059528067429375,0.022417190384018654,-0.0382818822487336,0.5855822406632117,0.5855822406632117,-0.010755675027775247,-0.006513017542938093,0.46929031164910734
signal_month,2026-01,all,author_net,30,20D,all,0,46,0.3695652173913043,0.3695652173913043,0.24523754590839622,0.513999035766103,-0.03771085901587199,-0.028259214969870994,0.16606191637066792,-0.1571638652769471,1.0566163925660716,0.619395816331835,-0.03790952829629919,-0.034870638483588845,0.6126577350786113
signal_month,2026-01,all,author_net,30,5D,all,0,46,0.5217391304347826,0.5434782608695652,0.4018018105980127,0.6784526621771542,-0.0038808846072765717,0.0030020975054801946,0.05884967995585059,-0.07231422776705165,0.8138049976199029,0.8877872701308033,-0.007138773185808701,0.005146408910919664,0.7986812288316154
signal_month,2026-01,all,author_net,30,60D,all,0,46,0.34782608695652173,0.391304347826087,0.26393225037829016,0.5354315676837925,-0.041011331653150275,-0.054710676728567054,0.2193595208335809,-0.17987578631274023,1.219505556196388,0.6504029633047402,-0.030641248983258065,-0.06099536203680023,0.7215580538923695
signal_month,2026-01,all,author_net,30,90D,all,0,46,0.717391304347826,0.6739130434782609,0.5296773241932241,0.7913405669074435,0.19907716912275997,0.13022550767008845,0.397336929830816,-0.30419760805922835,1.30618032260613,3.3156885112309453,0.14077049645947104,0.09336682658846451,2.316063794211464
signal_month,2026-01,all,author_net,7,1D,all,0,48,0.5833333333333334,0.5833333333333334,0.4428133228397628,0.7115033222158844,0.004678550958103577,0.006439215704900025,0.030933551264873033,-0.03207844947137366,0.9643094281248751,1.350033199374825,0.003180720441730657,0.0038562819267601856,1.2343237757892465
signal_month,2026-01,all,author_net,7,20D,all,0,48,0.4166666666666667,0.4166666666666667,0.2884966777841157,0.5571866771602373,-0.008154814369854836,-0.017267044682454324,0.1627462814772423,-0.1302270256892099,1.249712036468071,0.8926514546200505,-0.006562373254158253,-0.010952141910830493,0.9106505217347762
signal_month,2026-01,all,author_net,7,5D,all,0,48,0.5416666666666666,0.5833333333333334,0.4428133228397628,0.7115033222158844,0.011452854054791168,0.012856860279960802,0.06781728971273705,-0.05515966081369033,1.2294725658629353,1.4530130323834687,0.009237934168405909,0.012315744305816168,1.363044252170648
signal_month,2026-01,all,author_net,7,60D,all,0,48,0.4166666666666667,0.4375,0.30701269040654244,0.5772498258017222,0.02407038903128064,-0.02215975465525505,0.2538961942925177,-0.14009090044103154,1.8123674949137059,1.294548210652647,0.02981314944767095,-0.008117258519638404,1.3981105434032934
signal_month,2026-01,all,author_net,7,90D,all,0,48,0.75,0.7083333333333334,0.5682074019042831,0.8175842107348348,0.2952501714761903,0.1640001641652551,0.5129127830520825,-0.35773766325148665,1.433767913588425,4.301303740765275,0.23677935004730874,0.08968440364506902,3.302797047704045
signal_month,2026-01,all,author_net,90,1D,all,0,51,0.5686274509803921,0.5686274509803921,0.43265302109302245,0.6949876389209046,-0.001337838752011357,0.0035299168402473935,0.024408516165600677,-0.03695603548357137,0.6604744217342081,0.9120837252520017,-0.00253806380142933,0.0017921290439666393,0.8370610422040944
signal_month,2026-01,all,author_net,90,20D,all,0,51,0.3137254901960784,0.3137254901960784,0.2032767846552545,0.4502699953069435,-0.03595643762261199,-0.03345470735081324,0.18933419075424576,-0.13894643916631838,1.362641546557472,0.6229218498548442,-0.03321100206908992,-0.030407272539777153,0.6433552679633701
signal_month,2026-01,all,author_net,90,5D,all,0,51,0.5098039215686274,0.5294117647058824,0.39523304210096466,0.6594700979050041,-0.009362944094671394,0.00577982884537831,0.05757796526005551,-0.07898148982358738,0.7290058137503019,0.758166046300314,-0.01013612253446376,0.0023125859365784596,0.7322405672814017
signal_month,2026-01,all,author_net,90,60D,all,0,51,0.47058823529411764,0.5098039215686274,0.37680923894569696,0.6414251410562926,-0.015367393272173896,-0.009921313718782132,0.18929712844824895,-0.1972914125792164,0.9594798170561144,0.8528709484943239,-0.0020840309441601743,0.006779120434618702,0.9786098746039852
signal_month,2026-01,all,author_net,90,90D,all,0,51,0.7254901960784313,0.6078431372549019,0.4708515898394834,0.7297265901824019,0.19835372378967453,0.12769584522676802,0.3973489635707323,-0.3275622670602639,1.213048643046634,3.2059142709089614,0.1288230638053822,0.0748281838161029,2.125980995081476
signal_month,2026-01,all,author_net_shift,30,1D,all,0,11,0.45454545454545453,0.5454545454545454,0.280091537409322,0.7872872837754024,-0.01626869762884127,-0.0004871447902570214,0.0168476307718338,-0.04386563796273716,0.3840735380651587,0.32006128172096554,-0.014495663414293102,0.0008310404111727676,0.352878441255415
signal_month,2026-01,all,author_net_shift,30,20D,all,0,11,0.45454545454545453,0.45454545454545453,0.21271271622459764,0.719908462590678,0.025200312898373586,-0.017050067658998636,0.1041788606819402,-0.040615143587931925,2.5650250492502287,2.1375208743751903,0.02900447744306607,-0.020343010704123476,2.3730485893408177
signal_month,2026-01,all,author_net_shift,30,5D,all,0,11,0.45454545454545453,0.36363636363636365,0.15166471095367573,0.6461988254921511,-0.018765113425889764,-0.014924519670631353,0.04872958474654736,-0.07501069523625403,0.6496351566009145,0.541362630500762,-0.010372831587739141,-0.003956477021987315,0.6630418037765082
signal_month,2026-01,all,author_net_shift,30,60D,all,0,11,0.45454545454545453,0.45454545454545453,0.21271271622459764,0.719908462590678,-0.01826636409601529,-0.027229103894654494,0.118941914484466,-0.13260659624641638,0.8969532274506318,0.7474610228755265,-0.01275386174167794,-0.004827631551414413,0.8075332395821306
signal_month,2026-01,all,author_net_shift,30,90D,all,0,11,0.6363636363636364,0.5454545454545454,0.280091537409322,0.7872872837754024,0.16939544546123922,0.13907886556028504,0.5208505201001136,-0.445650935156791,1.1687410011085593,2.0452967519399787,0.15182418704543632,0.07116990928485323,1.9354220338982109
signal_month,2026-01,all,author_net_shift,7,1D,all,0,6,0.3333333333333333,0.16666666666666666,0.030053369748306635,0.5635028221864702,-0.020339684051242517,-0.019038552125978492,0.010788201763565264,-0.035903626958646406,0.3004766559097512,0.1502383279548756,-0.020261160820510993,-0.01575199299004637,0.08328380405939642
signal_month,2026-01,all,author_net_shift,7,20D,all,0,6,0.6666666666666666,0.6666666666666666,0.299993315138392,0.9032285888942195,0.039868470726819094,0.01982006952546833,0.08936782133265628,-0.05913023048485527,1.5113727885019086,3.022745577003817,0.043375899164545074,0.025702750350819148,3.2999703378735727
signal_month,2026-01,all,author_net_shift,7,5D,all,0,6,0.3333333333333333,0.5,0.1876163064826506,0.8123836935173494,0.04795483906479048,-0.015177897301919208,0.18910173565963206,-0.022618609232630316,8.360449297069422,4.180224648534711,0.056142574148842904,-0.003284083587956288,7.095988743752662
signal_month,2026-01,all,author_net_shift,7,60D,all,0,6,0.3333333333333333,0.3333333333333333,0.09677141110578041,0.700006684861608,-0.0548405262421911,-0.07904577609090341,0.2061941969977038,-0.18535788786213855,1.1124112352373288,0.5562056176186644,-0.037356577087736854,-0.07777553151073474,0.6729165057189774
signal_month,2026-01,all,author_net_shift,7,90D,all,0,6,0.16666666666666666,0.3333333333333333,0.09677141110578041,0.700006684861608,-0.2023477961436395,-0.04883037590570316,0.40095349289745086,-0.3230080539518576,1.2413111313850105,0.2482622262770021,-0.1644101317082138,-0.11255377578758846,0.35316139815383935
signal_month,2026-01,all,author_net_shift,90,1D,all,0,13,0.6153846153846154,0.6923076923076923,0.42369343180549035,0.8731929634428948,0.007041710468516589,0.007863813055716928,0.020392174582563066,-0.014319032113957774,1.4241307946146282,2.2786092713834054,0.007350662615465063,0.003254135186103513,2.520915756145002
signal_month,2026-01,all,author_net_shift,90,20D,all,0,13,0.46153846153846156,0.46153846153846156,0.23206067809538303,0.7085620428549398,0.006537633297737113,-0.0060380330451048625,0.1054842874968737,-0.0782737845872371,1.3476323912677322,1.1551134782294847,0.00972482290562669,-0.01580776746723389,1.2470869505176363
signal_month,2026-01,all,author_net_shift,90,5D,all,0,13,0.46153846153846156,0.5384615384615384,0.29143795714506004,0.7679393219046169,0.02215055469837919,-0.007089848142317723,0.10059344059779825,-0.045086204643980006,2.231135696431473,1.9124020255126912,0.023157685334113973,0.0036984740727313836,2.1929108333670544
signal_month,2026-01,all,author_net_shift,90,60D,all,0,13,0.5384615384615384,0.5384615384615384,0.29143795714506004,0.7679393219046169,0.032085432161570664,0.006841372912801402,0.1162653202557383,-0.06612443728162491,1.7582806755778149,2.0513274548407843,0.034246841751423826,0.018479549869125922,2.1314587083304826
signal_month,2026-01,all,author_net_shift,90,90D,all,0,13,0.8461538461538461,0.6923076923076923,0.42369343180549035,0.8731929634428948,0.2772368064226903,0.1513140887548472,0.345664804873318,-0.09911718505576239,3.487435651838279,19.180896085110536,0.21805275457911832,0.07116990928485323,6.416738929635362
signal_month,2026-01,all,high_low_divergence,3,1D,all,0,1,0.0,0.0,0.0,0.7934506856227626,-0.0007328258711172264,-0.0007328258711172264,,-0.0007328258711172264,,,-0.004087419360614408,-0.004087419360614408,
signal_month,2026-01,all,high_low_divergence,3,20D,all,0,1,0.0,0.0,0.0,0.7934506856227626,-0.06706538697933895,-0.06706538697933895,,-0.06706538697933895,,,-0.08621392492367874,-0.08621392492367874,
signal_month,2026-01,all,high_low_divergence,3,5D,all,0,1,0.0,0.0,0.0,0.7934506856227626,-0.06801096874852264,-0.06801096874852264,,-0.06801096874852264,,,-0.07605911364392559,-0.07605911364392559,
signal_month,2026-01,all,high_low_divergence,3,60D,all,0,1,0.0,0.0,0.0,0.7934506856227626,-0.029171197579310748,-0.029171197579310748,,-0.029171197579310748,,,-0.04136579279649555,-0.04136579279649555,
signal_month,2026-01,all,high_low_divergence,3,90D,all,0,1,1.0,1.0,0.20654931437723745,1.0,0.02132286889508761,0.02132286889508761,0.02132286889508761,,,,0.10197708661252436,0.10197708661252436,
signal_month,2026-01,all,high_low_divergence,30,1D,all,0,13,0.15384615384615385,0.07692307692307693,0.013710421242556586,0.3331395092109959,-0.02077415043548248,-0.009708191462419524,0.003955920165846061,-0.02527052690845131,0.15654284456265408,0.028462335375028014,-0.01864753228841837,-0.005915620493743834,0.02928192828513188
signal_month,2026-01,all,high_low_divergence,30,20D,all,0,13,0.6153846153846154,0.46153846153846156,0.23206067809538303,0.7085620428549398,0.03546535822890135,0.018899730930074354,0.15352996329787783,-0.15343800988146103,1.000599287076832,1.6009588593229314,0.036152509130845896,-0.0002488070142654397,1.6248249680903284
signal_month,2026-01,all,high_low_divergence,30,5D,all,0,13,0.5384615384615384,0.6153846153846154,0.355228915126657,0.8229029220223743,-4.374067076349754e-05,0.011835561583672272,0.047341283834698475,-0.05532626926046913,0.8556746093220502,0.9982870442090584,-0.00011909801705247178,0.0076421977635267035,0.9948845244108119
signal_month,2026-01,all,high_low_divergence,30,60D,all,0,13,0.6153846153846154,0.5384615384615384,0.29143795714506004,0.7679393219046169,0.02980532578144859,0.05512048192771091,0.1432678060403464,-0.15173464263278788,0.9441997130943127,1.5107195409509002,0.026203342277831353,0.06843740033533952,1.479425524851929
signal_month,2026-01,all,high_low_divergence,30,90D,all,0,13,0.6153846153846154,0.6153846153846154,0.355228915126657,0.8229029220223743,-0.14660865449742216,0.0450911364085016,0.13897085681631724,-0.6035358725994053,0.23026113794657344,0.3684178207145175,-0.11758298084987545,0.07279033659393952,0.4914330892684446
signal_month,2026-01,all,high_low_divergence,7,1D,all,0,4,0.75,0.75,0.30064184258240184,0.9544127391902995,0.032995899027908365,0.01854386818823378,0.05563063923044106,-0.034908321579689705,1.5936211399750588,4.7808634199251765,0.03412365706069753,0.020796476576469103,6.160851147706089
signal_month,2026-01,all,high_low_divergence,7,20D,all,0,4,0.5,0.5,0.15003898915214947,0.8499610108478506,0.0668962534776803,0.010172444571484474,0.1762685617082999,-0.04247605475293931,4.1498336588358,4.1498336588358,0.06951218880405216,0.006627297545670763,4.127706497354325
signal_month,2026-01,all,high_low_divergence,7,5D,all,0,4,0.5,0.5,0.15003898915214947,0.8499610108478506,0.00489608129491953,0.00351010723245887,0.031145023933837057,-0.021352861343997998,1.4585878413242028,1.4585878413242028,0.00886286515128304,0.0015588401399503349,2.290372067676217
signal_month,2026-01,all,high_low_divergence,7,60D,all,0,4,0.75,0.75,0.30064184258240184,0.9544127391902995,0.2278549457811135,0.14423053272998193,0.3302642957566852,-0.07937310414560161,4.160909407686136,12.482728223058409,0.22550264699762065,0.17026352812422968,9.291659146750034
signal_month,2026-01,all,high_low_divergence,7,90D,all,0,4,0.75,0.75,0.30064184258240184,0.9544127391902995,0.5482964516578013,0.22336346313074518,0.7458304498066882,-0.04430554278885934,16.83379556731732,50.50138670195196,0.5617486217671896,0.3260480721072313,16.617369135666948
signal_month,2026-01,all,high_low_divergence,90,1D,all,0,12,0.5833333333333334,0.5833333333333334,0.31951131254954973,0.8067396863412435,-0.004709677174866811,0.0018602151562496783,0.008101796651841266,-0.022645740532258117,0.3577624957903462,0.5008674941064846,-0.0028279824178664703,0.002524269900493259,0.6029181529193101
signal_month,2026-01,all,high_low_divergence,90,20D,all,0,12,0.75,0.75,0.46769466506643426,0.9110583316059453,0.09440599842212398,0.043446448353084643,0.136044612949352,-0.030509845159560085,4.459039770207526,13.377119310622577,0.09181487842530993,0.03419290489238397,11.489710530817435
signal_month,2026-01,all,high_low_divergence,90,5D,all,0,12,0.5,0.5833333333333334,0.31951131254954973,0.8067396863412435,0.02270435390886194,0.008330431080793399,0.06385965451785634,-0.01845094670013246,3.461050294909686,3.461050294909686,0.024997503288764183,0.006166876788683329,7.858010930570901
signal_month,2026-01,all,high_low_divergence,90,60D,all,0,12,0.4166666666666667,0.4166666666666667,0.19326031365875665,0.6804886874504503,-0.011039933997905038,-0.03912062215346246,0.14741617176476549,-0.12422286668552684,1.1867072117885755,0.8476480084204111,-0.0013517997023551425,-0.01330216332927947,0.9783571362715475
signal_month,2026-01,all,high_low_divergence,90,90D,all,0,12,0.75,0.75,0.46769466506643426,0.9110583316059453,0.016999129534592594,0.05045711974641315,0.13577880166168232,-0.3393398868466766,0.40012626550745284,1.2003787965223585,0.0694980661741106,0.10279126480035727,1.8829086031979518
signal_month,2026-01,all,weighted_net,1,1D,all,0,25,0.44,0.44,0.26665638881067344,0.6293266813020123,0.0009477184440151421,-0.004698672114402558,0.03201510280662236,-0.02346236926946196,1.3645298323853605,1.0721305825884977,-0.0009266354726595117,-0.0037724781925502215,0.934657803786663
signal_month,2026-01,all,weighted_net,1,20D,all,0,25,0.44,0.44,0.26665638881067344,0.6293266813020123,-0.00893907121165804,-0.013483146067415852,0.129763251970525,-0.11791946799765898,1.1004395980916497,0.864631112786296,-0.006244163943256203,-0.017573724761422493,0.9015800361258854
signal_month,2026-01,all,weighted_net,1,5D,all,0,25,0.48,0.44,0.26665638881067344,0.6293266813020123,-0.00010265730227719594,-0.0016872619755426976,0.06347561713478535,-0.058790295244181084,1.0796954985707101,0.9966419986806556,-0.00010259827079923678,-0.004729961394907889,0.9965407783960742
signal_month,2026-01,all,weighted_net,1,60D,all,0,25,0.48,0.48,0.30031285954112974,0.6650148304964322,0.03956200469093002,-0.026064180231717193,0.2705028011072231,-0.1736141150779559,1.5580691753418918,1.4382177003155927,0.040165639986858466,-0.0048242427787723585,1.4844319457743784
signal_month,2026-01,all,weighted_net,1,90D,all,0,25,0.68,0.68,0.48410269273102247,0.8279480969309202,0.43710678249730556,0.1513140887548472,0.712989093120486,-0.1491431275769527,4.78056954218429,10.158710277141617,0.38291559167057415,0.1260370746577708,6.209306520689665
signal_month,2026-01,all,weighted_net,3,1D,all,0,47,0.48936170212765956,0.48936170212765956,0.3527555503368215,0.6275754625177314,0.0004044141776560962,-0.0003949372801986817,0.02197367907822779,-0.020266131352058445,1.0842562251525085,1.0390788824378205,-0.0009397745599276334,-0.002325892189826151,0.9125422113217414
signal_month,2026-01,all,weighted_net,3,20D,all,0,47,0.3829787234042553,0.40425531914893614,0.27640034519208756,0.5465787704988904,-0.01416340192271525,-0.013483146067415852,0.12255274926770467,-0.09902170266159659,1.2376352453413637,0.7681873936601569,-0.00950197993947285,-0.017573724761422493,0.8325787563758179
signal_month,2026-01,all,weighted_net,3,5D,all,0,47,0.5319148936170213,0.5319148936170213,0.39232383220194805,0.6666831292343927,0.011178523267179224,0.00426338228327805,0.06532725368070488,-0.050354124930009014,1.2973565476812108,1.474268804183194,0.012605566591941118,0.0023125859365784596,1.5828758829609597
signal_month,2026-01,all,weighted_net,3,60D,all,0,47,0.46808510638297873,0.46808510638297873,0.3333168707656074,0.607676167798052,0.0371212420899655,-0.026028238182934316,0.22969569030025694,-0.13234427233509097,1.735592226603322,1.5273211594109233,0.042743810579915796,-0.0048242427787723585,1.6695176773529539
signal_month,2026-01,all,weighted_net,3,90D,all,0,47,0.7021276595744681,0.7021276595744681,0.5602232608095393,0.8134874949539516,0.4128966554216707,0.1513140887548472,0.6442759619988692,-0.13249742436744008,4.862554612474366,11.461735872261006,0.35497333402835685,0.0748281838161029,7.286431750023456
signal_month,2026-01,all,weighted_net,30,1D,all,0,43,0.46511627906976744,0.4418604651162791,0.30433309839170514,0.5889238554717591,-0.008582460644194202,-0.005831836413297653,0.024571795201274498,-0.03741224833590612,0.6567847775588485,0.5711171978772596,-0.010717282962537641,-0.004048162463970106,0.47972337042525476
signal_month,2026-01,all,weighted_net,30,20D,all,0,43,0.46511627906976744,0.4883720930232558,0.3461744754671859,0.632476915305507,-0.006139575044185499,-0.00485838329543109,0.15670521925318615,-0.14774374399842172,1.0606555310718278,0.9223091574537632,-0.005424838894081469,-1.2878687169259884e-05,0.9304445932958109
signal_month,2026-01,all,weighted_net,30,5D,all,0,43,0.4883720930232558,0.5348837209302325,0.38915640472313967,0.6748894229587816,-0.00182334818043606,-0.001693706543055895,0.06256143947331827,-0.06328155457720155,0.9886204580672119,0.9436831645187023,-0.0029459472024756335,0.005218296871929873,0.9061042859257762
signal_month,2026-01,all,weighted_net,30,60D,all,0,43,0.4186046511627907,0.4186046511627907,0.28384550927849195,0.5667142261303578,-0.026484072185347415,-0.048820625342841484,0.2117091725808273,-0.1979832084169932,1.069328930840056,0.7699168302048403,-0.020079116846874898,-0.03705409530972037,0.8187280023047808
signal_month,2026-01,all,weighted_net,30,90D,all,0,43,0.7209302325581395,0.6976744186046512,0.5489463582227039,0.8139799986415182,0.17066125079801456,0.13275517011340887,0.39914538885380174,-0.41958943917943575,0.9512760607950116,2.45746315705378,0.12723774658021234,0.09368340909322614,2.0171777038785264
signal_month,2026-01,all,weighted_net,7,1D,all,0,46,0.5217391304347826,0.5,0.3611893708270325,0.6388106291729675,0.001035201743126686,0.0016939465475798166,0.03012087592378161,-0.030694624635769593,0.9813078440021262,1.0705176480023195,-0.00023671013406884286,0.00010392717563473264,0.9839563062804232
signal_month,2026-01,all,weighted_net,7,20D,all,0,46,0.41304347826086957,0.43478260869565216,0.3020926277801995,0.5775256630570501,-0.025001991783826488,-0.02310769981835581,0.14163819561556895,-0.1422673088426603,0.995577949479686,0.7005918903745938,-0.02213938958784542,-0.026550347447605538,0.7255226709350013
signal_month,2026-01,all,weighted_net,7,5D,all,0,46,0.5,0.5434782608695652,0.4018018105980127,0.6784526621771542,0.0033122638284272025,-0.0018719065867781048,0.06378313985647599,-0.05715861219962158,1.1158972795511342,1.1158972795511342,0.004004002379077305,0.0038182658130757052,1.1453954218230693
signal_month,2026-01,all,weighted_net,7,60D,all,0,46,0.41304347826086957,0.45652173913043476,0.32154733782284584,0.5981981894019872,0.0008610512431197143,-0.029351755997448936,0.2106616612763238,-0.14677641507654243,1.4352555290743805,1.0099946315708603,0.0073249860851835385,-0.030316282049922705,1.09195179124703
signal_month,2026-01,all,weighted_net,7,90D,all,0,46,0.6739130434782609,0.6956521739130435,0.5519435355159235,0.8092015919723277,0.21013187529245925,0.13986516606605903,0.4652401231560594,-0.3170918369589811,1.4672093978131728,3.032232755480557,0.16332228507774377,0.08387223197937799,2.3837457150349546
signal_month,2026-01,all,weighted_net,90,1D,all,0,47,0.5106382978723404,0.574468085106383,0.4328191934549279,0.7048637165632003,-0.0026906484271503766,0.002054029511918243,0.02356378199250553,-0.031454147449827295,0.7491470570007426,0.8172513349099011,-0.0021038263090258713,0.0017938349442025991,0.850558364713031
signal_month,2026-01,all,weighted_net,90,20D,all,0,47,0.425531914893617,0.44680851063829785,0.31410966265495277,0.5875454016178127,-0.017304790592602367,-0.017421441774491675,0.17550458242134556,-0.16012654838071197,1.0960367546552696,0.811879077522422,-0.012541214007660785,-0.005416619874156758,0.8563377687450563
signal_month,2026-01,all,weighted_net,90,5D,all,0,47,0.44680851063829785,0.46808510638297873,0.3333168707656074,0.607676167798052,-0.020486170596822825,-0.00627581049003334,0.05273670021504677,-0.0796277200987175,0.6622907217444765,0.5349271214090002,-0.01895260963046412,-0.0028927741417963393,0.5600348588306107
signal_month,2026-01,all,weighted_net,90,60D,all,0,47,0.5957446808510638,0.5531914893617021,0.41245459838218734,0.6858903373450472,0.04229605393864434,0.028772405168820292,0.21595154713240666,-0.21361730445216326,1.0109272171850952,1.4897874779569824,0.0437013973168832,0.01224682552274503,1.5047370044836395
signal_month,2026-01,all,weighted_net,90,90D,all,0,47,0.6595744680851063,0.5957446808510638,0.4534212295011096,0.7235996548079124,0.16664195599734363,0.11733377033061576,0.4239777379950506,-0.3319461216232137,1.2772486568657682,2.474669272677426,0.118079834335995,0.1260370746577708,1.8834281581112893
signal_month,2026-02,all,author_net,1,1D,all,0,7,0.5714285714285714,0.5714285714285714,0.2504583645276572,0.8417801447485302,-0.013866793491925164,0.011159759028212202,0.014682193826364542,-0.05193210991631144,0.2827189931243866,0.3769586574991821,-0.013078988444356923,0.004589018405659839,0.24820065674888475
signal_month,2026-02,all,author_net,1,20D,all,0,7,0.2857142857142857,0.5714285714285714,0.2504583645276572,0.8417801447485302,-0.04102898509619979,-0.03961864406779669,0.017255132111405058,-0.06434263197924173,0.26817572705095316,0.10727029082038125,-0.004350781790680412,0.005723646547819872,0.7378994173689876
signal_month,2026-02,all,author_net,1,5D,all,0,7,0.14285714285714285,0.2857142857142857,0.08221892400405678,0.6410655481673808,-0.024841057720569566,-0.020462332898991353,0.0804814814814816,-0.04239481425424476,1.8983803301702975,0.31639672169504957,-0.018315898204987007,-0.008706620921146935,0.3919210697906017
signal_month,2026-02,all,author_net,1,60D,all,0,7,0.5714285714285714,0.42857142857142855,0.15821985525146975,0.7495416354723428,0.12185085813311773,0.008276627575889206,0.269887986319641,-0.07553197944891328,3.573161835407506,4.764215780543341,0.05864040601634722,-0.06303655036087519,1.88131089236817
signal_month,2026-02,all,author_net,1,90D,all,0,7,0.5714285714285714,0.5714285714285714,0.2504583645276572,0.8417801447485302,0.15365075227375025,0.18923856865391575,0.34020075149588513,-0.0950825800224296,3.577950360787782,4.7706004810503755,0.07164415800657954,0.11448007600792343,1.9531209148068385
signal_month,2026-02,all,author_net,3,1D,all,0,25,0.44,0.4,0.23403302377747973,0.5926054264103301,-0.006083309377727573,-0.004383651345107875,0.016240932038311753,-0.023623784776044186,0.6874822215101176,0.5401646026150925,-0.005290809111307216,-0.002807804223340593,0.5364395078040354
signal_month,2026-02,all,author_net,3,20D,all,0,25,0.16,0.36,0.20247880774458224,0.5548150225183514,-0.023713143062563006,-0.04507510524301561,0.13432823090166413,-0.05381626191289198,2.496052793839348,0.47543862739797105,0.0074136373046143865,-0.009458538116987492,1.3919932486449407
signal_month,2026-02,all,author_net,3,5D,all,0,25,0.24,0.28,0.14283853850956563,0.47576605190361576,-0.016694630769494737,-0.01781955606582475,0.041465574891747146,-0.035061011504623756,1.1826690991581568,0.3734744523657337,-0.01063628392533032,-0.009240589092411988,0.5096554722582922
signal_month,2026-02,all,author_net,3,60D,all,0,25,0.56,0.44,0.26665638881067344,0.6293266813020123,0.2866299937980413,0.04592829728795689,0.5954264956480851,-0.10638373582928723,5.5969692266077145,7.123415379318909,0.22946445013091224,-0.010018173681177522,4.331787243947872
signal_month,2026-02,all,author_net,3,90D,all,0,25,0.6,0.5217391304347826,0.32962737336427406,0.7076284258335335,0.4238020728321284,0.08417770849571315,0.8870838081831832,-0.2711205301944538,3.2719167653845562,4.907875148076835,0.33207639696733365,0.009602742088420602,3.255013210321233
signal_month,2026-02,all,author_net,30,1D,all,0,45,0.6666666666666666,0.5777777777777777,0.4330078870920313,0.710312975327297,0.008775700705634538,0.007826431543491275,0.024582760554818853,-0.022838418992734096,1.0763775094344188,2.1527550188688376,0.007806667485860874,0.007358726799745696,2.334247712603988
signal_month,2026-02,all,author_net,30,20D,all,0,45,0.37777777777777777,0.4888888888888889,0.349570237528785,0.6299553535541681,-0.017152417990308196,-0.023809523809523725,0.08233111345552298,-0.0775531335109914,1.0616091153022773,0.6445483914335255,0.006172808369494654,-0.005579015555741362,1.1824786870352129
signal_month,2026-02,all,author_net,30,5D,all,0,45,0.4444444444444444,0.4444444444444444,0.30938930034997586,0.5882386550647896,-0.0036601939704200533,-0.006813417190775883,0.04850181616781838,-0.0453898020810108,1.0685619664358377,0.8548495731486702,0.0004138969656271943,-0.009314538529540783,1.0184994468448487
signal_month,2026-02,all,author_net,30,60D,all,0,45,0.6666666666666666,0.6,0.45451854590351387,0.7297511343499083,0.1886261911493872,0.06870875961014589,0.35632110936691863,-0.14676364528567568,2.427856767071566,4.855713534143132,0.13936881512356764,0.030875739000077784,3.2480549306919446
signal_month,2026-02,all,author_net,30,90D,all,0,45,0.6888888888888889,0.6,0.45451854590351387,0.7297511343499083,0.2945801300562442,0.07948423028028317,0.48165104677697995,-0.1196483283968134,4.025556004255951,8.913731152281034,0.23632754324962896,0.051108901893013536,4.809416377778119
signal_month,2026-02,all,author_net,7,1D,all,0,45,0.4444444444444444,0.37777777777777777,0.25108084672137915,0.5237006551911048,-0.004758787640355212,-0.0017282711713219046,0.014548534777898775,-0.0202046455749584,0.7200588955606428,0.5760471164485143,-0.004149133776999848,-0.004250274765684736,0.537455433037808
signal_month,2026-02,all,author_net,7,20D,all,0,45,0.3333333333333333,0.5333333333333333,0.3907745474012537,0.670648679349887,-0.008093912273666211,-0.028397626112759644,0.07572070838462724,-0.05000122260281294,1.514377138057568,0.757188569028784,0.019976323577176245,0.00040807184384505923,2.2826442302550474
signal_month,2026-02,all,author_net,7,5D,all,0,45,0.26666666666666666,0.3333333333333333,0.21358874934330035,0.47929511690099585,-0.018990263812548005,-0.01805537833354609,0.03808278062105099,-0.03974409815203855,0.9581996420038947,0.34843623345596175,-0.012209809668791791,-0.012517641034581528,0.4869088329689987
signal_month,2026-02,all,author_net,7,60D,all,0,45,0.6666666666666666,0.6,0.45451854590351387,0.7297511343499083,0.2579759233787983,0.11485261358338072,0.44310738091383445,-0.11228699169127392,3.9462040458981265,7.892408091796253,0.20646943254356082,0.052367017823989226,5.057945238083556
signal_month,2026-02,all,author_net,7,90D,all,0,45,0.6888888888888889,0.6046511627906976,0.45579063062873904,0.7363468524170255,0.36018151142287874,0.12617931034482766,0.6266764936884349,-0.22991452073656696,2.7256934084927704,6.035463975948277,0.28064039012529224,0.061782448147940094,3.9259358014773706
signal_month,2026-02,all,author_net,90,1D,all,0,34,0.6176470588235294,0.5588235294117647,0.3945389925620307,0.7111651775375785,0.009689950534544552,0.0034135333682357993,0.026543201624236925,-0.01899574299453839,1.3973236862526812,2.445316450942192,0.007323316574139636,0.0007145954848363223,2.127576993206166
signal_month,2026-02,all,author_net,90,20D,all,0,34,0.38235294117647056,0.47058823529411764,0.3145150447508847,0.6326328701993107,-0.013842597054984225,-0.02969780971471475,0.11065537266649862,-0.09091276878733075,1.2171598571082034,0.7534799115431735,0.008086610570330457,-0.005797698071262458,1.1999897117017497
signal_month,2026-02,all,author_net,90,5D,all,0,34,0.5,0.47058823529411764,0.3145150447508847,0.6326328701993107,0.009244791505426394,-0.0011300292272918289,0.055769642471000976,-0.03728005946014819,1.4959644184746506,1.4959644184746503,0.009843923230082026,-0.0030993618672678913,1.516313258027267
signal_month,2026-02,all,author_net,90,60D,all,0,34,0.6176470588235294,0.5294117647058824,0.3673671298006892,0.6854849552491152,0.0452382846264368,0.06520217304148584,0.22748690057510906,-0.24916332575218764,0.9130031471861253,1.4748512377622025,-0.006852361031995021,0.00990561552350655,0.9416110492202403
signal_month,2026-02,all,author_net,90,90D,all,0,34,0.5882352941176471,0.5588235294117647,0.3945389925620307,0.7111651775375785,0.08629176596155352,0.06092936461523224,0.2982400094721648,-0.21649143905360538,1.3776064807732082,1.9680092582474402,0.025032307444040926,0.053035427805576574,1.207043497631119
signal_month,2026-02,all,author_net_shift,30,1D,all,0,12,0.5,0.3333333333333333,0.13812009109121315,0.6093779111272004,-0.006763634170561861,-0.0021043759561408804,0.010261621387850936,-0.023788889728974656,0.43136193007580226,0.4313619300758022,-0.008521863122478454,-0.006022324956486136,0.2968833437240697
signal_month,2026-02,all,author_net_shift,30,20D,all,0,12,0.3333333333333333,0.3333333333333333,0.13812009109121315,0.6093779111272004,-0.033237611563972834,-0.053179029475021844,0.03222340833533954,-0.06596812151362902,0.488469393943288,0.244234696971644,-0.022438681556695633,-0.026957548593775527,0.3537113284760697
signal_month,2026-02,all,author_net_shift,30,5D,all,0,12,0.5,0.4166666666666667,0.19326031365875665,0.6804886874504503,-0.0338465992198006,-0.011445237378502893,0.022496004103415807,-0.090189202543017,0.24943123421771052,0.24943123421771052,-0.03149828757842058,-0.01088307218857465,0.266571295401601
signal_month,2026-02,all,author_net_shift,30,60D,all,0,12,0.3333333333333333,0.25,0.08894166839405471,0.5323053349335657,-0.16107700836962904,-0.05911670309787426,0.34684471481470186,-0.4150378699617945,0.8356941376135869,0.41784706880679345,-0.17369081922871302,-0.10753106387498906,0.3553042430709771
signal_month,2026-02,all,author_net_shift,30,90D,all,0,12,0.5833333333333334,0.45454545454545453,0.21271271622459764,0.719908462590678,-0.11811993367533187,0.05258526159429344,0.4167449183592083,-0.8669307265236881,0.4807130553906156,0.6729982775468618,-0.15243769810865138,-0.04645239632128573,0.6107152362799629
signal_month,2026-02,all,author_net_shift,7,1D,all,0,2,0.0,0.0,0.0,0.6576197724933469,-0.008671315101295873,-0.008671315101295873,,-0.008671315101295873,,,-0.004719136250639522,-0.004719136250639522,
signal_month,2026-02,all,author_net_shift,7,20D,all,0,2,0.5,0.0,0.0,0.6576197724933469,-0.012377370073264504,-0.012377370073264504,0.0239043824701195,-0.04865912261664851,0.4912620940259354,0.4912620940259354,-0.017593694810360216,-0.017593694810360216,
signal_month,2026-02,all,author_net_shift,7,5D,all,0,2,0.5,0.5,0.09453120573423074,0.9054687942657693,0.003462001989458563,0.003462001989458563,0.01636955510773519,-0.009445551128818064,1.7330439361862346,1.7330439361862346,0.0010698738414448572,0.0010698738414448572,1.7440859222620888
signal_month,2026-02,all,author_net_shift,7,60D,all,0,2,0.0,0.0,0.0,0.6576197724933469,-0.11811862121091415,-0.11811862121091415,,-0.11811862121091415,,,-0.12236979236245876,-0.12236979236245876,
signal_month,2026-02,all,author_net_shift,7,90D,all,0,2,0.0,0.0,0.0,0.6576197724933469,-0.15923215112474204,-0.15923215112474204,,-0.15923215112474204,,,-0.15093612559718123,-0.15093612559718123,
signal_month,2026-02,all,author_net_shift,90,1D,all,0,16,0.3125,0.3125,0.14164643854782039,0.5559564416525933,-0.012107509618430538,-0.012451687086641405,0.017551377447441528,-0.02558882192109966,0.6859001755359933,0.31177280706181515,-0.009049658191592744,-0.007974647528061152,0.335261676048633
signal_month,2026-02,all,author_net_shift,90,20D,all,0,16,0.375,0.5625,0.331785563988119,0.7690134759450765,-0.02340910765626964,-0.017912061251790068,0.08265333127490108,-0.08704657101497207,0.9495300080308121,0.5697180048184872,-0.00403802808118351,0.006411149320802223,0.9124592265688459
signal_month,2026-02,all,author_net_shift,90,5D,all,0,16,0.5,0.5,0.27999563610326017,0.7200043638967398,-0.004548965775639617,0.004482418561303658,0.0612370887024353,-0.07033502025371453,0.8706486254150363,0.8706486254150363,-0.0016652156238680382,0.012284519910222003,0.9488727996725931
signal_month,2026-02,all,author_net_shift,90,60D,all,0,16,0.6875,0.6875,0.44404355834740666,0.8583535614521796,0.27847842147209095,0.14806067526418165,0.4947010960908434,-0.19721146268916437,2.508480436913388,5.518656961209454,0.2325499777414057,0.08279087371475213,4.576511955577318
signal_month,2026-02,all,author_net_shift,90,90D,all,0,16,0.625,0.5625,0.331785563988119,0.7690134759450765,0.4573387014360809,0.08788972354285995,0.8328850808069997,-0.16857193084878386,4.940828977952046,8.23471496325341,0.3934063141707658,0.0723540704107728,5.204896347427844
signal_month,2026-02,all,high_low_divergence,3,1D,all,0,3,0.6666666666666666,0.6666666666666666,0.2076596008020477,0.9385080552796037,-0.024102108713293324,0.011159759028212202,0.0129783191159355,-0.09826296437175097,0.13207742305468811,0.26415484610937623,-0.02139308015936703,0.004589018405659839,0.1935322349904568
signal_month,2026-02,all,high_low_divergence,3,20D,all,0,3,0.6666666666666666,1.0,0.4385029682449546,1.0,-0.007152410098711592,0.0003621160746618557,0.0067051365953078035,-0.034867503486750384,0.1923033175534276,0.3846066351068552,0.017213935656245776,0.016535131072776155,
signal_month,2026-02,all,high_low_divergence,3,5D,all,0,3,0.0,0.3333333333333333,0.06149194472039621,0.7923403991979522,-0.02817115665160493,-0.03443637341942429,,-0.02817115665160493,,,-0.020879259945694617,-0.026768137976107664,0.029062112441587108
signal_month,2026-02,all,high_low_divergence,3,60D,all,0,3,0.6666666666666666,0.3333333333333333,0.06149194472039621,0.7923403991979522,0.05048452756215471,0.05286521388216303,0.08739155614607219,-0.023329529605680244,3.7459630615438644,7.491926123087729,-0.015397291784445488,-0.03247015824710453,0.6094875546413157
signal_month,2026-02,all,high_low_divergence,3,90D,all,0,3,1.0,1.0,0.4385029682449546,1.0,0.2518953389963911,0.25733118105999453,0.2518953389963911,,,,0.18154352583819833,0.17770051678499232,
signal_month,2026-02,all,high_low_divergence,30,1D,all,0,13,0.6153846153846154,0.6153846153846154,0.355228915126657,0.8229029220223743,0.011292530778001835,0.004517387934030115,0.03202883518685426,-0.021885556276162045,1.4634690927066072,2.3415505483305714,0.010281092284340803,0.0023199474149633303,3.026519204981287
signal_month,2026-02,all,high_low_divergence,30,20D,all,0,13,0.23076923076923078,0.38461538461538464,0.17709707797762575,0.6447710848733431,-0.04707967134618656,-0.03557777124375183,0.021340057537241258,-0.06760559001121491,0.3156552222042765,0.09469656666128294,-0.027060674055868428,-0.00740872458269104,0.25257949612355884
signal_month,2026-02,all,high_low_divergence,30,5D,all,0,13,0.6923076923076923,0.6923076923076923,0.42369343180549035,0.8731929634428948,0.0024395043898038584,0.0014861570316935246,0.02547702649860364,-0.04939492035499565,0.5157823176047893,1.160510214610776,0.006421777639756035,0.012966455473186755,1.4362058511471458
signal_month,2026-02,all,high_low_divergence,30,60D,all,0,13,0.6923076923076923,0.5384615384615384,0.29143795714506004,0.7679393219046169,0.05608772917081836,0.0368348526605895,0.13797091560090824,-0.12814944029688383,1.076640797503844,2.4224417943836487,0.01411247619560766,0.04113600116806437,1.2817771737617587
signal_month,2026-02,all,high_low_divergence,30,90D,all,0,13,0.7692307692307693,0.6153846153846154,0.355228915126657,0.8229029220223743,0.0923538315414738,0.042313757985619205,0.138800550493939,-0.0624685649667435,2.2219263491618944,7.406421163872981,0.052400731515263144,0.09115682001554748,2.3882127215075104
signal_month,2026-02,all,high_low_divergence,7,1D,all,0,11,0.45454545454545453,0.36363636363636365,0.15166471095367573,0.6461988254921511,-0.007407848848188923,-0.0011963439728190917,0.018048722744376987,-0.028621658508660514,0.6305966769506279,0.52549723079219,-0.008472277611731416,-0.0042652861885292825,0.30086090856222103
signal_month,2026-02,all,high_low_divergence,7,20D,all,0,11,0.2727272727272727,0.5454545454545454,0.280091537409322,0.7872872837754024,-0.008712454131156318,-0.022728378838759777,0.05643490284142209,-0.03314271299587322,1.7027846467622945,0.6385442425358604,0.007237025357269999,0.002996795443921174,1.3750597523408818
signal_month,2026-02,all,high_low_divergence,7,5D,all,0,11,0.45454545454545453,0.36363636363636365,0.15166471095367573,0.6461988254921511,-0.011708492058623425,-0.014211320387404358,0.013305526237382192,-0.03255350730529477,0.40872788644860003,0.34060657204050004,-0.007469240804919952,-0.009544033930483309,0.4630125257273669
signal_month,2026-02,all,high_low_divergence,7,60D,all,0,11,0.5454545454545454,0.36363636363636365,0.15166471095367573,0.6461988254921511,0.11128317150390324,0.005805549631525242,0.33690425589145007,-0.15946212976115298,2.1127540212593114,2.535304825511173,0.07781846574667078,-0.049177114876857164,2.0302416351846495
signal_month,2026-02,all,high_low_divergence,7,90D,all,0,11,0.6363636363636364,0.45454545454545453,0.21271271622459764,0.719908462590678,0.13425609376580508,0.030124908155767738,0.30597665443916505,-0.16625488741257496,1.8404069751035903,3.220712206431283,0.0843059010738865,-0.06433223805129051,2.213001901834778
signal_month,2026-02,all,high_low_divergence,90,1D,all,0,10,0.6,0.6,0.31267376973365824,0.8318196702937638,0.001258634709616757,0.0055780137592124635,0.024589611771111852,-0.033737830882625885,0.7288438861602946,1.0932658292404418,0.0015342293298038934,0.0011521662015694933,1.1383592882144122
signal_month,2026-02,all,high_low_divergence,90,20D,all,0,10,0.5,0.5,0.236593090512564,0.7634069094874361,0.016111555491406727,-0.006230836800353412,0.09103461453162191,-0.058811503548808465,1.5479049002049583,1.5479049002049583,-0.0011787597348543511,-0.003222233464637403,0.9704191997373174
signal_month,2026-02,all,high_low_divergence,90,5D,all,0,10,0.6,0.6,0.31267376973365824,0.8318196702937638,-0.002489839869799404,0.006714426739251378,0.028462252418708884,-0.04891797830256184,0.5818362370306361,0.8727543555459543,-0.0032820838348985304,0.004619398493922455,0.8280262497282219
signal_month,2026-02,all,high_low_divergence,90,60D,all,0,10,0.2,0.3,0.10779126740630099,0.6032218525388546,-0.20312701778609502,-0.1693834428383706,0.14761364786737108,-0.29081218419946153,0.5075910016415481,0.12689775041038703,-0.16917328541268056,-0.12160093566253483,0.14860368319632677
signal_month,2026-02,all,high_low_divergence,90,90D,all,0,10,0.7,0.9,0.5958499732047615,0.9821237869049271,-0.06745123665303006,0.023830398598335523,0.13795351335540432,-0.5467289866727102,0.2523252227670668,0.5887588531231559,-0.01620702567226684,0.11592652476035459,0.8861262858064016
signal_month,2026-02,all,weighted_net,1,1D,all,0,9,0.4444444444444444,0.4444444444444444,0.18877852109766452,0.733348706504507,-0.013203928093215737,-0.008564057335498476,0.014682193826364542,-0.03551282562887996,0.41343355721107694,0.33074684576886154,-0.013205946063842337,-0.0006551263496443749,0.20274807085266994
signal_month,2026-02,all,weighted_net,1,20D,all,0,9,0.2222222222222222,0.5555555555555556,0.26665129349549305,0.8112214789023355,-0.046140315694850234,-0.04046290419630583,0.017255132111405058,-0.06425330078235174,0.2685485710664762,0.07672816316185034,-0.009790336443036741,0.005723646547819872,0.5373924457333868
signal_month,2026-02,all,weighted_net,1,5D,all,0,9,0.2222222222222222,0.3333333333333333,0.1205838183869109,0.6457978644196036,-0.025369323556364825,-0.020462332898991353,0.04080535857277312,-0.04427637559326138,0.9216056650080336,0.2633159042880096,-0.019965989184838644,-0.008706620921146935,0.32479759493008126
signal_month,2026-02,all,weighted_net,1,60D,all,0,9,0.6666666666666666,0.5555555555555556,0.26665129349549305,0.8112214789023355,0.13199847867790604,0.12191789840998135,0.23576370774131572,-0.07553197944891328,3.121375998106558,6.242751996213116,0.06866597389148076,0.05004748561983563,2.3268389824168154
signal_month,2026-02,all,weighted_net,1,90D,all,0,9,0.6666666666666666,0.6666666666666666,0.3542021355803963,0.879416181613089,0.1568690319307491,0.18923856865391575,0.28284483790733844,-0.0950825800224296,2.974728260850899,5.949456521701798,0.07249903453322472,0.11123528912255942,2.240063455587911
signal_month,2026-02,all,weighted_net,3,1D,all,0,32,0.46875,0.40625,0.2551963484266544,0.5773997512461713,-0.006802655119055898,-0.002441978543752943,0.018994615204193856,-0.029564952463099797,0.6424706830799459,0.5668858968352464,-0.006298023872293685,-0.0012035680078155142,0.5416403824291048
signal_month,2026-02,all,weighted_net,3,20D,all,0,32,0.25,0.4375,0.2816533111504036,0.6067440886314801,-0.01802537829442772,-0.03959919362209108,0.08963044576476392,-0.05391065298082493,1.6625739220158193,0.5541913073386063,0.007141237138833953,-0.005284998368869587,1.3746034751575729
signal_month,2026-02,all,weighted_net,3,5D,all,0,32,0.28125,0.34375,0.20410437924433172,0.5168891202103778,-0.018709853846205566,-0.014832975564083806,0.03600472554837624,-0.040119906652781055,0.8974279491719716,0.35116745837164104,-0.01508918001201585,-0.009158493639558618,0.42279860214783815
signal_month,2026-02,all,weighted_net,3,60D,all,0,32,0.625,0.53125,0.3644951711897464,0.6913061289193116,0.2218281339763973,0.11045232410756278,0.48032130378003035,-0.20899381569632447,2.2982560616911005,3.8304267694851672,0.16895973848713094,0.04925110297936619,2.848518911713097
signal_month,2026-02,all,weighted_net,3,90D,all,0,32,0.65625,0.5666666666666667,0.3919730700081361,0.7262251442353347,0.4110149250347457,0.1193003469963132,0.6766362471787695,-0.09608032633111802,7.04240163430444,13.444584938217568,0.3261859201451707,0.027498864856752903,6.168351562389613
signal_month,2026-02,all,weighted_net,30,1D,all,0,38,0.6842105263157895,0.5526315789473685,0.3970629712199248,0.6985359900194876,0.004310631063900157,0.006756279701894685,0.025188948298177798,-0.04092572294370139,0.615479617374834,1.333539170978807,0.002357034757693502,0.002194996502764557,1.2028217470058786
signal_month,2026-02,all,weighted_net,30,20D,all,0,38,0.42105263157894735,0.47368421052631576,0.32479023322526057,0.6274102861550331,-0.01860547459202221,-0.02374227454775596,0.09241769691772558,-0.09934959932638422,0.9302271729764516,0.676528853073783,0.0026744939714221884,-0.003934200377900987,1.0646019719779107
signal_month,2026-02,all,weighted_net,30,5D,all,0,38,0.42105263157894735,0.42105263157894735,0.27852501157758713,0.5780765465632945,-0.002238516220939349,-0.011902913741571819,0.057386303854146455,-0.04560202173009265,1.2584157823923272,0.9152114781035107,0.0013792727552568002,-0.010175752619239031,1.0583437227191075
signal_month,2026-02,all,weighted_net,30,60D,all,0,38,0.6578947368421053,0.631578947368421,0.47283959557009003,0.7661578075284404,0.1394712968612566,0.0746103611110025,0.3052266178580108,-0.1792889358248092,1.7024286326082088,3.2739012165542474,0.09076047841632277,0.03446587753941999,2.1831909148314446
signal_month,2026-02,all,weighted_net,30,90D,all,0,38,0.631578947368421,0.5789473684210527,0.42192345343670545,0.7214749884224129,0.23162251736420295,0.05592051689545774,0.4393556489413717,-0.12449142248237198,3.5292041827507,6.050064313286914,0.1733914659109213,0.043782307091022044,3.3630011296368085
signal_month,2026-02,all,weighted_net,7,1D,all,0,43,0.5116279069767442,0.3953488372093023,0.2636531475829744,0.5442093693712609,-0.0010274454910939603,0.00022716946842349373,0.023724371120096052,-0.026957920036150163,0.8800519879976656,0.9219592255213639,-0.0007797091793031478,-0.003215192444504189,0.9266027042741483
signal_month,2026-02,all,weighted_net,7,20D,all,0,43,0.3953488372093023,0.5116279069767442,0.3675230846944931,0.6538255245328142,0.005433583044746057,-0.028710881424059753,0.09225710740545413,-0.05133564442187077,1.7971354688234789,1.1750501142307364,0.02768337811694346,0.005723646547819872,2.6076963390237498
signal_month,2026-02,all,weighted_net,7,5D,all,0,43,0.32558139534883723,0.3488372093023256,0.22418589997352706,0.49828218007147956,-0.01428803948724597,-0.01805537833354609,0.04961568611056192,-0.04513811391377392,1.0991971486744303,0.5306468993600698,-0.01092259707946912,-0.015449572363615216,0.6061042795662429
signal_month,2026-02,all,weighted_net,7,60D,all,0,43,0.6744186046511628,0.6046511627906976,0.45579063062873904,0.7363468524170255,0.24999692847089608,0.08595464520848584,0.47066123362252443,-0.20709341791461977,2.2727001097474187,4.707735941619654,0.2078276855354219,0.05004748561983563,3.9124106843074054
signal_month,2026-02,all,weighted_net,7,90D,all,0,43,0.7674418604651163,0.6666666666666666,0.5155250737683379,0.7898753292764273,0.43981897349463067,0.13652677417811176,0.6004786734589395,-0.09035803638758849,6.645548060420453,21.930308599387498,0.360820148198338,0.06611652033553927,10.508424414588408
signal_month,2026-02,all,weighted_net,90,1D,all,0,44,0.6818181818181818,0.5454545454545454,0.40066183198961974,0.6829476585777909,0.009493798935839515,0.004409627498635937,0.024898080426578553,-0.023515375687172713,1.0588000275989673,2.268857201997787,0.0075213921137620285,0.0010380889398471926,2.0703099672475953
signal_month,2026-02,all,weighted_net,90,20D,all,0,44,0.45454545454545453,0.5454545454545454,0.40066183198961974,0.6829476585777909,-0.003961207453224747,-0.014083588908766709,0.10481718926215342,-0.09460987138270655,1.1078885081468637,0.9232404234557199,0.013213246563628878,0.00253225089163156,1.3351593645638278
signal_month,2026-02,all,weighted_net,90,5D,all,0,44,0.45454545454545453,0.45454545454545453,0.31705234142220895,0.5993381680103802,-0.0057848990597722805,-0.007871883971457716,0.05386778385478529,-0.05549546815523693,0.9706699600064903,0.808891633338742,-0.004487409051384889,-0.009442329851750753,0.8449940226610286
signal_month,2026-02,all,weighted_net,90,60D,all,0,44,0.5909090909090909,0.5227272727272727,0.3793546556062164,0.662450089677489,0.060850890802730255,0.05054405762932579,0.2864213669943147,-0.2649731303628917,1.0809449494069407,1.5613649269211367,0.01945159656838939,0.013241708678713549,1.160448917562723
signal_month,2026-02,all,weighted_net,90,90D,all,0,44,0.5454545454545454,0.5,0.35831760539989393,0.641682394600106,0.10708805225878307,0.030569330225021896,0.4166813284186682,-0.264423879133079,1.5758082431313292,1.890969891757595,0.05905521437096881,-0.009241695905602088,1.4127371738199288
signal_month,2026-03,all,author_net,1,1D,all,0,15,0.4666666666666667,0.4666666666666667,0.24809535365737387,0.698830199745016,-0.0006575099060969129,-0.007421311719954304,0.027998714469819625,-0.025731706235023882,1.0881017455309698,0.9520890273395985,0.001970328858100386,-0.003974423037773067,1.199208827658194
signal_month,2026-03,all,author_net,1,20D,all,0,15,0.4666666666666667,0.6666666666666666,0.41713547738519774,0.8482367556028526,0.05390419041830696,-0.009634397744961998,0.21038458877310415,-0.08301615814214057,2.534260720821155,2.2174781307185105,0.04623012898417973,0.009433569980287326,2.4018995780241785
signal_month,2026-03,all,author_net,1,5D,all,0,15,0.4,0.4666666666666667,0.24809535365737387,0.698830199745016,-0.003153082238997588,-0.0010804597701149499,0.0553577052902704,-0.042160273925176246,1.3130300194091773,0.8753533462727848,0.0016281316560928275,-0.00373569799810769,1.0816612111116486
signal_month,2026-03,all,author_net,1,60D,all,0,15,0.7333333333333333,0.6,0.357468301206246,0.8017550385865841,0.4358314729077836,0.1773574561403508,0.6598674231248984,-0.180267390189282,3.660492463068518,10.066354273438423,0.3369962293404616,0.05634662519100875,5.7520234877778655
signal_month,2026-03,all,author_net,1,90D,all,0,3,1.0,1.0,0.4385029682449546,1.0,0.5532574879730502,0.16906772644477575,0.5532574879730502,,,,0.44662784520837984,0.06680699456581718,
signal_month,2026-03,all,author_net,3,1D,all,0,41,0.4878048780487805,0.43902439024390244,0.2989013173655036,0.5895947277789392,-0.0036566189650051994,-0.0015513764156309673,0.021103376179553608,-0.027237566721727873,0.7747893339796423,0.7378946037901355,-0.002766601425975106,-0.001646442631138223,0.750114820942323
signal_month,2026-03,all,author_net,3,20D,all,0,41,0.4634146341463415,0.5853658536585366,0.4336710313403013,0.7224345054574786,0.053284502922714985,-0.00469660891698831,0.20084430139640588,-0.07415350485001806,2.708493709132576,2.3391536578872247,0.04235595368513665,0.009400984269079538,2.6489329469987744
signal_month,2026-03,all,author_net,3,5D,all,0,41,0.4146341463414634,0.4878048780487805,0.34254429554432664,0.6351549134845619,-0.014469933566481071,-0.0034188034188034067,0.05037051729223396,-0.060398586258070895,0.8339684819278876,0.5907276746989205,-0.011325496185103581,-0.001889159288990916,0.5959659141231538
signal_month,2026-03,all,author_net,3,60D,all,0,41,0.6097560975609756,0.5121951219512195,0.3648450865154381,0.6574557044556734,0.3534480068126066,0.10820376382142594,0.6673656323442206,-0.13704828308054032,4.869565800777119,7.608696563714249,0.2656162261508104,0.004117316835829055,4.478668890719233
signal_month,2026-03,all,author_net,3,90D,all,0,5,0.6,0.6,0.2307242812760128,0.882379225767352,0.2905054576683632,0.16906772644477575,0.5772277191301384,-0.13957793452429962,4.1355227178092875,6.203284076713932,0.17863049033216766,0.06680699456581718,2.7745442120525676
signal_month,2026-03,all,author_net,30,1D,all,0,51,0.6078431372549019,0.6078431372549019,0.4708515898394834,0.7297265901824019,0.004871804207286719,0.0036706227823319892,0.02356986049573511,-0.024110183039808292,0.977589446617595,1.5152636422572723,0.00523136341955203,0.0016948441550779236,1.593973474471183
signal_month,2026-03,all,author_net,30,20D,all,0,51,0.49019607843137253,0.47058823529411764,0.3405299020949959,0.6047669578990353,0.018403983232670573,-0.019404232100533658,0.14394788114906332,-0.10231130322539937,1.4069597064161667,1.3528458715540064,0.015661890901141645,-0.00310788919835725,1.3518160746231775
signal_month,2026-03,all,author_net,30,5D,all,0,51,0.5490196078431373,0.5686274509803921,0.43265302109302245,0.6949876389209046,0.00379829552073247,0.007493247364293909,0.04512837916554132,-0.04651658891642613,0.9701566734960095,1.1810602981690552,0.008295923344088284,0.010261356532937138,1.4380014164045671
signal_month,2026-03,all,author_net,30,60D,all,0,51,0.6862745098039216,0.5098039215686274,0.37680923894569696,0.6414251410562926,0.1909370945172808,0.08364555197351242,0.3511627186831604,-0.15955645834558083,2.2008680959976097,4.814398959994771,0.10906517059965753,0.012899563838403294,2.464069821637983
signal_month,2026-03,all,author_net,30,90D,all,0,6,0.6666666666666666,0.6666666666666666,0.299993315138392,0.9032285888942195,0.2742446667653063,0.1674295125824924,0.4263180709705402,-0.02990214164516153,14.257108271023217,28.514216542046434,0.19952538255353247,0.05535058626483169,5.2158870633184335
signal_month,2026-03,all,author_net,7,1D,all,0,52,0.5,0.5192307692307693,0.38685682768056057,0.6489588555454449,0.0006428281100655733,0.0002492416195707392,0.02648131132009085,-0.025195655099959705,1.0510269018618692,1.0510269018618692,0.0011200719835208035,0.000666149830774676,1.102176967244039
signal_month,2026-03,all,author_net,7,20D,all,0,52,0.5192307692307693,0.5,0.36885862959780547,0.6311413704021945,0.04861295461620024,0.007496126906069933,0.19916816221973377,-0.11398666959561597,1.747293459194056,1.8870769359295807,0.029661519312587876,-0.0010196543450979867,1.6393106784872424
signal_month,2026-03,all,author_net,7,5D,all,0,52,0.4230769230769231,0.4230769230769231,0.2986805208350091,0.5580567462609698,-0.005009697425727665,-0.013386260821222351,0.06249847600445815,-0.0545156912745306,1.1464309548920104,0.8407160335874744,-0.0014655278113165765,-0.003134158781306684,0.9407469612257454
signal_month,2026-03,all,author_net,7,60D,all,0,52,0.6730769230769231,0.5,0.36885862959780547,0.6311413704021945,0.32562440763281614,0.09592465789746918,0.5551387193696415,-0.1469050577077067,3.7788945325094736,7.780076978695974,0.2321027421229553,-0.00547018806006927,4.017577438470528
signal_month,2026-03,all,author_net,7,90D,all,0,5,0.4,0.4,0.11762077423264783,0.769275718723987,0.04194123759756472,-0.02863626985764378,0.24755598556095654,-0.0951352610446965,2.60214754069629,1.73476502713086,-0.0253061181930317,-0.14071519617530448,0.7964576451452245
signal_month,2026-03,all,author_net,90,1D,all,0,52,0.5961538461538461,0.6153846153846154,0.4795987371581939,0.7352953621978379,0.007674471247656531,0.002461921860725025,0.02762924400187405,-0.02178257424666457,1.2684104132506169,1.8724153719413867,0.008215864632436821,0.004298276681881152,1.9815551447142608
signal_month,2026-03,all,author_net,90,20D,all,0,52,0.5961538461538461,0.5192307692307693,0.38685682768056057,0.6489588555454449,0.0422691306108464,0.028587757175514317,0.15142741447071334,-0.11886928842038574,1.2738985526285356,1.8805169110230762,0.02393046809901576,0.004261703202524225,1.4327833001031216
signal_month,2026-03,all,author_net,90,5D,all,0,52,0.6538461538461539,0.6923076923076923,0.5573041117529434,0.8008527205071096,0.01946052446041347,0.016092900038358615,0.06037792143453015,-0.05782789204625135,1.0440968760583433,1.972182988110204,0.02159985735808181,0.018687881302681175,2.136285801195009
signal_month,2026-03,all,author_net,90,60D,all,0,52,0.6730769230769231,0.4807692307692308,0.35104114445455514,0.6131431723194395,0.1750452000305588,0.09477184354068724,0.3186094319466248,-0.1205282186201653,2.643442636041075,5.442381897731625,0.08188912186180862,-0.005457317325622935,1.980867237968857
signal_month,2026-03,all,author_net,90,90D,all,0,3,0.3333333333333333,0.3333333333333333,0.06149194472039621,0.7923403991979522,0.030415706192945202,-0.02863626985764378,0.15105140186915866,-0.02990214164516153,5.051524524953226,2.525762262476613,-0.0816632201247155,-0.14071519617530448,0.1372453247136545
signal_month,2026-03,all,author_net_shift,30,1D,all,0,19,0.42105263157894735,0.42105263157894735,0.23141891282454238,0.6372409646574496,-0.005619982771878824,-0.0010247457112493308,0.010807533413297807,-0.0175672672701891,0.615208572117402,0.44742441608538325,-0.007429685201093164,-0.001450414520453247,0.26784139667587825
signal_month,2026-03,all,author_net_shift,30,20D,all,0,19,0.47368421052631576,0.47368421052631576,0.2732980516117956,0.6829219075488682,-0.04114820527251113,-0.009634397744961998,0.09628489088789773,-0.1648379918168791,0.5841183202162642,0.5257064881946377,-0.030037993222920674,-0.010459537444555744,0.548751930595504
signal_month,2026-03,all,author_net_shift,30,5D,all,0,19,0.5263157894736842,0.5263157894736842,0.3170780924511316,0.7267019483882042,0.003828635943657729,0.0028667876711165885,0.038221074049327064,-0.03438518417375264,1.1115564731656282,1.2350627479618093,-0.0014643675951750102,0.0026384667432203246,0.9161944614959625
signal_month,2026-03,all,author_net_shift,30,60D,all,0,19,0.3684210526315789,0.42105263157894735,0.23141891282454238,0.6372409646574496,-0.0611585375524326,-0.05852421311320455,0.4125032832405888,-0.33746126634836177,1.2223722375733665,0.7130504719177972,-0.04755325836386339,-0.009076950336414757,0.7448612379571666
signal_month,2026-03,all,author_net_shift,30,90D,all,0,6,0.5,0.3333333333333333,0.09677141110578041,0.700006684861608,0.10557062493912282,-0.10770064614805958,0.4713579859694282,-0.26021673609118257,1.811405342522856,1.811405342522856,0.06570023129814993,-0.11988694666493105,1.3997952315647415
signal_month,2026-03,all,author_net_shift,7,1D,all,0,9,0.3333333333333333,0.3333333333333333,0.1205838183869109,0.6457978644196036,0.0028482731732961306,-0.0013663442094331568,0.018757077826777196,-0.005106129153444401,3.673443671929916,1.8367218359649577,0.001964228445802907,-0.0015259088839766344,1.7217170894555571
signal_month,2026-03,all,author_net_shift,7,20D,all,0,9,0.5555555555555556,0.5555555555555556,0.26665129349549305,0.8112214789023355,0.0029080477059148205,0.0007606628633524126,0.08430597693652264,-0.09883936383234496,0.852959526120844,1.066199407651055,0.007834982046803564,0.009433569980287326,1.3111207708489039
signal_month,2026-03,all,author_net_shift,7,5D,all,0,9,0.7777777777777778,0.8888888888888888,0.5650002944233439,0.9801091123614551,0.015856056285066318,0.026825633383010583,0.03009505702791266,-0.033980446314895885,0.8856580855066638,3.0998032992733235,0.008229262529621258,0.005334279231816286,5.007544273769549
signal_month,2026-03,all,author_net_shift,7,60D,all,0,9,0.5555555555555556,0.4444444444444444,0.18877852109766452,0.733348706504507,-0.23009426423206136,0.03563395587454832,0.12696411625892143,-0.6764172398457898,0.18770088752892639,0.234626109411158,-0.223221812681808,-0.015452804090648975,0.11908728015607134
signal_month,2026-03,all,author_net_shift,7,90D,all,0,1,1.0,1.0,0.20654931437723745,1.0,0.16906772644477575,0.16906772644477575,0.16906772644477575,,,,0.06680699456581718,0.06680699456581718,
signal_month,2026-03,all,author_net_shift,90,1D,all,0,18,0.3888888888888889,0.4444444444444444,0.24559518127005633,0.6628358435795723,-0.003804950820882058,-0.0025950227473245935,0.023898272184353666,-0.02143427455148661,1.114955961161567,0.709517429830088,0.0003974186225287952,-0.000907858032336839,1.050675752758127
signal_month,2026-03,all,author_net_shift,90,20D,all,0,18,0.5,0.6111111111111112,0.3861904160223791,0.7969475342783638,0.03507666387331178,0.002600363481512935,0.1909317990021606,-0.12077847125553703,1.5808429848246437,1.5808429848246437,0.04042602304178544,0.010460496837041977,1.9974779309886945
signal_month,2026-03,all,author_net_shift,90,5D,all,0,18,0.5,0.6111111111111112,0.3861904160223791,0.7969475342783638,-0.005355048744458795,0.0007881380701052487,0.048549812697130386,-0.059259910186047975,0.8192690900932356,0.8192690900932356,-0.0020442334348562624,0.0038150125048097006,0.9082476402833936
signal_month,2026-03,all,author_net_shift,90,60D,all,0,18,0.6666666666666666,0.6111111111111112,0.3861904160223791,0.7969475342783638,0.24177502800699668,0.12087650744185291,0.4751293373370516,-0.22493359065311322,2.1123093974424827,4.224618794884965,0.21025647952455606,0.10736104936311519,3.686955529937696
signal_month,2026-03,all,high_low_divergence,3,1D,all,0,2,0.5,0.5,0.09453120573423074,0.9054687942657693,-0.011600225846866596,-0.011600225846866596,0.027944111776447067,-0.05114456347018026,0.5463750178010578,0.5463750178010578,-0.0085317488282175,-0.0085317488282175,0.6373854864284125
signal_month,2026-03,all,high_low_divergence,3,20D,all,0,2,0.5,0.0,0.0,0.6576197724933469,-0.0849281167903565,-0.0849281167903565,0.05227094064226967,-0.22212717422298267,0.23531988296847198,0.23531988296847198,-0.08038617414726845,-0.08038617414726845,
signal_month,2026-03,all,high_low_divergence,3,5D,all,0,2,0.0,0.0,0.0,0.6576197724933469,-0.10596303282660835,-0.10596303282660835,,-0.10596303282660835,,,-0.0708368318412595,-0.0708368318412595,
signal_month,2026-03,all,high_low_divergence,3,60D,all,0,2,0.5,0.5,0.09453120573423074,0.9054687942657693,0.5245850539907909,0.5245850539907909,1.3953349212122634,-0.3461648132306816,4.030839842414667,4.030839842414667,0.5119031645886571,0.5119031645886571,5.425725374375514
signal_month,2026-03,all,high_low_divergence,30,1D,all,0,12,0.25,0.3333333333333333,0.13812009109121315,0.6093779111272004,-0.012133861148528621,-0.007964583818320548,0.01946680332199872,-0.022667415972037735,0.8588011684266414,0.2862670561422138,-0.009190798241576,-0.004374303513621669,0.35759475060021323
signal_month,2026-03,all,high_low_divergence,30,20D,all,0,12,0.3333333333333333,0.4166666666666667,0.19326031365875665,0.6804886874504503,-0.009129068859080694,-0.02706072920448982,0.15704403181541776,-0.09221561919632992,1.7030090258469786,0.8515045129234893,-0.01322785817613432,-0.06969059179878945,0.7515698271511028
signal_month,2026-03,all,high_low_divergence,30,5D,all,0,12,0.3333333333333333,0.16666666666666666,0.04696514218385378,0.4480308622529734,-0.03855527170982476,-0.02678974388816685,0.020074802092381522,-0.0678703086109279,0.2957818006613462,0.1478909003306731,-0.035334687637723065,-0.020576845508043506,0.06069342791553376
signal_month,2026-03,all,high_low_divergence,30,60D,all,0,12,0.5,0.3333333333333333,0.13812009109121315,0.6093779111272004,0.10719674319872947,-0.009007456060368735,0.43115373789695605,-0.21676025149949707,1.9890811849235948,1.9890811849235948,0.07579886682765874,-0.05658066339313694,1.7299449442277433
signal_month,2026-03,all,high_low_divergence,7,1D,all,0,5,0.4,0.4,0.11762077423264783,0.769275718723987,-0.0018110639443096321,-0.014418107601478436,0.036679541122475345,-0.027471467322166283,1.3351868210140787,0.8901245473427192,0.0020342256958348235,-0.001328613438054349,1.1669326267201807
signal_month,2026-03,all,high_low_divergence,7,20D,all,0,5,0.8,0.6,0.2307242812760128,0.882379225767352,0.02732831298160616,0.06753755715218812,0.08969218478275337,-0.22212717422298267,0.4037875379115738,1.6151501516462952,0.006906957743121511,0.007886825675577969,1.214805525215937
signal_month,2026-03,all,high_low_divergence,7,5D,all,0,5,0.2,0.2,0.03622410863243014,0.6244653702374747,-0.06003037112613439,-0.05018534359851712,0.024824372383104754,-0.08124405700344417,0.30555308657287233,0.07638827164321808,-0.050129307074407305,-0.016372834040480733,0.016006711010821982
signal_month,2026-03,all,high_low_divergence,7,60D,all,0,5,0.8,0.8,0.37553462976252533,0.9637758913675698,0.5546510159483352,0.2502408857588341,0.7798549732430894,-0.3461648132306816,2.2528429910737344,9.011371964294938,0.521226509214719,0.29305743913278726,12.265828906734743
signal_month,2026-03,all,high_low_divergence,90,1D,all,0,3,0.6666666666666666,0.6666666666666666,0.2076596008020477,0.9385080552796037,0.0022282789903056432,0.007886864291542173,0.028317608693860685,-0.04995038041680444,0.5669147753744433,1.1338295507488867,0.0029064758159867607,0.00993610729505967,1.2714389167028013
signal_month,2026-03,all,high_low_divergence,90,20D,all,0,3,0.3333333333333333,0.3333333333333333,0.06149194472039621,0.7923403991979522,0.025302212887852022,-0.011577902745616875,0.18321475625823447,-0.0536540587973392,3.4147417803053592,1.7073708901526796,0.01302024760177837,-0.0075210085484038736,2.2894076028270214
signal_month,2026-03,all,high_low_divergence,90,5D,all,0,3,0.6666666666666666,1.0,0.4385029682449546,1.0,0.025184758223493604,0.016870658286470497,0.04919949251609429,-0.022844710361707765,2.1536492140676176,4.307298428135235,0.023824720476266936,0.01096779919632862,
signal_month,2026-03,all,high_low_divergence,90,60D,all,0,3,0.3333333333333333,0.3333333333333333,0.06149194472039621,0.7923403991979522,-0.09205547483082317,-0.14389679126695332,0.17504611330698294,-0.22560626889972624,0.7758920625773239,0.38794603128866195,-0.056917171343989624,-0.004068762635071055,0.13125853640066895
signal_month,2026-03,all,weighted_net,1,1D,all,0,19,0.47368421052631576,0.47368421052631576,0.2732980516117956,0.6829219075488682,0.0004481134282233267,-0.004267425320056861,0.025305155318166697,-0.021923224272725705,1.1542624845401228,1.0388362360861103,0.0026224319003197148,-0.00017971428627616692,1.3244638605861914
signal_month,2026-03,all,weighted_net,1,20D,all,0,19,0.5263157894736842,0.631578947368421,0.41039533164803066,0.8085048725486492,0.054532348898662895,0.0494201605709188,0.17599456348890374,-0.08042566731271583,2.188288507505835,2.4314316750064835,0.03846724892406554,0.009433569980287326,2.3681628768829635
signal_month,2026-03,all,weighted_net,1,5D,all,0,19,0.3684210526315789,0.47368421052631576,0.2732980516117956,0.6829219075488682,-0.007926351911973925,-0.0018174589651842599,0.05160818180809761,-0.04265482991534899,1.2099024169248143,0.7057764098728083,0.0004065730845311401,-0.00373569799810769,1.0235213785862316
signal_month,2026-03,all,weighted_net,1,60D,all,0,19,0.7368421052631579,0.5789473684210527,0.3627590353425504,0.7685810871754576,0.3597860073460475,0.17012214041917018,0.5535173552003848,-0.18266176664609718,3.0302857864766604,8.48480020213465,0.26508674674199023,0.04344264188046587,5.170347417921845
signal_month,2026-03,all,weighted_net,1,90D,all,0,3,1.0,1.0,0.4385029682449546,1.0,0.5532574879730502,0.16906772644477575,0.5532574879730502,,,,0.44662784520837984,0.06680699456581718,
signal_month,2026-03,all,weighted_net,3,1D,all,0,46,0.45652173913043476,0.43478260869565216,0.3020926277801995,0.5775256630570501,-0.0022170463451123374,-0.0018338590023014856,0.025314932790355477,-0.0253439088189053,0.9988566866793568,0.8390396168106596,3.11040050731995e-05,-0.0022741068663878483,1.0029339723928024
signal_month,2026-03,all,weighted_net,3,20D,all,0,46,0.5652173913043478,0.6086956521739131,0.46456843231620754,0.7360677496217098,0.0574457253431054,0.05130073392754425,0.17085327640051534,-0.08998409103152752,1.8987053649367183,2.468316974417734,0.041381440687144166,0.022566282091962875,2.6359527372866283
signal_month,2026-03,all,weighted_net,3,5D,all,0,46,0.43478260869565216,0.45652173913043476,0.32154733782284584,0.5981981894019872,-0.011780614932456109,-0.0035913184556519706,0.04972094378480074,-0.059089506253422915,0.8414513326876975,0.6472702559136134,-0.010060080056495044,-0.0021524355216765434,0.6158128241638379
signal_month,2026-03,all,weighted_net,3,60D,all,0,46,0.5652173913043478,0.45652173913043476,0.32154733782284584,0.5981981894019872,0.3103832594453516,0.06384424756060614,0.647213954278106,-0.12749664383722906,5.0763214999163715,6.599217949891283,0.2373164047077694,-0.024536812408412878,4.155834213994177
signal_month,2026-03,all,weighted_net,3,90D,all,0,4,0.5,0.5,0.15003898915214947,0.8499610108478506,0.32086489047426003,0.06512662704549665,0.7813077154728197,-0.13957793452429962,5.597644915262728,5.597644915262728,0.2065863642737553,-0.046952299272164044,2.64180991197765
signal_month,2026-03,all,weighted_net,30,1D,all,0,52,0.5961538461538461,0.5576923076923077,0.42339761787202884,0.6840494318059871,0.007111195367471032,0.004507186391165985,0.025389256704966657,-0.01987070470216537,1.277723014131447,1.8861625446702317,0.006973397445766597,0.004117340051211671,1.945712345614365
signal_month,2026-03,all,weighted_net,30,20D,all,0,52,0.5384615384615384,0.4423076923076923,0.3159505681940129,0.5766023821279712,0.006083485646544589,0.009854093052841573,0.11807573955856322,-0.12457414391747716,0.9478350470285491,1.1058075548666408,-0.0043604966912743565,-0.015195581459163277,0.9170086611274916
signal_month,2026-03,all,weighted_net,30,5D,all,0,52,0.5384615384615384,0.5576923076923077,0.42339761787202884,0.6840494318059871,0.005180790734986699,0.006896229981359525,0.04803097984681388,-0.04481109656214501,1.071854597001514,1.2504970298351,0.007190723438694689,0.006618339685394714,1.3874037909509245
signal_month,2026-03,all,weighted_net,30,60D,all,0,52,0.5961538461538461,0.40384615384615385,0.2815973387185887,0.5393242451513848,0.15620984159002838,0.06598614249832324,0.37324150438081966,-0.16417023205352063,2.2735029348020923,3.3561233799459456,0.07378470027983017,-0.02110882041479134,1.774374049548147
signal_month,2026-03,all,weighted_net,30,90D,all,0,2,0.5,0.5,0.09453120573423074,0.9054687942657693,0.5139704487292048,0.5139704487292048,1.059108910891089,-0.031168013432679276,33.98063573023959,33.98063573023959,0.40189152241154413,0.40189152241154413,6.611170795159556
signal_month,2026-03,all,weighted_net,7,1D,all,0,59,0.4915254237288136,0.4915254237288136,0.3684383690774015,0.6156485694061034,0.0009066030260031885,-0.0030619415721312437,0.025089713267310156,-0.022470403540593546,1.1165670977819664,1.0793481945225674,0.0009252074737036849,-0.00017971428627616692,1.0934788431975648
signal_month,2026-03,all,weighted_net,7,20D,all,0,59,0.5084745762711864,0.4915254237288136,0.3684383690774015,0.6156485694061034,0.02712149334033129,0.0042699061823430196,0.17322232215871924,-0.12401729509248384,1.3967593957725135,1.4449235128681175,0.013431309319392343,-0.0020637193020014433,1.263807140498425
signal_month,2026-03,all,weighted_net,7,5D,all,0,59,0.423728813559322,0.4576271186440678,0.3370130585185591,0.5834216338989654,-0.009080528251322686,-0.01344221105527632,0.05980016934024933,-0.05972810000983152,1.0012066235223613,0.7361813408252657,-0.004145208625187677,-0.002532619564505678,0.8438282148073836
signal_month,2026-03,all,weighted_net,7,60D,all,0,59,0.6271186440677966,0.4745762711864407,0.35265876715068556,0.5996020482998292,0.2582307791269462,0.06851037083595224,0.5446153722038499,-0.22341603650239172,2.4376735919671537,4.099723768308394,0.17328884532533556,-0.02543256203070987,2.5553540852661722
signal_month,2026-03,all,weighted_net,7,90D,all,0,6,0.5,0.5,0.1876163064826506,0.8123836935173494,0.10733934671465885,0.07758567671909117,0.3098139544740142,-0.0951352610446965,3.2565628250965464,3.256562825096546,0.03262006250288505,-0.03449324959856953,1.3148439102371121
signal_month,2026-03,all,weighted_net,90,1D,all,0,55,0.6181818181818182,0.6181818181818182,0.4860922023248993,0.7348404574110621,0.008893383929443797,0.0037994980479643115,0.023625046255606075,-0.014957878884342746,1.5794382638260123,2.5571857604802104,0.009811509221167396,0.004536309715149511,2.879158320011985
signal_month,2026-03,all,weighted_net,90,20D,all,0,55,0.6181818181818182,0.5818181818181818,0.45033103735230756,0.7026223424648965,0.044373295141180685,0.03278952668680757,0.12501819864246064,-0.08619464386089161,1.450417253817138,2.3482946014182233,0.0256509735509975,0.007831200724648824,1.6332359925849451
signal_month,2026-03,all,weighted_net,90,5D,all,0,55,0.6727272727272727,0.7454545454545455,0.6169812871823414,0.841878852269271,0.020692509045643914,0.020449327789765936,0.05262450529894556,-0.044945483252809476,1.1708519185997646,2.406751166010627,0.022606080470668734,0.02050655860971573,2.6103508141805154
signal_month,2026-03,all,weighted_net,90,60D,all,0,55,0.5818181818181818,0.43636363636363634,0.3137344236063191,0.5673018365358555,0.15349334024631334,0.026457983976150623,0.34372574581673876,-0.1111778327212351,3.091675178437677,4.301461117826333,0.07066240555752899,-0.04812795954150206,1.7240675425105028
signal_month,2026-03,all,weighted_net,90,90D,all,0,1,0.0,0.0,0.0,0.7934506856227626,-0.22560149984376643,-0.22560149984376643,,-0.22560149984376643,,,-0.3376804261614271,-0.3376804261614271,
signal_month,2026-04,all,author_net,1,1D,all,0,34,0.38235294117647056,0.38235294117647056,0.23900183324508897,0.549589826555693,-0.0021009520428278646,-0.004230540221348111,0.020940378937357153,-0.01636463312579954,1.2796118786399038,0.7921406867770833,-0.002814615486002618,-0.003597780717303045,0.7281711163036235
signal_month,2026-04,all,author_net,1,20D,all,0,34,0.7941176470588235,0.6470588235294118,0.47913963119781733,0.785120794051205,0.20011511415206265,0.09850526532916448,0.2683885242941412,-0.0632251821102402,4.244962455405438,16.373426613706688,0.15049887576264595,0.048078770431026374,7.221966093235168
signal_month,2026-04,all,author_net,1,5D,all,0,34,0.5882352941176471,0.5,0.34069325645682497,0.659306743543175,0.03624391710941104,0.009640971285931,0.09733303566398509,-0.051026252254266165,1.9075090049523937,2.7250128642177054,0.02286025287929903,-0.0005574695496765036,1.9409029347852003
signal_month,2026-04,all,author_net,1,60D,all,0,10,0.6,0.5,0.236593090512564,0.7634069094874361,0.48213404700003915,0.0969376818118135,0.9087188058031693,-0.1577430912046559,5.760751858375828,8.641127787563743,0.3970868355391276,-0.004172624372488443,5.521011616730549
signal_month,2026-04,all,author_net,3,1D,all,0,67,0.47761194029850745,0.417910447761194,0.30742300955672297,0.5373006849702071,0.0021631921822439625,-0.001186595221143949,0.025194222371646282,-0.018893749705209587,1.3334686213557418,1.2191713109538211,0.0009013025399520517,-0.0015532499026065238,1.0905646766492527
signal_month,2026-04,all,author_net,3,20D,all,0,67,0.7910447761194029,0.5522388059701493,0.4335761280049216,0.6652360663870319,0.1448940695798625,0.06919781788891721,0.201713136447537,-0.07020668356204794,2.8731329584777354,10.876860485665711,0.08935656263105969,0.013386665066852155,3.809101358729946
signal_month,2026-04,all,author_net,3,5D,all,0,67,0.6268656716417911,0.5522388059701493,0.4335761280049216,0.6652360663870319,0.0399600740325265,0.016505406943653878,0.09531108651357358,-0.053029626935632596,1.7973176886434115,3.0194937169209313,0.02266898119130076,0.005716018713663562,1.9135617259154296
signal_month,2026-04,all,author_net,3,60D,all,0,25,0.56,0.44,0.26665638881067344,0.6293266813020123,0.19541542441888715,0.09558080808080804,0.447849278628949,-0.12586402639391883,3.5581992048093816,4.5286171697573945,0.09894040230288927,-0.03086296343502437,2.0242858617789277
signal_month,2026-04,all,author_net,30,1D,all,0,80,0.575,0.5625,0.4534113429694972,0.6658613908385618,0.005680604068387213,0.0057677906320013905,0.025330334576810838,-0.02221084578319755,1.1404488970867186,1.639395289562158,0.00428526320195057,0.0034870981661296874,1.4958788972999593
signal_month,2026-04,all,author_net,30,20D,all,0,80,0.675,0.5,0.3929741508611972,0.6070258491388028,0.0686702672154905,0.049691864150071985,0.15593522654834438,-0.11257234062966757,1.3852001804006984,2.876954220832219,0.0196418669992803,0.0008908893515822136,1.3589649262250918
signal_month,2026-04,all,author_net,30,5D,all,0,80,0.6,0.5875,0.47804040345890164,0.6889414238723812,0.04092009608701397,0.023176335770503154,0.09997388559516218,-0.04766058817520836,2.0976217336563563,3.146432600484534,0.02458389931260868,0.010675298528084576,2.1080734494926854
signal_month,2026-04,all,author_net,30,60D,all,0,32,0.5625,0.40625,0.2551963484266544,0.5773997512461713,0.13788549282894058,0.03448397085985677,0.3649951031325156,-0.15411257756137015,2.368366741430748,3.045042953268104,0.05076892918811511,-0.062311401465990346,1.4711645761428764
signal_month,2026-04,all,author_net,7,1D,all,0,88,0.5795454545454546,0.5227272727272727,0.41961959494387296,0.6239337202077226,0.006378436303061285,0.002691594114464957,0.028281203062182726,-0.02517254175719788,1.1234941363875561,1.6370914558790102,0.005057747100055035,0.0005626122488899821,1.5094771578230795
signal_month,2026-04,all,author_net,7,20D,all,0,88,0.7727272727272727,0.625,0.5206224626520304,0.7189207706817466,0.1318715233955721,0.08422865104824351,0.19923861207478136,-0.09717657811373945,2.0502740057546,6.970931619565639,0.07658807567055638,0.033093214162481455,3.048379284262063
signal_month,2026-04,all,author_net,7,5D,all,0,88,0.6704545454545454,0.6477272727272727,0.5436598679108756,0.7394366805744971,0.05532310964000811,0.03627572356028974,0.11101158520833357,-0.05797413375761955,1.914846812070621,3.8957228245574704,0.037432853024650055,0.020718240891816397,2.632796641171784
signal_month,2026-04,all,author_net,7,60D,all,0,35,0.7142857142857143,0.5142857142857142,0.35568804595868564,0.6700576399749026,0.2784488747754504,0.10669058674546217,0.44947652426603824,-0.1491202489510191,3.014188397805558,7.535470994513896,0.17583211480686037,0.001956017638054419,3.2719972137387514
signal_month,2026-04,all,author_net,90,1D,all,0,82,0.5121951219512195,0.5,0.3942282839199199,0.6057717160800802,0.0009677466889320005,0.0009394081984157587,0.026722603686477175,-0.026743439136913263,0.9992209135732536,1.0760840607711963,-0.0006365056252248637,0.00029613334461464635,0.9514794555875208
signal_month,2026-04,all,author_net,90,20D,all,0,82,0.6951219512195121,0.5365853658536586,0.4294472560322624,0.6404490397952913,0.06800291220436323,0.043150820724707994,0.17307107197042199,-0.17155249206225073,1.0088519839608054,2.3001825234306366,0.024621123585049823,0.018828563149702826,1.3615274755728726
signal_month,2026-04,all,author_net,90,5D,all,0,82,0.5975609756097561,0.5365853658536586,0.4294472560322624,0.6404490397952913,0.020467554512256833,0.013403673991396303,0.08528060576683351,-0.07577000644150853,1.1255193152539429,1.671225649922521,0.006957175309439992,0.010160899398772516,1.2141688995881128
signal_month,2026-04,all,author_net,90,60D,all,0,33,0.48484848484848486,0.36363636363636365,0.2218717823524236,0.5338382169773361,0.0545241078784353,-0.02837370242214543,0.32127995863891057,-0.1965402222490708,1.6346779044126654,1.538520380623685,-0.026242727049445098,-0.12575016254645344,0.8200237799289258
signal_month,2026-04,all,author_net_shift,30,1D,all,0,18,0.3888888888888889,0.3333333333333333,0.1627877475083369,0.5625053270405489,-0.0053837820576910595,-0.005941834137058399,0.018335201170866924,-0.020477680475864322,0.8953749030549336,0.569784029216776,-0.006093719901996876,-0.008877186215295985,0.5321620418806029
signal_month,2026-04,all,author_net_shift,30,20D,all,0,18,0.7222222222222222,0.7222222222222222,0.4912734343970254,0.8750024662044601,0.24385340223396706,0.1604135943451842,0.3735318539840446,-0.09331057231623455,4.003103235913344,10.408068413374695,0.20611718327629455,0.13996287802994084,9.327027193170341
signal_month,2026-04,all,author_net_shift,30,5D,all,0,18,0.6111111111111112,0.6111111111111112,0.3861904160223791,0.7969475342783638,0.09129925817851087,0.10031565789873653,0.17901428040469972,-0.04653863389121445,3.846573597823076,6.044615653721976,0.08143354878394228,0.07203107304311174,6.5330540282395715
signal_month,2026-04,all,author_net_shift,30,60D,all,0,9,0.7777777777777778,0.375,0.13684428582359742,0.6942576053973727,0.45952657722697793,0.09042648588543345,0.6481813349688672,-0.20076507486963446,3.228556238627459,11.299946835196106,0.33759215129088294,-0.009648002754347074,11.27923723402127
signal_month,2026-04,all,author_net_shift,7,1D,all,0,6,0.8333333333333334,0.6666666666666666,0.299993315138392,0.9032285888942195,0.00765816395796548,0.0065667824764908955,0.010121772639747473,-0.004659879450944482,2.172110404636316,10.86055202318158,0.007337370766998326,0.00791081007525174,10.962514697537337
signal_month,2026-04,all,author_net_shift,7,20D,all,0,6,0.6666666666666666,0.5,0.1876163064826506,0.8123836935173494,0.021685113391597732,0.03393576718942959,0.08192908459682413,-0.09880282901885507,0.8292180032738655,1.658436006547731,0.013227901581368958,0.01921060980463385,1.6588878786289851
signal_month,2026-04,all,author_net_shift,7,5D,all,0,6,0.5,0.3333333333333333,0.09677141110578041,0.700006684861608,-0.016042898971880215,-0.00832474430526664,0.024095584192341885,-0.05618138213610232,0.4288891315270436,0.42888913152704367,-0.013763529756951554,-0.0063026497266328585,0.3557871368721342
signal_month,2026-04,all,author_net_shift,7,60D,all,0,2,0.5,1.0,0.34238022750665303,1.0,-0.002985081452684779,-0.002985081452684779,0.024926863888937167,-0.030897026794306726,0.8067722520644072,0.8067722520644072,0.10063319503535822,0.10063319503535822,
signal_month,2026-04,all,author_net_shift,90,1D,all,0,23,0.5217391304347826,0.43478260869565216,0.25634635325674215,0.6318862491498354,-0.0011364234185486835,0.00028943560057881346,0.028221542696309897,-0.033163295543848954,0.8509872807723525,0.9283497608425664,-0.003289025482802111,-0.004461780666673576,0.8013468142195488
signal_month,2026-04,all,author_net_shift,90,20D,all,0,23,0.6086956521739131,0.5217391304347826,0.32962737336427406,0.7076284258335335,0.06768114643504472,0.04160876746807873,0.306402977409046,-0.30366392396895725,1.0090200159580653,1.5695866914903238,0.03438671151370196,0.013266776650793899,1.2779744672784745
signal_month,2026-04,all,author_net_shift,90,5D,all,0,23,0.5217391304347826,0.5217391304347826,0.32962737336427406,0.7076284258335335,0.018322459475638847,0.004698738569414829,0.10928776336799961,-0.08091241749784561,1.3506921032350754,1.4734822944382642,0.011055825291572433,0.008632648810317,1.2928858401509906
signal_month,2026-04,all,author_net_shift,90,60D,all,0,11,0.6363636363636364,0.5454545454545454,0.280091537409322,0.7872872837754024,0.3153717206539008,0.09974700498549005,0.7237470629493669,-0.3992851283631649,1.8126071109041948,3.172062444082341,0.2721960584784803,0.019978285369806725,2.6899778802120897
signal_month,2026-04,all,high_low_divergence,3,1D,all,0,2,0.5,0.0,0.0,0.6576197724933469,-0.008929539277060694,-0.008929539277060694,0.0035920943864131694,-0.021451172940534557,0.16745445092307643,0.16745445092307643,-0.011749180210130883,-0.011749180210130883,
signal_month,2026-04,all,high_low_divergence,3,20D,all,0,2,1.0,1.0,0.34238022750665303,1.0,0.3434737059046773,0.3434737059046773,0.3434737059046773,,,,0.295068553663682,0.295068553663682,
signal_month,2026-04,all,high_low_divergence,3,5D,all,0,2,1.0,1.0,0.34238022750665303,1.0,0.06483505332196393,0.06483505332196393,0.06483505332196393,,,,0.04872599951205847,0.04872599951205847,
signal_month,2026-04,all,high_low_divergence,3,60D,all,0,1,1.0,1.0,0.20654931437723745,1.0,0.9733333333333334,0.9733333333333334,0.9733333333333334,,,,0.9104302438016918,0.9104302438016918,
signal_month,2026-04,all,high_low_divergence,30,1D,all,0,4,0.75,0.75,0.30064184258240184,0.9544127391902995,0.033252467698241445,0.03369189650742338,0.04677719566774848,-0.007321716210279661,6.388829384301113,19.166488152903337,0.032827431792765954,0.03137356258989116,47.34189115672348
signal_month,2026-04,all,high_low_divergence,30,20D,all,0,4,0.75,1.0,0.5101091635454027,1.0,0.1526431836696285,0.05623576017048554,0.2091863720954543,-0.01698638160784882,12.31494599172295,36.94483797516885,0.1725130513377591,0.12936215239171428,
signal_month,2026-04,all,high_low_divergence,30,5D,all,0,4,0.5,0.75,0.30064184258240184,0.9544127391902995,0.05440909622691423,0.002052407394419309,0.12936862722295522,-0.02055043476912677,6.295177142301032,6.295177142301032,0.057157282431598816,0.026213952660223805,34.333627195967416
signal_month,2026-04,all,high_low_divergence,30,60D,all,0,2,1.0,1.0,0.34238022750665303,1.0,1.2228367268590465,1.2228367268590465,1.2228367268590465,,,,1.2090347657485836,1.2090347657485836,
signal_month,2026-04,all,high_low_divergence,7,1D,all,0,6,0.5,0.5,0.1876163064826506,0.8123836935173494,0.004351294956022729,0.0008104556035881672,0.020878828777717146,-0.012176238865671688,1.714719053071516,1.714719053071516,0.005038149019859568,0.0016575567362147603,2.6024259701396146
signal_month,2026-04,all,high_low_divergence,7,20D,all,0,6,0.6666666666666666,0.6666666666666666,0.299993315138392,0.9032285888942195,0.17025848558848597,0.1344772176769593,0.3246857926373939,-0.1385961285093299,2.342675774060579,4.685351548121158,0.15500732094525801,0.05063471305368983,9.72471148147339
signal_month,2026-04,all,high_low_divergence,7,5D,all,0,6,0.6666666666666666,0.6666666666666666,0.299993315138392,0.9032285888942195,0.05941650202018056,0.05441232051015965,0.11237496147404136,-0.04650041688754103,2.4166441721547285,4.833288344309457,0.05475372086199678,0.015074584584665152,13.297604020200978
signal_month,2026-04,all,high_low_divergence,7,60D,all,0,3,0.6666666666666666,1.0,0.4385029682449546,1.0,0.3398741774553679,0.2615293482237748,0.575992007267963,-0.13236148216982224,4.351658789442645,8.70331757888529,0.3208957464140884,0.11521580594476122,
signal_month,2026-04,all,high_low_divergence,90,1D,all,0,12,0.5833333333333334,0.5,0.2537815976337061,0.7462184023662939,0.006717875279029867,0.004417286179925428,0.017155791141717724,-0.007895206928733134,2.1729374918955475,3.0421124886537663,0.004971225734030814,0.000736427176103005,3.059993171482893
signal_month,2026-04,all,high_low_divergence,90,20D,all,0,12,0.5833333333333334,0.4166666666666667,0.19326031365875665,0.6804886874504503,0.0052236711815049535,0.02739958526974784,0.1381283382557184,-0.1808428627223939,0.763803094998307,1.0693243329976299,-0.009609710487251724,-0.019525160258945795,0.842470566847091
signal_month,2026-04,all,high_low_divergence,90,5D,all,0,12,0.6666666666666666,0.6666666666666666,0.39062208887279953,0.8618799089087867,0.000944364128324863,0.01338473608308327,0.03880348962976739,-0.07477388687456019,0.5189443969238041,1.0378887938476082,0.0017215772657178292,0.009074004138102332,1.1193715660825643
signal_month,2026-04,all,high_low_divergence,90,60D,all,0,6,0.5,0.6666666666666666,0.299993315138392,0.9032285888942195,0.038922498568538764,0.0436747222383182,0.20005767639357666,-0.12221267925649915,1.6369633462801103,1.6369633462801103,0.05284569098223768,0.06535134937805653,2.20277694466243
signal_month,2026-04,all,weighted_net,1,1D,all,0,38,0.3684210526315789,0.3684210526315789,0.23384219247155955,0.5271604044299099,-0.0032496520103427098,-0.004230540221348111,0.021685647096956633,-0.017795243156267324,1.218620442919834,0.7108619250365698,-0.004210994731388371,-0.003597780717303045,0.6320712173970351
signal_month,2026-04,all,weighted_net,1,20D,all,0,38,0.8157894736842105,0.6578947368421053,0.4989210355178308,0.7878758482004058,0.18473117951559828,0.0925772480866146,0.2407213256891747,-0.0632251821102402,3.807364686897225,16.861186470544855,0.13400376813095963,0.042699762631071,6.604846643390333
signal_month,2026-04,all,weighted_net,1,5D,all,0,38,0.6052631578947368,0.5,0.34849928364395105,0.6515007163560489,0.033313229260971605,0.009640971285931,0.0889369214888781,-0.0519764321551517,1.7111009317337882,2.623688095325142,0.019082217762636716,-0.0005574695496765036,1.7862257650973967
signal_month,2026-04,all,weighted_net,1,60D,all,0,12,0.5833333333333334,0.4166666666666667,0.19326031365875665,0.6804886874504503,0.3956234616446333,0.06875985661640605,0.7905490554514613,-0.1572723696849258,5.026623920242447,7.037273488339426,0.3071699588829295,-0.0323504495678959,4.169033897339608
signal_month,2026-04,all,weighted_net,3,1D,all,0,72,0.4722222222222222,0.4444444444444444,0.33539070561321394,0.559126091341948,0.002201868580676364,-0.0011963300020261247,0.02500124399068925,-0.018197572575650956,1.3738779656876798,1.2292592324573979,0.0009768125908711466,-0.0016336398485650716,1.1013897864951998
signal_month,2026-04,all,weighted_net,3,20D,all,0,72,0.7777777777777778,0.5555555555555556,0.440873908658052,0.6646092943867861,0.13692460726718955,0.054439619845740306,0.19416305801581288,-0.06340997035299213,3.062027263771633,10.717095423200716,0.08265658219016626,0.013326720858823027,3.5840859352922334
signal_month,2026-04,all,weighted_net,3,5D,all,0,72,0.625,0.5555555555555556,0.440873908658052,0.6646092943867861,0.03745935082089822,0.015775693547398273,0.09095092492961002,-0.05169327269362144,1.759434452306067,2.932390753843445,0.020457389401858046,0.006195326127743983,1.841311367360487
signal_month,2026-04,all,weighted_net,3,60D,all,0,27,0.5185185185185185,0.4074074074074074,0.24514757074395552,0.592732990319353,0.16775025316153183,0.026072329688814122,0.44439933886101307,-0.13017953143790945,3.4137420372647003,3.676337578592754,0.07144603982830082,-0.050732734198205565,1.6583417895297488
signal_month,2026-04,all,weighted_net,30,1D,all,0,67,0.5671641791044776,0.5671641791044776,0.44808736490792916,0.6789568850245825,0.002214581541484104,0.003185389679337458,0.024495704904916756,-0.02698137321060006,0.9078746553675493,1.1896288587574784,0.002119412523457001,0.0033076393491111578,1.1961913310325623
signal_month,2026-04,all,weighted_net,30,20D,all,0,67,0.6119402985074627,0.4626865671641791,0.3485844371949035,0.580835423953701,0.03903731763472696,0.018322212055613685,0.13679975992885196,-0.11512653367523938,1.1882557005907137,1.8737878355468947,-0.007550605987627037,-0.007773128661611173,0.8803916691155285
signal_month,2026-04,all,weighted_net,30,5D,all,0,67,0.5671641791044776,0.5074626865671642,0.3906377464811486,0.6234782812891306,0.02487965972441181,0.007356321839080415,0.09031831175968098,-0.06086753949421678,1.4838502181981978,1.944355458328673,0.01106117162309188,0.0011070283211127574,1.375239184773701
signal_month,2026-04,all,weighted_net,30,60D,all,0,27,0.48148148148148145,0.37037037037037035,0.21532512960965597,0.5577076558789761,-0.007242440913766102,-0.004961800828702567,0.22523568689776988,-0.22311498816733524,1.0095049586218032,0.9373974615773888,-0.08414416006758528,-0.06957538649881134,0.435975892728649
signal_month,2026-04,all,weighted_net,7,1D,all,0,88,0.5795454545454546,0.5454545454545454,0.44170066774534067,0.6454059625578509,0.006923750137944245,0.002691594114464957,0.029160838263370282,-0.024386464980355304,1.1957796378794963,1.6940211536626197,0.005585707856797845,0.0033745813881784215,1.5631597882863182
signal_month,2026-04,all,weighted_net,7,20D,all,0,88,0.7727272727272727,0.5909090909090909,0.4864808526118738,0.6877324079945095,0.13386588678360664,0.08422865104824351,0.2030172708554635,-0.10124881906070664,2.0051322350114393,6.817449599038893,0.07756993824353503,0.03277740143460439,2.9844675982143443
signal_month,2026-04,all,weighted_net,7,5D,all,0,88,0.6931818181818182,0.6590909090909091,0.5552645553272387,0.7496086507339318,0.057970131803544336,0.04648943200367761,0.1116745251635857,-0.06336201615803062,1.7624837707982537,3.9819077784701293,0.03934496257048197,0.02473919714376216,2.691001647246382
signal_month,2026-04,all,weighted_net,7,60D,all,0,38,0.7105263157894737,0.5263157894736842,0.3725897138449667,0.6752097667747392,0.26566937645762934,0.11553052598049895,0.4348899362409671,-0.14969017937419968,2.905266985844256,7.131109874344992,0.16610470552998113,0.0036070393908573806,3.1282363118044323
signal_month,2026-04,all,weighted_net,90,1D,all,0,65,0.5538461538461539,0.5230769230769231,0.40379629614730184,0.6397820947147201,-0.0005480928939026468,0.0024681982153028637,0.023025523355920414,-0.02981189237644162,0.7723603408053349,0.9587921472066226,-0.0017704160364213919,0.002695879353425301,0.8722626557358996
signal_month,2026-04,all,weighted_net,90,20D,all,0,65,0.6461538461538462,0.5230769230769231,0.40379629614730184,0.6397820947147201,0.05926677817011317,0.04198581560283676,0.15068966933162947,-0.10767937090743833,1.3994293248719198,2.5554796367226364,0.015201580016412057,0.003674914695179332,1.2811085356568928
signal_month,2026-04,all,weighted_net,90,5D,all,0,65,0.5846153846153846,0.5538461538461539,0.43337818677803974,0.6683047252333449,0.012289351449503882,0.017012293555196845,0.07671003911820727,-0.07837680156570828,0.9787339823237918,1.3774774566038552,-0.0008422178292389124,0.012234279108267687,0.9758395968682061
signal_month,2026-04,all,weighted_net,90,60D,all,0,20,0.4,0.35,0.18119182410108206,0.5671457233147638,0.014856380307603728,-0.08330885598532084,0.3588304188208554,-0.21445964536789738,1.673183867320565,1.1154559115470433,-0.07609280102711005,-0.16430388246622507,0.5897106879225292
signal_month,2026-05,all,author_net,1,1D,all,0,33,0.5151515151515151,0.5151515151515151,0.3521837544891414,0.674959578918663,0.012937203435666256,0.007914069061786488,0.04811316144273969,-0.024437251946849266,1.9688450054607303,2.091897818302026,0.011175318199286063,0.008718099936572132,1.937393926160752
signal_month,2026-05,all,author_net,1,20D,all,0,33,0.36363636363636365,0.36363636363636365,0.2218717823524236,0.5338382169773361,-0.006397932634193977,-0.04447660395561992,0.25926917452683323,-0.15820770815478097,1.638789775484136,0.9364513002766492,-0.0013549653777922613,-0.04469373269939436,0.985934637934319
signal_month,2026-05,all,author_net,1,5D,all,0,33,0.48484848484848486,0.45454545454545453,0.29842938513876116,0.6201406146378254,0.02356753913598546,-0.015714127994700733,0.1334768814695327,-0.07987654776617666,1.6710396881480256,1.572743235904024,0.0216130169740977,-0.03372944918175247,1.5761226764123313
signal_month,2026-05,all,author_net,3,1D,all,0,91,0.5714285714285714,0.5494505494505495,0.44729289373397435,0.6476023146686639,0.00936958706182208,0.0040388311719909975,0.0328317274564059,-0.021913266797623007,1.4982580077913006,1.997677343721734,0.007118627836849246,0.00443116764193574,1.7215492649915853
signal_month,2026-05,all,author_net,3,20D,all,0,91,0.4725274725274725,0.46153846153846156,0.3627543390479307,0.5634382766389063,0.017179171885818093,-0.01577153800659037,0.19000416930156813,-0.137643221632458,1.3804106518875807,1.2366178756492912,0.015468704913277445,-0.008682349567770253,1.2180810378950089
signal_month,2026-05,all,author_net,3,5D,all,0,91,0.5604395604395604,0.4945054945054945,0.39410584110376173,0.5953502468515007,0.024675126043264137,0.009596019428977698,0.10668065034249004,-0.07988191743824888,1.3354793395508737,1.7027361579273639,0.01641763968387706,-0.0018958988921338182,1.4547825083369956
signal_month,2026-05,all,author_net,30,1D,all,0,84,0.6309523809523809,0.6309523809523809,0.5241523990768391,0.7262988149097975,0.008215922101295644,0.0060262171177634105,0.0269487256917637,-0.023811129198536844,1.1317701679355743,1.9349619000188854,0.006783854866837404,0.0037129788403328368,1.745747997558743
signal_month,2026-05,all,author_net,30,20D,all,0,84,0.4523809523809524,0.4523809523809524,0.3503572014157933,0.5585696298617934,-0.0113455755854737,-0.023630012620616314,0.12718819610126333,-0.12578651741364777,1.0111433142155146,0.8352923030475989,-0.015288706304051294,-0.017636008307063522,0.7809308158289923
signal_month,2026-05,all,author_net,30,5D,all,0,84,0.5476190476190477,0.44047619047619047,0.3392295563016725,0.5469289827953108,0.045683121658371885,0.004786423153005481,0.13142580219770708,-0.05811064952082335,2.2616474481258724,2.737783752994477,0.03420111965838573,-0.006877966482925935,2.0964793604102696
signal_month,2026-05,all,author_net,7,1D,all,0,104,0.47115384615384615,0.46153846153846156,0.3688100475176425,0.5570069797417769,0.00027013605515585306,-0.0020464652961094676,0.027269274459057604,-0.023783641795592978,1.1465558846463328,1.021477060866733,-0.0013712559845567756,-0.0016838653616348398,0.8952657909042528
signal_month,2026-05,all,author_net,7,20D,all,0,104,0.4807692307692308,0.4423076923076923,0.3506024390721901,0.5381231018169389,0.0010055791925158175,-0.0141395326806103,0.1566222262869415,-0.14308390885787833,1.094618028939302,1.0135352119808352,-0.0007441349040695638,-0.01608681082189456,0.9897612193306622
signal_month,2026-05,all,author_net,7,5D,all,0,104,0.5769230769230769,0.5,0.40563189843430686,0.5943681015656932,0.025136493326478514,0.007543703279324299,0.09487562936536517,-0.06996232854473056,1.356095935324769,1.8492217299883213,0.01754970452283948,0.0006642509832948673,1.5655524563533438
signal_month,2026-05,all,author_net,90,1D,all,0,92,0.532608695652174,0.5434782608695652,0.44199785570563255,0.6414733278347482,0.012070385985856259,0.0022616910432241566,0.03777003670210793,-0.017215262504756114,2.1939855225369396,2.500123037309536,0.011018086648097423,0.002050410143366932,2.3102662674130956
signal_month,2026-05,all,author_net,90,20D,all,0,92,0.391304347826087,0.391304347826087,0.29785623268996947,0.49346580845907867,-0.031099739941972637,-0.040220289122729014,0.13658280765887787,-0.13889566339966225,0.9833482508800199,0.6321524469942985,-0.03553584787271733,-0.02545849336158662,0.5869064113512676
signal_month,2026-05,all,author_net,90,5D,all,0,92,0.5217391304347826,0.45652173913043476,0.35852667216525175,0.5580021442943673,0.024327885878062182,0.0027376500660651892,0.10103981714218428,-0.059357857319161926,1.7022146975235672,1.8569614882075278,0.015009353991300512,-0.0054702799052628315,1.4588594032125501
signal_month,2026-05,all,author_net_shift,3,1D,all,0,4,1.0,1.0,0.5101091635454027,1.0,0.010509755714462193,0.010970977464068998,0.010509755714462193,,,,0.007327235372055513,0.005594244402245263,
signal_month,2026-05,all,author_net_shift,3,20D,all,0,4,0.25,0.25,0.04558726080970055,0.6993581574175981,-0.12955739322394197,-0.10134560024776679,0.024415488664237373,-0.18088168718666842,0.13498043413892302,0.044993478046307676,-0.12692685144850108,-0.0924895729388775,0.03291419987732941
signal_month,2026-05,all,author_net_shift,3,5D,all,0,4,0.25,0.25,0.04558726080970055,0.6993581574175981,-0.02284352391573896,-0.025537894329699995,0.03425541266712995,-0.04187650277669527,0.8180103493788755,0.2726701164596252,-0.026251019921980978,-0.025537894329699995,0.11917333320938857
signal_month,2026-05,all,author_net_shift,30,1D,all,0,18,0.5555555555555556,0.6111111111111112,0.3861904160223791,0.7969475342783638,0.011312833710582053,0.0043686381035341615,0.026870910473066646,-0.008134762242523685,3.3032201399324927,4.129025174915616,0.010391154832006914,0.004246294517835314,3.63765138282511
signal_month,2026-05,all,author_net_shift,30,20D,all,0,18,0.4444444444444444,0.4444444444444444,0.24559518127005633,0.6628358435795723,-0.0032389598786670445,-0.014291595914644128,0.1494907798322836,-0.12542275164742755,1.1918952332708583,0.9535161866166867,-0.009337425085171824,-0.013367681853542701,0.8690288924574752
signal_month,2026-05,all,author_net_shift,30,5D,all,0,18,0.6111111111111112,0.4444444444444444,0.24559518127005633,0.6628358435795723,0.01720674671191495,0.015254491831014239,0.04664239062543902,-0.029049265152194303,1.6056306547195318,2.5231338859878356,0.009443390041443789,-0.00696219992218744,1.6241028657221341
signal_month,2026-05,all,author_net_shift,7,1D,all,0,11,0.2727272727272727,0.09090909090909091,0.016232172885884855,0.37735843645159567,-0.01857696438276466,-0.005842708146477582,0.002984676683122004,-0.026662579782472162,0.11194253172320988,0.0419784493962037,-0.019558162288440782,-0.008283106514686445,0.023499835642462018
signal_month,2026-05,all,author_net_shift,7,20D,all,0,11,0.36363636363636365,0.45454545454545453,0.21271271622459764,0.719908462590678,-0.01999595923708616,-0.016956857127114477,0.15986122076255,-0.12277149066544968,1.3021037693365574,0.744059296763747,-0.009477715898806506,-0.012305105224679425,0.8617492044947769
signal_month,2026-05,all,author_net_shift,7,5D,all,0,11,0.36363636363636365,0.18181818181818182,0.05136768974608513,0.4769805619608442,-0.044491468092294005,-0.016447757661815166,0.03475559173669124,-0.08977550228028557,0.38713892825886714,0.22122224471935265,-0.04365798793661204,-0.011129530404234256,0.19135148162008295
signal_month,2026-05,all,author_net_shift,90,1D,all,0,26,0.5,0.4230769230769231,0.2554444331365656,0.6105138625340828,0.003489665358951566,-0.0004673642391567201,0.02272288736556627,-0.015743556647663137,1.4433134693829868,1.4433134693829868,0.0020798028838894555,-0.0028807565932923995,1.2494352423074875
signal_month,2026-05,all,author_net_shift,90,20D,all,0,26,0.5384615384615384,0.6153846153846154,0.4253485008511553,0.7757140556428721,0.003925794181548464,0.011024417449366719,0.14301103170883583,-0.15834031626695347,0.9031877356347244,1.0537190249071786,0.01367462649194944,0.005649931891653581,1.2134265563955982
signal_month,2026-05,all,author_net_shift,90,5D,all,0,26,0.5384615384615384,0.5,0.3206059352575905,0.6793940647424095,-0.004791991475805228,0.00270322374789822,0.06103277688926157,-0.08158755456838317,0.7480647901771162,0.8727422552066356,-0.0040935110683000524,4.2920010148161936e-06,0.8794029974505612
signal_month,2026-05,all,high_low_divergence,1,1D,all,0,1,1.0,1.0,0.20654931437723745,1.0,0.004034260600989215,0.004034260600989215,0.004034260600989215,,,,0.011564401553266657,0.011564401553266657,
signal_month,2026-05,all,high_low_divergence,1,20D,all,0,1,0.0,0.0,0.0,0.7934506856227626,-0.41939302406269774,-0.41939302406269774,,-0.41939302406269774,,,-0.41225706016387886,-0.41225706016387886,
signal_month,2026-05,all,high_low_divergence,1,5D,all,0,1,0.0,0.0,0.0,0.7934506856227626,-0.2632201971549277,-0.2632201971549277,,-0.2632201971549277,,,-0.24317153667729396,-0.24317153667729396,
signal_month,2026-05,all,high_low_divergence,3,1D,all,0,5,0.6,0.6,0.2307242812760128,0.882379225767352,0.01886681428682937,0.004034260600989215,0.038667479470140965,-0.010834183488138027,3.569025714995196,5.353538572492794,0.019593279940312635,0.006359616390953171,5.823315946338635
signal_month,2026-05,all,high_low_divergence,3,20D,all,0,5,0.2,0.2,0.03622410863243014,0.6244653702374747,-0.04801848039493337,-0.045619360823003774,0.27727104737970265,-0.12934086233859238,2.143723509851467,0.5359308774628667,-0.03883650265494694,-0.018868346896646848,0.5849813070202292
signal_month,2026-05,all,high_low_divergence,3,5D,all,0,5,0.6,0.4,0.11762077423264783,0.769275718723987,-0.017007144750496427,0.00205703730654061,0.06220562920087702,-0.1358263056775566,0.45797924702854986,0.6869688705428248,-0.013699934913141965,-0.0005792587455539788,0.7203194033645827
signal_month,2026-05,all,high_low_divergence,30,1D,all,0,4,0.75,0.75,0.30064184258240184,0.9544127391902995,0.02725217098407892,0.019670325405856004,0.0387025023420573,-0.00709882308985621,5.451960395711345,16.355881187134038,0.024467345625015485,0.016860066911877247,15.965928740837839
signal_month,2026-05,all,high_low_divergence,30,20D,all,0,4,0.25,0.25,0.04558726080970055,0.6993581574175981,-0.03531992116827504,-0.05748443675539011,0.044303797468354444,-0.0618611607138182,0.7161811540089339,0.2387270513363113,-0.0284613181182935,-0.04736042398340751,0.26260180376199926
signal_month,2026-05,all,high_low_divergence,30,5D,all,0,4,0.75,0.75,0.30064184258240184,0.9544127391902995,0.03417497669351738,0.028952376034054317,0.049575074409921926,-0.012025316455696267,4.12255881935138,12.367676458054142,0.030568083428240356,0.02197162415467313,8.77877639370915
signal_month,2026-05,all,high_low_divergence,7,1D,all,0,6,0.16666666666666666,0.16666666666666666,0.030053369748306635,0.5635028221864702,-0.0038407692144976635,-0.012789052372207843,0.04989545324094968,-0.014588013705587132,3.4203047959736965,0.6840609591947393,-0.002860711053860543,-0.011165997497466662,0.7330129249119015
signal_month,2026-05,all,high_low_divergence,7,20D,all,0,6,0.3333333333333333,0.3333333333333333,0.09677141110578041,0.700006684861608,0.08652652950556151,-0.03663409518333993,0.3849898250627154,-0.06270511827301542,6.13968740775651,3.069843703878255,0.08794528827344487,-0.018073935831032673,3.7749734314169383
signal_month,2026-05,all,high_low_divergence,7,5D,all,0,6,0.6666666666666666,0.6666666666666666,0.299993315138392,0.9032285888942195,0.0654357334427876,0.039005570179799054,0.11787039553152098,-0.03943359073467917,2.9890860389708807,5.978172077941761,0.06463567155819916,0.038157465953112146,7.455793832214011
signal_month,2026-05,all,high_low_divergence,90,1D,all,0,1,1.0,1.0,0.20654931437723745,1.0,0.01207764198418404,0.01207764198418404,0.01207764198418404,,,,0.013828242480865893,0.013828242480865893,
signal_month,2026-05,all,high_low_divergence,90,20D,all,0,1,0.0,0.0,0.0,0.7934506856227626,-0.014557872034507646,-0.014557872034507646,,-0.014557872034507646,,,-0.014340743290733204,-0.014340743290733204,
signal_month,2026-05,all,high_low_divergence,90,5D,all,0,1,0.0,0.0,0.0,0.7934506856227626,-0.015348670021567257,-0.015348670021567257,,-0.015348670021567257,,,-0.01296025384004773,-0.01296025384004773,
signal_month,2026-05,all,weighted_net,1,1D,all,0,39,0.48717948717948717,0.5128205128205128,0.36199362884457964,0.6613482467013799,0.010244114564491964,-0.0006369944703457087,0.04398518874466071,-0.021809905906668342,2.016752797232945,1.9159151573712976,0.009189550467189242,0.00013030279119696786,1.8383186169322399
signal_month,2026-05,all,weighted_net,1,20D,all,0,39,0.358974358974359,0.358974358974359,0.22742085458992867,0.5158185144045146,-0.017273902732429958,-0.041676031845551464,0.22681491877628357,-0.15396364277730953,1.4731719429654242,0.8249762880606375,-0.012734452662803965,-0.01740734755130291,0.863493962295852
signal_month,2026-05,all,weighted_net,1,5D,all,0,39,0.4358974358974359,0.41025641025641024,0.27079310000725176,0.5658137711710304,0.008835447042518166,-0.03425541266712995,0.12724666443701985,-0.08266413003505134,1.539321400746183,1.1894756278493235,0.008950185848677537,-0.03372944918175247,1.2144970120144474
signal_month,2026-05,all,weighted_net,3,1D,all,0,95,0.5789473684210527,0.5473684210526316,0.44738266913924607,0.6436722394728039,0.009897713619993056,0.005247575067942378,0.03261121674842198,-0.021333353181596713,1.528649362846257,2.101892873913603,0.0077120695395095085,0.004598174875378946,1.8235568754645803
signal_month,2026-05,all,weighted_net,3,20D,all,0,95,0.47368421052631576,0.4631578947368421,0.3662764282064395,0.5629030873175216,0.021620843353569206,-0.01577153800659037,0.19432002371935728,-0.13380841897564008,1.4522256910810176,1.307003121972916,0.020987138159180196,-0.006986717481060278,1.3099954229675417
signal_month,2026-05,all,weighted_net,3,5D,all,0,95,0.5894736842105263,0.5263157894736842,0.42685348170018467,0.623732578639843,0.029807890524379394,0.00968899521531097,0.10425610425782461,-0.07709210868261887,1.3523576672034932,1.9418469067537338,0.022386694893101123,0.00643608072662083,1.690980634236251
signal_month,2026-05,all,weighted_net,30,1D,all,0,75,0.64,0.6266666666666667,0.513549651144567,0.7274403087597889,0.0056807324462029175,0.00584078927219811,0.028748999931144156,-0.03532952086035928,0.8137387440032153,1.446646656005716,0.0043041018341066295,0.004015564901544533,1.3384588156454482
signal_month,2026-05,all,weighted_net,30,20D,all,0,75,0.48,0.48,0.3706911114274907,0.5912578422718215,-0.021497204183762417,-0.01093567251461991,0.13969038819804555,-0.17028575099773902,0.8203292840391578,0.7572270314207611,-0.025872892415530355,-0.014255501987096464,0.7045492129044915
signal_month,2026-05,all,weighted_net,30,5D,all,0,75,0.44,0.41333333333333333,0.30877729130406334,0.5263348413929564,0.03655939413914846,-0.007355365612397691,0.1610452706898509,-0.06125093743640344,2.629270300671944,2.0658552362422413,0.024618607874758197,-0.015449561984917981,1.6166874578774917
signal_month,2026-05,all,weighted_net,7,1D,all,0,102,0.5,0.49019607843137253,0.3953140272637241,0.5857897857195398,-0.00017657700216028305,0.00021448172584670466,0.025827121571842353,-0.026180275576162922,0.9865106842251075,0.9865106842251075,-0.0017244272676443936,-0.0004480999934522445,0.8738075905907408
signal_month,2026-05,all,weighted_net,7,20D,all,0,102,0.49019607843137253,0.47058823529411764,0.376559145059517,0.5667522938902748,-0.0033995321303442595,-0.009827950827236087,0.1576435428235908,-0.1582486426629741,0.9961762715357251,0.9578617995535816,-0.0047103368867648,-0.01803102095928172,0.9400870974379988
signal_month,2026-05,all,weighted_net,7,5D,all,0,102,0.5490196078431373,0.49019607843137253,0.3953140272637241,0.5857897857195398,0.02726128045137947,0.005111972698283618,0.10699659719219676,-0.06980780079831113,1.532731241617704,1.8659336854476394,0.020267294707468145,-0.0025849013409494637,1.6163304115334307
signal_month,2026-05,all,weighted_net,90,1D,all,0,62,0.532258064516129,0.532258064516129,0.40984032508164014,0.6509116702666583,0.013468911194955557,0.0028734244016430655,0.04652878157059308,-0.024150941301459557,1.92658252901228,2.192318050255353,0.012155947145499849,0.0034327681050310144,2.03405182714811
signal_month,2026-05,all,weighted_net,90,20D,all,0,62,0.43548387096774194,0.45161290322580644,0.33419713167599524,0.5746748753015569,-0.033937910025980296,-0.02881508513757408,0.14100760975710497,-0.16889588243007467,0.8348789072195656,0.6440494427122363,-0.03458988662090269,-0.021312265044621803,0.6274960518211498
signal_month,2026-05,all,weighted_net,90,5D,all,0,62,0.532258064516129,0.532258064516129,0.40984032508164014,0.6509116702666583,0.05183248801794677,0.008115918669737487,0.15877848260191008,-0.06986467823277011,2.272657466093286,2.586127461416498,0.0430612621228141,0.007840263493707589,2.204416161899008
signal_month,2026-06,all,author_net,1,1D,all,0,43,0.3953488372093023,0.37209302325581395,0.24376339009650572,0.5214019084031153,-0.013309520125748757,-0.011021745606196065,0.026411971740110868,-0.039281264807272356,0.6723808886933059,0.4396336579917769,-0.010941674740389994,-0.009382757050231838,0.49022848121334106
signal_month,2026-06,all,author_net,1,20D,all,0,17,0.058823529411764705,0.0625,0.01111934476464252,0.28328737570298945,-0.11278243524437445,-0.11926676017908255,0.20125331405157865,-0.13240966957537154,1.5199291312861352,0.09499557070538345,-0.11427607911808355,-0.11805387335538031,0.10345479946716578
signal_month,2026-06,all,author_net,1,5D,all,0,43,0.2558139534883721,0.24390243902439024,0.13825002738090333,0.39343336222575687,-0.05720852063933643,-0.07763082231167351,0.10415772573996208,-0.1126781678322203,0.9243824934663004,0.31775648212904073,-0.044793850771216684,-0.05451163483093602,0.37059099242075205
signal_month,2026-06,all,author_net,3,1D,all,0,64,0.328125,0.328125,0.22570557904469185,0.45000894150908505,-0.0073595728705938245,-0.013311589308747873,0.03758072984156039,-0.029307162567227273,1.282305298418245,0.6262421224833289,-0.005891427948051345,-0.008509723175926687,0.6596960728467762
signal_month,2026-06,all,author_net,3,20D,all,0,30,0.2,0.25,0.12676494919293316,0.4335567031899896,-0.07451134371656656,-0.060992021667744645,0.10417349506334062,-0.11918255341154338,0.8740666488628103,0.21851666221570257,-0.07720899169252864,-0.07384920843609127,0.2167070267203548
signal_month,2026-06,all,author_net,3,5D,all,0,64,0.40625,0.375,0.2666598017882464,0.497496213159955,-0.030113068532438128,-0.03341674602792116,0.07338847880399724,-0.10092991670999918,0.7271231483809062,0.49750531205009374,-0.024029642546033316,-0.014784604117024147,0.5381270484377242
signal_month,2026-06,all,author_net,30,1D,all,0,70,0.35714285714285715,0.4142857142857143,0.30630178568736466,0.5311878821543955,-0.005607748581227769,-0.0040982676859484535,0.027732112027126075,-0.024678300031002173,1.1237448281400073,0.6384913796250042,-0.0046207213766056646,-0.005148278526244943,0.6745782415148471
signal_month,2026-06,all,author_net,30,20D,all,0,30,0.2,0.20689655172413793,0.09846070197841039,0.38390090403867905,-0.1283906040877521,-0.11757085941946505,0.09912916101188433,-0.1852705453626612,0.5350508404767857,0.13376271011919644,-0.12667572936913787,-0.09016018385541369,0.13604202943868923
signal_month,2026-06,all,author_net,30,5D,all,0,70,0.45714285714285713,0.45714285714285713,0.3457274259756359,0.5730174079452441,-0.02232171409787378,-0.011407118393207405,0.05878288886543797,-0.09062032711961,0.64867222105533,0.5462502914150147,-0.020708131042651085,-0.00827008049094613,0.5318232892782856
signal_month,2026-06,all,author_net,7,1D,all,0,82,0.2804878048780488,0.3048780487804878,0.21583396436990138,0.4113857912164793,-0.015374844223209902,-0.012342436029796067,0.028312371372599142,-0.032405453692762584,0.8736915594834709,0.34059162488338696,-0.014241710913257023,-0.009352205910076128,0.33962904244460346
signal_month,2026-06,all,author_net,7,20D,all,0,37,0.32432432432432434,0.2702702702702703,0.15397461511049093,0.4297816832471427,-0.06783162406390165,-0.06891816382388327,0.1517697603465595,-0.17324028858092302,0.8760650400075135,0.42051121920360646,-0.06704048236736039,-0.06889156277314179,0.4262919550463335
signal_month,2026-06,all,author_net,7,5D,all,0,82,0.4024390243902439,0.4024390243902439,0.3029744315621252,0.5106354462310653,-0.026943962443873214,-0.02017315252850721,0.06544545676000917,-0.08916540803016135,0.7339780998688572,0.4943117815443324,-0.022225022556375963,-0.023587283265527503,0.532861379901976
signal_month,2026-06,all,author_net,90,1D,all,0,42,0.38095238095238093,0.42857142857142855,0.2911765117618606,0.5779376012189541,-0.0044612237128368775,-0.003627652924269753,0.026876635059532153,-0.024695902275666533,1.0883034261928688,0.6965141927634361,-0.0011852887266921362,-0.0027597619862721467,0.9015225269252045
signal_month,2026-06,all,author_net,90,20D,all,0,19,0.21052631578947367,0.21052631578947367,0.08507676632916253,0.43334278443814167,-0.09484495109759558,-0.06427383172858803,0.08505823400857443,-0.14281913379257424,0.59556609643152,0.158817625715072,-0.09528183530409463,-0.04793141927722622,0.15176895006764177
signal_month,2026-06,all,author_net,90,5D,all,0,42,0.4523809523809524,0.4523809523809524,0.31223393233454466,0.6005088096526652,0.003759639665701721,-0.0026224750675479247,0.07507800319632506,-0.0551555302074219,1.361205357177807,1.1244739907121015,0.00747567616856522,-0.008328170652781686,1.3118826408321176
signal_month,2026-06,all,author_net_shift,1,1D,all,0,2,0.5,0.5,0.09453120573423074,0.9054687942657693,0.015635646230717615,0.015635646230717615,0.045960758218500763,-0.014689465757065534,3.1288243547178665,3.1288243547178665,0.019183627875886622,0.019183627875886622,5.454245879028208
signal_month,2026-06,all,author_net_shift,1,5D,all,0,2,1.0,,,,0.1253247841186454,0.1253247841186454,0.1253247841186454,,,,,,
signal_month,2026-06,all,author_net_shift,3,1D,all,0,2,1.0,1.0,0.34238022750665303,1.0,0.01599435512755948,0.01599435512755948,0.01599435512755948,,,,0.013379006253524894,0.013379006253524894,
signal_month,2026-06,all,author_net_shift,3,20D,all,0,1,0.0,0.0,0.0,0.7934506856227626,-0.08917510109628102,-0.08917510109628102,,-0.08917510109628102,,,-0.07944235279153422,-0.07944235279153422,
signal_month,2026-06,all,author_net_shift,3,5D,all,0,2,0.0,0.0,0.0,0.6576197724933469,-0.14240955974006492,-0.14240955974006492,,-0.14240955974006492,,,-0.12060878581169637,-0.12060878581169637,
signal_month,2026-06,all,author_net_shift,30,1D,all,0,34,0.7058823529411765,0.7058823529411765,0.5383109020528557,0.8316536932957758,0.012657530711802922,0.011226085126850693,0.02761840872200708,-0.02324857651268706,1.1879612804222806,2.8511070730134738,0.009078772293047266,0.008230134476434559,2.3394048056011556
signal_month,2026-06,all,author_net_shift,30,20D,all,0,18,0.5555555555555556,0.6875,0.44404355834740666,0.8583535614521796,0.02771512406403612,0.003600580568496381,0.18770014952728792,-0.17226615776502863,1.0895938701048367,1.3619923376310459,0.05594154557351088,0.028286718070284267,1.853960542703536
signal_month,2026-06,all,author_net_shift,30,5D,all,0,34,0.5294117647058824,0.6363636363636364,0.466161783022664,0.7781282176475764,0.002790773810850512,0.006303657843053645,0.06458429810501459,-0.06672694102008407,0.9678893879696273,1.0888755614658308,0.00686518334726025,0.0081014631964762,1.2915106270308032
signal_month,2026-06,all,author_net_shift,7,1D,all,0,24,0.375,0.375,0.21159367559548778,0.5729003755732572,-0.02149268328900773,-0.013854073871332806,0.025292506966547994,-0.04956379744234116,0.5103020404352878,0.30618122426117267,-0.020230901539454327,-0.013313259513370423,0.27111881711630315
signal_month,2026-06,all,author_net_shift,7,20D,all,0,12,0.4166666666666667,0.45454545454545453,0.21271271622459764,0.719908462590678,-0.0030442621444761084,-0.02354036045533614,0.15124348941240898,-0.11324979897082259,1.3354857208300652,0.953918372021475,0.010314733683413957,-0.021584896417723765,1.1650537604750348
signal_month,2026-06,all,author_net_shift,7,5D,all,0,24,0.2916666666666667,0.34782608695652173,0.1881127593879773,0.55109664622737,-0.042659792586238136,-0.07752837158171844,0.09856896723269325,-0.10081281133520988,0.9777424706959547,0.4025998408748049,-0.03135785246909718,-0.05214487704092574,0.4572929539882823
signal_month,2026-06,all,author_net_shift,90,1D,all,0,28,0.5,0.5357142857142857,0.358126892344679,0.7046843001720462,-0.00415082304838182,0.0005031760166107624,0.020250598164792823,-0.028552244261556465,0.7092471603732667,0.7092471603732667,-0.004382150889983957,0.000596790207659792,0.6652469019327399
signal_month,2026-06,all,author_net_shift,90,20D,all,0,13,0.6153846153846154,0.6153846153846154,0.355228915126657,0.8229029220223743,-0.012094297096140618,0.04699985110923621,0.09300951553552558,-0.18026039730680654,0.5159730973921114,0.8255569558273782,-0.009506414151795761,0.011062093822886698,0.8596467484036752
signal_month,2026-06,all,author_net_shift,90,5D,all,0,28,0.39285714285714285,0.3333333333333333,0.18643261498715644,0.5217523949267991,-0.04181282311286479,-0.03188686506911509,0.029130485671787495,-0.08771731703234568,0.33209503730085194,0.21488502413584534,-0.029868509482248704,-0.02165181642481484,0.30910907574776236
signal_month,2026-06,all,high_low_divergence,1,1D,all,0,2,0.0,0.0,0.0,0.6576197724933469,-0.01643311689996485,-0.01643311689996485,,-0.01643311689996485,,,-0.01813650437995945,-0.01813650437995945,
signal_month,2026-06,all,high_low_divergence,1,5D,all,0,2,0.5,1.0,0.20654931437723745,1.0,-0.0010116488319220074,-0.0010116488319220074,0.03834367481322032,-0.04036697247706433,0.9498773987820461,0.9498773987820461,0.01332026970421929,0.01332026970421929,
signal_month,2026-06,all,high_low_divergence,3,1D,all,0,13,0.23076923076923078,0.3076923076923077,0.12680703655710515,0.5763065681945096,-0.0039038800193321563,-0.008410185024070538,0.039071535336314724,-0.01679650462602622,2.3261706055064155,0.6978511816519247,-0.0028568734495159234,-0.003793751126657252,0.7462739927071699
signal_month,2026-06,all,high_low_divergence,3,20D,all,0,5,0.2,0.25,0.04558726080970055,0.6993581574175981,-0.019620860177265432,-0.031108935661064874,0.03581975900639012,-0.03348101497317932,1.069852841530769,0.2674632103826923,-0.0029979976537855557,-0.018824163597489507,0.7975462099859361
signal_month,2026-06,all,high_low_divergence,3,5D,all,0,13,0.46153846153846156,0.5,0.2537815976337061,0.7462184023662939,0.0021464982146926536,-0.023741554857740987,0.09829255926663677,-0.08026441125840231,1.2246094841485207,1.0496652721273037,0.014984370048779597,-0.0018282578813051953,1.5703086493300258
signal_month,2026-06,all,high_low_divergence,30,1D,all,0,23,0.391304347826087,0.34782608695652173,0.1881127593879773,0.55109664622737,-0.005658051798355222,-0.006373453625862835,0.019869353107370098,-0.022068526380607214,0.9003479781427705,0.5787951288060668,-0.004520793232004282,-0.0050773520410269946,0.60644584361203
signal_month,2026-06,all,high_low_divergence,30,20D,all,0,7,0.14285714285714285,0.5,0.1876163064826506,0.8123836935173494,-0.016598819044320035,-0.006543885726715715,0.10934121621621617,-0.03758882492107607,2.908875615180737,0.48481260253012287,-0.0025820385236414536,-0.0005238849116839805,0.8951010461365818
signal_month,2026-06,all,high_low_divergence,30,5D,all,0,23,0.43478260869565216,0.4090909090909091,0.2325581619647187,0.6126518152368488,-0.014981209934138805,-0.01772457058323962,0.06320590619302438,-0.07512514541657202,0.8413415487257301,0.6471858067120999,-0.005339925664401915,-0.01178156627066751,0.8187292794877321
signal_month,2026-06,all,high_low_divergence,7,1D,all,0,20,0.55,0.5,0.2992980081982123,0.7007019918017877,0.0006484955140122594,0.0037814559556743066,0.029989066171613777,-0.0352122019563896,0.8516668798149946,1.040926186440549,0.001032767847937055,-0.0003589187376717984,1.0698538065360952
signal_month,2026-06,all,high_low_divergence,7,20D,all,0,6,0.16666666666666666,0.2,0.03622410863243014,0.6244653702374747,-0.01592663314941023,-0.031213290191767717,0.09026355047240187,-0.03716466987377265,2.428746193063898,0.48574923861277963,-0.004432640708042857,-0.021376187356318077,0.7814274659571088
signal_month,2026-06,all,high_low_divergence,7,5D,all,0,20,0.55,0.55,0.34208534245034233,0.7418021417443759,0.05145964734780277,0.037315042839141055,0.1346458517502553,-0.05021238025519476,2.681526967372263,3.277421849010544,0.04993641371092157,0.02042549714754921,4.2598120775869015
signal_month,2026-06,all,high_low_divergence,90,1D,all,0,17,0.5882352941176471,0.5294117647058824,0.30963235060004424,0.7383489355759056,-0.0016957795124483046,0.0018174431781736722,0.015775045408195333,-0.026654100827653498,0.591843090494683,0.8454901292781184,-0.0021533513844167657,0.002258844340915056,0.8048819711912111
signal_month,2026-06,all,high_low_divergence,90,20D,all,0,1,0.0,0.0,0.0,0.7934506856227626,-0.01878716998034191,-0.01878716998034191,,-0.01878716998034191,,,-0.009054421675595115,-0.009054421675595115,
signal_month,2026-06,all,high_low_divergence,90,5D,all,0,17,0.5294117647058824,0.4117647058823529,0.2161105679021481,0.6399455735700021,-0.024559272064485584,0.005232558139534937,0.03371436133974158,-0.09011710964424115,0.3741172067417285,0.4208818575844446,-0.025012581946737847,-0.004989442394349286,0.3594948855656437
signal_month,2026-06,all,weighted_net,1,1D,all,0,45,0.37777777777777777,0.35555555555555557,0.23219082604215874,0.5016418580362314,-0.014963487785982606,-0.014652014652014711,0.026513910648886953,-0.04014619397858198,0.6604339794460252,0.40097777323508677,-0.012236151623977702,-0.010340120420801013,0.455258064209655
signal_month,2026-06,all,weighted_net,1,20D,all,0,19,0.05263157894736842,0.05555555555555555,0.009875190978303097,0.25757300781872594,-0.10303535621769135,-0.11868260837673295,0.20125331405157865,-0.11994028234376192,1.677945975437716,0.09321922085765089,-0.10506867211615506,-0.10593710389985345,0.10036335185023991
signal_month,2026-06,all,weighted_net,1,5D,all,0,45,0.28888888888888886,0.27906976744186046,0.16746613786237488,0.42691028681878873,-0.05022232644180491,-0.07471679922872987,0.10320719741352787,-0.11255307050803384,0.9169647433666513,0.3725169269927021,-0.038692823018808956,-0.05260741720267248,0.4297969043122458
signal_month,2026-06,all,weighted_net,3,1D,all,0,68,0.3088235294117647,0.3088235294117647,0.21172386467551985,0.42636811693509546,-0.012436913403116794,-0.012583198327802914,0.03118495454973713,-0.03192753525439195,0.9767416839809872,0.43641649709788793,-0.010237649322644614,-0.008636895535919509,0.4715167426540054
signal_month,2026-06,all,weighted_net,3,20D,all,0,32,0.21875,0.23333333333333334,0.11792388144489496,0.40928326158122164,-0.09262685070554819,-0.08993352544317718,0.0944086756266334,-0.14499679807855903,0.6511086925897697,0.18231043392513555,-0.0965805852895384,-0.09694836652274164,0.1808931588956289
signal_month,2026-06,all,weighted_net,3,5D,all,0,68,0.38235294117647056,0.3880597014925373,0.28049048016711003,0.5077691032787037,-0.03737645215039877,-0.03341674602792116,0.06947116140464192,-0.10352021292256681,0.6710878913725419,0.41543536132585923,-0.02927996531619114,-0.02165181642481484,0.4584670223877191
signal_month,2026-06,all,weighted_net,30,1D,all,0,72,0.3472222222222222,0.4166666666666667,0.3098521747473985,0.5319230206853446,-0.008718504693594432,-0.0054255327830806666,0.02573329753857321,-0.02704393141283254,0.9515368585191195,0.5061366268718721,-0.00706397230709749,-0.005148278526244943,0.5553203812437671
signal_month,2026-06,all,weighted_net,30,20D,all,0,28,0.35714285714285715,0.35714285714285715,0.2070582950773768,0.5416969348557219,-0.08919922793069136,-0.0877643279227927,0.10603384697653957,-0.1976620473235974,0.536440092634217,0.2980222736856761,-0.0897002162990346,-0.08489577769934514,0.29385781080533996
signal_month,2026-06,all,weighted_net,30,5D,all,0,72,0.4444444444444444,0.4507042253521127,0.34047961174824115,0.5659893412852551,-0.026362012380559297,-0.011407118393207405,0.0493472775584573,-0.08692944433177258,0.5676704589312663,0.45413636714501304,-0.02125204223788963,-0.009765686617008495,0.4939311323650138
signal_month,2026-06,all,weighted_net,7,1D,all,0,75,0.32,0.3466666666666667,0.24882277263674593,0.4594525390579812,-0.013276784217724383,-0.011050282152783808,0.028923681750519684,-0.03313582702630983,0.872882446167838,0.4107682099613356,-0.011809179039986878,-0.006028210237774667,0.43064628326149107
signal_month,2026-06,all,weighted_net,7,20D,all,0,34,0.35294117647058826,0.3235294117647059,0.1913164356402551,0.49157105406091794,-0.07047117394284094,-0.09113566907675535,0.15375152705851053,-0.19277446539812357,0.7975720577981026,0.4350393042535105,-0.06832770326656679,-0.09537820857023183,0.4461080531267935
signal_month,2026-06,all,weighted_net,7,5D,all,0,75,0.4,0.4,0.2966251564586679,0.5131196120378932,-0.02597605924819101,-0.02004869709371604,0.06470692560966992,-0.08643138248676495,0.7486508227446016,0.49910054849640095,-0.019423368785867534,-0.01332026970421929,0.5605175281734555
signal_month,2026-06,all,weighted_net,90,1D,all,0,40,0.375,0.45,0.3070530781090492,0.6017090820106794,0.00048682535351635413,-0.003364795793619646,0.03709709917455509,-0.022374311394903007,1.6580219395268636,1.0362637122042897,0.003285902262817872,-0.0025600175316028984,1.2839048101526616
signal_month,2026-06,all,weighted_net,90,20D,all,0,21,0.38095238095238093,0.38095238095238093,0.20751011368564493,0.5912134622488425,-0.0761726054810629,-0.07181550843522677,0.10619147404234026,-0.18839665441854175,0.5636590223434936,0.3468670906729191,-0.07685000130373258,-0.0796313715432766,0.33433064682643304
signal_month,2026-06,all,weighted_net,90,5D,all,0,40,0.425,0.35,0.2213452887317629,0.5049411916274231,-0.023074173542750476,-0.007989405216979772,0.05763880262577088,-0.08273159071078799,0.6966964146412203,0.5149495238652498,-0.01915581701340891,-0.013623284482952913,0.5397033888620607
signal_month,2026-07,all,author_net,1,1D,all,0,37,0.43243243243243246,0.4411764705882353,0.2888348224624216,0.6054610074379694,-0.01306397702334778,-0.008313990293310813,0.018643699219747942,-0.0372222065418969,0.5008757124262045,0.38161959041996535,-0.013048805568049908,-0.005861949008521161,0.37078828991660606
signal_month,2026-07,all,author_net,1,5D,all,0,5,0.4,,,,-0.029215297967660026,-0.059689534301452074,0.05688063875360483,-0.08661258911516993,0.6567248402881696,0.43781656019211307,,,
signal_month,2026-07,all,author_net,3,1D,all,0,46,0.34782608695652173,0.35555555555555557,0.23219082604215874,0.5016418580362314,-0.015405208376027022,-0.00841957572838875,0.02207732308886908,-0.03539589182397161,0.6237255780603718,0.3326536416321983,-0.015421798184561906,-0.006119934824002415,0.3381242087227613
signal_month,2026-07,all,author_net,3,5D,all,0,2,0.5,,,,-0.010183219659774312,-0.010183219659774312,0.03932309498190345,-0.059689534301452074,0.6587937976414541,0.6587937976414541,,,
signal_month,2026-07,all,author_net,30,1D,all,0,35,0.45714285714285713,0.47058823529411764,0.3145150447508847,0.6326328701993107,-0.007322216615696852,-0.0011458034947006146,0.024841046317981286,-0.03440706961247844,0.7219750649434022,0.6079790020576019,-0.009009740157485908,-0.002303131675373604,0.5300186154712954
signal_month,2026-07,all,author_net,30,5D,all,0,2,0.5,1.0,0.20654931437723745,1.0,0.024611266803734155,0.024611266803734155,0.05442566599828136,-0.005203132390813048,10.46017320150809,10.46017320150809,0.04451129618292149,0.04451129618292149,
signal_month,2026-07,all,author_net,7,1D,all,0,43,0.32558139534883723,0.3170731707317073,0.19564613898988575,0.4698419964434429,-0.015078912801475332,-0.011862787668258878,0.025489952438673684,-0.03466388222775416,0.7353461528398791,0.3549946944744244,-0.017016347786401834,-0.013749885049171517,0.2960834485898852
signal_month,2026-07,all,author_net,7,5D,all,0,2,0.5,,,,0.0170599812955452,0.0170599812955452,0.03932309498190345,-0.005203132390813048,7.557581093138162,7.557581093138162,,,
signal_month,2026-07,all,author_net,90,1D,all,0,27,0.6296296296296297,0.5925925925925926,0.4072670096806468,0.7548524292560443,0.009144801996007654,0.009213820731096556,0.02904187228632298,-0.0246802174975284,1.1767267565300579,2.0004354861010984,0.00903702328203624,0.010324242414079254,1.9630865442372294
signal_month,2026-07,all,author_net,90,5D,all,0,1,0.0,,,,-0.059689534301452074,-0.059689534301452074,,-0.059689534301452074,,,,,
signal_month,2026-07,all,author_net_shift,1,1D,all,0,6,0.16666666666666666,0.0,0.0,0.4898908364545973,-0.020514156276063383,-0.012521297245653373,0.005812159242876369,-0.025779419379851332,0.22545733700344833,0.04509146740068967,-0.02517162680880164,-0.01173337337023117,
signal_month,2026-07,all,author_net_shift,1,5D,all,0,3,0.6666666666666666,1.0,0.20654931437723745,1.0,0.02027809903383948,0.08507355210369316,0.08562073730050102,-0.11040717749948359,0.7754997386913681,1.5509994773827362,0.07396810057749803,0.07396810057749803,
signal_month,2026-07,all,author_net_shift,3,1D,all,0,13,0.6923076923076923,0.7,0.39677814746114537,0.8922087325936989,0.010532313688174567,0.005321839778222981,0.021999446423661733,-0.015268734966671554,1.4408165752881237,3.241837294398278,0.018047013156947643,0.012858136716242696,7.938417558243995
signal_month,2026-07,all,author_net_shift,3,5D,all,0,6,0.5,0.5,0.09453120573423074,0.9054687942657693,-0.012513653535167221,-0.009345054370045291,0.042929579769917216,-0.06795688684025165,0.63171786946087,0.63171786946087,-0.01394546065628166,-0.01394546065628166,0.6229331144803241
signal_month,2026-07,all,author_net_shift,30,1D,all,0,16,0.625,0.625,0.38641040545502714,0.8151876744113636,0.0054364813146123014,0.009609936878804737,0.02572091069553789,-0.028370900986930347,0.906594778480485,1.5109912974674748,0.005474279800231158,0.0066347509111683856,1.546130701638503
signal_month,2026-07,all,author_net_shift,30,5D,all,0,3,0.0,0.0,5.551115123125783e-17,0.5614970317550454,-0.11144643303637913,-0.11583201637348117,,-0.11144643303637913,,,-0.11475122297483242,-0.11406351693860328,
signal_month,2026-07,all,author_net_shift,7,1D,all,0,5,0.4,0.3333333333333333,0.06149194472039621,0.7923403991979522,-0.01616601604371355,-0.029759392148585917,0.03826134225457556,-0.052450921575906286,0.7294693992974793,0.4863129328649862,-0.03101088166094157,-0.028534212033791695,0.1472603342887458
signal_month,2026-07,all,author_net_shift,7,5D,all,0,2,0.0,,,,-0.04517764981053107,-0.04517764981053107,,-0.04517764981053107,,,,,
signal_month,2026-07,all,author_net_shift,90,1D,all,0,9,0.3333333333333333,0.2222222222222222,0.06322510711784671,0.5474110308930111,-0.02205253840292824,-0.010986874088478427,0.010353939095156361,-0.03825577715197054,0.27065034005257516,0.13532517002628758,-0.022269933741877863,-0.014492359772181884,0.1384316533341985
signal_month,2026-07,all,author_net_shift,90,5D,all,0,1,0.0,0.0,0.0,0.7934506856227626,-0.18016528925619846,-0.18016528925619846,,-0.18016528925619846,,,-0.1702509194408386,-0.1702509194408386,
signal_month,2026-07,all,high_low_divergence,1,1D,all,0,6,0.16666666666666666,0.4,0.11762077423264783,0.769275718723987,-0.011500694189119975,-0.011548232891753496,0.003505864354921062,-0.014502005897928183,0.24175030541271014,0.04835006108254203,-0.009451163569252663,-0.005603963193039907,0.05727518849575327
signal_month,2026-07,all,high_low_divergence,1,5D,all,0,1,0.0,,,,-0.015156932210918628,-0.015156932210918628,,-0.015156932210918628,,,,,
signal_month,2026-07,all,high_low_divergence,3,1D,all,0,12,0.5,0.5454545454545454,0.280091537409322,0.7872872837754024,-0.001530853159516991,-0.0018705173633591365,0.02873680676454297,-0.03179851308357695,0.9037154249638399,0.9037154249638399,0.001060652450666565,0.0013320964959364634,1.0705425175494059
signal_month,2026-07,all,high_low_divergence,3,5D,all,0,2,0.0,0.0,0.0,0.7934506856227626,-0.03770949273431323,-0.03770949273431323,,-0.03770949273431323,,,-0.019174281181510322,-0.019174281181510322,
signal_month,2026-07,all,high_low_divergence,30,1D,all,0,10,0.6,0.6,0.31267376973365824,0.8318196702937638,-0.008757381455113932,0.001481366256222083,0.010260288125173711,-0.0372838858255454,0.2751936365534029,0.41279045483010435,-0.00880432670460778,0.0012466400087528529,0.40180375732728263
signal_month,2026-07,all,high_low_divergence,7,1D,all,0,9,0.4444444444444444,0.4444444444444444,0.18877852109766452,0.733348706504507,-0.012690795684798164,-0.008313990293310813,0.022417373038178562,-0.040777330663179547,0.5497508707312379,0.4398006965849903,-0.011296505923117532,-0.005603963193039907,0.48634295670175043
signal_month,2026-07,all,high_low_divergence,7,5D,all,0,2,0.5,0.5,0.09453120573423074,0.9054687942657693,0.05168171502079377,0.05168171502079377,0.12076921178821998,-0.01740578174663243,6.938453758997966,6.938453758997966,0.04584028039567489,0.04584028039567489,5.781434043001151
signal_month,2026-07,all,high_low_divergence,90,1D,all,0,9,0.5555555555555556,0.5555555555555556,0.26665129349549305,0.8112214789023355,-0.0054096243250754995,0.001187930624851563,0.018898025193383926,-0.03579418622314978,0.5279635378653108,0.6599544223316386,-0.005459663178876978,0.002413110739645785,0.6508992981855636
signal_month,2026-07,all,weighted_net,1,1D,all,0,46,0.41304347826086957,0.4318181818181818,0.2968272340851781,0.5777585300637057,-0.011059719028039199,-0.008377482816752824,0.02054691056593456,-0.03330142133490962,0.6169980061600373,0.43418378211261877,-0.011405379326881897,-0.00716600513218657,0.41327554451502513
signal_month,2026-07,all,weighted_net,1,5D,all,0,4,0.5,,,,-0.00791519883846864,-0.015540212012245758,0.05888489724607582,-0.0747152949230131,0.7881237343271016,0.7881237343271016,,,
signal_month,2026-07,all,weighted_net,3,1D,all,0,57,0.38596491228070173,0.36363636363636365,0.2493053153030725,0.4957723850015874,-0.011633718489757614,-0.005364207204146654,0.023292119198941617,-0.033587102179797136,0.6934840366476147,0.43590425160707214,-0.012699193502953971,-0.005603963193039907,0.39959524699460536
signal_month,2026-07,all,weighted_net,3,5D,all,0,3,0.3333333333333333,,,,-0.010850190264399004,-0.05801320372199403,0.0851521672302491,-0.058851369011723054,1.4469020629458422,0.7234510314729211,,,
signal_month,2026-07,all,weighted_net,30,1D,all,0,37,0.4594594594594595,0.4444444444444444,0.2954126874008022,0.6041893824430271,-0.0057115996618409826,-0.0017338813254560437,0.026624512458356005,-0.033197294964008424,0.8020084915720258,0.681707217836222,-0.007814150033376512,-0.00408134580860392,0.5803313439292557
signal_month,2026-07,all,weighted_net,30,5D,all,0,2,0.0,0.0,0.0,0.7934506856227626,-0.009825850394770297,-0.009825850394770297,,-0.009825850394770297,,,-0.012680068963849656,-0.012680068963849656,
signal_month,2026-07,all,weighted_net,7,1D,all,0,53,0.3584905660377358,0.3269230769230769,0.21522074458569176,0.4624381063802606,-0.013194372823916967,-0.008313990293310813,0.022836273583690874,-0.033329145816403706,0.6851742828780051,0.3828915110200617,-0.014804864318778485,-0.009635572542878612,0.3253939605194447
signal_month,2026-07,all,weighted_net,7,5D,all,0,1,0.0,,,,-0.005203132390813048,-0.005203132390813048,,-0.005203132390813048,,,,,
signal_month,2026-07,all,weighted_net,90,1D,all,0,32,0.5,0.46875,0.30869387108068835,0.6355048288102536,-0.0011179252153338329,-0.0001161112046192403,0.020325947955401373,-0.02256179838606904,0.9009010544102632,0.9009010544102632,-0.0016714712931381534,-0.0011065650719442321,0.8570594334768096
strength_quartile,Q1,all,author_net,1,1D,all,0,58,0.4827586206896552,0.4827586206896552,0.3592818542405501,0.6083773821659054,-0.0007472473985233702,-0.003366853878648046,0.03674299272574489,-0.03573813818117375,1.0281171486739753,0.9595760054290438,-0.0007333050786048125,-0.0011551941441078628,0.9577636600695724
strength_quartile,Q1,all,author_net,1,20D,all,0,42,0.5,0.5,0.3552598959637448,0.6447401040362553,0.02255142421295652,-0.005222372535849451,0.19314252265942514,-0.14803967423351208,1.304667303946978,1.304667303946978,0.01665343894814401,-0.0013265598638087517,1.2234527284195547
strength_quartile,Q1,all,author_net,1,5D,all,0,48,0.4166666666666667,0.375,0.25215266760868205,0.5163723648078473,0.006924159731094323,-0.01211172218353912,0.12788807509280714,-0.07947863695584341,1.6090874226222445,1.149348159015889,0.006143783275048421,-0.019043848444938505,1.1401094179321318
strength_quartile,Q1,all,author_net,1,60D,all,0,21,0.5238095238095238,0.5238095238095238,0.3236953458284443,0.7165599389846583,0.10349462257174424,0.02553296975706476,0.3410739231176698,-0.15784260802877387,2.1608482486268463,2.376933073489531,0.08440187597822033,0.0448912387881546,2.0712106543470843
strength_quartile,Q1,all,author_net,1,90D,all,0,16,0.75,0.6875,0.44404355834740666,0.8583535614521796,0.24330036447622894,0.1720863088835366,0.40678007590566945,-0.24713876981209262,1.6459581643744408,4.9378744931233225,0.21323110397569933,0.13039680118942065,4.278383102338537
strength_quartile,Q1,all,author_net,3,1D,all,0,114,0.5,0.49122807017543857,0.4012521423635062,0.5817759020954208,0.001402314225287089,0.0005174506091671915,0.0329593597802548,-0.030154731329680617,1.093007907114518,1.093007907114518,0.001086104469343227,-0.0003470629069939335,1.0778736864724139
strength_quartile,Q1,all,author_net,3,20D,all,0,97,0.6082474226804123,0.5670103092783505,0.46771584556481216,0.6611993858492361,0.04943722151815508,0.03830020776980669,0.16784105021107532,-0.1344003019787474,1.248814531961512,1.9389488785718214,0.034956582400992614,0.016767685113599384,1.6552476113264776
strength_quartile,Q1,all,author_net,3,5D,all,0,106,0.5943396226415094,0.5377358490566038,0.4431684397031949,0.6296638049327694,0.017097881329934984,0.009425176190636542,0.08324973409564901,-0.07982227504773905,1.0429386289210638,1.528026363302954,0.013168301750215227,0.006638803264969129,1.420792053740511
strength_quartile,Q1,all,author_net,3,60D,all,0,46,0.6956521739130435,0.5652173913043478,0.4224743369429499,0.6979073722198005,0.18974963981561435,0.07171121141889514,0.33340033833839045,-0.1385948139507311,2.40557585695025,5.498459101600573,0.1534034714131746,0.03706704202209804,4.474463109555726
strength_quartile,Q1,all,author_net,3,90D,all,0,32,0.75,0.65625,0.4831108797896222,0.7958956207556682,0.15758742580753013,0.07797279349544384,0.26496118617005715,-0.16453385528005088,1.6103748722052993,4.831124616615898,0.13379056010067264,0.08505992470034213,3.8179006575007532
strength_quartile,Q1,all,author_net,30,1D,all,0,138,0.5507246376811594,0.5362318840579711,0.4531768704289807,0.6173243785227895,0.0009270713427811906,0.002922112836511892,0.02610859869518067,-0.02994060734725688,0.8720129953400129,1.0689191555780804,0.00028602831540998493,0.002545692349113393,1.0215145438484743
strength_quartile,Q1,all,author_net,30,20D,all,0,121,0.4793388429752066,0.4462809917355372,0.3607180768411506,0.5351498493846116,0.004570200180480035,-0.0011012407312238626,0.16094382321935066,-0.1393928178553056,1.15460628241561,1.062970863176276,-0.008676223436518596,-0.014871154458298452,0.8842103807882349
strength_quartile,Q1,all,author_net,30,5D,all,0,131,0.5114503816793893,0.4961832061068702,0.4119013404422608,0.5806825428177849,0.012085386360460408,0.0012052730696798797,0.09086050635918037,-0.07038231738819954,1.2909564466033658,1.3514700300378986,0.007730115302913132,-0.0054754364704501235,1.2316992094586425
strength_quartile,Q1,all,author_net,30,60D,all,0,79,0.4810126582278481,0.43037974683544306,0.3269382343461824,0.5402780103144904,0.042515074924145364,-0.012310945146384311,0.3201558789521393,-0.2148105483213124,1.4904104172447432,1.3813559964707376,0.003968514939207235,-0.05310095708228879,1.0318975565658375
strength_quartile,Q1,all,author_net,30,90D,all,0,55,0.5454545454545454,0.5272727272727272,0.3979154435522611,0.6530690163868067,-0.03759711842711594,0.04538285694033406,0.22179765046146288,-0.34887084109341054,0.6357586371114241,0.7629103645337089,-0.0650846640183437,0.004943534619600065,0.6133378466061706
strength_quartile,Q1,all,author_net,7,1D,all,0,146,0.4589041095890411,0.4452054794520548,0.36702251253676754,0.5261979611163475,-0.0004896952831542535,-0.00343005494350912,0.03498278020000023,-0.030573946642285268,1.1442023043115188,0.9703994226439464,-0.0006389842313660032,-0.0028600002646153033,0.9600264079464385
strength_quartile,Q1,all,author_net,7,20D,all,0,126,0.5714285714285714,0.5396825396825397,0.45276918332225385,0.6242478194966192,0.039818790016051174,0.019825194666132306,0.16732507167926722,-0.13018958553490353,1.2852416035567433,1.713655471408991,0.02893083918972872,0.013555812422916425,1.5160070280393174
strength_quartile,Q1,all,author_net,7,5D,all,0,141,0.524822695035461,0.48226950354609927,0.40136199991789767,0.5641174971769932,0.014191537874679808,0.005115004750436469,0.08930377274522927,-0.06876824392264348,1.298619357587289,1.4342960068874537,0.010882953766488308,-0.0025026922478044167,1.3442646368071336
strength_quartile,Q1,all,author_net,7,60D,all,0,66,0.5303030303030303,0.5,0.3827368802505011,0.6172631197494989,0.13102422917386267,0.029837649254522758,0.3985540063903525,-0.17102551929636778,2.33037740817909,2.6310712672989727,0.09583319043770062,-0.0007067972833652014,2.116742376789458
strength_quartile,Q1,all,author_net,7,90D,all,0,47,0.5957446808510638,0.5531914893617021,0.41245459838218734,0.6858903373450472,0.034094899273376285,0.04538285694033406,0.27554094434687354,-0.3217203250454618,0.856461102692027,1.2621532039671979,0.01802317923810201,0.030358832531458102,1.1404057778493786
strength_quartile,Q1,all,author_net,90,1D,all,0,129,0.5736434108527132,0.5658914728682171,0.4796801505167429,0.6482919460780872,0.008879406956282017,0.004902516436182225,0.03291312896738008,-0.024342038608032936,1.3521106221776618,1.887852566814094,0.008119014495475422,0.007557197453236464,1.8000686995838877
strength_quartile,Q1,all,author_net,90,20D,all,0,117,0.5042735042735043,0.47863247863247865,0.39024289320810457,0.5683805788287645,0.01962033004926291,0.0002850952218040881,0.16639769296550305,-0.12968767705518824,1.283064796470161,1.305186603305853,0.005640191091039014,-0.008684376881445743,1.0837510695005375
strength_quartile,Q1,all,author_net,90,5D,all,0,122,0.5819672131147541,0.5737704918032787,0.4850865658415684,0.6579505553797247,0.023378067835044338,0.014265757646700183,0.08463920734036433,-0.061907047946871734,1.367198245553579,1.9033544202804726,0.01819671491563197,0.010063421812859352,1.720633051517955
strength_quartile,Q1,all,author_net,90,60D,all,0,76,0.5131578947368421,0.4868421052631579,0.3778372877915117,0.5971130697102026,0.026052542496828045,0.0021850744204419126,0.23921947641989333,-0.19863692839505154,1.2043051528874364,1.2694027287191898,-0.007677736385196212,-0.0014268857430196347,0.9312354562671205
strength_quartile,Q1,all,author_net,90,90D,all,0,53,0.5849056603773585,0.5471698113207547,0.414539754871058,0.6734242084707774,-0.02018794425359476,0.042374498950181305,0.20666221423022083,-0.33984044029897126,0.6081154263112766,0.8568899188931624,-0.05222687705973391,0.05703678458335748,0.6630433298192988
strength_quartile,Q1,all,author_net_shift,1,1D,all,0,2,0.5,0.5,0.09453120573423074,0.9054687942657693,0.018674674050046913,0.018674674050046913,0.045960758218500763,-0.008611410118406937,5.337193048123371,5.337193048123371,0.01699196271450165,0.01699196271450165,3.6147581495559935
strength_quartile,Q1,all,author_net_shift,1,5D,all,0,2,1.0,1.0,0.20654931437723745,1.0,0.10464069362635892,0.10464069362635892,0.10464069362635892,,,,0.07396810057749803,0.07396810057749803,
strength_quartile,Q1,all,author_net_shift,3,1D,all,0,5,1.0,1.0,0.5101091635454027,1.0,0.011935417917561275,0.010797602959444208,0.011935417917561275,,,,0.013647108943912745,0.014295852701459222,
strength_quartile,Q1,all,author_net_shift,3,20D,all,0,2,0.0,0.0,0.0,0.6576197724933469,-0.21456448108037635,-0.21456448108037635,,-0.21456448108037635,,,-0.20972506873660102,-0.20972506873660102,
strength_quartile,Q1,all,author_net_shift,3,5D,all,0,4,0.25,0.0,5.551115123125783e-17,0.5614970317550454,-0.03697502562697788,-0.05167607281931913,0.041619965628035605,-0.06317335604531571,0.6588215069368903,0.21960716897896343,-0.046868604034785655,-0.03905641691060269,
strength_quartile,Q1,all,author_net_shift,30,1D,all,0,41,0.4878048780487805,0.4878048780487805,0.34254429554432664,0.6351549134845619,-0.0004561927103459016,-0.0004871447902570214,0.027016663007761715,-0.026620817203781726,1.0148697840847558,0.9665426515092913,-0.002149593815745399,-0.00031141593248817934,0.8398466019244686
strength_quartile,Q1,all,author_net_shift,30,20D,all,0,32,0.53125,0.6129032258064516,0.4382410861966073,0.7626689857961975,0.10572476597449162,0.03445632753572353,0.2798735207916347,-0.09164382281827053,3.053926737065772,3.461116968674542,0.09978239042953446,0.024335957379660433,3.493599326503986
strength_quartile,Q1,all,author_net_shift,30,5D,all,0,38,0.5263157894736842,0.5405405405405406,0.3838404689217949,0.6896143019562697,0.01569178499113493,0.0022640950271069493,0.08830107224206862,-0.06498520084323584,1.3587874023053002,1.5097637803392223,0.016196735632941404,0.005302706870984997,1.634863048830442
strength_quartile,Q1,all,author_net_shift,30,60D,all,0,20,0.65,0.5263157894736842,0.3170780924511316,0.7267019483882042,0.13095518917111085,0.04018546323789557,0.40048386595141994,-0.36959806770660597,1.0835659083297255,2.012336686898062,0.049936650594383715,0.047658488218671136,1.3558393527010626
strength_quartile,Q1,all,author_net_shift,30,90D,all,0,14,0.5714285714285714,0.5384615384615384,0.29143795714506004,0.7679393219046169,0.06985443634788738,0.06283219067266166,0.4718087359945998,-0.46608462984772925,1.0122812591969417,1.3497083455959222,0.05244594531001034,0.009602742088420602,1.2504881844199782
strength_quartile,Q1,all,author_net_shift,7,1D,all,0,18,0.5,0.375,0.18481232558863633,0.6135895945449727,-0.004184392556083876,-0.002271654279350499,0.015035956937761311,-0.023404742049929064,0.6424320723418049,0.6424320723418049,-0.004825720879517603,-0.004168875378090353,0.4437117113796524
strength_quartile,Q1,all,author_net_shift,7,20D,all,0,9,0.2222222222222222,0.4444444444444444,0.18877852109766452,0.733348706504507,-0.04698940240385636,-0.02991665286747247,0.07035014892624619,-0.08051498849817137,0.873752207365017,0.2496434878185763,-0.045339724953913155,-0.012305105224679425,0.17904578465719392
strength_quartile,Q1,all,author_net_shift,7,5D,all,0,17,0.35294117647058826,0.5,0.26799202452413634,0.7320079754758637,-0.041266925533119565,-0.04740568151268043,0.05708937693118551,-0.09491581778637688,0.6014737929106212,0.3280766143148843,-0.027351465776353747,-0.00657335252928859,0.41276607538024274
strength_quartile,Q1,all,author_net_shift,7,60D,all,0,3,0.6666666666666666,0.6666666666666666,0.2076596008020477,0.9385080552796037,0.07372526160106958,0.16542473919523104,0.1677734398072006,-0.11437109481119245,1.4669216910458582,2.9338433820917165,0.023606036742371456,0.0299242891267546,5.58286468990886
strength_quartile,Q1,all,author_net_shift,7,90D,all,0,1,1.0,1.0,0.20654931437723745,1.0,0.16906772644477575,0.16906772644477575,0.16906772644477575,,,,0.06680699456581718,0.06680699456581718,
strength_quartile,Q1,all,author_net_shift,90,1D,all,0,34,0.5294117647058824,0.5,0.34069325645682497,0.659306743543175,0.0017067349533138303,0.0015834337193739723,0.02034528613047109,-0.019261635120988087,1.056259554429116,1.1882919987327556,0.000757888868785149,-0.00037305542331722563,1.0878781519599066
strength_quartile,Q1,all,author_net_shift,90,20D,all,0,28,0.5357142857142857,0.5714285714285714,0.3907078562746876,0.734914528758763,-0.0034622576280031064,0.01603628724660866,0.16307110895127216,-0.1956161421425515,0.8336280797953639,0.9618785536100353,-0.013241048498518319,0.0009880114672603524,0.8464031171352371
strength_quartile,Q1,all,author_net_shift,90,5D,all,0,33,0.42424242424242425,0.375,0.22933887309454212,0.5474559264692255,-0.021515987005355716,-0.007089848142317723,0.05923144988761619,-0.08101409840017712,0.7311252122443751,0.5387238406011186,-0.015138066464407962,-0.010127693391677905,0.6220393524641928
strength_quartile,Q1,all,author_net_shift,90,60D,all,0,11,0.6363636363636364,0.5454545454545454,0.280091537409322,0.7872872837754024,0.30602511584649883,0.08572078956781892,0.5204331504967918,-0.06918894479151394,7.521911947999866,13.163345908999768,0.25990551289278474,0.04471260531345522,7.435438207394551
strength_quartile,Q1,all,author_net_shift,90,90D,all,0,9,0.7777777777777778,0.6666666666666666,0.3542021355803963,0.879416181613089,0.6913063251092804,0.17287242691294602,0.917141613727864,-0.09911718505576239,9.25310392150351,32.38586372526228,0.609990491669099,0.09841744031194666,12.955780814445594
strength_quartile,Q1,all,high_low_divergence,1,1D,all,0,3,0.0,0.3333333333333333,0.06149194472039621,0.7923403991979522,-0.013749970055569882,-0.014782475490196179,,-0.013749970055569882,,,-0.01456530387341226,-0.014026747870340417,0.01333009843059643
strength_quartile,Q1,all,high_low_divergence,1,5D,all,0,1,1.0,1.0,0.20654931437723745,1.0,0.03834367481322032,0.03834367481322032,0.03834367481322032,,,,0.01332026970421929,0.01332026970421929,
strength_quartile,Q1,all,high_low_divergence,3,1D,all,0,10,0.4,0.3,0.10779126740630099,0.6032218525388546,-0.01413292074991016,-0.007822399612312347,0.021517376336573607,-0.03789978547423267,0.567744014044693,0.37849600936312866,-0.012075094529386321,-0.001601836764298592,0.4211251359693334
strength_quartile,Q1,all,high_low_divergence,3,20D,all,0,2,0.5,0.5,0.09453120573423074,0.9054687942657693,0.05104258235026071,0.05104258235026071,0.10558352746674693,-0.0034983627662255046,30.18084015931383,30.18084015931383,0.019116865402280914,0.019116865402280914,4.348327325059882
strength_quartile,Q1,all,high_low_divergence,3,5D,all,0,6,0.6666666666666666,0.6,0.2307242812760128,0.882379225767352,0.013891433155925873,0.02388866744713819,0.057538806875204435,-0.07340331428263125,0.7838720558809879,1.5677441117619757,0.03116749925878557,0.018853247505875137,8.659906665268853
strength_quartile,Q1,all,high_low_divergence,30,1D,all,0,25,0.44,0.44,0.26665638881067344,0.6293266813020123,-0.003935683140351806,-0.002401458663780942,0.014317596812439704,-0.01827754596040228,0.783343499365742,0.6154841780730831,-0.0021852441790262,-0.000448003052985535,0.7546762314423257
strength_quartile,Q1,all,high_low_divergence,30,20D,all,0,17,0.35294117647058826,0.47058823529411764,0.26165106442409436,0.6903676493999558,-0.01622497073644154,-0.02322547488683746,0.12665455124558486,-0.09415925545391049,1.3451099484062967,0.7336963354943438,-0.008860446789981827,-0.00740872458269104,0.8370068374357778
strength_quartile,Q1,all,high_low_divergence,30,5D,all,0,18,0.6111111111111112,0.6111111111111112,0.3861904160223791,0.7969475342783638,0.014443084234899175,0.005022334676631601,0.05506086078036871,-0.049384850336552946,1.1149342441079462,1.7520395264553439,0.020055052033929537,0.010392772478374446,2.4492635304918178
strength_quartile,Q1,all,high_low_divergence,30,60D,all,0,16,0.625,0.5625,0.331785563988119,0.7690134759450765,0.02921701233879513,0.045326048579184985,0.16177552576502513,-0.19171384337158823,0.8438385195348918,1.4063975325581528,0.01524186424178875,0.054786700751701944,1.2157966802130542
strength_quartile,Q1,all,high_low_divergence,30,90D,all,0,12,0.5,0.4166666666666667,0.19326031365875665,0.6804886874504503,-0.04209752076834028,-0.007525708365383743,0.1678901572569247,-0.25208519879360525,0.6660056126277558,0.6660056126277558,-0.03506043738427209,-0.054201515527835364,0.7451890587811619
strength_quartile,Q1,all,high_low_divergence,7,1D,all,0,18,0.3888888888888889,0.3888888888888889,0.2030524657216362,0.613809583977621,-0.013262815849964046,-0.009959390066737461,0.02082729411966184,-0.03495652219427143,0.5958056697950048,0.37914906259682124,-0.010726429903178927,-0.005853641854438318,0.41569944058917324
strength_quartile,Q1,all,high_low_divergence,7,20D,all,0,10,0.3,0.4,0.16818032970623614,0.6873262302663417,-0.007431677610184184,-0.04584764418550241,0.15524843043552117,-0.07715172391548648,2.012248366680482,0.8623921571487781,0.01550769396926337,-0.019450861850184797,1.499776868904006
strength_quartile,Q1,all,high_low_divergence,7,5D,all,0,14,0.35714285714285715,0.35714285714285715,0.1634473175355414,0.612355768960926,-0.0012333269571287839,-0.009772671195406868,0.0443951254093921,-0.026582467160751497,1.670090482607297,0.927828045892943,0.006297737877667171,-0.010646683934787293,1.693466405224447
strength_quartile,Q1,all,high_low_divergence,7,60D,all,0,7,0.42857142857142855,0.42857142857142855,0.15821985525146975,0.7495416354723428,-0.034373891360786106,-0.07937310414560161,0.11188730282334403,-0.1440697869988837,0.7766187842299715,0.5824640881724786,-0.014721238629253166,-0.01627112263689945,0.7578780977261618
strength_quartile,Q1,all,high_low_divergence,7,90D,all,0,6,0.3333333333333333,0.3333333333333333,0.09677141110578041,0.700006684861608,0.035088782374195326,-0.059675578910839244,0.26828505658210583,-0.08150935472975993,3.291463384437175,1.6457316922185874,-0.005256108127143055,-0.12778339945078176,0.9456346988749761
strength_quartile,Q1,all,high_low_divergence,90,1D,all,0,22,0.5454545454545454,0.5454545454545454,0.3465979532073494,0.7307970581918668,-0.004669441560989382,0.0015540414680432213,0.00973470624984422,-0.021954418933989705,0.4434053244184479,0.5320863893021375,-0.0048099098738589915,0.0017614582994876504,0.4987233173393891
strength_quartile,Q1,all,high_low_divergence,90,20D,all,0,20,0.55,0.5,0.2992980081982123,0.7007019918017877,0.04041932150494646,0.039548376727740364,0.1768621712098365,-0.1263441614676969,1.3998444340861436,1.7109209749941752,0.03573535448412456,-0.0013834659249370995,1.6685295490113417
strength_quartile,Q1,all,high_low_divergence,90,5D,all,0,22,0.45454545454545453,0.5,0.3072210627372502,0.6927789372627497,-0.0025107239029394128,-0.0036076525710421192,0.05943990444932663,-0.054136247529827784,1.0979686838578284,0.914973903214857,-0.0039759650872336905,-0.0013654004201875125,0.8501703026398874
strength_quartile,Q1,all,high_low_divergence,90,60D,all,0,20,0.35,0.5,0.2992980081982123,0.7007019918017877,-0.022720701559042388,-0.03411235545286251,0.24272303868050762,-0.16565194630341545,1.46525920218242,0.7889857242520724,-0.004791360975524206,-0.016216398452393754,0.9497554938519784
strength_quartile,Q1,all,high_low_divergence,90,90D,all,0,17,0.7058823529411765,0.8235294117647058,0.5897054143116588,0.9380887336237901,0.022889026822580833,0.024533333333333407,0.16071281574689067,-0.3078880665957628,0.5219845560233949,1.2527629344561477,0.07217832649780474,0.12418988865716263,1.87263379642205
strength_quartile,Q1,all,weighted_net,1,1D,all,0,65,0.4307692307692308,0.46153846153846156,0.34590334122804217,0.5814660073352547,-0.002632436423134503,-0.004267425320056861,0.02262317035238105,-0.021744787496497626,1.0403950995623619,0.7873260212904362,-0.00237260429442933,-0.0007546725881482086,0.7986266297069532
strength_quartile,Q1,all,weighted_net,1,20D,all,0,45,0.4888888888888889,0.5111111111111111,0.3700446464458318,0.650429762471215,0.033428253270320875,-0.00866024688166478,0.16335257762405306,-0.09084718741585773,1.798102751120936,1.7199243706374168,0.02343834188753363,0.00026694689943629335,1.5553596692498217
strength_quartile,Q1,all,weighted_net,1,5D,all,0,51,0.4117647058823529,0.4,0.27608389730256544,0.5381856225241064,-0.022106289934873503,-0.013811942136041977,0.06547865331071574,-0.08341575020678599,0.7849675049183813,0.5494772534428669,-0.019384191126456726,-0.005632567901145968,0.5569663103426937
strength_quartile,Q1,all,weighted_net,1,60D,all,0,26,0.5,0.4230769230769231,0.2554444331365656,0.6105138625340828,-0.007073052474345446,0.01187362773567524,0.13561557040243655,-0.14976167535112742,0.905542556762107,0.905542556762107,-0.03327695832540016,-0.01776230010933355,0.5488266196521043
strength_quartile,Q1,all,weighted_net,1,90D,all,0,20,0.45,0.45,0.2581978582556243,0.6579146575496577,0.09700772723784501,-0.04797442934192481,0.4546994277677009,-0.19564911865021894,2.3240555894382102,1.9015000277221719,0.054680200192611085,-0.05366740179614454,1.455574914213967
strength_quartile,Q1,all,weighted_net,3,1D,all,0,127,0.4330708661417323,0.4365079365079365,0.35305936593760356,0.5237134295521993,-0.005844539657892035,-0.0034163128940690735,0.02544245460900835,-0.029744326945107608,0.8553716698973134,0.6534089145048921,-0.0045628888898988805,-0.0019072312423796256,0.692373722415673
strength_quartile,Q1,all,weighted_net,3,20D,all,0,96,0.4895833333333333,0.4895833333333333,0.3919286123125563,0.5880396291011453,-0.012497281678635626,-0.0014536461339723084,0.10742275831728552,-0.12752262616451918,0.8423819485861085,0.8079990119091244,-0.01917470802054583,-0.0008091329054839558,0.6874981890611674
strength_quartile,Q1,all,weighted_net,3,5D,all,0,110,0.44545454545454544,0.49074074074074076,0.3984089129832509,0.5837086307157594,-0.013803657689179053,-0.007713938945661192,0.06879584035923393,-0.08015407415429769,0.858294991054366,0.6894500747813761,-0.012494503977712831,-0.0004729078253048469,0.6922037645804726
strength_quartile,Q1,all,weighted_net,3,60D,all,0,66,0.45454545454545453,0.42424242424242425,0.3124251014854188,0.5443934677590571,-0.022464343647927702,-0.013930324671185823,0.1573134747475727,-0.17227919231084474,0.9131310208590411,0.7609425173825343,-0.03434245631064967,-0.023016907253440078,0.6385447980487509
strength_quartile,Q1,all,weighted_net,3,90D,all,0,54,0.5,0.5370370370370371,0.40605356021011496,0.6631009888201891,0.08101760637950714,0.0031109151773018873,0.3278060159028805,-0.16577080314386622,1.9774653297564713,1.9774653297564715,0.06415540649143424,0.013710420797411638,1.738225607020816
strength_quartile,Q1,all,weighted_net,30,1D,all,0,129,0.5038759689922481,0.5078125,0.422247229254785,0.5929225058034415,-0.005197407678637667,0.00039889585626995405,0.018896185141608696,-0.030138374996013084,0.6269808887874153,0.6468850439870157,-0.0053752407560340495,0.0003223163287875419,0.6046055371169397
strength_quartile,Q1,all,weighted_net,30,20D,all,0,112,0.4375,0.4375,0.34921166420971755,0.5299335041736504,-0.03243693559745927,-0.012491040992809066,0.0932062934006862,-0.13015944704046128,0.7160931881626091,0.5569613685709182,-0.03079332000582268,-0.01431842800574179,0.5531572532187191
strength_quartile,Q1,all,weighted_net,30,5D,all,0,122,0.4344262295081967,0.4380165289256198,0.3528715624981726,0.526976044685399,-0.013945635789851278,-0.011902913741571819,0.045106571747213595,-0.05930457781107502,0.7605917352773065,0.5842226372419891,-0.012723743668570387,-0.008914336346902196,0.5881306500087774
strength_quartile,Q1,all,weighted_net,30,60D,all,0,91,0.45054945054945056,0.45054945054945056,0.3523976853313362,0.5527071062660257,-0.026852419459299497,-0.012864349775784878,0.18559234732943347,-0.2010571282260605,0.9230826530097502,0.7569277754679952,-0.028383708910366345,-0.01957975284308877,0.7347203530053358
strength_quartile,Q1,all,weighted_net,30,90D,all,0,76,0.5263157894736842,0.4868421052631579,0.3778372877915117,0.5971130697102026,0.08925054304881941,0.013698586431847848,0.34144424381284544,-0.19096468002232067,1.7879968367602646,1.9866631519558497,0.06666341606493714,-0.01577087605561911,1.6830107395929224
strength_quartile,Q1,all,weighted_net,7,1D,all,0,150,0.5333333333333333,0.4966442953020134,0.41746244831818713,0.5759948242849672,0.00010484628631266313,0.000974933995151861,0.024672072352491678,-0.02797198350360621,0.8820279888021133,1.0080319872024153,-0.0009819290950172166,-0.00017971428627616692,0.9224707583341242
strength_quartile,Q1,all,weighted_net,7,20D,all,0,127,0.5196850393700787,0.49606299212598426,0.4105078767844485,0.5818492857769197,0.012360538025826217,0.00472033084088741,0.1260708650262843,-0.11067030758122681,1.139157085415654,1.2325306170071013,0.003596571083367244,-0.001956657939990558,1.0695780585681833
strength_quartile,Q1,all,weighted_net,7,5D,all,0,136,0.5220588235294118,0.5259259259259259,0.4421489587970383,0.6082682585057567,0.009627979880323817,0.004090954846475869,0.07260042459182185,-0.059157305881466345,1.2272435924869791,1.340527616408854,0.007579394527636008,0.0015671797782043084,1.2931491620551865
strength_quartile,Q1,all,weighted_net,7,60D,all,0,96,0.4583333333333333,0.3854166666666667,0.29425768590940465,0.4853929696413128,0.013836149456283692,-0.018258308501913123,0.269554077287251,-0.20254055870838095,1.330864687084015,1.1261162736864743,0.0026455256403348456,-0.018411969858956767,1.0247459960920782
strength_quartile,Q1,all,weighted_net,7,90D,all,0,79,0.5443037974683544,0.5316455696202531,0.4227140939927444,0.6376421584342223,0.07125809241410747,0.023322668892289178,0.3163966213957468,-0.22154626164729513,1.428128911059916,1.7058206437660108,0.05649618364218886,0.012465997554508945,1.5243834180209614
strength_quartile,Q1,all,weighted_net,90,1D,all,0,116,0.5258620689655172,0.5431034482758621,0.4525254808063802,0.630918096219513,0.003360684373550579,0.0018685488815534668,0.025473194706654264,-0.0215560275884082,1.1817202683648693,1.3349062290788338,0.003206154031119506,0.0037113714767688655,1.3316799366015208
strength_quartile,Q1,all,weighted_net,90,20D,all,0,104,0.5,0.5192307692307693,0.42424497820417756,0.6128465081661129,-0.007665293077121267,0.0005634183248303115,0.11157791589417669,-0.12690850204841925,0.8791996918504837,0.8791996918504839,-0.002247561045699115,0.0035257924164405763,0.9612059767417783
strength_quartile,Q1,all,weighted_net,90,5D,all,0,107,0.5514018691588785,0.5607476635514018,0.46622561361687753,0.6510590210163586,0.01020913983255408,0.008917197452229297,0.06643521145927095,-0.05890207320861875,1.1278925823879136,1.3863679658518107,0.009776004231327561,0.013891123044800224,1.3881428987212476
strength_quartile,Q1,all,weighted_net,90,60D,all,0,85,0.5176470588235295,0.49411764705882355,0.39040835201271396,0.5983356419145103,0.026492823166404837,0.012304250559284302,0.23719738600758877,-0.1996291467119389,1.1881901511599413,1.275130893927742,0.021748168613955024,-0.0036119102876646103,1.2061408532254323
strength_quartile,Q1,all,weighted_net,90,90D,all,0,72,0.4861111111111111,0.5,0.3874709230948976,0.6125290769051024,0.04902060082411096,-0.007083161935720006,0.4868711623935203,-0.3651623628226276,1.333300504000767,1.261230206487212,0.03560699406224421,-0.02178075646195138,1.1833029169700724
strength_quartile,Q2,all,author_net,1,1D,all,0,57,0.38596491228070173,0.40350877192982454,0.28617515549595607,0.5330270757914608,-0.011079416834774964,-0.005961918247196163,0.021219881607827985,-0.03138183299869682,0.676183625370423,0.42502970737569445,-0.009973414968113431,-0.006190371953718632,0.43928794269817145
strength_quartile,Q2,all,author_net,1,20D,all,0,47,0.5531914893617021,0.5217391304347826,0.3813741307280403,0.6587531056595433,0.10890844123849236,0.03414814814814826,0.28516713782980113,-0.1093166116840804,2.6086349863634637,3.2297385545452406,0.09345384879467365,0.020271356588007827,2.820608036313705
strength_quartile,Q2,all,author_net,1,5D,all,0,53,0.49056603773584906,0.46153846153846156,0.3334047468175682,0.5949638867304212,0.010019940208215205,-0.0010796804145973837,0.10726363621753039,-0.0836221374303846,1.2827181834095944,1.2352101025425724,0.008966035083100092,-0.009953778791390255,1.2280927225254357
strength_quartile,Q2,all,author_net,1,60D,all,0,20,0.7,0.6,0.3865815007622531,0.781193467627183,0.44335712991029386,0.15640236519012674,0.684060764014836,-0.11828468300030433,5.78317282224171,13.494069918563989,0.3947095703697545,0.12114681879346062,9.523598226044228
strength_quartile,Q2,all,author_net,1,90D,all,0,13,0.8461538461538461,0.6923076923076923,0.42369343180549035,0.8731929634428948,0.4823549947766411,0.12038590604026855,0.6018727855411217,-0.17499285442800222,3.439413497816574,18.91677423799116,0.43239158079761475,0.059326859803445875,15.60956570073833
strength_quartile,Q2,all,author_net,3,1D,all,0,114,0.4473684210526316,0.45614035087719296,0.3676314155243377,0.5475088067702976,-0.0051047899625839225,-0.004158064176818521,0.022845331717830968,-0.027731078941967406,0.8238169083013034,0.666899401958198,-0.005242290520349547,-0.0033341878396155877,0.6285791316438205
strength_quartile,Q2,all,author_net,3,20D,all,0,103,0.4854368932038835,0.45098039215686275,0.35794619944555045,0.5475728654707694,0.021162572346278243,-0.010740943018387128,0.16306411838423907,-0.11270681070840176,1.4467991540114036,1.364904862274909,0.008516396206395613,-0.01463571227197591,1.1471184964770962
strength_quartile,Q2,all,author_net,3,5D,all,0,109,0.47706422018348627,0.46788990825688076,0.37691328555456316,0.5610527769799256,-0.0018714259586218515,-0.0010796804145973837,0.07620824545304622,-0.07310200338681028,1.0424918869842683,0.9510452302312623,-0.0048652423182099,-0.002415711754362171,0.8687903787604243
strength_quartile,Q2,all,author_net,3,60D,all,0,62,0.5161290322580645,0.41935483870967744,0.3047758590777194,0.5433441525515342,0.17428290439340433,0.0016992337621785092,0.4697784787570766,-0.14091237492784614,3.333834086591938,3.556089692364734,0.13454748540329856,-0.013889043708520954,2.6158074382669136
strength_quartile,Q2,all,author_net,3,90D,all,0,45,0.5555555555555556,0.5227272727272727,0.3793546556062164,0.662450089677489,0.23799878282548492,0.028056671994537652,0.6092950090554374,-0.22612149996195563,2.6945469986620014,3.368183748327502,0.17781394466630773,0.008567782182007933,2.61548012942826
strength_quartile,Q2,all,author_net,30,1D,all,0,138,0.47101449275362317,0.49635036496350365,0.41387623964248627,0.5790235782919961,-0.004534997933171811,-0.000985712716876752,0.019472240516496247,-0.026641202089436142,0.7309069782634713,0.6691401913679667,-0.004764344559696484,0.0,0.6287828438716273
strength_quartile,Q2,all,author_net,30,20D,all,0,122,0.4098360655737705,0.39344262295081966,0.31128161661288445,0.48210920828969206,-0.04679281756866081,-0.025701139602308187,0.09114203814685044,-0.1445890936721006,0.6303520952523745,0.4439099262340665,-0.05750741206102612,-0.03215094798673307,0.35061908638326716
strength_quartile,Q2,all,author_net,30,5D,all,0,133,0.5037593984962406,0.45454545454545453,0.3720873778212364,0.5395743482513644,0.007929568369832095,0.0008206217416490968,0.0784725969956913,-0.06368229402308559,1.2322514161824014,1.2509218921851653,0.00258884898480852,-0.005348860350674167,1.080091073484054
strength_quartile,Q2,all,author_net,30,60D,all,0,81,0.49382716049382713,0.41975308641975306,0.3183096274829863,0.5284633985740679,0.045038539857156175,-0.004669779853235467,0.31205484812371476,-0.21546517552485217,1.448284379893779,1.412960370628077,0.0066259840549717655,-0.03944379829659095,1.0559747421176295
strength_quartile,Q2,all,author_net,30,90D,all,0,63,0.47619047619047616,0.4603174603174603,0.3430886457604498,0.5821074811910463,0.03062652839094619,-0.015222063037249267,0.35850287509060175,-0.2674428776996498,1.3404839125804515,1.2186217387095013,-0.0014357211695648973,-0.02188717745041191,0.9907505607474318
strength_quartile,Q2,all,author_net,7,1D,all,0,145,0.4689655172413793,0.4827586206896552,0.40292414257868286,0.5634830665442581,-0.0049342394075939265,-0.001956035767511133,0.01873714261049988,-0.02617882120546199,0.7157366813212558,0.6403959780242815,-0.005530131898499199,-0.0008656667271378371,0.5755157476880686
strength_quartile,Q2,all,author_net,7,20D,all,0,128,0.4453125,0.421875,0.3398211233888366,0.5084815260288991,-0.0020881635873926455,-0.021038703606839515,0.1462444691015534,-0.12117210814049015,1.206915282285868,0.968931987187246,-0.019202462485133465,-0.021322744000319693,0.7295306558023849
strength_quartile,Q2,all,author_net,7,5D,all,0,139,0.4892086330935252,0.4460431654676259,0.36596447690412504,0.5290239940633327,0.0079281343737425,-0.0010804597701149499,0.08456401366635852,-0.0654696091741151,1.2916529475754506,1.2370760624666288,0.0006245543649470667,-0.004973015411722015,1.0184843783000264
strength_quartile,Q2,all,author_net,7,60D,all,0,84,0.5714285714285714,0.42857142857142855,0.3281597743735877,0.5352304725427922,0.0965521786609177,0.022293018665567765,0.2876360038614512,-0.1582262549397937,1.8178778482174083,2.4238371309565445,0.04806803960175152,-0.01482445214637007,1.5759355909414379
strength_quartile,Q2,all,author_net,7,90D,all,0,56,0.5535714285714286,0.48214285714285715,0.3566821941245828,0.6098961607582303,-0.004192091434417454,0.030874766175279456,0.16141787910009325,-0.20954845489721075,0.7703129053338672,0.9551880026139955,-0.04227008303846112,-0.015597978854898165,0.6132503173586152
strength_quartile,Q2,all,author_net,90,1D,all,0,129,0.5038759689922481,0.5271317829457365,0.4414429365569314,0.611251456158587,-0.002134331801966288,0.00012444121110011253,0.01981050699908268,-0.024809710434825796,0.7984981143219773,0.8238472608083891,-0.0024399029847268347,0.001556928357126397,0.7958953843654312
strength_quartile,Q2,all,author_net,90,20D,all,0,118,0.4322033898305085,0.4067796610169492,0.32244480291963507,0.4969926840167622,-0.02490898547635611,-0.018700692710891254,0.12483854987449174,-0.14100039893650151,0.8853772813133093,0.6841551719239207,-0.03859415188753749,-0.028731931933338284,0.5430754038020326
strength_quartile,Q2,all,author_net,90,5D,all,0,124,0.5080645161290323,0.4878048780487805,0.40118564593204986,0.575162781247104,0.010536199954093954,0.0014696970322144454,0.080675798021471,-0.061903057066311835,1.303260320973315,1.345990167562604,0.007031217755829328,-0.0020738702024132305,1.226968682692109
strength_quartile,Q2,all,author_net,90,60D,all,0,72,0.4722222222222222,0.4027777777777778,0.2972111115210491,0.5181932831504844,0.020060172752226765,-0.01374081079656403,0.28599996218785906,-0.21788595463754948,1.3126131175532465,1.1744433157055363,-0.019516451879363485,-0.0371049517629794,0.8531702437988237
strength_quartile,Q2,all,author_net,90,90D,all,0,53,0.49056603773584906,0.4528301886792453,0.3265757915292224,0.5854602451289419,0.006039424696827515,-0.006713607335844141,0.2802546201154825,-0.25801965237298846,1.086175481355783,1.0459467598240875,-0.03189844361614959,-0.046199525574649125,0.7858864678240604
strength_quartile,Q2,all,author_net_shift,1,1D,all,0,2,0.5,0.0,0.0,0.7934506856227626,-0.0036838237900857496,-0.0036838237900857496,0.005812159242876369,-0.013179806823047868,0.44098971410662074,0.44098971410662074,-0.010469779722776962,-0.010469779722776962,
strength_quartile,Q2,all,author_net_shift,1,5D,all,0,1,1.0,,,,0.08507355210369316,0.08507355210369316,0.08507355210369316,,,,,,
strength_quartile,Q2,all,author_net_shift,3,1D,all,0,5,0.6,0.5,0.15003898915214947,0.8499610108478506,0.0067277998871451365,0.000838926174496768,0.0248781285061771,-0.02049769304140281,1.2137038278369352,1.8205557417554028,0.014790880503531917,0.014852252664966703,4.509623612987532
strength_quartile,Q2,all,author_net_shift,3,5D,all,0,2,0.5,1.0,0.20654931437723745,1.0,-0.005083762511090717,-0.005083762511090717,0.0478456786998126,-0.05801320372199403,0.8247377429644226,0.8247377429644226,0.04607717926493471,0.04607717926493471,
strength_quartile,Q2,all,author_net_shift,30,1D,all,0,40,0.6,0.575,0.42195068541991065,0.7149060744004962,0.004597918914722781,0.008397086628948558,0.02203596168705545,-0.021559145243776223,1.0221166673301614,1.533175000995242,0.0027928133971860947,0.006022419364566933,1.3367939267769078
strength_quartile,Q2,all,author_net_shift,30,20D,all,0,33,0.5454545454545454,0.5454545454545454,0.37985938536217456,0.7015706148612388,0.051224963656244245,0.006232364463194751,0.1832090333214463,-0.10715591994199822,1.7097425267835358,2.051691032140243,0.04237764238997352,0.009741556152790931,1.9964438821010861
strength_quartile,Q2,all,author_net_shift,30,5D,all,0,38,0.47368421052631576,0.4473684210526316,0.3014640099805125,0.6029370287800753,0.005429022850725451,-0.0010170442981189964,0.06698150188359223,-0.04996820827885465,1.3404823625012225,1.2064341262511002,0.0034100077794300423,-0.0036115184064290373,1.1398314460188645
strength_quartile,Q2,all,author_net_shift,30,60D,all,0,20,0.35,0.2,0.08065766257979806,0.41601743225189364,-0.06444315716284196,-0.0413349066376168,0.322285366239773,-0.2726815928411731,1.181910971260507,0.6364135999095037,-0.07426653455828554,-0.04697652950147713,0.5538656973959095
strength_quartile,Q2,all,author_net_shift,30,90D,all,0,14,0.5714285714285714,0.35714285714285715,0.1634473175355414,0.612355768960926,-0.018112135993291305,0.01763307512923562,0.06566861557446524,-0.12981980475030003,0.5058443563428134,0.674459141790418,-0.04871950506623408,-0.0709699026294669,0.39510137317823096
strength_quartile,Q2,all,author_net_shift,7,1D,all,0,17,0.35294117647058826,0.35294117647058826,0.17309720397243744,0.5869963651478132,-0.026953161850560573,-0.011021745606196065,0.01707149113690709,-0.050966608934633846,0.3349544239602398,0.18270241306922172,-0.027659061933622043,-0.008350301464178034,0.1447595414926716
strength_quartile,Q2,all,author_net_shift,7,20D,all,0,13,0.46153846153846156,0.5,0.2537815976337061,0.7462184023662939,0.03130545028203425,-0.03131764472247056,0.1857403558517873,-0.10106732592061121,1.8377883669118453,1.5752471716387246,0.04743216446350151,0.012414340938869006,2.1892871694568097
strength_quartile,Q2,all,author_net_shift,7,5D,all,0,16,0.3125,0.25,0.10182067491213048,0.49498316535508774,-0.04289730593288816,-0.061868598065233704,0.0554244869143599,-0.08758902995436456,0.6327788644678112,0.28762675657627784,-0.040769775999437166,-0.06026404614154901,0.2744458727717805
strength_quartile,Q2,all,author_net_shift,7,60D,all,0,5,0.6,0.2,0.03622410863243014,0.6244653702374747,-0.44513608979224306,0.0009740786839114168,0.03994046570610107,-1.1727509230397593,0.034057074628068305,0.051085611942102455,-0.43564313990244175,-0.03242584262121295,0.06983599920652218
strength_quartile,Q2,all,author_net_shift,7,90D,all,0,2,0.0,0.0,0.0,0.6576197724933469,-0.09587768077266001,-0.09587768077266001,,-0.09587768077266001,,,-0.12578836763383755,-0.12578836763383755,
strength_quartile,Q2,all,author_net_shift,90,1D,all,0,33,0.3939393939393939,0.36363636363636365,0.2218717823524236,0.5338382169773361,-0.0061450108580748935,-0.005095541401273884,0.023351221095236106,-0.025317561627727043,0.9223329417973072,0.5995164121682497,-0.0057117513156660525,-0.0015913812816285011,0.5802057367914314
strength_quartile,Q2,all,author_net_shift,90,20D,all,0,26,0.5769230769230769,0.6538461538461539,0.46220571188810816,0.8058776967705947,0.03716843782461864,0.02432980825911557,0.1628919874608638,-0.13427276622480655,1.2131424118286314,1.6542851070390425,0.03746191452457517,0.04690206032136718,1.725283471271939
strength_quartile,Q2,all,author_net_shift,90,5D,all,0,32,0.46875,0.5,0.33630882869327483,0.6636911713067252,0.007880695019868048,-0.00464113031941199,0.08853784097464927,-0.06328737494023304,1.398981093121055,1.2343950821656366,0.007394467128309705,4.2920010148161936e-06,1.249233695102585
strength_quartile,Q2,all,author_net_shift,90,60D,all,0,16,0.6875,0.6875,0.44404355834740666,0.8583535614521796,0.2908742166088097,0.1638782720157249,0.5240359687574596,-0.22208163811822015,2.3596546441111035,5.191240217044427,0.22646396691026421,0.07632516180725313,4.204106121213653
strength_quartile,Q2,all,author_net_shift,90,90D,all,0,7,0.7142857142857143,0.5714285714285714,0.2504583645276572,0.8417801447485302,0.04979335989073822,0.14337456814889116,0.1388964809696572,-0.17296444280655926,0.8030348822907889,2.0075872057269724,-0.028206713379846086,0.0689195815478918,0.6340720791659628
strength_quartile,Q2,all,high_low_divergence,1,1D,all,0,2,1.0,1.0,0.34238022750665303,1.0,0.0037700624779551384,0.0037700624779551384,0.0037700624779551384,,,,0.006922542896696748,0.006922542896696748,
strength_quartile,Q2,all,high_low_divergence,1,20D,all,0,1,0.0,0.0,0.0,0.7934506856227626,-0.41939302406269774,-0.41939302406269774,,-0.41939302406269774,,,-0.41225706016387886,-0.41225706016387886,
strength_quartile,Q2,all,high_low_divergence,1,5D,all,0,1,0.0,0.0,0.0,0.7934506856227626,-0.2632201971549277,-0.2632201971549277,,-0.2632201971549277,,,-0.24317153667729396,-0.24317153667729396,
strength_quartile,Q2,all,high_low_divergence,3,1D,all,0,10,0.6,0.7,0.39677814746114537,0.8922087325936989,0.007090253583601158,0.0030306981169168634,0.01905429148778944,-0.010855803272681264,1.7552170953336776,2.6328256430005164,0.004278790648210162,0.0011951073327561845,1.79975237792758
strength_quartile,Q2,all,high_low_divergence,3,20D,all,0,6,0.16666666666666666,0.16666666666666666,0.030053369748306635,0.5635028221864702,-0.03345675763696656,-0.038364148242034324,0.0003621160746618557,-0.04022053237929224,0.00900326408529324,0.001800652817058648,-0.02525665012358778,-0.020122267126482463,0.09837946121018702
strength_quartile,Q2,all,high_low_divergence,3,5D,all,0,8,0.5,0.625,0.30574239460262737,0.8631557141764026,-0.0017537916152008531,-0.0017573391545360195,0.03212087641186928,-0.03562845964227099,0.9015510840036381,0.9015510840036381,-0.0007054260169032517,0.004479225737490988,0.9424128501514694
strength_quartile,Q2,all,high_low_divergence,3,60D,all,0,2,0.5,0.5,0.09453120573423074,0.9054687942657693,0.0463733504153353,0.0463733504153353,0.12191789840998135,-0.029171197579310748,4.179392980987859,4.179392980987859,0.01536380773117213,0.01536380773117213,1.7428267025731334
strength_quartile,Q2,all,high_low_divergence,3,90D,all,0,2,1.0,1.0,0.34238022750665303,1.0,0.10528071877450168,0.10528071877450168,0.10528071877450168,,,,0.10822858131022389,0.10822858131022389,
strength_quartile,Q2,all,high_low_divergence,30,1D,all,0,24,0.4166666666666667,0.4166666666666667,0.24467602609811764,0.6116533413477124,-0.00896796420217943,-0.002682093183089651,0.022297102179209095,-0.03130015447459981,0.7123639660405918,0.5088314043147084,-0.010080609081534011,-0.005400372075236748,0.4519013296868257
strength_quartile,Q2,all,high_low_divergence,30,20D,all,0,18,0.5555555555555556,0.5555555555555556,0.33716415642042774,0.7544048187299437,-0.0010655538423884213,0.01105738059828515,0.07476401259178216,-0.09585251188510165,0.7799901235911453,0.9749876544889317,0.010357624737625137,0.016543321983346404,1.2590372812900592
strength_quartile,Q2,all,high_low_divergence,30,5D,all,0,23,0.6521739130434783,0.5652173913043478,0.3681137508501646,0.743653646743258,0.009051281000006614,0.009798894775821743,0.042326257213692424,-0.05333929940065428,0.7935285556670292,1.4878660418756797,0.0069690736497245685,0.01218474027170735,1.365051347309039
strength_quartile,Q2,all,high_low_divergence,30,60D,all,0,18,0.6111111111111112,0.4444444444444444,0.24559518127005633,0.6628358435795723,-0.018245816595003676,0.027308994411072374,0.12788532238835915,-0.24788046356885954,0.5159152946026078,0.8107240343755265,-0.0159496095193956,-0.009026751397128496,0.8355040094837234
strength_quartile,Q2,all,high_low_divergence,30,90D,all,0,14,0.5,0.5714285714285714,0.3259064457965074,0.7861920109552588,0.008149624338270298,-0.010016350341179259,0.18014100050736223,-0.16384175183082164,1.0994816552826578,1.099481655282658,0.01819163911805822,0.01972067211637185,1.2250206269477624
strength_quartile,Q2,all,high_low_divergence,7,1D,all,0,17,0.6470588235294118,0.5294117647058824,0.30963235060004424,0.7383489355759056,0.010166609001886602,0.004456060670979922,0.02416758941725544,-0.015501855092956263,1.5590127292724285,2.8581900036661185,0.008033236994715646,0.0026066221360663278,2.674890816147803
strength_quartile,Q2,all,high_low_divergence,7,20D,all,0,10,0.6,0.6,0.31267376973365824,0.8318196702937638,0.05214246588240096,0.06360671324765788,0.11679375434919669,-0.04483446681779263,2.6049992927059167,3.9074989390588746,0.05239047584430225,0.04372770012765337,5.0892217419149794
strength_quartile,Q2,all,high_low_divergence,7,5D,all,0,17,0.7058823529411765,0.6470588235294118,0.41300363485218694,0.8269027960275627,0.05052233088895906,0.04572029758773577,0.08441524635367187,-0.030820666226351667,2.7389169894548497,6.573400774691639,0.045208372297712164,0.018853247505875137,8.037012177801145
strength_quartile,Q2,all,high_low_divergence,7,60D,all,0,8,0.875,0.75,0.40927543031016883,0.9285207872478909,0.25477546916738825,0.10206782338477205,0.3168519141618439,-0.17975964579380133,1.7626420699854868,12.338494489898409,0.21242764178087592,0.10730691793818453,7.7702398009090965
strength_quartile,Q2,all,high_low_divergence,7,90D,all,0,7,0.8571428571428571,0.7142857142857143,0.35893445183261935,0.9177810759959433,0.2449325208197147,0.13652677417811176,0.3241901969124797,-0.23061353573687537,1.4057726311536765,8.43463578692206,0.1997262920642566,0.12655893797289708,4.942417860553813
strength_quartile,Q2,all,high_low_divergence,90,1D,all,0,21,0.5238095238095238,0.47619047619047616,0.2834400610153417,0.6763046541715557,-0.004918985259599614,0.001187930624851563,0.022818722622867015,-0.035430463930312905,0.6440424451609909,0.7084466896770899,-0.004917216300707754,-0.0023605336521275166,0.6900872721128678
strength_quartile,Q2,all,high_low_divergence,90,20D,all,0,13,0.5384615384615384,0.46153846153846156,0.23206067809538303,0.7085620428549398,0.004209491189885946,0.001764741678330184,0.14641527067263116,-0.16169725153998346,0.905490163117748,1.0564051903040395,0.013050698984529195,-0.0075210085484038736,1.2137393991866923
strength_quartile,Q2,all,high_low_divergence,90,5D,all,0,15,0.3333333333333333,0.3333333333333333,0.1517632443971473,0.5828645226148023,-0.0443008231109148,-0.01954431993201977,0.029576239616931586,-0.081239354474838,0.36406295702524494,0.18203147851262247,-0.03827867016851348,-0.01296025384004773,0.20451948623680055
strength_quartile,Q2,all,high_low_divergence,90,60D,all,0,11,0.2727272727272727,0.2727272727272727,0.09746059290024889,0.5656453011761291,-0.05051315759681596,-0.07393659100590277,0.28757164910888217,-0.17729496011145277,1.62199562203069,0.6082483582615087,-0.04471731596434021,-0.06923024816356205,0.6150497565762776
strength_quartile,Q2,all,high_low_divergence,90,90D,all,0,8,0.75,0.75,0.40927543031016883,0.9285207872478909,-0.1960150112495038,0.08963214081660248,0.16397776080108473,-1.2759933274012694,0.1285098889467136,0.3855296668401409,-0.1709405277581018,0.13781128635832074,0.4449804704644537
strength_quartile,Q2,all,weighted_net,1,1D,all,0,65,0.46153846153846156,0.46875,0.35175987425176036,0.5892791294852899,-0.005765072178221314,-0.004696293421307951,0.027428348574294985,-0.03421657568037814,0.8016099808030779,0.6870942692597811,-0.00528225537880315,-0.0020685375065211398,0.6843900667474437
strength_quartile,Q2,all,weighted_net,1,20D,all,0,57,0.5263157894736842,0.47368421052631576,0.3498716798112528,0.6008198378125881,0.03935449639917169,0.0027603851073856323,0.16714410051646247,-0.10263395262004027,1.6285458783336966,1.8094954203707736,0.022769831321721595,-0.005007694483278646,1.411472749228677
strength_quartile,Q2,all,weighted_net,1,5D,all,0,61,0.5081967213114754,0.4915254237288136,0.3684383690774015,0.6156485694061034,0.010202960419271705,0.0006279849944637039,0.07447453498023425,-0.05621099996038959,1.3249103384162262,1.3690740163634336,0.010746947640528252,-0.0007499637960841632,1.460293538306942
strength_quartile,Q2,all,weighted_net,1,60D,all,0,39,0.5128205128205128,0.4358974358974359,0.2930475387568963,0.5902430835133052,0.070108985969362,0.008276627575889206,0.26547161205363407,-0.13553588359302962,1.9586813839703099,2.0617698778634836,0.037813524216101534,-0.030005299622742343,1.450060589866148
strength_quartile,Q2,all,weighted_net,1,90D,all,0,30,0.6333333333333333,0.6,0.42320360253322475,0.7540937188319815,0.2674231652515813,0.08788738008288877,0.4973687205817601,-0.1297555212278186,3.83312182692021,6.62084679195309,0.22711124608263436,0.061536949792643514,4.528819658886214
strength_quartile,Q2,all,weighted_net,3,1D,all,0,126,0.48412698412698413,0.464,0.3789550647918743,0.5511916435551254,-0.004201764717629748,-0.0013872861070953202,0.020904011490819555,-0.02776257008248217,0.7529566401350472,0.7066208468959673,-0.004542064801340412,-0.0008901757001966715,0.6619825700515518
strength_quartile,Q2,all,weighted_net,3,20D,all,0,114,0.41228070175438597,0.415929203539823,0.3292804489669386,0.5081060387423808,0.02509382195555907,-0.029173432345719952,0.19013601130202995,-0.09068204221286079,2.0967327892298426,1.4708424043851134,0.016751235488278986,-0.01950492033762663,1.3142568200330713
strength_quartile,Q2,all,weighted_net,3,5D,all,0,119,0.4369747899159664,0.4188034188034188,0.3333823749581875,0.5093868187819146,-0.0013816841138631012,-0.0044989775051124115,0.0723300425471784,-0.058590785403029644,1.2344951863956122,0.9581156670533111,-0.004494631316117488,-0.008521098276403904,0.8625308638721656
strength_quartile,Q2,all,weighted_net,3,60D,all,0,83,0.4457831325301205,0.40963855421686746,0.31012912673980514,0.5171423147617564,0.13694296601150732,-0.026064180231717193,0.4663137234718205,-0.12798568672830976,3.6434833878081956,2.9306279423674617,0.10396612945023209,-0.03293749119546341,2.203992477445301
strength_quartile,Q2,all,weighted_net,3,90D,all,0,62,0.5967741935483871,0.5806451612903226,0.4566558474484658,0.6952241409222806,0.2431601165626024,0.0747161246326069,0.4965335808367572,-0.1318326105631467,3.7663942078953356,5.574263427685097,0.19547622605168102,0.036179798532484875,3.6455233245614704
strength_quartile,Q2,all,weighted_net,30,1D,all,0,129,0.5348837209302325,0.5426356589147286,0.45667754222201284,0.62612793204523,-0.0015536459645755618,0.0017411491584444772,0.021761074602114572,-0.028365574616269214,0.7671649489389649,0.8822396912798097,-0.0024823319174946757,0.0017400904837483466,0.8059355755003355
strength_quartile,Q2,all,weighted_net,30,20D,all,0,106,0.4339622641509434,0.41509433962264153,0.3258688806579729,0.5102585689111073,-0.019625435335359303,-0.013787426077094322,0.13781374098166993,-0.14032880384508173,0.982077358357673,0.7529259747408827,-0.03074858247874279,-0.017162102999749185,0.6348461428787848
strength_quartile,Q2,all,weighted_net,30,5D,all,0,116,0.45689655172413796,0.43478260869565216,0.3477390588258602,0.5260423626675285,-0.005293023899622962,-0.010358864171945648,0.07499290847917155,-0.07283515748813262,1.0296251297512538,0.8661925694732769,-0.006779401144578926,-0.009142346685261149,0.8189542059856979
strength_quartile,Q2,all,weighted_net,30,60D,all,0,83,0.40963855421686746,0.3493975903614458,0.2555612557016784,0.45655781346759094,-0.020119307100767043,-0.06950935924297197,0.2806201884554274,-0.22879569177241216,1.226509932427251,0.8510477082148272,-0.05248472879846457,-0.09494780386272639,0.6530256323520942
strength_quartile,Q2,all,weighted_net,30,90D,all,0,66,0.42424242424242425,0.3939393939393939,0.28503000494619546,0.5145159919960708,-0.046424849171363,-0.058745040941402205,0.3790781499416127,-0.35995337483355566,1.053131256560382,0.7759914522023869,-0.07019556336408216,-0.05629638904932249,0.6741039303197532
strength_quartile,Q2,all,weighted_net,7,1D,all,0,149,0.4899328859060403,0.46308724832214765,0.3849579354501229,0.5430720631845758,-0.001206112619494008,-0.0011963439728190917,0.022242425483065216,-0.023729050533794316,0.9373499985339959,0.9003493406971277,-0.0013724864459300004,-0.001471495762164432,0.8800087146604797
strength_quartile,Q2,all,weighted_net,7,20D,all,0,130,0.5,0.4307692307692308,0.34884097788731017,0.5166715459703803,-0.00647295150386587,0.0011244842416684997,0.1334647953486181,-0.14641069835634984,0.9115781622991604,0.9115781622991603,-0.0175896073744336,-0.01389874197234564,0.7659316867910345
strength_quartile,Q2,all,weighted_net,7,5D,all,0,141,0.46099290780141844,0.46808510638297873,0.38766558337335943,0.5501975113974443,-0.003540038902999314,-0.0070986255852589775,0.07086224166752829,-0.06717356833831897,1.054912570828921,0.9022278566299984,-0.0070354544303431925,-0.002415711754362171,0.8020302920549549
strength_quartile,Q2,all,weighted_net,7,60D,all,0,97,0.4639175257731959,0.3917525773195876,0.30051291976315325,0.4912393987218457,0.049953342874955314,-0.02020263301583458,0.34400169394411806,-0.20451157631951247,1.682064654407032,1.4556328740060853,0.016984173334629583,-0.06369188359625322,1.1345676581878785
strength_quartile,Q2,all,weighted_net,7,90D,all,0,70,0.5714285714285714,0.5571428571428572,0.44083551053188,0.6675047109069467,0.12309696262145134,0.046417141167881315,0.41063318249085146,-0.2602846638710822,1.5776311073565066,2.103508143142009,0.09014191372617575,0.02043392221343121,1.7680427097495341
strength_quartile,Q2,all,weighted_net,90,1D,all,0,116,0.5086206896551724,0.49137931034482757,0.4021496603059669,0.5811616242888545,0.002473383783015051,0.0003583539501647026,0.025556874527455982,-0.021420054005090478,1.1931283890032391,1.234992543003353,0.0017822746284865754,-0.0003560040315868651,1.1748076971070454
strength_quartile,Q2,all,weighted_net,90,20D,all,0,100,0.48,0.44,0.34672026630160796,0.5377189534832302,-0.0013820779513968573,-0.00229759180031891,0.12640136615736544,-0.11933602635948513,1.059205421978748,0.9777280818265366,-0.01300518349941389,-0.013050323583728152,0.804334234961733
strength_quartile,Q2,all,weighted_net,90,5D,all,0,106,0.5094339622641509,0.49056603773584906,0.39740700785165506,0.5843849309893538,0.004043891579459799,0.0009740287249927482,0.0759459964514894,-0.07062367886457094,1.075361658759304,1.1167217225577386,0.0026567947477265557,-0.0014876166891245046,1.079694250439743
strength_quartile,Q2,all,weighted_net,90,60D,all,0,72,0.4722222222222222,0.3888888888888889,0.2846571438524779,0.5043764500578461,0.04218735524029525,-0.052558722480372355,0.31402447043653337,-0.20103532677739147,1.5620362623344104,1.3976113926149987,0.00886638007533694,-0.04926610076215193,1.0739034980550501
strength_quartile,Q2,all,weighted_net,90,90D,all,0,57,0.5087719298245614,0.47368421052631576,0.3498716798112528,0.6008198378125881,-0.010555634551659188,0.01692680869014973,0.3162644257675307,-0.34904783988224874,0.9060775906082745,0.93843750455857,-0.03653784507427259,-0.023209129445495025,0.7990456173137856
strength_quartile,Q3,all,author_net,1,1D,all,0,58,0.5,0.5087719298245614,0.3825989849761273,0.6338371758159258,0.0022807900273618103,-0.0006749344405273527,0.029126569047813685,-0.024564988993090068,1.1856943659126715,1.1856943659126717,0.0027990302127665124,0.00020679792605604597,1.2764659465402568
strength_quartile,Q3,all,author_net,1,20D,all,0,47,0.5319148936170213,0.48936170212765956,0.3527555503368215,0.6275754625177314,0.012809755237269094,0.0004054821182384316,0.11097797914670778,-0.09874504465982031,1.1238840341713379,1.2771409479219749,0.003919829639923476,-0.0001709842650494675,1.0877501773959328
strength_quartile,Q3,all,author_net,1,5D,all,0,56,0.44642857142857145,0.4444444444444444,0.3200246417222966,0.5762435347322474,-0.012434087124248445,-0.0017523604703634788,0.04489056154952405,-0.05866364250632303,0.7652194720893021,0.6171124774913725,-0.01130333789812485,-0.003695183627411447,0.5903088771124216
strength_quartile,Q3,all,author_net,1,60D,all,0,34,0.4117647058823529,0.38235294117647056,0.23900183324508897,0.549589826555693,0.021894621333166976,-0.010729607017000653,0.21226827543779384,-0.11136693654007183,1.9060259896923346,1.3342181927846342,-0.012918764505580674,-0.021534934319820564,0.8315825287872001
strength_quartile,Q3,all,author_net,1,90D,all,0,27,0.4444444444444444,0.4074074074074074,0.24514757074395552,0.592732990319353,0.1464308562750318,-0.02152859870873869,0.5060517066371975,-0.14126582401470067,3.5822656340753425,2.8658125072602743,0.11015199203595173,-0.020365427749472476,2.270546846886654
strength_quartile,Q3,all,author_net,3,1D,all,0,114,0.4298245614035088,0.40350877192982454,0.3180200692638238,0.4952884197843737,-0.0033305012099350433,-0.003728647920761774,0.021250164266078213,-0.02186054133800657,0.9720785930004779,0.732797708569591,-0.004146057795306926,-0.0027502759993943138,0.6475423907509226
strength_quartile,Q3,all,author_net,3,20D,all,0,93,0.3655913978494624,0.3695652173913043,0.2780163401233967,0.47157010925546106,-0.013793686999512002,-0.01577153800659037,0.11910476792384607,-0.09037923729432852,1.317833293237142,0.7594293554247936,-0.020071352790641987,-0.007288850325638696,0.6361772659102201
strength_quartile,Q3,all,author_net,3,5D,all,0,102,0.45098039215686275,0.4411764705882353,0.3486933262423857,0.5379295516571981,-0.006630785001309502,-0.00336143073992895,0.04930219542353194,-0.052575733207429254,0.9377367164622871,0.7702837313797359,-0.008771414474984437,-0.0055133767371951525,0.6708909391734724
strength_quartile,Q3,all,author_net,3,60D,all,0,59,0.3559322033898305,0.3389830508474576,0.23137653685587656,0.46627529433071635,0.08977351249651812,-0.029956396171923583,0.4634566900696562,-0.11673561195179503,3.970139722752613,2.1940245836264443,0.056856236546579654,-0.021150371022265024,1.6743884418624062
strength_quartile,Q3,all,author_net,3,90D,all,0,42,0.5238095238095238,0.5121951219512195,0.3648450865154381,0.6574557044556734,0.24353527218401289,0.01560409160002224,0.621304376698137,-0.17201074278152365,3.612009149261541,3.973210064187695,0.2017120289075785,0.012471704364905856,3.0245842714198465
strength_quartile,Q3,all,author_net,30,1D,all,0,138,0.572463768115942,0.5797101449275363,0.49629083327975365,0.6588119144141406,0.00313246487759729,0.004402269113644275,0.025572707597009848,-0.027378685294057795,0.9340370920790739,1.2722229357628767,0.0027624759429688167,0.002943458558503309,1.2570537959147619
strength_quartile,Q3,all,author_net,30,20D,all,0,121,0.4297520661157025,0.4214876033057851,0.3372499540821435,0.5105570150170473,-0.023775120310573487,-0.025536805983574995,0.11496757979034865,-0.12833483632865975,0.8958407793182659,0.6751263844137656,-0.026075357561979467,-0.018255463327195187,0.6350927516308909
strength_quartile,Q3,all,author_net,30,5D,all,0,130,0.5153846153846153,0.5,0.4152923244410056,0.5847076755589944,0.00255499871756566,0.0004261755800228917,0.07864708428456375,-0.07836833037749581,1.0035569713649022,1.0672748743087055,0.0014122022470263148,0.0004939605163251648,1.0381267452184832
strength_quartile,Q3,all,author_net,30,60D,all,0,75,0.4533333333333333,0.4266666666666667,0.3210074201902476,0.5394720767072307,0.02863559030652006,-0.008943332651036973,0.2915410918101238,-0.18938360606232202,1.539420955550841,1.2765929875299655,0.005181318862818468,-0.021150371022265024,1.0464399727423834
strength_quartile,Q3,all,author_net,30,90D,all,0,63,0.5555555555555556,0.4603174603174603,0.3430886457604498,0.5821074811910463,0.13821598540770616,0.01912049048933251,0.4464111486471945,-0.2470279686416543,1.8071279584328002,2.2589099480410004,0.10714645900458937,-0.020501108534518586,1.8848463925370955
strength_quartile,Q3,all,author_net,7,1D,all,0,146,0.4452054794520548,0.4589041095890411,0.3801640800670647,0.5397512751727717,-0.0003540362293327344,-0.0033565524531257163,0.025497901763543544,-0.02136316130141137,1.193545346767522,0.9697555942486117,-0.0007688385114496977,-0.0013428075952872653,0.9295012753022095
strength_quartile,Q3,all,author_net,7,20D,all,0,134,0.5074626865671642,0.5149253731343284,0.431076014846751,0.5979428306749237,0.025639271561019295,0.00038379909645014365,0.15454966298609876,-0.10717749536178986,1.4419973378217017,1.4856942268466018,0.020291118864395753,0.00048555594624410947,1.4006710637170448
strength_quartile,Q3,all,author_net,7,5D,all,0,141,0.5319148936170213,0.5602836879432624,0.47783544408098877,0.639534265796382,0.00355655943687761,0.0030729690468209725,0.063582323286808,-0.06465453584713421,0.9834162824575635,1.117518502792686,0.002234846131332146,0.0023125859365784596,1.0794294287609085
strength_quartile,Q3,all,author_net,7,60D,all,0,92,0.5760869565217391,0.532608695652174,0.4314045669897713,0.6311988206655142,0.22564813265375003,0.02046070743922579,0.4936013546564823,-0.13849342545252719,3.5640778834348286,4.843490456975536,0.19602185195104357,0.013475193990224121,4.153735452200665
strength_quartile,Q3,all,author_net,7,90D,all,0,73,0.6986301369863014,0.676056338028169,0.5606115705582948,0.7734278828935044,0.4068670404891876,0.11230521225147772,0.7007855145315125,-0.27448942206347476,2.5530510766621024,5.918436586807601,0.36086672160176925,0.064801593743266,5.053734711428176
strength_quartile,Q3,all,author_net,90,1D,all,0,129,0.5038759689922481,0.49612403100775193,0.41121268792455234,0.5812595416875165,0.003101186609358101,0.0002323960027887928,0.02974964473788182,-0.024344029132621,1.2220509832539304,1.2608462525635789,0.0026727832473588727,0.0,1.2384340114331411
strength_quartile,Q3,all,author_net,90,20D,all,0,118,0.4661016949152542,0.4576271186440678,0.3704912527333468,0.5474348776922883,-0.009758560298105066,-0.01189509276748757,0.14740398902102722,-0.1469639604973475,1.0029941253773416,0.8756297919960917,-0.015893328174189814,-0.004845716852653115,0.7914910782837121
strength_quartile,Q3,all,author_net,90,5D,all,0,125,0.488,0.464,0.3789550647918743,0.5511916435551254,7.522163503158907e-05,-0.0010796804145973837,0.0806039458578915,-0.07667871863988177,1.051190568747561,1.001916010837519,-0.0027124285523494967,-0.0037419761493338033,0.9272558616002597
strength_quartile,Q3,all,author_net,90,60D,all,0,77,0.4935064935064935,0.4805194805194805,0.3725303790298501,0.590359949227907,0.024563681839287005,-0.0009954651034177475,0.283364725983901,-0.22760143809649072,1.2450041104914709,1.2130809281711767,-0.0005029915738848591,-0.006044043427546608,0.9959100421749321
strength_quartile,Q3,all,author_net,90,90D,all,0,60,0.5666666666666667,0.5166666666666667,0.39307810032592494,0.6382495046026722,0.11525362698763915,0.022516410219833527,0.4226866782232812,-0.28677420924358504,1.4739354676914218,1.9274540731349363,0.07765580386978191,0.007205717477140827,1.5614874697986176
strength_quartile,Q3,all,author_net_shift,1,1D,all,0,2,0.0,0.0,0.0,0.7934506856227626,-0.01957776550979068,-0.01957776550979068,,-0.01957776550979068,,,-0.008613636694915439,-0.008613636694915439,
strength_quartile,Q3,all,author_net_shift,1,5D,all,0,2,0.5,,,,0.008564462991199118,0.008564462991199118,0.12753610348188182,-0.11040717749948359,1.1551432286408947,1.1551432286408947,,,
strength_quartile,Q3,all,author_net_shift,3,1D,all,0,5,0.6,0.75,0.30064184258240184,0.9544127391902995,0.0019553459998457702,0.0003908858450463182,0.009952094594369817,-0.0100397768919403,0.9912665093543193,1.4868997640314787,0.005109909498136028,0.007543078446608453,3.2331664682710373
strength_quartile,Q3,all,author_net_shift,3,20D,all,0,2,0.0,0.0,0.0,0.6576197724933469,-0.10134560024776679,-0.10134560024776679,,-0.10134560024776679,,,-0.0924895729388775,-0.0924895729388775,
strength_quartile,Q3,all,author_net_shift,3,5D,all,0,4,0.25,0.0,5.551115123125783e-17,0.5614970317550454,-0.06694334679741848,-0.04265968365983519,0.03932309498190345,-0.10236549405719246,0.3841440452574117,0.1280480150858039,-0.09793023065798463,-0.06813504321802011,
strength_quartile,Q3,all,author_net_shift,30,1D,all,0,40,0.45,0.475,0.329354701126789,0.6250263789330753,0.001540432793562918,-0.0011960720279887704,0.020707469175042736,-0.014141687882193298,1.4642855469266036,1.1980518111217666,3.635819720432254e-06,-0.0007582718328167926,1.0004748094932652
strength_quartile,Q3,all,author_net_shift,30,20D,all,0,34,0.35294117647058826,0.3939393939393939,0.2468310743447709,0.5631655918005977,-0.05239115462197524,-0.026718120869164363,0.053224177879970684,-0.10999951780485483,0.4838582835825998,0.26392270013596353,-0.047013488914270575,-0.018420259272705852,0.2512653226501764
strength_quartile,Q3,all,author_net_shift,30,5D,all,0,36,0.6111111111111112,0.6111111111111112,0.44864459096605147,0.75215126934629,0.0010613659514148782,0.019972083899667703,0.03943875864079063,-0.059245965417604164,0.6656783860774412,1.0460660352645503,-0.005792660257586007,0.00599252312498022,0.7490643433935562
strength_quartile,Q3,all,author_net_shift,30,60D,all,0,24,0.3333333333333333,0.4166666666666667,0.24467602609811764,0.6116533413477124,-0.051016548016144435,-0.016103393042148195,0.09666854093476462,-0.12485909249159896,0.7742210759802606,0.3871105379901303,-0.04155728473377152,-0.00798662495838015,0.3786347903716477
strength_quartile,Q3,all,author_net_shift,30,90D,all,0,18,0.6666666666666666,0.7222222222222222,0.4912734343970254,0.8750024662044601,0.0664108952953232,0.05271109682322139,0.17919698039870455,-0.15916127491143953,1.1258830422061727,2.2517660844123455,0.06212448600768539,0.03224541964853367,2.2281404537571263
strength_quartile,Q3,all,author_net_shift,7,1D,all,0,17,0.47058823529411764,0.4117647058823529,0.2161105679021481,0.6399455735700021,-0.0038084521977322077,-0.0005666288914072393,0.024550200201697736,-0.029016143219447715,0.8460876421799319,0.7520779041599395,-0.004448889132830023,-0.0015259088839766344,0.674696800129309
strength_quartile,Q3,all,author_net_shift,7,20D,all,0,15,0.5333333333333333,0.4666666666666667,0.24809535365737387,0.698830199745016,0.027219548488632023,0.012326630831508423,0.10872628993481481,-0.0659310131641483,1.6490917508596326,1.884676286696723,0.03345026157482342,-0.000710498914006763,2.5810532583430295
strength_quartile,Q3,all,author_net_shift,7,5D,all,0,17,0.4117647058823529,0.5294117647058824,0.30963235060004424,0.7383489355759056,0.02196592020683831,-0.006153716168642909,0.10048212271358857,-0.03299542154788687,3.0453353222887904,2.1317347256021533,0.021927498739182864,0.00032584081056885594,2.510898161463053
strength_quartile,Q3,all,author_net_shift,7,60D,all,0,9,0.2222222222222222,0.3333333333333333,0.1205838183869109,0.6457978644196036,-0.041538484483137954,-0.0440109413132852,0.25220737865209025,-0.125465873950346,2.010167153116895,0.5743334723191129,-0.020211645314190382,-0.03509584810388677,0.7164310590427441
strength_quartile,Q3,all,author_net_shift,7,90D,all,0,5,0.2,0.2,0.03622410863243014,0.6244653702374747,-0.24388637885094067,-0.0931702206752053,0.40095349289745086,-0.4050963467880385,0.9897731640301477,0.24744329100753693,-0.21192185387453186,-0.12114780264487501,0.3022757261530993
strength_quartile,Q3,all,author_net_shift,90,1D,all,0,34,0.4117647058823529,0.35294117647058826,0.21487920594879492,0.5208603688021826,-0.009445170012153654,-0.004386456214496015,0.019103125691982907,-0.029428977005049244,0.6491263929665414,0.454388475076579,-0.008921135961288662,-0.003963760172485176,0.44036052228306083
strength_quartile,Q3,all,author_net_shift,90,20D,all,0,28,0.5357142857142857,0.5,0.32633127457293465,0.6736687254270654,0.047571744442499564,0.006551375012565364,0.1979732862722924,-0.12596849613033834,1.5716095083603399,1.813395586569623,0.04381183750578325,-0.0007221001189076093,1.8457667662001946
strength_quartile,Q3,all,author_net_shift,90,5D,all,0,31,0.5161290322580645,0.4838709677419355,0.31970251562417307,0.651596045519712,0.0006805914821528044,0.014737007133338587,0.07615827125410174,-0.07982893360792606,0.9540183967400528,1.0176196231893897,-0.0022343482336049355,-0.0011157960757712804,0.9378727839924355
strength_quartile,Q3,all,author_net_shift,90,60D,all,0,17,0.5294117647058824,0.47058823529411764,0.26165106442409436,0.6903676493999558,0.1301057087443868,0.050863865325610824,0.4953852398493759,-0.28083376374872593,1.7639803463682466,1.9844778896642772,0.10057952455193545,-0.005491694891633037,1.7070194303464608
strength_quartile,Q3,all,author_net_shift,90,90D,all,0,7,0.42857142857142855,0.2857142857142857,0.08221892400405678,0.6410655481673808,-0.03596499320698803,-0.09809313438218448,0.13791591567688952,-0.16637567486989618,0.8289427873680341,0.6217070905260255,-0.09616034453476642,-0.19915555917600947,0.3410459940476508
strength_quartile,Q3,all,high_low_divergence,1,1D,all,0,2,0.0,0.0,0.0,0.6576197724933469,-0.019580161111636407,-0.019580161111636407,,-0.019580161111636407,,,-0.018254818016516183,-0.018254818016516183,
strength_quartile,Q3,all,high_low_divergence,1,5D,all,0,1,0.0,,,,-0.04036697247706433,-0.04036697247706433,,-0.04036697247706433,,,,,
strength_quartile,Q3,all,high_low_divergence,3,1D,all,0,10,0.4,0.4444444444444444,0.18877852109766452,0.733348706504507,-0.006360118102255752,-0.013388382393232146,0.032694440734488156,-0.03239649066008502,1.009196986103505,0.67279799073567,-0.001403731343266496,-0.008680217464492879,0.914707379704556
strength_quartile,Q3,all,high_low_divergence,3,20D,all,0,5,0.6,0.8,0.37553462976252533,0.9637758913675698,-0.07365602648239904,0.013048157115953751,0.02866013171248431,-0.22713026377472406,0.12618367643384792,0.18927551465077186,-0.059041058146016324,0.0293830293481413,0.28392908392464467
strength_quartile,Q3,all,high_low_divergence,3,5D,all,0,8,0.25,0.14285714285714285,0.02567962434474355,0.5131278292743189,-0.035469811774770946,-0.0396790844474087,0.15907696114769526,-0.10031873608225968,1.5857153644485196,0.5285717881495066,-0.02889136660126363,-0.026768137976107664,0.5929073875671385
strength_quartile,Q3,all,high_low_divergence,3,60D,all,0,3,0.6666666666666666,0.3333333333333333,0.06149194472039621,0.7923403991979522,0.021253547435567028,0.0342249580302183,0.043545085956190666,-0.023329529605680244,1.8665222442199763,3.7330444884399525,-0.022969308574031937,-0.03247015824710453,0.417442951330909
strength_quartile,Q3,all,high_low_divergence,3,90D,all,0,3,1.0,1.0,0.4385029682449546,1.0,0.227420554033782,0.25733118105999453,0.227420554033782,,,,0.17275276798943687,0.17770051678499232,
strength_quartile,Q3,all,high_low_divergence,30,1D,all,0,25,0.36,0.36,0.20247880774458224,0.5548150225183514,-0.009568451695768676,-0.008313990293310813,0.022557465505383845,-0.02763928012141697,0.8161379531699396,0.459077598658091,-0.006587386521754426,-0.005596233609847512,0.5300735099955274
strength_quartile,Q3,all,high_low_divergence,30,20D,all,0,18,0.4444444444444444,0.5,0.29031021505169974,0.7096897849483003,-0.012515451933349587,-0.006045098714716757,0.12318101681670102,-0.12107262693339008,1.0174142573487803,0.8139314058790244,-0.0005813775323760015,0.0016487134091194289,0.9904321106555367
strength_quartile,Q3,all,high_low_divergence,30,5D,all,0,23,0.30434782608695654,0.3181818181818182,0.1636059318135624,0.5268140225895723,-0.038960230241608156,-0.034203102961918086,0.037211914246678406,-0.07228554345523353,0.5147905441109918,0.2252208630485589,-0.025754581996600887,-0.013634911780828651,0.3027656161662492
strength_quartile,Q3,all,high_low_divergence,30,60D,all,0,13,0.6923076923076923,0.6153846153846154,0.355228915126657,0.8229029220223743,0.07637176786921727,0.04766803039158385,0.17950064396749912,-0.1556682033519169,1.1530976789248641,2.594469777580944,0.06569869960893965,0.06312154462973585,2.4482503289556106
strength_quartile,Q3,all,high_low_divergence,30,90D,all,0,11,0.7272727272727273,0.6363636363636364,0.35380117450784887,0.8483352890463243,-0.08578057435294018,0.14782310256913123,0.2046407840918592,-0.8602375302057386,0.23788869574536736,0.6343698553209797,-0.07833083939656402,0.07279033659393952,0.6453685987655449
strength_quartile,Q3,all,high_low_divergence,7,1D,all,0,18,0.5555555555555556,0.5,0.29031021505169974,0.7096897849483003,0.0012969550116162581,0.005232690363881409,0.022698331286736338,-0.025454765332283844,0.891712455032867,1.1146405687910839,0.0024386006699027266,0.003302661444127275,1.2930587286040405
strength_quartile,Q3,all,high_low_divergence,7,20D,all,0,14,0.5714285714285714,0.6428571428571429,0.38764423103907397,0.8365526824644587,0.05482390200911177,0.024154689791955564,0.14111721507112807,-0.06023384874024327,2.342822483080767,3.123763310774356,0.046289979535679995,0.015425261292006498,3.0412196265217775
strength_quartile,Q3,all,high_low_divergence,7,5D,all,0,16,0.5625,0.5,0.27999563610326017,0.7200043638967398,0.029519762057607944,0.009779575573527488,0.0782622366186611,-0.03314913380660324,2.360913472890547,3.035460179430703,0.02587495107984878,-0.0017820757175445179,3.1184571168068618
strength_quartile,Q3,all,high_low_divergence,7,60D,all,0,11,0.45454545454545453,0.45454545454545453,0.21271271622459764,0.719908462590678,-0.0508329330455755,-0.020854641155486853,0.10914465987194363,-0.1841475938101748,0.5927020691047065,0.4939183909205887,-0.039830546263344396,-0.07448948399292399,0.5512936798304091
strength_quartile,Q3,all,high_low_divergence,7,90D,all,0,8,0.5,0.375,0.13684428582359742,0.6942576053973727,0.0193300517863583,-0.0004262721449531659,0.14622269056154705,-0.10756258698883045,1.3594196147098168,1.3594196147098168,0.0164833508373272,-0.02977113005502091,1.393972240609755
strength_quartile,Q3,all,high_low_divergence,90,1D,all,0,22,0.45454545454545453,0.5454545454545454,0.3465979532073494,0.7307970581918668,-0.0006446885516338087,-0.0014987407454447044,0.0256177484934208,-0.02253005275584598,1.1370478698401467,0.9475398915334555,-0.0001954443810068313,0.0018054252052543962,0.9820186326038302
strength_quartile,Q3,all,high_low_divergence,90,20D,all,0,15,0.6,0.6666666666666666,0.41713547738519774,0.8482367556028526,0.03345270015944854,0.022354420287633014,0.09340162780934265,-0.05647069131539264,1.653984139979591,2.480976209969387,0.025774728596539835,0.017713914472499148,2.0779121712533
strength_quartile,Q3,all,high_low_divergence,90,5D,all,0,20,0.55,0.6,0.3865815007622531,0.781193467627183,0.007741343230389075,0.011722099890975612,0.04506771920803465,-0.037879782964511076,1.1897565318750065,1.4541468722916748,0.01251114477759015,0.01208812767948203,1.8914351208774367
strength_quartile,Q3,all,high_low_divergence,90,60D,all,0,13,0.5384615384615384,0.6153846153846154,0.355228915126657,0.8229029220223743,0.04663785408325197,0.07162397413578703,0.1889316346186519,-0.11937155654138132,1.582719033685021,1.8465055392991914,0.05303581743872599,0.025798922647453315,2.209735277600934
strength_quartile,Q3,all,high_low_divergence,90,90D,all,0,11,0.6363636363636364,0.6363636363636364,0.35380117450784887,0.8483352890463243,-0.14252767959503213,0.12450084302067621,0.2112708517643125,-0.7616751094738853,0.27737659946672594,0.4854090490667704,-0.10732051148207594,0.11154101660332305,0.58600483168661
strength_quartile,Q3,all,weighted_net,1,1D,all,0,65,0.4461538461538462,0.453125,0.3372944778061167,0.5742640277994588,-0.0005605916316684287,-0.004014989293361748,0.029962782814885285,-0.025148865491392253,1.1914168782341574,0.9597524852441822,0.0002679408728527271,-0.0020408097475975717,1.0222614783446207
strength_quartile,Q3,all,weighted_net,1,20D,all,0,51,0.43137254901960786,0.43137254901960786,0.3050123610790954,0.5673469789069776,0.006872957043459617,-0.023574561403508887,0.1820615922890532,-0.12602876624630102,1.4446034640476118,1.0959060761740502,0.005810744072597398,-0.014872436950194468,1.0900164311399825
strength_quartile,Q3,all,weighted_net,1,5D,all,0,58,0.43103448275862066,0.39285714285714285,0.2758041573011051,0.5236659719957729,-0.008760865458580045,-0.01147397112790205,0.06626834502811507,-0.06560117643334906,1.0101700705846923,0.7652803565035546,-0.008265636457642717,-0.009956517528580067,0.7530103016491068
strength_quartile,Q3,all,weighted_net,1,60D,all,0,30,0.5333333333333333,0.4666666666666667,0.30232388907699753,0.638577003801267,0.20484282155447725,0.029555481719977128,0.49790147417933783,-0.13008135287393485,3.8276160508713866,4.374418343853013,0.15860875631149582,-0.02199397972661138,3.2575999055249873
strength_quartile,Q3,all,weighted_net,1,90D,all,0,20,0.5,0.4,0.21880653237281705,0.6134184992377469,0.14125163121942635,-0.007728517305662874,0.39523460554663303,-0.11273134310778035,3.5059868413769943,3.505986841376995,0.09868447963798233,-0.027427418623308553,2.344611835109659
strength_quartile,Q3,all,weighted_net,3,1D,all,0,126,0.5,0.48412698412698413,0.39863610009012745,0.5705570987823232,0.0020172860865257988,-8.741675900975077e-05,0.027622699101497443,-0.023588126928445845,1.171042498850816,1.171042498850816,0.0006914217481174135,-0.0008330570723507624,1.0619972102804545
strength_quartile,Q3,all,weighted_net,3,20D,all,0,113,0.5309734513274337,0.48672566371681414,0.3965321831240263,0.5777919991458662,0.023347560609913262,0.010220254686560626,0.14692805670656023,-0.11655488780138519,1.2605911213001406,1.42708428826431,0.005312316371442308,-0.0016417869365064064,1.0948912631332381
strength_quartile,Q3,all,weighted_net,3,5D,all,0,118,0.6101694915254238,0.5423728813559322,0.4525651223077117,0.6295087472666532,0.008580288409903785,0.0075317468975693025,0.0572133344021916,-0.06754100096932932,0.8470904129503861,1.3258806463571262,0.0026319482943159595,0.003652866609415717,1.104743664774697
strength_quartile,Q3,all,weighted_net,3,60D,all,0,55,0.6545454545454545,0.509090909090909,0.380762598469722,0.6362322215099672,0.19864349452041904,0.08300010807305735,0.35332620034505463,-0.09443952704204843,3.7412957414297408,7.088770878498456,0.139449092273915,0.004117316835829055,3.943882869062339
strength_quartile,Q3,all,weighted_net,3,90D,all,0,29,0.6551724137931034,0.4642857142857143,0.2953156998279538,0.6418731076553209,0.19878054799666936,0.04027564711325393,0.36823251658392003,-0.12317819231910687,2.9894294570419784,5.679915968379759,0.10970000211080563,-0.008560888553784451,2.992446057174405
strength_quartile,Q3,all,weighted_net,30,1D,all,0,129,0.5426356589147286,0.5116279069767442,0.4262880782790561,0.5962952328847375,-0.0007119932201115753,0.0024038461538462563,0.027590830454918714,-0.03429161452946954,0.8045940919815162,0.95460315997807,-0.0005208163399468116,0.0009430185520962198,0.9651484225351931
strength_quartile,Q3,all,weighted_net,30,20D,all,0,112,0.49107142857142855,0.42857142857142855,0.34079156984785586,0.5210886225902789,-0.01190435642683726,-0.013314243024076466,0.12378593247442322,-0.14283358255963244,0.8666444561295177,0.8362358787214644,-0.022734968069236534,-0.021312265044621803,0.6937473580380411
strength_quartile,Q3,all,weighted_net,30,5D,all,0,124,0.5241935483870968,0.5241935483870968,0.43689235453135455,0.6100407769844192,0.017252695086162097,0.0026556177266835457,0.09148406323273148,-0.06452762575327875,1.4177503381655574,1.56192833865697,0.013136608905202948,0.0031489157066762474,1.4102810909859558
strength_quartile,Q3,all,weighted_net,30,60D,all,0,66,0.5909090909090909,0.48484848484848486,0.3684696267060676,0.6028940871428276,0.12989882456768112,0.06779664963587795,0.334656182997452,-0.16586180427532116,2.0176808304939318,2.9144278662690124,0.07635697852150979,-0.0009638438241564851,1.8884916689233977
strength_quartile,Q3,all,weighted_net,30,90D,all,0,41,0.7073170731707317,0.6097560975609756,0.45726856934123794,0.7434385493987647,0.12434150706457416,0.11230521225147772,0.2793684613830882,-0.2503069658718348,1.11610342289129,2.6972499386539517,0.08374155415383733,0.10205476783456957,1.9203062568474387
strength_quartile,Q3,all,weighted_net,7,1D,all,0,149,0.4429530201342282,0.4228187919463087,0.3464167685241974,0.5031005013483545,-0.0042649847160959355,-0.0033369577443664866,0.02550804015982093,-0.02793992015959609,0.9129603812078211,0.725968495900195,-0.004512850416973548,-0.0033621333327271685,0.6961041229406036
strength_quartile,Q3,all,weighted_net,7,20D,all,0,129,0.5271317829457365,0.4883720930232558,0.40370476711526254,0.5737119217209439,0.02323829056876217,0.010220254686560626,0.15712892452251856,-0.12601684236329413,1.2468882855319559,1.3899738264946393,0.010028733403441547,-0.0011863147734505475,1.1600736375927758
strength_quartile,Q3,all,weighted_net,7,5D,all,0,139,0.4892086330935252,0.460431654676259,0.37975032613110543,0.5432412192450302,0.009748659710596434,-0.0013195639701665263,0.08995192075974029,-0.06706573115337232,1.3412501319642613,1.284577591177039,0.00820877134043202,-0.006869224658899276,1.2501631088384109
strength_quartile,Q3,all,weighted_net,7,60D,all,0,56,0.6607142857142857,0.5535714285714286,0.4241321478993947,0.6761327874521665,0.28427292319595193,0.1007091694554425,0.4653485693441163,-0.06834807193468379,6.808510557383717,13.258678453852502,0.22281630365362964,0.02127832051936801,6.72479471488941
strength_quartile,Q3,all,weighted_net,7,90D,all,0,28,0.6071428571428571,0.5555555555555556,0.3731302451322448,0.72414141822977,0.11558063460147595,0.09853660350235799,0.3222717130091382,-0.20385103202854757,1.5809177407745811,2.4432365084698078,0.035413309923718814,0.034922983640827354,1.3697983292977678
strength_quartile,Q3,all,weighted_net,90,1D,all,0,116,0.5603448275862069,0.5431034482758621,0.4525254808063802,0.630918096219513,0.003907284810328971,0.0018788035123474822,0.029266002198907022,-0.028412649116290118,1.0300342667494402,1.3127887713473259,0.003316597258761218,0.003634616584615613,1.262642659076662
strength_quartile,Q3,all,weighted_net,90,20D,all,0,108,0.48148148148148145,0.49074074074074076,0.3984089129832509,0.5837086307157594,0.0013091915306135302,-0.007366392280192646,0.14395230980983603,-0.13114513258580737,1.0976565197007904,1.0192524825793055,-0.01101232017287352,-0.0011452552172125374,0.8454561166395422
strength_quartile,Q3,all,weighted_net,90,5D,all,0,110,0.5181818181818182,0.5363636363636364,0.44352397913274194,0.6267491892092099,0.004615291439379824,0.002295116572446354,0.09010917146323066,-0.08733095688815787,1.0318124829277981,1.109685123148764,0.00015653259152501294,0.0028791241335286433,1.003752964066877
strength_quartile,Q3,all,weighted_net,90,60D,all,0,70,0.5142857142857142,0.45714285714285713,0.3457274259756359,0.5730174079452441,0.0239067207770195,0.007205579610560009,0.26457744992990906,-0.2309211100907459,1.1457482160290027,1.2131451699130618,-0.028304923131001615,-0.04125062461977114,0.8019583800731397
strength_quartile,Q3,all,weighted_net,90,90D,all,0,45,0.5111111111111111,0.4888888888888889,0.349570237528785,0.6299553535541681,0.03307104850072991,0.009888988133214038,0.37238123123301853,-0.3216623243557537,1.157677486721045,1.2102991906629108,-0.006090550939103813,-0.09074196825613434,0.9654668920563587
strength_quartile,Q4,all,author_net,1,1D,all,0,57,0.43859649122807015,0.43636363636363634,0.3137344236063191,0.5673018365358555,-0.006189487105183919,-0.007836205927727047,0.020851197875122292,-0.02731502224604815,0.7633600912823337,0.5963750713143233,-0.005646155467791333,-0.0050651670643384605,0.6082267641445553
strength_quartile,Q4,all,author_net,1,20D,all,0,31,0.2903225806451613,0.3548387096774194,0.21116659093865403,0.5305204593563113,-0.012017232680995985,-0.05218408385442441,0.19042782398345035,-0.09483566495281494,2.007976894327644,0.8214450931340362,-0.013724472596023862,-0.045312908266506136,0.7673744542375678
strength_quartile,Q4,all,author_net,1,5D,all,0,41,0.3170731707317073,0.2972972972972973,0.17489478649832016,0.45783135911135664,-0.022845134127275055,-0.032786516853932524,0.06375691029430476,-0.0630532261801514,1.0111601603404534,0.46946721730092483,-0.015369526311547359,-0.01693946610253505,0.5524154200255519
strength_quartile,Q4,all,author_net,1,60D,all,0,18,0.4444444444444444,0.3333333333333333,0.1627877475083369,0.5625053270405489,0.09218702791514029,-0.020490314769975815,0.37171224451342416,-0.1314331453634868,2.8281469144288534,2.2625175315430828,0.06865071700011725,-0.0633642169785642,1.9032639498870405
strength_quartile,Q4,all,author_net,1,90D,all,0,15,0.3333333333333333,0.3333333333333333,0.1517632443971473,0.5828645226148023,-0.007625854854598724,-0.03347619047619044,0.1328523331785188,-0.07786494887115748,1.7061891788864911,0.8530945894432456,-0.04976046146994029,-0.09446699968764372,0.4651639066161662
strength_quartile,Q4,all,author_net,3,1D,all,0,114,0.5175438596491229,0.4690265486725664,0.3795524551888723,0.5605373034408769,0.0007829567798999607,0.0005359324651708075,0.02463674277114788,-0.024805650010711444,0.9931907755091833,1.065422831909851,0.00017186447161673184,-0.0015401961745895587,1.0149835197372148
strength_quartile,Q4,all,author_net,3,20D,all,0,83,0.4819277108433735,0.46987951807228917,0.36623347829270353,0.5761903355411504,0.04586015556694929,-0.009634397744961998,0.18824343801104765,-0.08658940949732827,2.1739776157828623,2.022304758867779,0.035487784807639706,-0.008966185210813604,1.8066589213943915
strength_quartile,Q4,all,author_net,3,5D,all,0,95,0.5052631578947369,0.45161290322580644,0.35439761353554855,0.5526669834913936,0.010986195104216015,0.00018950161076358718,0.08603063134759076,-0.0656549312719965,1.310345311172156,1.3382249986439039,0.007253584396060066,-0.004570825013655799,1.2319733754764064
strength_quartile,Q4,all,author_net,3,60D,all,0,46,0.4782608695652174,0.3695652173913043,0.24523754590839622,0.513999035766103,0.07167709460438099,-0.009042669437339279,0.2735536858938686,-0.11337644741098268,2.412791123206156,2.21172519627231,0.03585744541903339,-0.04616926638604396,1.4722549711752257
strength_quartile,Q4,all,author_net,3,90D,all,0,33,0.36363636363636365,0.30303030303030304,0.17375531424053606,0.47338135145800575,0.0960463019365036,-0.042073287409108207,0.41556583574515343,-0.08653628881129631,4.802214671481337,2.744122669417907,0.057402685560045165,-0.10154591588752349,1.676628147809859
strength_quartile,Q4,all,author_net,30,1D,all,0,137,0.5474452554744526,0.5036496350364964,0.42097642170800376,0.5861237603575137,0.0008238618475096691,0.001591946268022948,0.017733990842582176,-0.019953774427620304,0.8887536995524279,1.0927299584660999,-2.7964228123202354e-05,0.00024825212428880583,0.996746193009227
strength_quartile,Q4,all,author_net,30,20D,all,0,112,0.5267857142857143,0.4954954954954955,0.40420290969708794,0.5870894335884382,0.02494306929707776,0.010895894947432372,0.1219663543430221,-0.08306398386727537,1.4683422184265478,1.6345696393804967,0.015619552687732479,-1.2878687169259884e-05,1.3941020498584653
strength_quartile,Q4,all,author_net,30,5D,all,0,124,0.5161290322580645,0.5161290322580645,0.4290154460449416,0.6022733082989076,0.0016435838459921011,0.0034368153590117467,0.05454241034345267,-0.054781831084632505,0.9956295593549994,1.0620048633119994,-0.0021919814063425013,0.0029461614857263507,0.9157784060506196
strength_quartile,Q4,all,author_net,30,60D,all,0,79,0.5443037974683544,0.379746835443038,0.2806649532154275,0.48998128756209824,0.08413596477044137,0.012124826078314443,0.2433342394099111,-0.10601752993781416,2.2952264550272177,2.7415204879491766,0.05574405564062184,-0.030627264477103067,1.9280250695907089
strength_quartile,Q4,all,author_net,30,90D,all,0,56,0.5714285714285714,0.5,0.37331738801362335,0.6266826119863766,0.15888546495562458,0.03576123961680788,0.3591126277673543,-0.10808408546001508,3.3225301045842257,4.430040139445635,0.12144375921085161,-0.0022078566164752678,3.070605681509075
strength_quartile,Q4,all,author_net,7,1D,all,0,145,0.46206896551724136,0.4195804195804196,0.3418382392090408,0.5015302468798577,-0.005313706332141182,-0.0019026909486273835,0.020841116000195396,-0.027780028079148245,0.7502194000962434,0.644419228287799,-0.00562633165858762,-0.0021539410884791055,0.6013466918102964
strength_quartile,Q4,all,author_net,7,20D,all,0,106,0.5471698113207547,0.4811320754716981,0.3883511832212952,0.5752326944607227,0.027553778982466668,0.011135902231136252,0.1400687139152035,-0.10840176739459034,1.2921257400291561,1.5613186025352306,0.014979218719236454,-0.0007354855713207487,1.3073578201349794
strength_quartile,Q4,all,author_net,7,5D,all,0,120,0.5083333333333333,0.4830508474576271,0.394853534727032,0.572316917443222,0.00416229927172458,0.0007382849608803532,0.06529352235674571,-0.059041168663636255,1.105898203484585,1.1433862781789776,0.002901297258208567,-0.003103348668368311,1.1049274072221744
strength_quartile,Q4,all,author_net,7,60D,all,0,58,0.46551724137931033,0.3448275862068966,0.2356108933195017,0.47332223433859577,0.05187266371423365,-0.018218169315707577,0.22315360878707335,-0.09730751425243317,2.293282389355593,1.9973749842774522,0.010526297795492424,-0.06127046299747585,1.134458127201506
strength_quartile,Q4,all,author_net,7,90D,all,0,42,0.4523809523809524,0.38095238095238093,0.24999725763955144,0.5318595973284732,0.04339306385234749,-0.01796841599244825,0.2169486386384866,-0.09997893271011525,2.1699435346796525,1.7925620503875388,0.00819909493048863,-0.07765602338605404,1.1067602811441009
strength_quartile,Q4,all,author_net,90,1D,all,0,128,0.53125,0.515625,0.4298624503761484,0.6004770197403044,0.0028286555706873483,0.0012536512525803678,0.020756592985459427,-0.017786108643445087,1.167011480788918,1.3450301812482444,0.0027899433953249312,0.00032994516052387013,1.3662053967138514
strength_quartile,Q4,all,author_net,90,20D,all,0,112,0.49107142857142855,0.42857142857142855,0.34079156984785586,0.5210886225902789,0.010559970892473711,-0.004661939832558526,0.1151015674403389,-0.09031349946072954,1.2744669194264564,1.229748781902721,0.002393899781623839,-0.015063974668893865,1.0474060797886504
strength_quartile,Q4,all,author_net,90,5D,all,0,118,0.5254237288135594,0.4915254237288136,0.4030238582381013,0.5805613678470258,-0.00245052784479637,0.0017358274102621252,0.040789253996577915,-0.05032314345488932,0.8105466232081114,0.8973909042661233,-0.0041985302304922015,-0.002200176813888066,0.8283448178686572
strength_quartile,Q4,all,author_net,90,60D,all,0,80,0.5375,0.35,0.25454550534873466,0.45919993351192334,0.02497524351084207,0.010070939847628413,0.17539153583991948,-0.1498328800067344,1.1705810889574861,1.36040504932897,-0.005434392397261277,-0.04886629155669997,0.9380898728034335
strength_quartile,Q4,all,author_net,90,90D,all,0,57,0.42105263157894735,0.3684210526315789,0.255235570344157,0.4982220177750478,0.01668378549812519,-0.02152859870873869,0.2671393523126347,-0.16546571763969992,1.6144694872343779,1.1741596270795478,-0.01252201354763079,-0.05940056895111934,0.8838453092280776
strength_quartile,Q4,all,author_net_shift,1,1D,all,0,2,0.0,0.0,0.0,0.6576197724933469,-0.041319907347643015,-0.041319907347643015,,-0.041319907347643015,,,-0.03860988024737211,-0.03860988024737211,
strength_quartile,Q4,all,author_net_shift,3,1D,all,0,5,0.8,0.8,0.37553462976252533,0.9637758913675698,0.015916195916272934,0.009213820731096556,0.02696374800911905,-0.02827401245511152,0.9536583479945524,3.8146333919782096,0.015549578813199072,0.006547019893017203,4.160792418994959
strength_quartile,Q4,all,author_net_shift,3,20D,all,0,2,1.0,1.0,0.34238022750665303,1.0,0.06776708793864628,0.06776708793864628,0.06776708793864628,,,,0.04684231780064102,0.04684231780064102,
strength_quartile,Q4,all,author_net_shift,3,5D,all,0,3,0.3333333333333333,0.5,0.09453120573423074,0.9054687942657693,-0.02103921756797204,-0.03768353106959399,0.03425541266712995,-0.04868653268552303,0.703591132447101,0.3517955662235505,-0.012229066574494463,-0.012229066574494463,0.3674329321068874
strength_quartile,Q4,all,author_net_shift,3,60D,all,0,1,0.0,0.0,0.0,0.7934506856227626,-0.021319150870494186,-0.021319150870494186,,-0.021319150870494186,,,-0.012164726720390817,-0.012164726720390817,
strength_quartile,Q4,all,author_net_shift,3,90D,all,0,1,1.0,1.0,0.20654931437723745,1.0,0.0982999227237602,0.0982999227237602,0.0982999227237602,,,,0.08314019633118919,0.08314019633118919,
strength_quartile,Q4,all,author_net_shift,30,1D,all,0,40,0.675,0.7,0.5456998118185507,0.8192515477025347,0.006241457961713157,0.0033100837346544676,0.017508871332886426,-0.017160092886108244,1.020324974293148,2.119136485070384,0.005354772861451465,0.00300859287564631,1.9692142411102673
strength_quartile,Q4,all,author_net_shift,30,20D,all,0,30,0.4666666666666667,0.5,0.33154125640533766,0.6684587435946623,0.003251644855070801,-0.005643847480159003,0.11596314895683237,-0.09537092123397056,1.215917257130646,1.0639275999893152,0.010422577652765526,0.012174023138670276,1.2213158380940312
strength_quartile,Q4,all,author_net_shift,30,5D,all,0,36,0.5555555555555556,0.4722222222222222,0.31986041515179053,0.629940619770124,0.010914623048129611,0.014145461846033547,0.05891491381912136,-0.04908574041561008,1.2002449860241986,1.5003062325302483,0.010068114564361361,-0.0018041345108602558,1.5531188313608022
strength_quartile,Q4,all,author_net_shift,30,60D,all,0,20,0.2,0.25,0.11186170140766569,0.468700877618744,-0.07348104277148894,-0.05279210029671966,0.37721509441826284,-0.18615507706892687,2.0263486785192164,0.5065871696298041,-0.04893590813107025,-0.04467534238058524,0.6329243030082322
strength_quartile,Q4,all,author_net_shift,30,90D,all,0,16,0.5625,0.4375,0.23098652405492354,0.6682144360118811,-0.07297995034504626,0.0202668842539655,0.391436179463636,-0.6700864029562091,0.5841577709034886,0.7510599911616284,-0.10081361900201716,-0.018669438053295795,0.6594892820592175
strength_quartile,Q4,all,author_net_shift,7,1D,all,0,17,0.29411764705882354,0.23529411764705882,0.09555044322080117,0.4726179811956498,-0.013277280818717667,-0.009047486668856797,0.019321073696704973,-0.0268599285334771,0.7193270701604432,0.2997196125668513,-0.011655031761110197,-0.003886809133203828,0.2823738254261818
strength_quartile,Q4,all,author_net_shift,7,20D,all,0,15,0.6,0.4666666666666667,0.24809535365737387,0.698830199745016,-0.024578537992006176,0.0239043824701195,0.06479999780808646,-0.15864634169214512,0.4084556701208499,0.6126835051812748,-0.02911338364594572,-0.0066079013192750224,0.5451735200712308
strength_quartile,Q4,all,author_net_shift,7,5D,all,0,16,0.5,0.4375,0.23098652405492354,0.6682144360118811,-0.020263583886200913,-0.0033625679066039416,0.026487147631594238,-0.06701431540399606,0.39524611229580375,0.39524611229580375,-0.017973373401212404,-0.0021395302566379337,0.3679366028858311
strength_quartile,Q4,all,author_net_shift,7,60D,all,0,8,0.5,0.5,0.21521606221387757,0.7847839377861224,-0.027879205163982596,0.010652353588944563,0.05740872587589485,-0.11316713620386004,0.5072914964683597,0.5072914964683597,-0.0028162278832616905,0.008722443280703929,0.9430998684909849
strength_quartile,Q4,all,author_net_shift,7,90D,all,0,7,0.2857142857142857,0.42857142857142855,0.15821985525146975,0.7495416354723428,-0.041595399052447544,-0.05431469205054118,0.08697202540336735,-0.09302236883477351,0.9349581879370027,0.37398327517480107,-0.018417550432981242,-0.02994950562276122,0.6490334529091877
strength_quartile,Q4,all,author_net_shift,90,1D,all,0,33,0.5151515151515151,0.5757575757575758,0.4080726333731245,0.7276440336658979,0.0012101233619719984,0.00022239519626365833,0.02526962615379571,-0.024353098354340692,1.037634956592357,1.1024871413793795,0.00235663473588736,0.001996959872693216,1.2315608718205326
strength_quartile,Q4,all,author_net_shift,90,20D,all,0,28,0.4642857142857143,0.5357142857142857,0.358126892344679,0.7046843001720462,-0.012546024503080752,-0.011319973234487857,0.15622000991627708,-0.15880992099985752,0.9836917551039978,0.8525328544234647,-0.0007130516826596156,0.018984651143228226,0.9907820877933352
strength_quartile,Q4,all,author_net_shift,90,5D,all,0,30,0.5,0.5666666666666667,0.3919730700081361,0.7262251442353347,-0.01746094827814265,-0.004425140838798247,0.04272751957491811,-0.07764941613120341,0.5502619556433221,0.550261955643322,-0.010165940955389903,0.0038150125048097006,0.6781653663088917
strength_quartile,Q4,all,author_net_shift,90,60D,all,0,15,0.6666666666666666,0.6666666666666666,0.41713547738519774,0.8482367556028526,0.15545435880274278,0.10472099590343242,0.3157455919025652,-0.16512810739690195,1.9121250578112605,3.8242501156225206,0.18006590216653798,0.09615157046574463,5.018759634498167
strength_quartile,Q4,all,author_net_shift,90,90D,all,0,7,1.0,1.0,0.6456695649333126,1.0,0.6808503137222273,0.16095394576304267,0.6808503137222273,,,,0.656618938678444,0.10428766320945893,
strength_quartile,Q4,all,high_low_divergence,1,1D,all,0,2,0.0,0.0,0.0,0.7934506856227626,-0.012483015449794077,-0.012483015449794077,,-0.012483015449794077,,,-0.005603963193039907,-0.005603963193039907,
strength_quartile,Q4,all,high_low_divergence,1,5D,all,0,1,0.0,,,,-0.015156932210918628,-0.015156932210918628,,-0.015156932210918628,,,,,
strength_quartile,Q4,all,high_low_divergence,3,1D,all,0,10,0.2,0.2,0.05668215145437519,0.5098375284633583,0.00010182842439855344,-0.007820521647749767,0.06597885609518622,-0.016367428493298364,4.031107032005744,1.007776758001436,0.0009639900391251622,-0.005338547207847322,1.0798620874370737
strength_quartile,Q4,all,high_low_divergence,3,20D,all,0,7,0.5714285714285714,0.5,0.1876163064826506,0.8123836935173494,0.08659519126584081,0.011746488220329643,0.2306630901462274,-0.10549534057467465,2.1864765674930737,2.9153020899907647,0.10946338962306006,0.001680991462652881,4.601613628099537
strength_quartile,Q4,all,high_low_divergence,3,5D,all,0,8,0.375,0.375,0.13684428582359742,0.6942576053973727,-0.015439149679339847,-0.027903162707782425,0.08620896630882886,-0.07642801927224108,1.1279759325143242,0.6767855595085945,-0.0023722439015398944,-0.018974273657031637,0.9286865719776156
strength_quartile,Q4,all,high_low_divergence,3,60D,all,0,4,0.75,0.75,0.30064184258240184,0.9544127391902995,0.5223496740661473,0.5201142941415036,0.8118545031650902,-0.3461648132306816,2.345283148764391,7.035849446293172,0.5078498478530106,0.503796531117364,9.781363794935272
strength_quartile,Q4,all,high_low_divergence,3,90D,all,0,1,1.0,1.0,0.20654931437723745,1.0,0.11675699590753241,0.11675699590753241,0.11675699590753241,,,,0.11054940457149276,0.11054940457149276,
strength_quartile,Q4,all,high_low_divergence,30,1D,all,0,24,0.5,0.5,0.3142742581957335,0.6857257418042665,0.0071985368615792855,0.0016685501718228246,0.029182183691753877,-0.014785109968595306,1.9737549300437431,1.9737549300437431,0.006624151180672014,0.0006971246662755837,2.259188075048059
strength_quartile,Q4,all,high_low_divergence,30,20D,all,0,19,0.2631578947368421,0.3888888888888889,0.2030524657216362,0.613809583977621,0.015633716526937833,-0.040741100009700326,0.21822476154383166,-0.05672022812195282,3.8473886436886637,1.3740673727459514,0.014261979356366009,-0.009397988914193023,1.4804905376324333
strength_quartile,Q4,all,high_low_divergence,30,5D,all,0,24,0.5,0.5,0.3142742581957335,0.6857257418042665,0.005917502361019682,-0.0049655625659874025,0.05961065333165503,-0.04777564860961567,1.2477204405689086,1.2477204405689086,0.004969311192916048,-0.00021187541677719635,1.2708571567480793
strength_quartile,Q4,all,high_low_divergence,30,60D,all,0,12,0.75,0.6666666666666666,0.39062208887279953,0.8618799089087867,0.3651665609334305,0.058874791731156395,0.5015736302345128,-0.04405464696981676,11.385260460222435,34.15578138066731,0.3067257948251158,0.05592383352569674,16.334443998839
strength_quartile,Q4,all,high_low_divergence,30,90D,all,0,8,0.875,0.75,0.40927543031016883,0.9285207872478909,0.08930973868355052,0.09353944304137529,0.11496962111760568,-0.09030943835483562,1.2730631837823807,8.911442286476666,0.044440668186991855,0.07090495696244709,2.9140478857010494
strength_quartile,Q4,all,high_low_divergence,7,1D,all,0,17,0.47058823529411764,0.5294117647058824,0.30963235060004424,0.7383489355759056,0.0095658330297828,-0.004298502171408258,0.05348931690695774,-0.029477263749928255,1.814595729126586,1.6129739814458541,0.00840126002079573,0.0003402806942323089,1.5753486413361046
strength_quartile,Q4,all,high_low_divergence,7,20D,all,0,13,0.5384615384615384,0.5,0.2537815976337061,0.7462184023662939,0.08700261175184996,0.001992991313879422,0.20754874123455422,-0.053634539311304984,3.8696844216355095,4.514631825241428,0.08692055471591383,-0.000583798000008573,5.478982421288321
strength_quartile,Q4,all,high_low_divergence,7,5D,all,0,16,0.5,0.5,0.27999563610326017,0.7200043638967398,0.022976268982459254,-0.007087598275559659,0.12494632571229085,-0.07899378774737234,1.5817234402264384,1.5817234402264384,0.026585992859169086,-0.008330623140819282,1.8545356248909022
strength_quartile,Q4,all,high_low_divergence,7,60D,all,0,6,1.0,1.0,0.6096657120978346,1.0,0.761925274379364,0.7963932440611214,0.761925274379364,,,,0.6912329692941404,0.751894100065982,
strength_quartile,Q4,all,high_low_divergence,7,90D,all,0,3,1.0,1.0,0.4385029682449546,1.0,0.7046415003715071,0.17340685256846755,0.7046415003715071,,,,0.6579865266293566,0.12752016257612042,
strength_quartile,Q4,all,high_low_divergence,90,1D,all,0,21,0.8095238095238095,0.7142857142857143,0.5004361928391441,0.8618613704787788,0.007209664565338024,0.006111840029230375,0.012472958008262189,-0.015159332567089678,0.8227907101491061,3.4968605181337016,0.005795472060967495,0.003111647557782815,3.2843884928937457
strength_quartile,Q4,all,high_low_divergence,90,20D,all,0,13,0.6923076923076923,0.6153846153846154,0.355228915126657,0.8229029220223743,0.05910898779049703,0.05535930092033092,0.12174653750659033,-0.0818254990707129,1.487880170475685,3.3477303835702914,0.04362417327524885,0.02978911601494194,2.7969137672253863
strength_quartile,Q4,all,high_low_divergence,90,5D,all,0,20,0.8,0.7,0.4810271816464765,0.8545227551323956,0.023624700912942564,0.020494601296417003,0.041582713034439264,-0.048207347573044235,0.8625803975510733,3.450321590204293,0.018416178874372295,0.01143547038790349,3.5924069461689485
strength_quartile,Q4,all,high_low_divergence,90,60D,all,0,9,0.6666666666666666,0.6666666666666666,0.3542021355803963,0.879416181613089,-0.05342013299188849,0.050863865325610824,0.12602576999152923,-0.4123119389587239,0.3056563685975281,0.6113127371950562,-0.059073282967760016,0.018479549869125922,0.5300183898825175
strength_quartile,Q4,all,high_low_divergence,90,90D,all,0,8,0.75,0.75,0.40927543031016883,0.9285207872478909,-0.17996974581529485,0.07643814121427117,0.1488749153083074,-1.1665037291861016,0.12762489444605643,0.3828746833381693,-0.17384762206515864,0.07354768478353335,0.3679366096681366
strength_quartile,Q4,all,weighted_net,1,1D,all,0,65,0.36923076923076925,0.36923076923076925,0.2622939587407091,0.4907618263744998,-0.008840090070408205,-0.009830693610049401,0.0293398922912599,-0.031189348038213927,0.940702327452051,0.550655020947542,-0.008369651119235705,-0.009382757050231838,0.5493403853433728
strength_quartile,Q4,all,weighted_net,1,20D,all,0,35,0.45714285714285713,0.5,0.34069325645682497,0.659306743543175,0.04840932775327836,-0.010740943018387128,0.24399326073930502,-0.11629293160337567,2.098091925066085,1.7668142526872295,0.03768492837631195,0.0006823529961544894,1.6178971334729593
strength_quartile,Q4,all,weighted_net,1,5D,all,0,48,0.3541666666666667,0.3404255319148936,0.2216744384377161,0.48329075438058056,-0.004294674857186619,-0.041377093303739954,0.14178521702556668,-0.08440300266385777,1.6798598693252482,0.9212134767267488,-0.0030564606194873204,-0.028382546162300515,0.9384249688056713
strength_quartile,Q4,all,weighted_net,1,60D,all,0,9,0.6666666666666666,0.6666666666666666,0.3542021355803963,0.879416181613089,0.5663920996411087,0.09633199619058619,0.8790530374046513,-0.05892977588597673,14.916958773193567,29.833917546387134,0.5263498490049687,0.07819442080112182,60.894736466399365
strength_quartile,Q4,all,weighted_net,1,90D,all,0,6,1.0,0.8333333333333334,0.43649717781352987,0.9699466302516935,0.21716413498487255,0.17292059091117506,0.21716413498487255,,,,0.16634023043073753,0.10244364480960744,30.92026215577432
strength_quartile,Q4,all,weighted_net,3,1D,all,0,126,0.42063492063492064,0.40476190476190477,0.32310457721717,0.4920546160175344,-0.0012628760145358656,-0.003875815639928837,0.027995796776622353,-0.02250547406839046,1.2439549903080334,0.9031454039222708,-0.0013220294812482888,-0.00400031266705364,0.8913724162107367
strength_quartile,Q4,all,weighted_net,3,20D,all,0,89,0.6067415730337079,0.5568181818181818,0.4528179063718238,0.6560653815071655,0.06710938351027075,0.027117269670156707,0.16844899475620292,-0.08924315955488171,1.887528361796874,2.9121866153437486,0.05873923112760973,0.01302748895817607,2.7735409669685547
strength_quartile,Q4,all,weighted_net,3,5D,all,0,104,0.5096153846153846,0.4807692307692308,0.38715349183388725,0.5757550217958225,0.020277255802958784,0.0017741666306561044,0.09729568412022445,-0.05976150303655258,1.6280662161511303,1.6919119501178412,0.017745058621778078,-0.0029119982179361403,1.6638756734817588
strength_quartile,Q4,all,weighted_net,3,60D,all,0,36,0.5277777777777778,0.4166666666666667,0.2714056205144606,0.5779974842512834,0.1973896880514912,0.012468783744984058,0.4649284751265718,-0.10162425044418712,4.574975688326621,5.113208122247399,0.16138582153977413,-0.007699675400658745,3.8497623334410407
strength_quartile,Q4,all,weighted_net,3,90D,all,0,26,0.6153846153846154,0.52,0.3349851695035678,0.6996871404588704,0.33358951452858526,0.03178079700821901,0.5989988787666651,-0.09106546825234257,6.577673076987186,10.524276923179498,0.30198083903920997,0.007647309254481538,6.577929889985118
strength_quartile,Q4,all,weighted_net,30,1D,all,0,129,0.5271317829457365,0.5193798449612403,0.4338555617362693,0.6037832902033867,0.0013225620880757641,0.000638511356380711,0.025775036147547784,-0.02593593358477829,0.9937963506613491,1.1078385548356022,0.001660547046508115,0.0010454974987581522,1.145163391975777
strength_quartile,Q4,all,weighted_net,30,20D,all,0,105,0.580952380952381,0.5333333333333333,0.43842486491800464,0.6258888632867213,0.020494840619749485,0.02639189568838729,0.12920871514344734,-0.13022212178810436,0.9922178610612257,1.37557476192579,0.0028356610459111817,0.004758211272440471,1.047928578262517
strength_quartile,Q4,all,weighted_net,30,5D,all,0,119,0.5042016806722689,0.46218487394957986,0.3751937215788054,0.5515411113806692,0.006906966658865015,0.0006279849944637039,0.08411808084712775,-0.07161281048174115,1.1746233708922098,1.194532241585298,0.0018068795035335082,-0.005849416655646866,1.0520625967307593
strength_quartile,Q4,all,weighted_net,30,60D,all,0,52,0.5769230769230769,0.46153846153846156,0.3334047468175682,0.5949638867304212,0.08494985496219787,0.04143885873461972,0.2824829416995025,-0.1844134451341266,1.5317914672330344,2.0888065462268655,0.03698625431474229,-0.012113162059171623,1.372081784728497
strength_quartile,Q4,all,weighted_net,30,90D,all,0,32,0.59375,0.53125,0.3644951711897464,0.6913061289193116,0.13697089726002037,0.06866943074557152,0.4328190869499564,-0.29542261074834764,1.4650844965913878,2.1412773411720285,0.10222567358621677,0.017178152122591994,1.7467579672882896
strength_quartile,Q4,all,weighted_net,7,1D,all,0,149,0.42953020134228187,0.436241610738255,0.35920694248336404,0.51648123697657,-0.003907780149593306,-0.004317403602798975,0.02741475294029533,-0.027819088457956,0.9854655367924166,0.7508308851751745,-0.003662674674088609,-0.0024024980942879415,0.747538781486151
strength_quartile,Q4,all,weighted_net,7,20D,all,0,117,0.5726495726495726,0.5641025641025641,0.4736292927903717,0.6505002910990215,0.054278092672137145,0.02639189568838729,0.18250561535785587,-0.11754678772672598,1.5526210361626116,2.0805121884579,0.04149674462768775,0.012308906288736932,1.8712406757673368
strength_quartile,Q4,all,weighted_net,7,5D,all,0,129,0.5658914728682171,0.5271317829457365,0.4414429365569314,0.611251456158587,0.01861689967817772,0.013338763873332549,0.08228420477400951,-0.06437798017888871,1.278142068846589,1.6661494826035892,0.013811309891003178,0.005759193259939677,1.5257813435467795
strength_quartile,Q4,all,weighted_net,7,60D,all,0,68,0.6617647058823529,0.5294117647058824,0.4124092208872794,0.6432689357880106,0.2365318207273016,0.07318782633773147,0.410836788829439,-0.10449963860296717,3.9314661210490893,7.691998932487349,0.18257589698463925,0.022560419232110718,4.5608429288647425
strength_quartile,Q4,all,weighted_net,7,90D,all,0,49,0.673469387755102,0.5510204081632653,0.413151082194979,0.6814715893131335,0.3211192780570039,0.08063687724704671,0.5256690806130611,-0.10076468971486396,5.216798484673136,10.759646874638342,0.27521667241163233,0.010286341855988201,6.4217225685250146
strength_quartile,Q4,all,weighted_net,90,1D,all,0,116,0.5086206896551724,0.49137931034482757,0.4021496603059669,0.5811616242888545,0.0002155440818458878,0.0005041973188282256,0.024831763162866085,-0.02618310751118138,0.9483886949729626,1.0173624182437235,0.0008411440098906052,-0.0008241205908678939,1.0703582363273578
strength_quartile,Q4,all,weighted_net,90,20D,all,0,101,0.5841584158415841,0.5445544554455446,0.44757998088881473,0.6382639219072378,0.013073341762061555,0.02012979554330352,0.1301681533323515,-0.15141698877715526,0.8596667678018859,1.2076271261978873,-0.0034825039393565826,0.012668312849499985,0.9491019404973552
strength_quartile,Q4,all,weighted_net,90,5D,all,0,109,0.5321100917431193,0.5412844036697247,0.4479295400173967,0.6318283795811176,0.0006050371121142903,0.005898366606170713,0.0614747331040141,-0.06861932303553647,0.8958807867016941,1.0188448162489854,-0.001752975473979137,0.0037313652790906815,0.944770750509142
strength_quartile,Q4,all,weighted_net,90,60D,all,0,58,0.603448275862069,0.5172413793103449,0.3916226178340948,0.6407181457594501,0.0853722112222805,0.06312982795891098,0.2777884841468628,-0.2074351606194752,1.3391581413550506,2.0378493455402946,0.03812108262801089,0.017773650895526405,1.3672380847780603
strength_quartile,Q4,all,weighted_net,90,90D,all,0,37,0.5945945945945946,0.5135135135135135,0.358948966656188,0.6655359569698336,0.08002741055979909,0.05415019762845841,0.31251554294543915,-0.26095518360580633,1.1975831965749293,1.7564553549765631,0.03899603127789451,0.005969895833580097,1.3125476897567716
ticker,AAOI,all,author_net,7,1D,all,0,7,0.5714285714285714,0.5714285714285714,0.2504583645276572,0.8417801447485302,0.04062158258610165,0.030239059736406615,0.11071176284470946,-0.0528319910920421,2.095544017105681,2.7940586894742414,0.03911119987793061,0.02746809391626992,2.731605477527904
ticker,AAOI,all,author_net,7,20D,all,0,5,0.8,0.8,0.37553462976252533,0.9637758913675698,0.18841512751038295,0.11824610075447439,0.3341251340158542,-0.3944248985115021,0.8471197819326067,3.388479127730427,0.15053642751494561,0.07671756953037112,2.8712229326142515
ticker,AAOI,all,author_net,7,5D,all,0,7,0.42857142857142855,0.42857142857142855,0.15821985525146975,0.7495416354723428,0.05166201082317815,-0.050000000000000044,0.24088655391301858,-0.09025639649420217,2.6689139304214575,2.0016854478160933,0.0399508183158165,-0.05979817663972975,1.7683348791008937
ticker,AAOI,all,weighted_net,3,1D,all,0,6,0.5,0.5,0.1876163064826506,0.8123836935173494,-0.019116001426822866,-0.01012749743040664,0.04548569409754485,-0.08371769695119058,0.5433223291374594,0.5433223291374594,-0.02064528571141298,-0.015361506850552042,0.495485044734052
ticker,AAOI,all,weighted_net,7,1D,all,0,10,0.4,0.4,0.16818032970623614,0.6873262302663417,2.1488090803456485e-05,-0.037058278309352655,0.10246598625943315,-0.06827484402161633,1.5007868231378403,1.0005245487585601,-0.002312863410175192,-0.03714771738616457,0.9426988568284476
ticker,AAOI,all,weighted_net,7,20D,all,0,6,0.8333333333333334,0.6666666666666666,0.299993315138392,0.9032285888942195,0.17208795901475135,0.0838331306626966,0.26785218423416046,-0.30673316708229426,0.8732416738040516,4.366208369020258,0.12973497894535838,0.07510692323262708,3.0674181792055926
ticker,AAOI,all,weighted_net,7,5D,all,0,8,0.5,0.5,0.21521606221387757,0.7847839377861224,0.04153767211002399,-0.007931285313123815,0.1989945458124654,-0.11591920159241742,1.7166659455794782,1.7166659455794782,0.028458963800900294,-0.01739801832042953,1.5163062712493485
ticker,AAPL,all,author_net,3,1D,all,0,9,0.5555555555555556,0.5555555555555556,0.26665129349549305,0.8112214789023355,0.0005700337581676527,0.0017411491584444772,0.005164890610453466,-0.005173537307189613,0.9983286683321814,1.2479108354152266,0.002174844261851944,0.00228068424012684,3.2133813632275565
ticker,AAPL,all,author_net,3,20D,all,0,8,0.75,0.75,0.40927543031016883,0.9285207872478909,0.03743665447996872,0.0413492783532563,0.066680617124166,-0.0502952334526231,1.3257840265713754,3.977352079714126,0.029524827533873713,0.02970381729448157,5.583902423819126
ticker,AAPL,all,author_net,3,5D,all,0,8,0.625,0.5,0.21521606221387757,0.7847839377861224,0.002561603777330987,0.008987855338725703,0.022526907103453776,-0.030713901766206992,0.7334433532713526,1.2224055887855876,0.001432418846751729,0.002411003384750643,1.1644941837553808
ticker,AAPL,all,author_net,3,60D,all,0,6,0.8333333333333334,0.6666666666666666,0.299993315138392,0.9032285888942195,0.06122971946725649,0.05358708673829249,0.07627847380824102,-0.014014052237666164,5.442999106512827,27.21499553256414,0.027861106060071323,0.03706704202209804,4.038817558155066
ticker,AAPL,all,author_net,3,90D,all,0,5,1.0,0.6,0.2307242812760128,0.882379225767352,0.09615203634480056,0.08412608909180208,0.09615203634480056,,,,0.04402064436338633,0.009602742088420602,7.254872326373237
ticker,AAPL,all,author_net,30,1D,all,0,5,0.4,0.2,0.03622410863243014,0.6244653702374747,-0.0016172426239785987,-0.005066193328895796,0.004158392277989531,-0.005467665891957352,0.7605424984189884,0.5070283322793256,-0.0029709271950352665,-0.0022804652955565885,0.2989077381304572
ticker,AAPL,all,author_net,30,20D,all,0,5,0.8,0.8,0.37553462976252533,0.9637758913675698,0.0537897751980144,0.04689002292729838,0.07073098192193933,-0.013975051697685315,5.061232219531216,20.244928878124863,0.04463267753459821,0.054765531553897184,37.85812631301456
ticker,AAPL,all,author_net,30,5D,all,0,5,0.6,0.8,0.37553462976252533,0.9637758913675698,0.016620309832772007,0.0081048629177507,0.03477311514617002,-0.010608898137325018,3.27773107970833,4.916596619562495,0.017905496173698344,0.011332187600060939,6.80379375210559
ticker,AAPL,all,author_net,7,1D,all,0,19,0.3684210526315789,0.2631578947368421,0.11806412346782508,0.487915508978151,-0.0035258504416252803,-0.004383651345107875,0.0033706497405197994,-0.00754880888120991,0.44651411812926406,0.2604665689087374,-0.0024853461550930693,-0.002357867196503438,0.3864634239367712
ticker,AAPL,all,author_net,7,20D,all,0,16,0.75,0.5625,0.331785563988119,0.7690134759450765,0.022151151899560843,0.019209606974621485,0.044409960679892814,-0.044625274441435075,0.995175071431217,2.9855252142936513,0.01142697057533363,0.013845896417471026,2.1831557542312257
ticker,AAPL,all,author_net,7,5D,all,0,18,0.6111111111111112,0.5555555555555556,0.33716415642042774,0.7544048187299437,0.010253711858637271,0.00687551803353037,0.028827552002765676,-0.01893375122499308,1.5225483666814268,2.3925760047850995,0.0053532016034957275,0.006855981581151416,1.705019792927994
ticker,AAPL,all,author_net,7,60D,all,0,11,0.45454545454545453,0.45454545454545453,0.21271271622459764,0.719908462590678,0.025524777675856782,-0.0010032412409324287,0.08962945894964562,-0.027895790052300584,3.213010234935211,2.677508529112676,-0.0008010802851255792,-0.010018173681177522,0.9653823545789713
ticker,AAPL,all,author_net,7,90D,all,0,10,0.6,0.4,0.16818032970623614,0.6873262302663417,0.02989967368459968,0.01246678613899177,0.0908264006636758,-0.061490416784014484,1.477082209130313,2.2156233136954695,0.006502816877876893,-0.017594541529559415,1.3207463342187191
ticker,AAPL,all,author_net_shift,30,1D,all,0,9,0.5555555555555556,0.6666666666666666,0.3542021355803963,0.879416181613089,0.005766747598537754,0.003505864354921062,0.012375980875360381,-0.0024947939974905298,4.960722563790504,6.200903204738131,0.006294144747645102,0.006781967766071428,5.299077054982522
ticker,AAPL,all,author_net_shift,30,20D,all,0,6,0.5,0.5,0.1876163064826506,0.8123836935173494,0.004304498950211473,0.004181567544800813,0.061762302346190366,-0.053153304445767414,1.1619654316921493,1.161965431692149,0.006602348846462362,-0.012719963942456392,1.4090491756298624
ticker,AAPL,all,author_net_shift,30,5D,all,0,7,0.42857142857142855,0.5714285714285714,0.2504583645276572,0.8417801447485302,-0.01746479707385448,-0.019254537175567465,0.018830519149373726,-0.04468628424127563,0.421393711047929,0.3160452832859467,-0.01003089440207334,0.003545346364352886,0.34475222594549965
ticker,AAPL,all,weighted_net,3,1D,all,0,9,0.5555555555555556,0.5555555555555556,0.26665129349549305,0.8112214789023355,0.0005700337581676527,0.0017411491584444772,0.005164890610453466,-0.005173537307189613,0.9983286683321814,1.2479108354152266,0.002174844261851944,0.00228068424012684,3.2133813632275565
ticker,AAPL,all,weighted_net,3,20D,all,0,8,0.75,0.75,0.40927543031016883,0.9285207872478909,0.03743665447996872,0.0413492783532563,0.066680617124166,-0.0502952334526231,1.3257840265713754,3.977352079714126,0.029524827533873713,0.02970381729448157,5.583902423819126
ticker,AAPL,all,weighted_net,3,5D,all,0,8,0.625,0.5,0.21521606221387757,0.7847839377861224,0.002561603777330987,0.008987855338725703,0.022526907103453776,-0.030713901766206992,0.7334433532713526,1.2224055887855876,0.001432418846751729,0.002411003384750643,1.1644941837553808
ticker,AAPL,all,weighted_net,3,60D,all,0,6,0.8333333333333334,0.6666666666666666,0.299993315138392,0.9032285888942195,0.06122971946725649,0.05358708673829249,0.07627847380824102,-0.014014052237666164,5.442999106512827,27.21499553256414,0.027861106060071323,0.03706704202209804,4.038817558155066
ticker,AAPL,all,weighted_net,3,90D,all,0,5,1.0,0.6,0.2307242812760128,0.882379225767352,0.09615203634480056,0.08412608909180208,0.09615203634480056,,,,0.04402064436338633,0.009602742088420602,7.254872326373237
ticker,AAPL,all,weighted_net,7,1D,all,0,18,0.3888888888888889,0.3333333333333333,0.1627877475083369,0.5625053270405489,-0.0034650894573250127,-0.004178516459477366,0.0032634582489774466,-0.00774689254315385,0.4212602964089721,0.2680747340784368,-0.0008701294179736899,-0.0023191662460300133,0.7554637877011302
ticker,AAPL,all,weighted_net,7,20D,all,0,15,0.7333333333333333,0.6,0.357468301206246,0.8017550385865841,0.020820679085500116,0.021307469069802965,0.04912257154968094,-0.05700952519099717,0.8616555108134506,2.369552654736989,0.009057451103250468,0.018005977010847607,1.6512261708237304
ticker,AAPL,all,weighted_net,7,5D,all,0,17,0.5294117647058824,0.47058823529411764,0.26165106442409436,0.6903676493999558,0.006484266605797654,0.0014703037337975289,0.029257305579044775,-0.019135402239105356,1.5289621411382806,1.7200824087805657,0.0029878166428567313,-0.001087653486011142,1.3622396680824
ticker,AAPL,all,weighted_net,7,60D,all,0,13,0.46153846153846156,0.38461538461538464,0.17709707797762575,0.6447710848733431,0.01732391423296864,-0.0010032412409324287,0.07568042778136726,-0.03269595452280161,2.3146725301623783,1.9840050258534674,-0.005113431169935106,-0.013370831804462524,0.7870847747795369
ticker,AAPL,all,weighted_net,7,90D,all,0,12,0.5,0.3333333333333333,0.13812009109121315,0.6093779111272004,0.017992225014384283,-0.00262013047846843,0.0908264006636758,-0.05484195063490723,1.6561482516973831,1.6561482516973831,-0.0021081889642270333,-0.026823871818658696,0.9136774154318257
ticker,AMD,all,author_net,1,1D,all,0,5,0.8,0.8,0.37553462976252533,0.9637758913675698,0.01533104999290955,0.019138755980861122,0.024049931296923344,-0.01954447522314562,1.2305232564362802,4.922093025745121,0.013442695927127036,0.011176996552660023,5.944598918641559
ticker,AMD,all,author_net,1,20D,all,0,5,0.8,0.8,0.37553462976252533,0.9637758913675698,0.1775393424662418,0.0724305813425754,0.2658607739584563,-0.17574638350261618,1.5127524598792024,6.0510098395168095,0.17665671056382198,0.10225157290085174,6.20878026329051
ticker,AMD,all,author_net,1,5D,all,0,5,0.8,0.8,0.37553462976252533,0.9637758913675698,0.09666296725772743,0.052378594710566384,0.12428169460616978,-0.013811942136041977,8.99813316491236,35.99253265964944,0.09337601950370364,0.044128129245117775,103.14350716198213
ticker,AMD,all,author_net,3,1D,all,0,17,0.5882352941176471,0.5882352941176471,0.3600544264299978,0.7838894320978518,0.004120759111258924,0.00849471608434027,0.02686369499511019,-0.028369149294242883,0.946933399957883,1.3527619999398328,0.0026008581518300157,0.00962361592013683,1.238115268321721
ticker,AMD,all,author_net,3,20D,all,0,15,0.7333333333333333,0.7333333333333333,0.4804956594401943,0.8910254667430761,0.11970355220797145,0.0666335773669191,0.2061688812292937,-0.1180761026006647,1.7460678044782711,4.801686462315246,0.11900875268933066,0.05822471877987612,5.61991606128885
ticker,AMD,all,author_net,3,5D,all,0,17,0.6470588235294118,0.6470588235294118,0.41300363485218694,0.8269027960275627,0.044140164867446374,0.03569803306871622,0.09621919348369086,-0.051338054262335196,1.8742275075719663,3.4360837638819386,0.043050456730732975,0.041005413019655546,4.200759926264155
ticker,AMD,all,author_net,3,60D,all,0,7,0.7142857142857143,0.5714285714285714,0.2504583645276572,0.8417801447485302,0.4079686469045797,0.08771693495880206,0.5820665145541425,-0.02727602221932729,21.339860697932004,53.34965174483001,0.3793294972359698,0.12858253587059232,29.500341996424805
ticker,AMD,all,author_net,3,90D,all,0,6,0.6666666666666666,0.6666666666666666,0.299993315138392,0.9032285888942195,0.2639212565091183,0.0696734536922346,0.5033379694399533,-0.21491216935255192,2.342063601871955,4.68412720374391,0.2561494702909041,0.09210418977421514,4.785682115381398
ticker,AMD,all,author_net,30,1D,all,0,8,0.75,0.75,0.40927543031016883,0.9285207872478909,0.009679057098014365,0.013379236127420202,0.016921444728724738,-0.012048105794116748,1.4044900516218664,4.213470154865599,0.0050655078013057825,0.006980987413467532,3.283124411189016
ticker,AMD,all,author_net,30,20D,all,0,8,0.375,0.375,0.13684428582359742,0.6942576053973727,0.1272132129014802,-0.05487529253203682,0.5021933513500945,-0.0977748701676884,5.136221101483538,3.081732660890123,0.1112151712264659,-0.04517858422562204,2.865726907787255
ticker,AMD,all,author_net,30,5D,all,0,8,0.625,0.625,0.30574239460262737,0.8631557141764026,0.027529504058212168,0.01063772965711518,0.10092386833778075,-0.09479443640773548,1.0646602497184643,1.774433749530774,0.02623956790806886,0.017254339844125555,1.8497776592313415
ticker,AMD,all,author_net,30,60D,all,0,8,0.5,0.375,0.13684428582359742,0.6942576053973727,0.23278099022198873,-0.011056367371211517,0.5828395090720846,-0.1172775286281072,4.9697458318745555,4.9697458318745555,0.20307260142204875,-0.022932557191230885,4.151288531086822
ticker,AMD,all,author_net,30,90D,all,0,7,0.5714285714285714,0.5714285714285714,0.2504583645276572,0.8417801447485302,0.23995640927112225,0.09954088596600075,0.554359591121167,-0.17924783319560392,3.092698981282652,4.123598641710203,0.23207422433748223,0.11361443935128102,4.592926358297796
ticker,AMD,all,author_net,7,1D,all,0,18,0.6111111111111112,0.6111111111111112,0.3861904160223791,0.7969475342783638,-0.0019421777367047174,0.008057216179159776,0.021239767711882993,-0.03837094915591398,0.5535377200490591,0.8698449886485216,-0.0022734983432759915,0.006497964490954078,0.8319021372170685
ticker,AMD,all,author_net,7,20D,all,0,15,0.6666666666666666,0.6666666666666666,0.41713547738519774,0.8482367556028526,0.13351223474668722,0.0666335773669191,0.2397065675896422,-0.0788764309392227,3.0390138693565545,6.078027738713108,0.12896589696073113,0.06422466207918953,7.499392772962026
ticker,AMD,all,author_net,7,5D,all,0,17,0.6470588235294118,0.6470588235294118,0.41300363485218694,0.8269027960275627,0.04256906342199642,0.03880726850956884,0.09619240495303596,-0.05574039605157608,1.725721590927162,3.1638229166997967,0.04290082927598446,0.04219109545082533,3.5478254694337004
ticker,AMD,all,author_net,7,60D,all,0,12,0.5833333333333334,0.5833333333333334,0.31951131254954973,0.8067396863412435,0.34840598678155293,0.05708989417236621,0.6679653631367468,-0.09897714011571848,6.748683204584406,9.448156486418169,0.32659622134763117,0.07091476511284289,9.031627146036708
ticker,AMD,all,author_net,7,90D,all,0,10,0.6,0.6,0.31267376973365824,0.8318196702937638,0.10173627956192606,0.0696734536922346,0.4578445640208353,-0.4324261471264378,1.058780943435794,1.588171415153691,0.1013976054358294,0.0856574428322151,1.6361603547086667
ticker,AMD,all,author_net,90,1D,all,0,5,0.8,0.8,0.37553462976252533,0.9637758913675698,0.014671888871716044,0.019138755980861122,0.019430005413176743,-0.004360577294126755,4.455833276788131,17.823333107152525,0.0101086796204646,0.011176996552660023,12.552427428208178
ticker,AMD,all,author_net,90,20D,all,0,5,0.4,0.4,0.11762077423264783,0.769275718723987,0.07894045119335794,-0.01820354877263941,0.33493861183638307,-0.0917249892353255,3.6515524790859297,2.4343683193906203,0.06912021542858857,-0.019592839655418026,2.3326056844824183
ticker,AMD,all,author_net,90,5D,all,0,5,1.0,1.0,0.5655175352168251,1.0,0.11043785990682453,0.06832113165405151,0.11043785990682453,,,,0.10905229533951069,0.04902795007380534,
ticker,AMD,all,author_net,90,60D,all,0,5,0.6,0.4,0.11762077423264783,0.769275718723987,0.047108998160521456,0.0020838156980782507,0.15491016456233106,-0.11459275144219294,1.3518321413241963,2.027748211986294,0.03737887077115076,-0.00108917025636468,1.7433476044050884
ticker,AMD,all,author_net,90,90D,all,0,5,0.6,0.6,0.2307242812760128,0.882379225767352,0.24088383778258673,0.09954088596600075,0.5302717964483971,-0.19319810021612882,2.7447050248174656,4.117057537226199,0.2296222580602829,0.11361443935128102,4.465573596581782
ticker,AMD,all,author_net_shift,30,1D,all,0,9,0.7777777777777778,0.6666666666666666,0.3542021355803963,0.879416181613089,0.010678806700067687,0.023104603548827374,0.025593749735011828,-0.04152349392223681,0.6163679237335511,2.1572877330674287,0.006896275739360112,0.013762593793844813,1.7364944956134245
ticker,AMD,all,author_net_shift,30,20D,all,0,7,0.8571428571428571,0.8571428571428571,0.4868721707256811,0.9743203756552565,0.11380341614560041,0.0666335773669191,0.15312937664337237,-0.12215234684103127,1.2535934069498846,7.521560441699307,0.10742421301982243,0.058765229514661343,6.12345994002315
ticker,AMD,all,author_net_shift,30,5D,all,0,8,0.75,0.75,0.40927543031016883,0.9285207872478909,0.025618575602638485,0.02223414991104522,0.06914903010311292,-0.10497278789878484,0.6587329105690389,1.9761987317071168,0.021061686643975425,0.02055416012149408,2.006970197034661
ticker,AMD,all,author_net_shift,30,60D,all,0,5,0.2,0.2,0.03622410863243014,0.6244653702374747,0.1560707777869224,-0.02512218963831858,1.1192814131874171,-0.08473188106320126,13.209684467556531,3.302421116889133,0.13825990298100652,-0.04477594412609709,3.0057246411215734
ticker,AMD,all,author_net_shift,30,90D,all,0,5,0.6,0.6,0.2307242812760128,0.882379225767352,0.2793435102755078,0.09954088596600075,0.9116739749948003,-0.6691521868034308,1.3624314363372354,2.043647154505853,0.2795383662393547,0.11361443935128102,2.1698446490556633
ticker,AMD,all,author_net_shift,90,1D,all,0,5,0.4,0.6,0.2307242812760128,0.882379225767352,-0.008997269360482197,-0.001881228391295564,0.0245199791834273,-0.031342101723088524,0.7823335971551765,0.5215557314367842,-0.006505259128698193,0.0004983429884096724,0.5943895039168153
ticker,AMD,all,author_net_shift,90,5D,all,0,5,0.6,0.6,0.2307242812760128,0.882379225767352,0.022293739656952073,0.030506406345332415,0.08080822429120842,-0.06547798729443244,1.2341281036608696,1.8511921554913042,0.027309133826666797,0.05580422457582368,2.5400835566603526
ticker,AMD,all,high_low_divergence,90,1D,all,0,5,0.8,0.8,0.37553462976252533,0.9637758913675698,0.0007238372261115123,0.007297573672957136,0.014358587027623743,-0.05381516197993741,0.26681304114585225,1.067252164583409,-0.0002449974749649808,0.0032253382603374403,0.9754822054432055
ticker,AMD,all,high_low_divergence,90,20D,all,0,5,0.8,0.8,0.37553462976252533,0.9637758913675698,0.052425531535116844,0.10541029435948046,0.11766130701838406,-0.20851757039795205,0.5642752636807995,2.257101054723198,0.05525865915414481,0.11861068548218034,2.4355952682718556
ticker,AMD,all,high_low_divergence,90,5D,all,0,5,0.8,0.8,0.37553462976252533,0.9637758913675698,0.044867885727840215,0.04727988194786026,0.057911713105809115,-0.007307423784035372,7.92505194954337,31.70020779817348,0.043089270117233444,0.03649155973281115,11.052096076420128
ticker,AMD,all,high_low_divergence,90,60D,all,0,5,0.4,0.6,0.2307242812760128,0.882379225767352,-0.21027564220677258,-0.012456832757770098,0.06062600946030161,-0.3908767433181554,0.15510262633086583,0.10340175088724388,-0.18029249841085115,0.017158668758445184,0.17135264744523823
ticker,AMD,all,high_low_divergence,90,90D,all,0,5,0.6,0.6,0.2307242812760128,0.882379225767352,-0.39770045571869606,0.03504770770304866,0.11483505992624092,-1.1665037291861016,0.09844380009514772,0.14766570014272157,-0.372837935710624,0.04874206045530127,0.15278820436904922
ticker,AMD,all,weighted_net,1,1D,all,0,5,0.8,0.8,0.37553462976252533,0.9637758913675698,0.01533104999290955,0.019138755980861122,0.024049931296923344,-0.01954447522314562,1.2305232564362802,4.922093025745121,0.013442695927127036,0.011176996552660023,5.944598918641559
ticker,AMD,all,weighted_net,1,20D,all,0,5,0.8,0.8,0.37553462976252533,0.9637758913675698,0.1775393424662418,0.0724305813425754,0.2658607739584563,-0.17574638350261618,1.5127524598792024,6.0510098395168095,0.17665671056382198,0.10225157290085174,6.20878026329051
ticker,AMD,all,weighted_net,1,5D,all,0,5,0.8,0.8,0.37553462976252533,0.9637758913675698,0.09666296725772743,0.052378594710566384,0.12428169460616978,-0.013811942136041977,8.99813316491236,35.99253265964944,0.09337601950370364,0.044128129245117775,103.14350716198213
ticker,AMD,all,weighted_net,3,1D,all,0,18,0.5555555555555556,0.5555555555555556,0.33716415642042774,0.7544048187299437,0.00145187667976847,0.006004507824041161,0.025837319710893848,-0.02902992710913825,0.8900235820006792,1.112529477500849,6.718067376176862e-06,0.007283457320044429,1.0005482490573598
ticker,AMD,all,weighted_net,3,20D,all,0,15,0.7333333333333333,0.7333333333333333,0.4804956594401943,0.8910254667430761,0.11970355220797145,0.0666335773669191,0.2061688812292937,-0.1180761026006647,1.7460678044782711,4.801686462315246,0.11900875268933066,0.05822471877987612,5.61991606128885
ticker,AMD,all,weighted_net,3,5D,all,0,17,0.6470588235294118,0.6470588235294118,0.41300363485218694,0.8269027960275627,0.040735880393219556,0.004608294930875667,0.09095802656897668,-0.051338054262335196,1.771746667767835,3.248202224241031,0.04128138429088997,0.01986280049455247,4.069231097022593
ticker,AMD,all,weighted_net,3,60D,all,0,7,0.7142857142857143,0.5714285714285714,0.2504583645276572,0.8417801447485302,0.4079686469045797,0.08771693495880206,0.5820665145541425,-0.02727602221932729,21.339860697932004,53.34965174483001,0.3793294972359698,0.12858253587059232,29.500341996424805
ticker,AMD,all,weighted_net,3,90D,all,0,6,0.6666666666666666,0.6666666666666666,0.299993315138392,0.9032285888942195,0.2639212565091183,0.0696734536922346,0.5033379694399533,-0.21491216935255192,2.342063601871955,4.68412720374391,0.2561494702909041,0.09210418977421514,4.785682115381398
ticker,AMD,all,weighted_net,30,1D,all,0,6,0.3333333333333333,0.3333333333333333,0.09677141110578041,0.700006684861608,-0.02679381138787836,-0.03693061060881242,0.021495112523247872,-0.050938273343441476,0.42198353246725157,0.21099176623362578,-0.024873236412055705,-0.033417392665611834,0.21758020207481452
ticker,AMD,all,weighted_net,30,20D,all,0,6,0.3333333333333333,0.5,0.1876163064826506,0.8123836935173494,-0.011659865672825601,-0.010013354077807346,0.08501286646042888,-0.05999623173945284,1.4169700995491918,0.7084850497745959,0.0014903221885465185,-0.0036263257704064467,1.0517543896105301
ticker,AMD,all,weighted_net,30,5D,all,0,6,0.5,0.5,0.1876163064826506,0.8123836935173494,-0.005171679345501112,0.0002463734121855854,0.04163286908346131,-0.051976227774463535,0.8009982806777673,0.8009982806777673,-0.002908034144407693,0.0026151872605758575,0.8493034797422475
ticker,AMD,all,weighted_net,30,60D,all,0,6,0.6666666666666666,0.6666666666666666,0.299993315138392,0.9032285888942195,0.11655905183774296,0.0370654418887571,0.23699535737412888,-0.1243135592350289,1.9064320805589858,3.8128641611179717,0.11950357462076235,0.03818426949241466,4.3234396573493
ticker,AMD,all,weighted_net,30,90D,all,0,6,0.5,0.5,0.1876163064826506,0.8123836935173494,0.08653077010015599,-0.05295496708153141,0.6774299773428649,-0.5043684371425529,1.3431252383292942,1.343125238329294,0.08744555070925554,-0.037082228652400684,1.3730946614727746
ticker,AMD,all,weighted_net,7,1D,all,0,15,0.6666666666666666,0.6666666666666666,0.41713547738519774,0.8482367556028526,0.006119129493425287,0.010993013476374935,0.02807509268098175,-0.03779279688168764,0.7428688797199191,1.4857377594398382,0.004396019120771167,0.011403779564935879,1.3712465597573296
ticker,AMD,all,weighted_net,7,20D,all,0,14,0.7857142857142857,0.7857142857142857,0.524107694133997,0.9242861328730683,0.15347970631878136,0.08291808369748133,0.22077904204605028,-0.09328452468120463,2.3667274159411975,8.678000525117724,0.14649305404093788,0.08323811749002064,11.714815809332276
ticker,AMD,all,weighted_net,7,5D,all,0,14,0.7857142857142857,0.7857142857142857,0.524107694133997,0.9242861328730683,0.06615111969079923,0.07651822487711146,0.10403731095219211,-0.07276491493430799,1.4297730031859004,5.242501011681634,0.06466854807393792,0.056595213260108856,6.209749483907052
ticker,AMD,all,weighted_net,7,60D,all,0,11,0.6363636363636364,0.6363636363636364,0.35380117450784887,0.8483352890463243,0.39628565420055784,0.08771693495880206,0.6679653631367468,-0.0791538364377729,8.438824865575155,14.767943514756523,0.37238829593704637,0.12858253587059232,14.177704722529809
ticker,AMD,all,weighted_net,7,90D,all,0,9,0.6666666666666666,0.6666666666666666,0.3542021355803963,0.879416181613089,0.1343744624948049,0.09954088596600075,0.4578445640208353,-0.5125657405572558,0.893240667086083,1.7864813341721657,0.1282002278412349,0.10072094546728094,1.793496043877361
ticker,AMD,all,weighted_net,90,1D,all,0,10,0.4,0.4,0.16818032970623614,0.6873262302663417,-0.015411299421812675,-0.018327823053628622,0.01624830552013662,-0.036517702716445534,0.4449432552289027,0.29662883681926844,-0.014848153163688715,-0.013483784551552191,0.25873003761437585
ticker,AMD,all,weighted_net,90,20D,all,0,10,0.5,0.5,0.236593090512564,0.7634069094874361,-0.008869974327785413,-0.00226802716054314,0.10745576108809107,-0.1251957097436619,0.8583022637765035,0.8583022637765035,-0.004199712207448714,-0.0006502706349352794,0.9234290325424344
ticker,AMD,all,weighted_net,90,5D,all,0,10,0.5,0.6,0.31267376973365824,0.8318196702937638,-0.0010190292076914132,0.00940954531765481,0.059993596815457594,-0.06203165523084042,0.9671448648629715,0.9671448648629715,0.0030444636080265266,0.025851234201155815,1.1120246033337675
ticker,AMD,all,weighted_net,90,60D,all,0,10,0.4,0.5,0.236593090512564,0.7634069094874361,0.005595997910481187,-0.01832669159913569,0.35514756705741957,-0.22743838152081108,1.5615111428539727,1.0410074285693152,0.010696682537139368,-0.013482606700252364,1.0802397029516564
ticker,AMD,all,weighted_net,90,90D,all,0,10,0.6,0.6,0.31267376973365824,0.8318196702937638,0.021613102248091254,0.0696734536922346,0.4870619932910631,-0.6765602343163664,0.7199092831449329,1.0798639247173991,0.029020745828097515,0.0856574428322151,1.1148694241756838
ticker,AMZN,all,author_net,3,1D,all,0,9,0.5555555555555556,0.3333333333333333,0.1205838183869109,0.6457978644196036,0.0017672605409459414,0.005564056196967537,0.014912629599723481,-0.014664450782525984,1.0169238398954037,1.2711547998692547,-0.0012775632029841234,-0.001927678406716038,0.8042765350484071
ticker,AMZN,all,author_net,3,20D,all,0,8,0.625,0.375,0.13684428582359742,0.6942576053973727,0.009801728605116175,0.015564870467699055,0.07585041707637256,-0.10027941884697782,0.7563906726675104,1.2606511211125173,-0.015802428187333933,-0.027267213589456385,0.6084631462387737
ticker,AMZN,all,author_net,3,5D,all,0,8,0.625,0.5,0.21521606221387757,0.7847839377861224,0.011805490427980653,0.012855714829987597,0.0309665284270483,-0.02012957290379876,1.5383599331709834,2.563933221951639,0.004374381323813223,0.0013637069466285734,1.5825409145787106
ticker,AMZN,all,author_net,3,60D,all,0,5,0.4,0.2,0.03622410863243014,0.6244653702374747,-0.0257330575304743,-0.053375626566416146,0.080141427632626,-0.09631604763920783,0.8320672369450762,0.5547114912967175,-0.04594436355464411,-0.04524237092572647,0.08905259558544754
ticker,AMZN,all,author_net,30,1D,all,0,6,0.6666666666666666,0.8333333333333334,0.43649717781352987,0.9699466302516935,0.0028192334988832446,0.0060326999593425246,0.009615836160027036,-0.010773971823404338,0.8925061544284458,1.7850123088568917,0.004768640329460209,0.006519536968669637,4.841065759782526
ticker,AMZN,all,author_net,30,20D,all,0,5,0.8,0.8,0.37553462976252533,0.9637758913675698,0.06826738183126016,0.04939239513916105,0.087646391474753,-0.009248656742711248,9.476661737265365,37.90664694906146,0.041801309119199104,0.0394576562989295,14.554998317564907
ticker,AMZN,all,author_net,30,5D,all,0,5,0.6,0.6,0.2307242812760128,0.882379225767352,-0.010986844272146423,0.0006750241080037966,0.020595391686791958,-0.05836019821055399,0.3529013320428963,0.5293519980643444,-0.010012528568892232,0.015081427288626381,0.5790463971652278
ticker,AMZN,all,author_net,30,60D,all,0,5,0.4,0.4,0.11762077423264783,0.769275718723987,0.0023893176811466523,-0.04638703776296882,0.11914465661873075,-0.07544757494390941,1.5791714539176032,1.052780969278402,-0.016237524564285465,-0.0386968587624007,0.4204751256283344
ticker,AMZN,all,author_net,7,1D,all,0,13,0.5384615384615384,0.46153846153846156,0.23206067809538303,0.7085620428549398,0.004624673614558334,0.0063345549975113435,0.01751683891824867,-0.010416185906413725,1.6816941513556078,1.9619765099148756,0.002761502867462462,-0.0011220919034125032,1.591379308429566
ticker,AMZN,all,author_net,7,20D,all,0,12,0.4166666666666667,0.4166666666666667,0.19326031365875665,0.6804886874504503,-0.00732919553917306,-0.017148636177633958,0.07956871668294294,-0.06939913284068448,1.146537621235184,0.8189554437394172,-0.0157643669986883,-0.008530468220658727,0.5678405498765278
ticker,AMZN,all,author_net,7,5D,all,0,12,0.3333333333333333,0.3333333333333333,0.13812009109121315,0.6093779111272004,-0.017671400213362515,-0.023767838641887196,0.037042531072302876,-0.04502836585619521,0.822648798550756,0.411324399275378,-0.018243388497988195,-0.015383271762023754,0.30277564396602574
ticker,AMZN,all,author_net,7,60D,all,0,8,0.5,0.375,0.13684428582359742,0.6942576053973727,0.02023118029687454,-0.0006482675612950461,0.18060035477978298,-0.1401379941860339,1.2887322658552904,1.2887322658552904,-0.00480577353234049,-0.04314289888191508,0.9171631417997131
ticker,AMZN,all,author_net,7,90D,all,0,6,0.5,0.5,0.1876163064826506,0.8123836935173494,-0.008425853205838848,-5.419116906785204e-05,0.11710142155899712,-0.13395312797067482,0.8741969921346898,0.8741969921346899,-0.026071563071717523,-0.01669671185887267,0.5321237726068558
ticker,AMZN,all,author_net_shift,30,1D,all,0,9,0.5555555555555556,0.4444444444444444,0.18877852109766452,0.733348706504507,-0.00011516479280325608,0.0006415282628839947,0.00882933322595647,-0.011295787316252914,0.7816483241723583,0.9770604052154478,-0.0019707340934746404,-0.0014077147406335033,0.6337106384151838
ticker,AMZN,all,author_net_shift,30,20D,all,0,9,0.7777777777777778,0.5555555555555556,0.26665129349549305,0.8112214789023355,0.08865652442539579,0.010452796122962793,0.11869602882625276,-0.01648174097760363,7.2016681361237245,25.205838476433037,0.038912740746939005,0.004747136729926327,3.1820952669393074
ticker,AMZN,all,author_net_shift,30,5D,all,0,9,0.7777777777777778,0.4444444444444444,0.18877852109766452,0.733348706504507,0.03351842215383996,0.01143844250431858,0.04797538228298052,-0.017080938298151993,2.808708833528837,9.830480917350927,0.017074567623542054,-0.001383962028526975,3.129385346365707
ticker,AMZN,all,author_net_shift,30,60D,all,0,7,0.5714285714285714,0.0,5.551115123125783e-17,0.35433043506668743,-0.03555140965726763,0.002567703109327857,0.0821877562043819,-0.192536964139467,0.4268674151569565,0.5691565535426086,-0.06838259719025273,-0.05437340008683411,
ticker,AMZN,all,weighted_net,3,1D,all,0,9,0.5555555555555556,0.3333333333333333,0.1205838183869109,0.6457978644196036,0.0017672605409459414,0.005564056196967537,0.014912629599723481,-0.014664450782525984,1.0169238398954037,1.2711547998692547,-0.0012775632029841234,-0.001927678406716038,0.8042765350484071
ticker,AMZN,all,weighted_net,3,20D,all,0,8,0.625,0.375,0.13684428582359742,0.6942576053973727,0.009801728605116175,0.015564870467699055,0.07585041707637256,-0.10027941884697782,0.7563906726675104,1.2606511211125173,-0.015802428187333933,-0.027267213589456385,0.6084631462387737
ticker,AMZN,all,weighted_net,3,5D,all,0,8,0.625,0.5,0.21521606221387757,0.7847839377861224,0.011805490427980653,0.012855714829987597,0.0309665284270483,-0.02012957290379876,1.5383599331709834,2.563933221951639,0.004374381323813223,0.0013637069466285734,1.5825409145787106
ticker,AMZN,all,weighted_net,3,60D,all,0,5,0.4,0.2,0.03622410863243014,0.6244653702374747,-0.0257330575304743,-0.053375626566416146,0.080141427632626,-0.09631604763920783,0.8320672369450762,0.5547114912967175,-0.04594436355464411,-0.04524237092572647,0.08905259558544754
ticker,AMZN,all,weighted_net,30,1D,all,0,5,0.8,0.8,0.37553462976252533,0.9637758913675698,0.0047859225610683565,0.0063345549975113435,0.00892242672152363,-0.011760094080752737,0.7587036855535535,3.034814742214214,0.005631014930379608,0.006675451121206599,4.779745928184667
ticker,AMZN,all,weighted_net,7,1D,all,0,13,0.5384615384615384,0.38461538461538464,0.17709707797762575,0.6447710848733431,0.003629807669292585,0.005564056196967537,0.01566923073418371,-0.010416185906413725,1.5043155791349156,1.755034842324068,0.0015115056960721173,-0.001927678406716038,1.3050770147830222
ticker,AMZN,all,weighted_net,7,20D,all,0,12,0.4166666666666667,0.4166666666666667,0.19326031365875665,0.6804886874504503,-0.01758226048418916,-0.045013049331492305,0.07956871668294294,-0.08697581560356923,0.9148372582743296,0.6534551844816641,-0.0234337002040516,-0.03894140983164557,0.4691948195360733
ticker,AMZN,all,weighted_net,7,5D,all,0,12,0.3333333333333333,0.3333333333333333,0.13812009109121315,0.6093779111272004,-0.010059760022869032,-0.012994900521113018,0.037042531072302876,-0.033610905570454985,1.1020985731745472,0.5510492865872736,-0.00973918338248378,-0.00921341690871319,0.44856516716563377
ticker,AMZN,all,weighted_net,7,60D,all,0,8,0.5,0.375,0.13684428582359742,0.6942576053973727,0.012079912605804183,-0.0006482675612950461,0.18060035477978298,-0.1564405295681746,1.1544345655073984,1.1544345655073984,-0.009762878362956806,-0.04314289888191508,0.8449648283362621
ticker,AMZN,all,weighted_net,7,90D,all,0,6,0.5,0.5,0.1876163064826506,0.8123836935173494,-0.015115975347796054,-0.020124557594939474,0.10372117727508272,-0.13395312797067482,0.7743094830737322,0.7743094830737322,-0.024335887220908087,-0.012009837105931731,0.5632719422359738
ticker,APP,all,author_net,90,1D,all,0,5,0.8,0.8,0.37553462976252533,0.9637758913675698,0.027287289775665368,0.020637755491444087,0.04095154023318093,-0.027369712054396866,1.4962356984900094,5.9849427939600375,0.02674187793913192,0.0231108320274116,7.262121214588629
ticker,APP,all,author_net,90,20D,all,0,5,0.6,0.6,0.2307242812760128,0.882379225767352,0.024574020264244868,0.11787219501082125,0.18125030513125737,-0.21044040703627387,0.861290413204794,1.291935619807191,0.020846023830739614,0.056139893425802834,1.2738142344988452
ticker,APP,all,author_net,90,5D,all,0,5,0.6,0.6,0.2307242812760128,0.882379225767352,-0.012827972188679348,0.02148741286940492,0.0447573497523203,-0.09920595510017882,0.4511558777608061,0.6767338166412092,-0.008998344598276864,0.016505595762702274,0.7129307612483475
ticker,APP,all,weighted_net,30,1D,all,0,5,0.4,0.4,0.11762077423264783,0.769275718723987,-0.005288029495190494,-0.027369712054396866,0.037284483918528344,-0.03366970510433639,1.1073599784432446,0.7382399856288298,-0.002257878918096945,-0.0213520922246222,0.8608056296218438
ticker,APP,all,weighted_net,30,20D,all,0,5,0.4,0.2,0.03622410863243014,0.6244653702374747,-0.020042794145460306,-0.050756556825823695,0.11180739970293552,-0.1079429233777242,1.0358011086256056,0.6905340724170704,-0.02279344477146439,-0.034414144374461886,0.6384614419765122
ticker,APP,all,weighted_net,30,5D,all,0,5,0.0,0.0,0.0,0.43448246478317476,-0.07077181066088048,-0.05967313585291112,,-0.07077181066088048,,,-0.057699171854963024,-0.04572374375271193,
ticker,ARM,all,author_net,7,1D,all,0,6,0.5,0.5,0.1876163064826506,0.8123836935173494,-0.001396227721029301,-0.005468340041155595,0.010370191976106927,-0.01316264741816553,0.7878500157798966,0.7878500157798966,0.001367118616379041,0.0019482547503512082,1.2739963825795506
ticker,ARM,all,author_net,7,20D,all,0,5,0.8,0.8,0.37553462976252533,0.9637758913675698,0.15988616731398958,0.2266636254775618,0.2443016313009903,-0.17777568863401338,1.374212825038939,5.496851300155756,0.12691448678858516,0.1867216307712487,4.597626812685921
ticker,ARM,all,author_net,7,5D,all,0,6,0.5,0.5,0.1876163064826506,0.8123836935173494,0.07379160234498662,0.03701130051138907,0.204842496955382,-0.05725929226540875,3.5774542236025964,3.5774542236025964,0.07110271200377273,0.028229923761127818,3.7178632504032016
ticker,ARM,all,weighted_net,7,1D,all,0,6,0.5,0.5,0.1876163064826506,0.8123836935173494,-0.001396227721029301,-0.005468340041155595,0.010370191976106927,-0.01316264741816553,0.7878500157798966,0.7878500157798966,0.001367118616379041,0.0019482547503512082,1.2739963825795506
ticker,ARM,all,weighted_net,7,20D,all,0,5,0.8,0.8,0.37553462976252533,0.9637758913675698,0.15988616731398958,0.2266636254775618,0.2443016313009903,-0.17777568863401338,1.374212825038939,5.496851300155756,0.12691448678858516,0.1867216307712487,4.597626812685921
ticker,ARM,all,weighted_net,7,5D,all,0,6,0.5,0.5,0.1876163064826506,0.8123836935173494,0.07379160234498662,0.03701130051138907,0.204842496955382,-0.05725929226540875,3.5774542236025964,3.5774542236025964,0.07110271200377273,0.028229923761127818,3.7178632504032016
ticker,ASTS,all,author_net,1,1D,all,0,11,0.2727272727272727,0.2727272727272727,0.09746059290024889,0.5656453011761291,-0.014086660899512805,-0.027790558571822888,0.06250125769742192,-0.042807130373363325,1.4600665158417914,0.5475249434406717,-0.013608154817366314,-0.01963862084171275,0.5386247268811813
ticker,ASTS,all,author_net,1,20D,all,0,7,0.42857142857142855,0.42857142857142855,0.15821985525146975,0.7495416354723428,0.0636003560191929,-0.09826718837339299,0.5002536471577754,-0.263889612334744,1.8956928343325754,1.4217696257494317,0.04823802456071354,-0.1092332882325937,1.3272475352157604
ticker,ASTS,all,author_net,1,5D,all,0,10,0.3,0.3,0.10779126740630099,0.6032218525388546,0.0011073762194252711,-0.08256682262275977,0.27490138203009856,-0.116232911985149,2.3650907246066635,1.0136103105457128,-0.003489158386250346,-0.07363973629608289,0.9568413337542753
ticker,ASTS,all,author_net,3,1D,all,0,12,0.25,0.25,0.08894166839405471,0.5323053349335657,-0.0036464722907285363,-0.022395287097181638,0.08928265690815862,-0.03462284869035759,2.5787207085887105,0.8595735695295701,-0.0028569918336427504,-0.014895223485747455,0.878087387156336
ticker,ASTS,all,author_net,3,20D,all,0,8,0.5,0.5,0.21521606221387757,0.7847839377861224,0.13975512927599654,0.024899850013890223,0.3699254915585098,-0.09041523300651669,4.0914067160767855,4.0914067160767855,0.10378926107894436,0.007351604964864589,2.6000224424776768
ticker,ASTS,all,author_net,3,5D,all,0,11,0.5454545454545454,0.5454545454545454,0.280091537409322,0.7872872837754024,0.059648028167054806,0.10095065640561329,0.20671180311397686,-0.11682850176925166,1.7693610718577388,2.1232332862292864,0.05059679690712406,0.08718994447416972,1.9211524710157548
ticker,ASTS,all,author_net,7,1D,all,0,9,0.4444444444444444,0.4444444444444444,0.18877852109766452,0.733348706504507,-7.9093432300898e-06,-0.04155468265453788,0.10031608616428195,-0.08026710574923972,1.2497782899719432,0.9998226319775546,-0.001606150619282561,-0.03908160611857037,0.9634695390292553
ticker,ASTS,all,author_net,7,20D,all,0,8,0.375,0.375,0.13684428582359742,0.6942576053973727,0.02280705618828767,-0.03588878760731151,0.2949515700322631,-0.14047965211809757,2.0996035054550464,1.2597621032730277,-0.0044446993748418345,-0.04117150403630199,0.9579829701873293
ticker,ASTS,all,author_net,7,5D,all,0,8,0.625,0.625,0.30574239460262737,0.8631557141764026,0.01582455462801584,0.03230597323542461,0.11411386632352039,-0.14799096486449173,0.7710867107867633,1.2851445179779388,0.006995342168335472,0.024692004904514953,1.1195978929090078
ticker,ASTS,all,author_net,7,60D,all,0,5,0.6,0.4,0.11762077423264783,0.769275718723987,0.11115237711215073,0.09558080808080804,0.32156384838638147,-0.2044648297991954,1.5727098332861884,2.3590647499292827,0.045538299070271536,-0.030627264477103067,1.4257005604847046
ticker,ASTS,all,weighted_net,1,1D,all,0,12,0.3333333333333333,0.3333333333333333,0.13812009109121315,0.6093779111272004,-0.009826800954769307,-0.023306713476106744,0.05613385788241873,-0.042807130373363325,1.3113202728802382,0.6556601364401191,-0.00932519307781371,-0.019544473696203324,0.6550934298998629
ticker,ASTS,all,weighted_net,1,20D,all,0,7,0.42857142857142855,0.42857142857142855,0.15821985525146975,0.7495416354723428,0.0636003560191929,-0.09826718837339299,0.5002536471577754,-0.263889612334744,1.8956928343325754,1.4217696257494317,0.04823802456071354,-0.1092332882325937,1.3272475352157604
ticker,ASTS,all,weighted_net,1,5D,all,0,10,0.3,0.3,0.10779126740630099,0.6032218525388546,0.0011073762194252711,-0.08256682262275977,0.27490138203009856,-0.116232911985149,2.3650907246066635,1.0136103105457128,-0.003489158386250346,-0.07363973629608289,0.9568413337542753
ticker,ASTS,all,weighted_net,3,1D,all,0,14,0.21428571428571427,0.21428571428571427,0.07571386712693184,0.47589230586600295,-0.01009659871908175,-0.022395287097181638,0.08928265690815862,-0.03720003207196549,2.400069353043472,0.654564369011856,-0.008494911869044275,-0.017216515155616008,0.6749353500240171
ticker,ASTS,all,weighted_net,3,20D,all,0,10,0.5,0.4,0.16818032970623614,0.6873262302663417,0.08160291364874481,-0.0013194193095837914,0.2963843021820606,-0.1331784748845709,2.2254670091314996,2.2254670091314996,0.04547577290111728,-0.028917657487315396,1.508395835330307
ticker,ASTS,all,weighted_net,3,5D,all,0,13,0.46153846153846156,0.46153846153846156,0.23206067809538303,0.7085620428549398,0.028442873450951627,-0.06231021498846101,0.20671180311397686,-0.12435906626021286,1.662217394600298,1.4247577668002556,0.020234440980040423,-0.06919482387509734,1.2930169638024538
ticker,ASTS,all,weighted_net,7,1D,all,0,8,0.5,0.5,0.21521606221387757,0.7847839377861224,0.01298206867390038,0.0107682970006574,0.10031608616428195,-0.07435194881648119,1.3492058750455433,1.3492058750455433,0.010820355895762288,0.009995233107789714,1.2937433539478718
ticker,ASTS,all,weighted_net,7,20D,all,0,7,0.42857142857142855,0.2857142857142857,0.08221892400405678,0.6410655481673808,0.0009416971136729314,-0.00485838329543109,0.13491956599647018,-0.09954170454842501,1.3554074305693105,1.0165555729269828,-0.03419293508389828,-0.06350905411554442,0.5995661252905167
ticker,ASTS,all,weighted_net,7,5D,all,0,7,0.5714285714285714,0.5714285714285714,0.2504583645276572,0.8417801447485302,0.015678801635124424,0.03103913630229438,0.13424913036226177,-0.1424149700010587,0.9426616482892477,1.256882197718997,0.005359575637338957,0.02568807876434409,1.0810874153445131
ticker,ASTS,all,weighted_net,7,60D,all,0,6,0.5,0.3333333333333333,0.09677141110578041,0.700006684861608,0.006265554499413665,0.021276035630232448,0.32156384838638147,-0.30903273938755416,1.0405494544806535,1.0405494544806537,-0.030758995825992046,-0.040679999337654316,0.8051395661601266
ticker,AVGO,all,author_net,3,1D,all,0,6,0.3333333333333333,0.3333333333333333,0.09677141110578041,0.700006684861608,-0.0019051671857993058,-0.005470136757538435,0.015582532145621664,-0.01064901685150979,1.4632836404435225,0.7316418202217613,-0.001094612237228861,-0.005196872422644494,0.8350946753943023
ticker,AVGO,all,author_net,3,20D,all,0,5,0.4,0.2,0.03622410863243014,0.6244653702374747,-0.0262209931568018,-0.04612289503750433,0.053774908070717164,-0.07955159397514777,0.6759752430292806,0.45065016201952035,-0.04476412552190712,-0.053938758145554155,0.0564344582993704
ticker,AVGO,all,author_net,3,5D,all,0,5,0.4,0.4,0.11762077423264783,0.769275718723987,-0.012032235121134693,-0.006423730014406215,0.043750521139476084,-0.049220739294875214,0.8888635515483068,0.5925757010322046,-0.008102150622913551,-0.00881214619592574,0.6396612520687401
ticker,AVGO,all,author_net,30,1D,all,0,7,0.7142857142857143,0.8571428571428571,0.4868721707256811,0.9743203756552565,0.0050094137553638686,0.00670159619836741,0.013669137791567065,-0.016639896335144122,0.8214677252944962,2.0536693132362402,0.0058133678855073955,0.008199489114413705,2.2100573912146606
ticker,AVGO,all,author_net,30,20D,all,0,7,0.2857142857142857,0.42857142857142855,0.15821985525146975,0.7495416354723428,-0.059468377125939366,-0.041824052637991826,0.03486797421285148,-0.0972029176614557,0.35871324700655394,0.14348529880262156,-0.04248011616282226,-0.015718114205239275,0.22215490956249875
ticker,AVGO,all,author_net,30,5D,all,0,7,0.7142857142857143,0.7142857142857143,0.35893445183261935,0.9177810759959433,0.027284437806114843,0.033362008289669065,0.04601316314197139,-0.019537375533526524,2.3551353180989887,5.887838295247472,0.019518967158191552,0.0343397237261901,3.4134661956011154
ticker,AVGO,all,author_net,30,60D,all,0,6,0.6666666666666666,0.6666666666666666,0.299993315138392,0.9032285888942195,0.12739510584627542,0.2034444361224495,0.27992124185138867,-0.17765716616395105,1.5756259536024746,3.151251907204949,0.11125593564319199,0.16572457397017054,5.046701487095784
ticker,AVGO,all,author_net,7,1D,all,0,6,0.3333333333333333,0.3333333333333333,0.09677141110578041,0.700006684861608,-0.009831547474120128,-0.010701521961268667,0.015582532145621664,-0.022538587283991024,0.6913712891264401,0.34568564456322004,-0.008180430393067243,-0.008396133227860925,0.40391688100349304
ticker,AVGO,all,author_net,7,5D,all,0,5,0.2,0.2,0.03622410863243014,0.6244653702374747,-0.041096686574244076,-0.03832179930795854,0.04704439047595188,-0.06313195583679307,0.7451755589129806,0.18629388972824515,-0.027953795090484235,-0.023818431941971085,0.2231982382893913
ticker,AVGO,all,author_net,90,1D,all,0,5,0.6,0.6,0.2307242812760128,0.882379225767352,-0.0006146775535859738,0.004902516436182225,0.013495557672563644,-0.0217800303928104,0.6196298824733749,0.9294448237100625,0.0009419907485060053,0.007375592972149736,1.1210242235509054
ticker,AVGO,all,author_net,90,20D,all,0,5,0.2,0.4,0.11762077423264783,0.769275718723987,0.011202017722095458,-0.03525277714803898,0.2747528540385027,-0.05468569135700635,5.024218350735018,1.2560545876837546,0.0019835578346591555,-0.030407272539777153,1.0535760692799276
ticker,AVGO,all,author_net,90,5D,all,0,5,0.4,0.4,0.11762077423264783,0.769275718723987,0.01580955232515895,-0.02754129785194781,0.10119041012284369,-0.04111101953996421,2.461393836863521,1.6409292245756806,0.013933865698432158,-0.023818431941971085,1.7407997181979686
ticker,AVGO,all,author_net,90,60D,all,0,5,0.8,0.6,0.2307242812760128,0.882379225767352,0.06570809731983904,0.13025678670751162,0.11401057973177434,-0.12750183232790213,0.894187774796587,3.576751099186348,0.04896062153055645,0.02815413613829787,4.0575881969448435
ticker,AVGO,all,author_net_shift,30,1D,all,0,5,0.6,0.6,0.2307242812760128,0.882379225767352,0.007648741916158985,0.00670159619836741,0.014824822746737501,-0.0031153793297087895,4.758593152803403,7.137889729205105,0.00624134998897925,0.00823112501439327,6.788111592693467
ticker,AVGO,all,weighted_net,3,1D,all,0,5,0.4,0.4,0.11762077423264783,0.769275718723987,0.0007042121732258044,-0.001186595221143949,0.015582532145621664,-0.009214667808371435,1.6910573956301589,1.1273715970867726,0.0005630167253717344,-0.00101098779505715,1.0924670639930343
ticker,AVGO,all,weighted_net,30,1D,all,0,10,0.6,0.6,0.31267376973365824,0.8318196702937638,0.00460817368905615,0.0028713229281349673,0.019461171999944665,-0.01767132377727662,1.1012854636826694,1.651928195524004,0.0037476257481353194,0.004359283333911945,1.6161187716143333
ticker,AVGO,all,weighted_net,30,20D,all,0,10,0.5,0.5,0.236593090512564,0.7634069094874361,-0.016436051621749624,0.0042602800677976616,0.09211368517739713,-0.12498578842089639,0.736993272124662,0.7369932721246621,-0.017050045711345975,-0.007302024943359908,0.6474304747382132
ticker,AVGO,all,weighted_net,30,5D,all,0,10,0.5,0.5,0.236593090512564,0.7634069094874361,0.004298671904882256,0.008394318919366928,0.06090448805581987,-0.052307144246055357,1.1643627067331794,1.1643627067331794,0.00022882276386283485,0.008526174089356298,1.0099229796560782
ticker,AVGO,all,weighted_net,30,60D,all,0,9,0.3333333333333333,0.4444444444444444,0.18877852109766452,0.733348706504507,-0.03247469403925233,-0.12750183232790213,0.23068476809404923,-0.1640544251059031,1.4061477948256125,0.7030738974128061,-0.018070537889623317,-0.055364574724046656,0.7533771941820686
ticker,AVGO,all,weighted_net,30,90D,all,0,6,0.5,0.5,0.1876163064826506,0.8123836935173494,0.001466636053951827,0.03619407089178556,0.16426461957687835,-0.1613313474689747,1.0181816624848294,1.0181816624848294,-0.019110824329777416,-0.004769594948715428,0.6927312573831361
ticker,AVGO,all,weighted_net,7,1D,all,0,7,0.42857142857142855,0.42857142857142855,0.15821985525146975,0.7495416354723428,-0.005261473666467993,-0.009753678293932921,0.017774677823562717,-0.022538587283991024,0.7886331827100772,0.5914748870325579,-0.00440534544255219,-0.0052879876651070745,0.6254951659358289
ticker,AVGO,all,weighted_net,7,20D,all,0,5,0.4,0.6,0.2307242812760128,0.882379225767352,0.02409377774922099,-0.015080738177624009,0.16404075690583397,-0.06920420835518766,2.3703870155396007,1.5802580103597337,0.005080843103372046,0.013386665066852155,1.138808510783768
ticker,AVGO,all,weighted_net,7,5D,all,0,6,0.3333333333333333,0.3333333333333333,0.09677141110578041,0.700006684861608,-0.007201461972685841,-0.022372764661182376,0.10465952575552862,-0.06313195583679307,1.6577900109112955,0.8288950054556478,-0.0037238614081906984,-0.016315289068948413,0.8758221375143418
ticker,AVGO,all,weighted_net,90,1D,all,0,8,0.5,0.5,0.21521606221387757,0.7847839377861224,0.00326365147511809,-0.0028684490443771082,0.022023393960498655,-0.015496091010262475,1.4212225487004042,1.4212225487004042,0.006980841418721212,-0.0016760493041051427,2.334535431414696
ticker,AVGO,all,weighted_net,90,20D,all,0,8,0.625,0.875,0.5291118177871464,0.9775825085499433,0.003740645547846283,0.021235515153626094,0.03667103574874799,-0.051143338120323234,0.717024681933613,1.1950411365560216,0.011928017995599574,0.015550289769675651,2.2283347451817344
ticker,AVGO,all,weighted_net,90,5D,all,0,8,0.5,0.625,0.30574239460262737,0.8631557141764026,0.003481265530793601,-0.0036356130430340583,0.04987356906076024,-0.042911037999173035,1.1622550137734113,1.1622550137734113,0.0068520709191476625,0.012523057202156462,1.4012400094913566
ticker,AVGO,all,weighted_net,90,60D,all,0,6,0.5,0.5,0.1876163064826506,0.8123836935173494,0.0006832763828646023,-0.021474789881526346,0.15408215099262332,-0.1527155982268941,1.0089483509320305,1.0089483509320303,0.00594181986203729,0.0019093647352239618,1.0916968320720495
ticker,AVGO,all,weighted_net,90,90D,all,0,6,0.5,0.5,0.1876163064826506,0.8123836935173494,0.016063990300975568,-0.029755639438147963,0.17387664218558938,-0.14174866158363822,1.226654560565245,1.226654560565245,0.011315525065066298,0.002923599078342276,1.211461998904604
ticker,BA,all,weighted_net,90,1D,all,0,8,0.625,0.625,0.30574239460262737,0.8631557141764026,0.00035978832843763797,0.005460333220449531,0.01111569918717752,-0.017566729769462164,0.6327699767147865,1.0546166278579774,-0.0003490529038846918,0.007391149267203911,0.9492714733143561
ticker,BA,all,weighted_net,90,20D,all,0,8,0.5,0.5,0.21521606221387757,0.7847839377861224,0.03590980364896483,0.006953826696761478,0.1457629211120709,-0.07394331381414124,1.9712792623610353,1.9712792623610353,0.02854638192258041,0.02056792929029555,1.843368215984516
ticker,BA,all,weighted_net,90,5D,all,0,8,0.625,0.625,0.30574239460262737,0.8631557141764026,0.02514736406462484,0.02933062834307293,0.06728931829726273,-0.04508922632310497,1.4923591239972511,2.487265206662085,0.018379473316339823,0.02905136933427027,2.081013087519221
ticker,BA,all,weighted_net,90,60D,all,0,7,0.7142857142857143,0.7142857142857143,0.35893445183261935,0.9177810759959433,0.05008538579053201,0.026457983976150623,0.0854160052786389,-0.03824116292973523,2.2336142192010033,5.584035548002508,0.04791280377269962,0.057077321656280766,2.221343528422267
ticker,BA,all,weighted_net,90,90D,all,0,5,0.8,0.8,0.37553462976252533,0.9637758913675698,0.07471746627561895,0.11733377033061576,0.12130523603405549,-0.11163361275812722,1.086637196781255,4.34654878712502,0.08431269667014282,0.16392368104779242,3.3766483802810043
ticker,BABA,all,weighted_net,30,1D,all,0,5,0.4,0.4,0.11762077423264783,0.769275718723987,-0.004573962259183983,-0.008313990293310813,0.013591183059136092,-0.016684059138064034,0.8146208873192217,0.5430805915461477,-0.0037534359036591747,-0.005603963193039907,0.5384640249578748
ticker,BE,all,author_net,3,1D,all,0,8,0.75,0.75,0.40927543031016883,0.9285207872478909,0.013407742213532178,0.022038722616476325,0.037192710608674205,-0.057947162971893895,0.6418383351522107,1.925515005456632,0.014902857094011568,0.022395031702406865,2.1351827934163277
ticker,BE,all,author_net,3,20D,all,0,7,0.5714285714285714,0.5714285714285714,0.2504583645276572,0.8417801447485302,0.15326080443016427,0.21948164146868243,0.3235714614007962,-0.07382007153067827,4.383245026609407,5.844326702145876,0.12810096175122296,0.16037798301096906,6.492231843180109
ticker,BE,all,author_net,3,5D,all,0,7,0.42857142857142855,0.42857142857142855,0.15821985525146975,0.7495416354723428,-0.0040643038340898285,-0.04897033586663402,0.12030874411706287,-0.09734408979745435,1.2359121582768045,0.9269341187076033,-0.0031501446433192764,-0.045724188870756355,0.9362366466389317
ticker,BE,all,author_net,7,1D,all,0,9,0.6666666666666666,0.6666666666666666,0.3542021355803963,0.879416181613089,0.019277695724019717,0.025915865208134603,0.03640662933346898,-0.01498017149487881,2.4303212647408685,4.860642529481738,0.020270296682540052,0.025827848661023722,5.9630921990056684
ticker,BE,all,author_net,7,20D,all,0,8,0.75,0.625,0.30574239460262737,0.8631557141764026,0.1460372589783721,0.10946994894380657,0.2168708708098982,-0.06646357651620616,3.263003319675664,9.789009959026991,0.12837984634479432,0.135445508497877,8.159600057304816
ticker,BE,all,author_net,7,5D,all,0,8,0.625,0.5,0.21521606221387757,0.7847839377861224,0.0374508165654593,0.02746622791726505,0.0917010689218197,-0.05296627069514137,1.731310657109025,2.885517761848375,0.028787167647650158,0.014149057338438742,2.4462923943564427
ticker,BE,all,weighted_net,3,1D,all,0,8,0.75,0.75,0.40927543031016883,0.9285207872478909,0.013407742213532178,0.022038722616476325,0.037192710608674205,-0.057947162971893895,0.6418383351522107,1.925515005456632,0.014902857094011568,0.022395031702406865,2.1351827934163277
ticker,BE,all,weighted_net,3,20D,all,0,7,0.5714285714285714,0.5714285714285714,0.2504583645276572,0.8417801447485302,0.15326080443016427,0.21948164146868243,0.3235714614007962,-0.07382007153067827,4.383245026609407,5.844326702145876,0.12810096175122296,0.16037798301096906,6.492231843180109
ticker,BE,all,weighted_net,3,5D,all,0,7,0.42857142857142855,0.42857142857142855,0.15821985525146975,0.7495416354723428,-0.0040643038340898285,-0.04897033586663402,0.12030874411706287,-0.09734408979745435,1.2359121582768045,0.9269341187076033,-0.0031501446433192764,-0.045724188870756355,0.9362366466389317
ticker,BE,all,weighted_net,7,1D,all,0,9,0.6666666666666666,0.6666666666666666,0.3542021355803963,0.879416181613089,0.019277695724019717,0.025915865208134603,0.03640662933346898,-0.01498017149487881,2.4303212647408685,4.860642529481738,0.020270296682540052,0.025827848661023722,5.9630921990056684
ticker,BE,all,weighted_net,7,20D,all,0,8,0.75,0.625,0.30574239460262737,0.8631557141764026,0.1460372589783721,0.10946994894380657,0.2168708708098982,-0.06646357651620616,3.263003319675664,9.789009959026991,0.12837984634479432,0.135445508497877,8.159600057304816
ticker,BE,all,weighted_net,7,5D,all,0,8,0.625,0.5,0.21521606221387757,0.7847839377861224,0.0374508165654593,0.02746622791726505,0.0917010689218197,-0.05296627069514137,1.731310657109025,2.885517761848375,0.028787167647650158,0.014149057338438742,2.4462923943564427
ticker,COIN,all,author_net,30,1D,all,0,8,0.625,0.5,0.21521606221387757,0.7847839377861224,0.008556087100577592,0.0012095598001589103,0.03272429262301533,-0.03172425543681864,1.0315227945440153,1.7192046575733588,0.005121871537482239,0.0006770968235736419,1.3909610268299228
ticker,COIN,all,author_net,30,20D,all,0,7,0.2857142857142857,0.2857142857142857,0.08221892400405678,0.6410655481673808,-0.008034882283016853,-0.04719571702325209,0.3286888299434483,-0.1427243671736029,2.3029622513137324,0.9211849005254928,-0.029621428340297382,-0.06794542186386587,0.7259799560887918
ticker,COIN,all,author_net,30,5D,all,0,8,0.5,0.375,0.13684428582359742,0.6942576053973727,0.023464690796202725,-0.019662581515174304,0.10803928861983234,-0.061109907027426885,1.7679504662205257,1.7679504662205257,0.007461354882718721,-0.028509162592590953,1.219415376513064
ticker,COIN,all,author_net,30,60D,all,0,6,0.16666666666666666,0.16666666666666666,0.030053369748306635,0.5635028221864702,-0.14840101776467832,-0.22442052935487478,0.303523684105511,-0.23878595813871623,1.2711119467468315,0.2542223893493663,-0.16787912735955546,-0.21697989754331687,0.22434023139933118
ticker,COIN,all,author_net,30,90D,all,0,5,0.2,0.2,0.03622410863243014,0.6244653702374747,-0.2298860608685141,-0.28196922104348177,0.28165529350732277,-0.35777139946247327,0.7872493271695008,0.1968123317923752,-0.24641762346614993,-0.33211680073651595,0.22723911823238493
ticker,COIN,all,author_net,90,1D,all,0,6,0.5,0.5,0.1876163064826506,0.8123836935173494,-0.0030186690652744264,-0.0034933573671287466,0.027358724592559207,-0.03339606272310806,0.819220062538349,0.8192200625383489,-0.0024135187304687813,0.0015705008332042025,0.8502784823554246
ticker,COIN,all,author_net,90,20D,all,0,6,0.3333333333333333,0.3333333333333333,0.09677141110578041,0.700006684861608,-0.08172500682595907,-0.07925608858235916,0.11780533711563551,-0.18149017879675636,0.6491003419394998,0.3245501709697499,-0.10190238508454307,-0.10242777089491822,0.21015907419144797
ticker,COIN,all,author_net,90,5D,all,0,6,0.5,0.3333333333333333,0.09677141110578041,0.700006684861608,-0.03389089020846255,-0.03304072372088779,0.02549826575996572,-0.09328004617689083,0.27335177034124,0.27335177034124,-0.037231439257192224,-0.04202015971994477,0.1800711980162297
ticker,COIN,all,author_net,90,60D,all,0,6,0.16666666666666666,0.16666666666666666,0.030053369748306635,0.5635028221864702,-0.22950005369797047,-0.2753668672336712,0.12126262626262618,-0.2996525896900898,0.40467738452732827,0.08093547690546564,-0.21150820833761586,-0.29010948760377475,0.17063188408783067
ticker,COIN,all,weighted_net,30,1D,all,0,7,0.8571428571428571,0.7142857142857143,0.35893445183261935,0.9177810759959433,0.03227488500353627,0.04513348497545788,0.039437623467264794,-0.010701545778834864,3.685226815107694,22.111360890646164,0.02743309083382536,0.0417788914859607,13.69852437545463
ticker,COIN,all,weighted_net,30,20D,all,0,5,0.6,0.6,0.2307242812760128,0.882379225767352,0.11411377510337233,0.07170339279468341,0.24302701756052666,-0.07925608858235916,3.0663513921455325,4.599527088218299,0.0799703808994918,0.0553609803433216,2.951872529314689
ticker,COIN,all,weighted_net,30,5D,all,0,6,0.6666666666666666,0.5,0.1876163064826506,0.8123836935173494,0.05589281170734569,0.05105102225336322,0.11585452055292686,-0.06403060598381666,1.809361613447925,3.61872322689585,0.04041216324780109,0.026384927257817714,2.8920509405194426
ticker,COIN,all,weighted_net,90,1D,all,0,5,0.4,0.2,0.03622410863243014,0.6244653702374747,0.00541269428303377,-0.0037466477362360084,0.023593587140802175,-0.0067079009554785,3.5172831706068552,2.3448554470712373,0.002976729139628631,-0.00564599266351129,1.553393183894413
ticker,CRDO,all,author_net,7,1D,all,0,6,0.3333333333333333,0.3333333333333333,0.09677141110578041,0.700006684861608,-0.01541725265019737,-0.021652126683890438,0.03444862907800661,-0.04035019351429936,0.8537413597731236,0.4268706798865618,-0.014485387282282084,-0.022370710616018807,0.43901272123551965
ticker,CRDO,all,author_net,7,5D,all,0,6,0.3333333333333333,0.16666666666666666,0.030053369748306635,0.5635028221864702,-0.07257223103793155,-0.05528610069543255,0.010689943271299684,-0.11420331819254717,0.09360448926077966,0.04680224463038983,-0.06491357122242032,-0.03390948003448402,0.08932483992170863
ticker,CRDO,all,weighted_net,30,1D,all,0,6,0.3333333333333333,0.3333333333333333,0.09677141110578041,0.700006684861608,-0.027516252404686803,-0.037052134821906724,0.021243986605171905,-0.05189637190961616,0.4093539841700474,0.2046769920850237,-0.02614781574054627,-0.035194461232122165,0.1678350534637765
ticker,CRDO,all,weighted_net,30,20D,all,0,6,0.5,0.5,0.1876163064826506,0.8123836935173494,-0.07471440020310542,-0.04850895023277163,0.16948496837406188,-0.3189137687802727,0.5314444999420352,0.5314444999420352,-0.06575046176356435,-0.021671955616077876,0.49921427052282813
ticker,CRDO,all,weighted_net,30,5D,all,0,6,0.5,0.5,0.1876163064826506,0.8123836935173494,-0.002842420119342696,0.042387514712331154,0.1322380943726286,-0.137922934611314,0.9587824878095432,0.9587824878095433,-0.0002082948487038827,0.028549191821323094,0.9965122173573818
ticker,CRDO,all,weighted_net,30,60D,all,0,5,0.4,0.4,0.11762077423264783,0.769275718723987,0.04956077499741747,-0.23238410596026493,0.8302690176623188,-0.4709113867791834,1.7631109397056115,1.1754072931370743,0.04179313895855141,-0.21517905488276967,1.1682119105943258
ticker,CRDO,all,weighted_net,7,1D,all,0,6,0.3333333333333333,0.3333333333333333,0.09677141110578041,0.700006684861608,-0.01541725265019737,-0.021652126683890438,0.03444862907800661,-0.04035019351429936,0.8537413597731236,0.4268706798865618,-0.014485387282282084,-0.022370710616018807,0.43901272123551965
ticker,CRDO,all,weighted_net,7,5D,all,0,6,0.3333333333333333,0.16666666666666666,0.030053369748306635,0.5635028221864702,-0.07257223103793155,-0.05528610069543255,0.010689943271299684,-0.11420331819254717,0.09360448926077966,0.04680224463038983,-0.06491357122242032,-0.03390948003448402,0.08932483992170863
ticker,CRM,all,weighted_net,90,1D,all,0,5,0.6,0.6,0.2307242812760128,0.882379225767352,0.008971025567799495,0.010770311402481969,0.020871657125068516,-0.008879921768104038,2.350432545480054,3.5256488182200814,0.010380092073678293,0.013480338502752875,5.0061842833157515
ticker,CRWV,all,author_net,3,1D,all,0,7,0.14285714285714285,0.14285714285714285,0.02567962434474355,0.5131278292743189,-0.042828033150161274,-0.04851223463210852,0.010759166810122123,-0.05175923314354184,0.2078695173146045,0.03464491955243409,-0.04022436408921177,-0.04339082581553089,0.036804902964197625
ticker,CRWV,all,author_net,3,20D,all,0,6,0.16666666666666666,0.16666666666666666,0.030053369748306635,0.5635028221864702,-0.20743525886822126,-0.1871885411685752,0.01802049030369579,-0.2525264087026047,0.07136081487983367,0.014272162975966734,-0.2027927234482784,-0.20698285556195595,0.01656858946238185
ticker,CRWV,all,author_net,3,5D,all,0,6,0.3333333333333333,0.16666666666666666,0.030053369748306635,0.5635028221864702,-0.05666053107763217,-0.08580575088121128,0.08916067055500265,-0.1295711318939496,0.6881214144828048,0.3440607072414024,-0.05570262999072639,-0.09242294594709083,0.3091133885536847
ticker,CRWV,all,author_net,30,1D,all,0,8,0.25,0.125,0.02241749145005667,0.4708881822128535,-0.01969924763689429,-0.018295602047667725,0.010262199222376145,-0.029686396589984437,0.3456869273867477,0.11522897579558257,-0.020412325873023857,-0.013108320059498801,0.098074293380404
ticker,CRWV,all,author_net,30,20D,all,0,7,0.42857142857142855,0.42857142857142855,0.15821985525146975,0.7495416354723428,-0.07590554804882485,-0.0011012407312238626,0.13578697759554034,-0.23467494228209873,0.578617283443552,0.43396296258266404,-0.07964597076106984,-0.034754869319461035,0.4514788403669626
ticker,CRWV,all,author_net,30,5D,all,0,7,0.42857142857142855,0.5714285714285714,0.2504583645276572,0.8417801447485302,0.012181646215845212,-0.017326187504588586,0.1345165242723112,-0.07956951232650428,1.6905535843972277,1.2679151882979207,0.008764646535784746,0.0072419799164549215,1.2058373084084595
ticker,CRWV,all,author_net,30,60D,all,0,5,0.4,0.4,0.11762077423264783,0.769275718723987,-0.08878480188604307,-0.2231577192397466,0.2381561460148549,-0.30674543381997504,0.7763967112697941,0.5175978075131961,-0.07768372580704783,-0.2466154406164457,0.6065742588252993
ticker,CRWV,all,author_net,7,1D,all,0,9,0.3333333333333333,0.2222222222222222,0.06322510711784671,0.5474110308930111,-0.032130322974429006,-0.03509503167722572,0.00712749736379666,-0.05175923314354184,0.13770484860218568,0.06885242430109284,-0.031658511400132254,-0.0342307294618408,0.0372915604701067
ticker,CRWV,all,author_net,7,20D,all,0,8,0.25,0.25,0.071479212752109,0.5907245696898311,-0.1513844867235,-0.0826790040256255,0.029934626028553013,-0.21182419097418434,0.1413182596892403,0.0471060865630801,-0.15034682070519306,-0.1310841562666208,0.06150034376560732
ticker,CRWV,all,author_net,7,5D,all,0,8,0.375,0.25,0.071479212752109,0.5907245696898311,-0.042634612031569846,-0.05211053044590447,0.07648013272951264,-0.11410345888821934,0.6702700643320189,0.4021620385992113,-0.045029256908800566,-0.059272088438155734,0.3389642037014565
ticker,CRWV,all,author_net,90,1D,all,0,6,0.3333333333333333,0.16666666666666666,0.030053369748306635,0.5635028221864702,-0.012722966804929106,-0.010567614810106485,0.0077288969650052275,-0.022948898689896274,0.33678727112112067,0.16839363556056033,-0.015243036010930633,-0.01404672798920159,0.10525770184514538
ticker,CRWV,all,author_net,90,20D,all,0,6,0.3333333333333333,0.3333333333333333,0.09677141110578041,0.700006684861608,0.0529555673064104,-0.023776426817224805,0.2653221327620815,-0.053227715421425154,4.984661292738564,2.492330646369282,0.023307679245654855,-0.044335350449682176,1.3986046879612284
ticker,CRWV,all,author_net,90,5D,all,0,6,0.5,0.6666666666666666,0.299993315138392,0.9032285888942195,0.03718289691919191,0.004982226444750049,0.10548840302700697,-0.031122609188623158,3.389445993672284,3.389445993672284,0.03008790294634302,0.0042432260560879564,3.0570832255770064
ticker,CRWV,all,weighted_net,3,1D,all,0,7,0.14285714285714285,0.14285714285714285,0.02567962434474355,0.5131278292743189,-0.042828033150161274,-0.04851223463210852,0.010759166810122123,-0.05175923314354184,0.2078695173146045,0.03464491955243409,-0.04022436408921177,-0.04339082581553089,0.036804902964197625
ticker,CRWV,all,weighted_net,3,20D,all,0,6,0.16666666666666666,0.16666666666666666,0.030053369748306635,0.5635028221864702,-0.20743525886822126,-0.1871885411685752,0.01802049030369579,-0.2525264087026047,0.07136081487983367,0.014272162975966734,-0.2027927234482784,-0.20698285556195595,0.01656858946238185
ticker,CRWV,all,weighted_net,3,5D,all,0,6,0.3333333333333333,0.16666666666666666,0.030053369748306635,0.5635028221864702,-0.05666053107763217,-0.08580575088121128,0.08916067055500265,-0.1295711318939496,0.6881214144828048,0.3440607072414024,-0.05570262999072639,-0.09242294594709083,0.3091133885536847
ticker,CRWV,all,weighted_net,30,1D,all,0,8,0.5,0.25,0.071479212752109,0.5907245696898311,-0.016923262530343083,-0.007294667828778412,0.008416838870333648,-0.042263363931019815,0.1991521281663996,0.1991521281663996,-0.015742678037176216,-0.010038471781031566,0.1846207547979505
ticker,CRWV,all,weighted_net,30,20D,all,0,7,0.2857142857142857,0.2857142857142857,0.08221892400405678,0.6410655481673808,-0.1514028703901207,-0.07643312101910837,0.15600217437034014,-0.27436488829430505,0.5685937998123146,0.22743751992492584,-0.1440761632136097,-0.11731238426297563,0.23631922037044176
ticker,CRWV,all,weighted_net,30,5D,all,0,7,0.2857142857142857,0.2857142857142857,0.08221892400405678,0.6410655481673808,-0.03790584666509489,-0.05198829402651062,0.12548880718141614,-0.1032637082036993,1.2152266208944902,0.48609064835779603,-0.03779046177373727,-0.057339351564460905,0.46160170333639133
ticker,CRWV,all,weighted_net,30,60D,all,0,6,0.16666666666666666,0.16666666666666666,0.030053369748306635,0.5635028221864702,-0.23220882507990837,-0.27684879660414446,0.14724186704384712,-0.3080989635046595,0.4779044543641262,0.09558089087282524,-0.2114710173739143,-0.2483604259682683,0.11948710583198152
ticker,CRWV,all,weighted_net,30,90D,all,0,5,0.4,0.2,0.03622410863243014,0.6244653702374747,-0.09714456939442166,-0.2842614204734911,0.29713868373045377,-0.36000007147767193,0.8253850687051406,0.5502567124700937,-0.12127009861386873,-0.273789751662203,0.4673869632764079
ticker,CRWV,all,weighted_net,7,1D,all,0,9,0.3333333333333333,0.2222222222222222,0.06322510711784671,0.5474110308930111,-0.032130322974429006,-0.03509503167722572,0.00712749736379666,-0.05175923314354184,0.13770484860218568,0.06885242430109284,-0.031658511400132254,-0.0342307294618408,0.0372915604701067
ticker,CRWV,all,weighted_net,7,20D,all,0,8,0.25,0.25,0.071479212752109,0.5907245696898311,-0.1513844867235,-0.0826790040256255,0.029934626028553013,-0.21182419097418434,0.1413182596892403,0.0471060865630801,-0.15034682070519306,-0.1310841562666208,0.06150034376560732
ticker,CRWV,all,weighted_net,7,5D,all,0,8,0.375,0.25,0.071479212752109,0.5907245696898311,-0.042634612031569846,-0.05211053044590447,0.07648013272951264,-0.11410345888821934,0.6702700643320189,0.4021620385992113,-0.045029256908800566,-0.059272088438155734,0.3389642037014565
ticker,CRWV,all,weighted_net,90,1D,all,0,6,0.6666666666666666,0.5,0.1876163064826506,0.8123836935173494,-0.010928311813480862,0.0029282609283651784,0.006960254101110841,-0.04670544364266427,0.1490244724868178,0.2980489449736356,-0.011984950052484197,0.0003742375310248902,0.1910873273354444
ticker,CRWV,all,weighted_net,90,20D,all,0,6,0.3333333333333333,0.3333333333333333,0.09677141110578041,0.700006684861608,-0.03119229533949819,-0.07126587593917416,0.2924896475073927,-0.19303326676294363,1.5152292266109106,0.7576146133054553,-0.03894561711624989,-0.08529518646742229,0.6937517672336624
ticker,CRWV,all,weighted_net,90,5D,all,0,6,0.0,0.16666666666666666,0.030053369748306635,0.5635028221864702,-0.06675932796226286,-0.042355554460360045,,-0.06675932796226286,,,-0.0595080732222348,-0.03333791141631587,0.0034733374724322834
ticker,CRWV,all,weighted_net,90,60D,all,0,6,0.5,0.5,0.1876163064826506,0.8123836935173494,-0.02033275936553719,-0.02379036612383656,0.20650262307014322,-0.2471681418012176,0.8354742709366679,0.8354742709366679,-0.05841210185385778,-0.0627737856757778,0.57196620091882
ticker,CRWV,all,weighted_net,90,90D,all,0,5,0.2,0.4,0.11762077423264783,0.769275718723987,-0.15949405110624848,-0.12058166527966363,0.24157894736842112,-0.2597623007249159,0.9300000296203463,0.23250000740508658,-0.16783935872831732,-0.17868366657081913,0.17245171650236998
ticker,EOSE,all,weighted_net,30,1D,all,0,5,0.4,0.4,0.11762077423264783,0.769275718723987,-0.014699688367902964,-0.018050541516245522,0.05648214357574233,-0.06215424299699982,0.9087415573297017,0.6058277048864679,-0.01814265416389673,-0.02043011289595076,0.5251327368630888
ticker,EOSE,all,weighted_net,30,20D,all,0,5,0.0,0.0,0.0,0.43448246478317476,-0.2573030272270521,-0.2168968318440292,,-0.2573030272270521,,,-0.2356057177663308,-0.18792915338626226,
ticker,EOSE,all,weighted_net,30,5D,all,0,5,0.4,0.4,0.11762077423264783,0.769275718723987,-0.07188877503627689,-0.0778210116731517,0.06394818570795957,-0.16244674886576785,0.39365629755262693,0.26243753170175127,-0.0663398428137437,-0.07459368699084146,0.240795373631339
ticker,GLD,all,author_net,30,1D,all,0,7,0.5714285714285714,0.42857142857142855,0.15821985525146975,0.7495416354723428,0.0003270158042022623,0.0018830640474252203,0.004733461679003875,-0.008322368043299833,0.5687638006846727,1.1375276013693454,-0.0003642519910193836,0.0,0.8317572509684016
ticker,GLD,all,author_net,30,20D,all,0,7,0.42857142857142855,0.42857142857142855,0.15821985525146975,0.7495416354723428,0.009326216019794569,-0.03106388448519648,0.07483723048847497,-0.03980704483171574,1.879999653449517,1.4099997400871378,-0.006596274288686635,-0.04279468435195777,0.8539480742888463
ticker,GLD,all,author_net,30,5D,all,0,7,0.8571428571428571,0.5714285714285714,0.2504583645276572,0.8417801447485302,0.023233771083793826,0.028149122166216234,0.027286142892778625,-0.0010804597701149499,25.254196081614086,151.52517648968453,0.01505880307940807,0.017639331925930035,2.758342271713136
ticker,GLD,all,author_net,7,1D,all,0,7,0.42857142857142855,0.5714285714285714,0.2504583645276572,0.8417801447485302,-0.0007627230422258467,0.0,0.005683594222863427,-0.007463281321390403,0.7615409332854384,0.7615409332854384,0.0007436456409245665,0.0004718546449276051,1.5626626449017675
ticker,GLD,all,author_net,7,20D,all,0,7,0.5714285714285714,0.5714285714285714,0.2504583645276572,0.8417801447485302,0.051597680367625305,0.054069694301170035,0.11715401418597485,-0.035810764723507416,3.271474795093413,4.361966393457884,0.0393572875326158,0.060977924235833925,2.2055085450947125
ticker,GLD,all,author_net,7,5D,all,0,7,0.8571428571428571,0.7142857142857143,0.35893445183261935,0.9177810759959433,0.02612026785447338,0.028149122166216234,0.030653722458571436,-0.0010804597701149499,28.370998445698902,170.2259906741934,0.019403837223750737,0.023117388871353173,3.579729879791145
ticker,GLD,all,author_net,7,60D,all,0,5,0.6,0.6,0.2307242812760128,0.882379225767352,-0.005308646316703603,0.04039136979427993,0.062073066920587894,-0.10638121617264085,0.583496496410161,0.8752447446152415,0.0075107937082287135,0.09939802993160785,1.1281397785949308
ticker,GLD,all,author_net,90,1D,all,0,9,0.5555555555555556,0.3333333333333333,0.1205838183869109,0.6457978644196036,-0.0022268986346131417,0.0006449705732176625,0.003604730639581577,-0.00951643522735654,0.378790014691551,0.4734875183644387,-0.0012449857723695582,-0.0008743103358496152,0.46474705912751435
ticker,GLD,all,author_net,90,20D,all,0,8,0.375,0.375,0.13684428582359742,0.6942576053973727,-0.008552063773836174,-0.03349775628066343,0.05697214308858852,-0.04786658789129099,1.1902277893293127,0.7141366735975876,-0.002646019959860399,-0.0393538261730364,0.9220943550238899
ticker,GLD,all,author_net,90,5D,all,0,8,0.625,0.5,0.21521606221387757,0.7847839377861224,0.013969752498452906,0.005110446534458246,0.027056380239526657,-0.00784129373667001,3.4504995155323415,5.750832525887236,0.011102226459137984,0.005150846564397016,2.4715467479329396
ticker,GLD,all,author_net,90,60D,all,0,6,0.5,0.5,0.1876163064826506,0.8123836935173494,-0.03355399448501043,-0.0027852481036401144,0.09942265524039799,-0.16653064421041885,0.5970231828009568,0.5970231828009568,0.001542255637638601,0.03112111085768471,1.0203904254591172
ticker,GLD,all,author_net,90,90D,all,0,5,0.4,0.2,0.03622410863243014,0.6244653702374747,-0.04287090725225651,-0.07447635905275285,0.08324035579879668,-0.1269450826196253,0.6557194188310213,0.43714627922068083,-0.034197731767747964,-0.04810120021494768,0.5610266621463397
ticker,GLD,all,weighted_net,3,1D,all,0,6,0.5,0.5,0.1876163064826506,0.8123836935173494,-0.0008754600498999862,0.0001400634818115032,0.008576218753217235,-0.010327138853017207,0.8304544826287081,0.8304544826287081,-0.0021626589032726815,-0.0018206090564691912,0.3870797938718872
ticker,GLD,all,weighted_net,3,20D,all,0,6,0.3333333333333333,0.3333333333333333,0.09677141110578041,0.700006684861608,0.0019814109277808503,-0.025533423127278243,0.08166659206261129,-0.03786117963963437,2.1570007284485118,1.0785003642242559,-0.03394790517162283,-0.061896638129439074,0.45220392613294497
ticker,GLD,all,weighted_net,3,5D,all,0,6,0.6666666666666666,0.3333333333333333,0.09677141110578041,0.700006684861608,0.00711710695663124,0.010235189094044861,0.015916370126362156,-0.010481419382830592,1.5185319416218046,3.037063883243609,-0.004993972479386877,-0.012007764295894785,0.6083570509565344
ticker,GLD,all,weighted_net,3,60D,all,0,5,0.2,0.2,0.03622410863243014,0.6244653702374747,-0.08535883839085975,-0.14057457157143516,0.0661114763678865,-0.12322641708054632,0.5365040868198989,0.13412602170497473,-0.14910989826292936,-0.2416848777557371,0.13225494244541725
ticker,GLD,all,weighted_net,30,1D,all,0,8,0.625,0.75,0.40927543031016883,0.9285207872478909,7.337990909669911e-06,0.006297360998805179,0.008937462299528364,-0.014876202523454821,0.6007892326981271,1.001315387830212,0.0021921269145432076,0.0031425564617030277,1.7067105173953379
ticker,GLD,all,weighted_net,30,20D,all,0,8,0.625,0.625,0.30574239460262737,0.8631557141764026,0.040320996984711824,0.020553269790146045,0.08845107154315941,-0.03989579394603415,2.2170525460103523,3.69508757668392,0.03295002896633717,0.031511415036473034,2.226796776252485
ticker,GLD,all,weighted_net,30,5D,all,0,8,0.625,0.625,0.30574239460262737,0.8631557141764026,0.01027411126047166,0.019546911615040574,0.028460860177844972,-0.020037136935150524,1.4204055334830283,2.367342555805047,0.00958724120916217,0.008948180035974362,2.1583145702751567
ticker,GLD,all,weighted_net,30,60D,all,0,7,0.42857142857142855,0.42857142857142855,0.15821985525146975,0.7495416354723428,-0.03298098708444784,-0.058810502226924966,0.12412020560509052,-0.1508068816016016,0.8230407278958836,0.6172805459219127,-0.03669959714461411,-0.11153867538508022,0.657839159152277
ticker,GLD,all,weighted_net,30,90D,all,0,6,0.5,0.5,0.1876163064826506,0.8123836935173494,-0.02535939747211476,-0.009525800056158773,0.14557805425172674,-0.19629684919595625,0.7416219610657188,0.7416219610657188,-0.035485965115168806,-0.016379347994307625,0.6252478321516309
ticker,GLD,all,weighted_net,7,1D,all,0,9,0.6666666666666666,0.7777777777777778,0.45258896910698887,0.9367748928821533,0.00010233079579353216,0.0027941034781771013,0.0038851368543854994,-0.007463281321390403,0.520566850836825,1.04113370167365,0.0032308654284632673,0.0035674265005367634,4.143007269154621
ticker,GLD,all,weighted_net,7,20D,all,0,9,0.5555555555555556,0.5555555555555556,0.26665129349549305,0.8112214789023355,0.03228142320337216,0.03426639860371594,0.09813028551775041,-0.05002965468960063,1.9614423910494863,2.4518029888118575,0.020681206473217792,0.05707560846855553,1.5790558035282247
ticker,GLD,all,weighted_net,7,5D,all,0,9,0.7777777777777778,0.6666666666666666,0.3542021355803963,0.879416181613089,0.022998699042352917,0.026668339187154944,0.0337938940332552,-0.014784483425805073,2.2857676565331193,8.000186797865917,0.020601229674347285,0.023117388871353173,3.219734034494116
ticker,GLD,all,weighted_net,7,60D,all,0,6,0.5,0.5,0.1876163064826506,0.8123836935173494,-0.023549234952654763,-0.02125538749792799,0.04975964065772931,-0.09685811056303884,0.5137374698770724,0.5137374698770724,-0.022433276057636602,0.00210499229012856,0.6574714246050704
ticker,GLD,all,weighted_net,7,90D,all,0,5,0.4,0.4,0.11762077423264783,0.769275718723987,-0.03366196759524058,-0.02132286889508761,0.10832330494663528,-0.12831881595649117,0.8441731957951067,0.5627821305300712,-0.05284996849080996,-0.10197708661252436,0.468645188944159
ticker,GLD,all,weighted_net,90,1D,all,0,5,0.8,0.6,0.2307242812760128,0.882379225767352,0.002414871140739816,0.006111963376920659,0.005053685196945934,-0.008140385084084656,0.6208164779362149,2.4832659117448594,0.0025592536250788277,0.0004718546449276051,6.459115692596997
ticker,GOOG,all,weighted_net,30,1D,all,0,6,0.16666666666666666,0.3333333333333333,0.09677141110578041,0.700006684861608,-0.006913306259005454,-0.006037731224510845,0.009836882081932341,-0.010263343927193014,0.9584480605652559,0.1916896121130512,-0.0045438447629223,-0.002163769438996266,0.1603814865582253
ticker,GOOG,all,weighted_net,30,20D,all,0,5,0.6,0.6,0.2307242812760128,0.882379225767352,0.03500905775925141,0.06671057420663118,0.08501659236351962,-0.04000224414715092,2.1252955721879108,3.187943358281866,0.016501168350868366,0.03690302890066843,2.1515549062262456
ticker,GOOG,all,weighted_net,30,5D,all,0,6,0.16666666666666666,0.3333333333333333,0.09677141110578041,0.700006684861608,-0.019108267122650863,-0.029655217468781747,0.10393954625023838,-0.04371782979722871,2.3775092847089847,0.475501856941797,-0.005316844872931048,-0.0230096498141224,0.7662571728930501
ticker,GOOGL,all,author_net,3,1D,all,0,6,0.8333333333333334,0.8333333333333334,0.43649717781352987,0.9699466302516935,0.01721346848178314,0.017711716741410366,0.022082665479576845,-0.0071325165071853824,3.096055292312398,15.480276461561992,0.013943071038180802,0.012630327738491154,31.066941817787256
ticker,GOOGL,all,author_net,3,20D,all,0,5,0.8,0.6,0.2307242812760128,0.882379225767352,0.08228298666160763,0.11090285531982769,0.10398939937980267,-0.0045426642111725535,22.891720485094122,91.56688194037649,0.07377144349683065,0.09188845046766692,17.55922488456338
ticker,GOOGL,all,author_net,3,5D,all,0,5,1.0,0.8,0.37553462976252533,0.9637758913675698,0.030699083317930143,0.012891344383056946,0.030699083317930143,,,,0.025820676496360308,0.026940055120324602,14.825642089255757
ticker,GOOGL,all,author_net,30,1D,all,0,7,0.8571428571428571,1.0,0.6456695649333126,1.0,0.011649731310167872,0.0043200000000001015,0.014876233378983658,-0.007709281102726839,1.929652477417357,11.577914864504141,0.011369090245702016,0.004952777894959071,
ticker,GOOGL,all,author_net,30,20D,all,0,6,0.6666666666666666,0.6666666666666666,0.299993315138392,0.9032285888942195,0.07229831270736568,0.052230849879175145,0.11474535691231069,-0.012595775702524348,9.109828534761405,18.21965706952281,0.05381217356771092,0.05610115570258267,8.883988969263251
ticker,GOOGL,all,author_net,30,5D,all,0,6,0.8333333333333334,0.5,0.1876163064826506,0.8123836935173494,0.022176318859419508,0.009523936377422992,0.029032949558376098,-0.01210683463536344,2.3980627829484304,11.990313914742153,0.011633514364626932,0.005505426989432682,4.006146822650845
ticker,GOOGL,all,author_net,30,60D,all,0,5,0.6,0.6,0.2307242812760128,0.882379225767352,0.12965548128193394,0.16007358124022208,0.25845388153086796,-0.06354211909146712,4.067441961745574,6.1011629426183625,0.10088431045329253,0.045239508752074054,12.403970495800804
ticker,GOOGL,all,author_net,7,1D,all,0,15,0.6,0.6666666666666666,0.41713547738519774,0.8482367556028526,0.0018902346938171868,0.0012398756903853059,0.01379900518205288,-0.015972921038536352,0.8638999184157568,1.2958498776236351,0.0018304550294792573,0.004705306036531409,1.350337383012201
ticker,GOOGL,all,author_net,7,20D,all,0,13,0.6153846153846154,0.6153846153846154,0.355228915126657,0.8229029220223743,0.07289468292351618,0.10700477157229127,0.15230956855561623,-0.05416913408784387,2.811740876430146,4.498785402288234,0.05098230614998874,0.0835123360299942,3.65625501846985
ticker,GOOGL,all,author_net,7,5D,all,0,14,0.7857142857142857,0.5714285714285714,0.3259064457965074,0.7861920109552588,0.0259114085510441,0.025465895855269705,0.042158113744430945,-0.03365984382470766,1.2524750252550256,4.592408425935094,0.012876537520765776,0.01400797580973967,2.3955284507383365
ticker,GOOGL,all,author_net,7,60D,all,0,9,0.8888888888888888,0.7777777777777778,0.45258896910698887,0.9367748928821533,0.162588403008136,0.19058633862545116,0.1861654831570198,-0.026028238182934316,7.152442737329841,57.21954189863873,0.10621138014226844,0.057491192230737065,50.32541221818958
ticker,GOOGL,all,author_net,7,90D,all,0,6,1.0,0.8333333333333334,0.43649717781352987,0.9699466302516935,0.13570782896721012,0.1431759871103112,0.13570782896721012,,,,0.09689051906617423,0.1105442809851423,20.605491932598742
ticker,GOOGL,all,weighted_net,3,1D,all,0,8,0.75,0.75,0.40927543031016883,0.9285207872478909,0.013755942005334004,0.017711716741410366,0.021730632268304073,-0.010168128783576202,2.137131888357265,6.4113956650717965,0.008846794077495432,0.012630327738491154,3.4050106707160643
ticker,GOOGL,all,weighted_net,3,20D,all,0,7,0.7142857142857143,0.5714285714285714,0.2504583645276572,0.8417801447485302,0.060976365345540184,0.1030166654946909,0.10379485260278032,-0.04606985279756015,2.252988587979106,5.632471469947766,0.055451195250938445,0.09188845046766692,5.020377657252646
ticker,GOOGL,all,weighted_net,3,5D,all,0,7,0.7142857142857143,0.5714285714285714,0.2504583645276572,0.8417801447485302,0.00996672807012487,0.00925187430212171,0.030699083317930143,-0.04186416004938831,0.7333022633611562,1.8332556584028905,0.007641028254059577,0.011472452855866289,1.6296007555764669
ticker,GOOGL,all,weighted_net,3,60D,all,0,6,0.8333333333333334,0.8333333333333334,0.43649717781352987,0.9699466302516935,0.18073823363746686,0.17890382534105276,0.22209152800154705,-0.026028238182934316,8.53271460175755,42.66357300878775,0.16253259593208472,0.16768203768606704,204.6621404091824
ticker,GOOGL,all,weighted_net,3,90D,all,0,6,1.0,1.0,0.6096657120978346,1.0,0.13628363792174972,0.13404343689829268,0.13628363792174972,,,,0.11390476900259634,0.11055534435027775,
ticker,GOOGL,all,weighted_net,7,1D,all,0,14,0.7142857142857143,0.7142857142857143,0.4535091567010681,0.8827862135542308,0.00850063719696378,0.009581904785980422,0.016036726252248855,-0.01033958544124891,1.5510028272769698,3.8775070681924246,0.0073043711892596,0.0049130517397520945,4.2750180495237355
ticker,GOOGL,all,weighted_net,7,20D,all,0,12,0.5833333333333334,0.5833333333333334,0.31951131254954973,0.8067396863412435,0.06836811137550537,0.07496895621414035,0.15790133407823112,-0.05697840040831068,2.771248981134966,3.8797485735889525,0.04587295006986297,0.0475873553633161,3.114381936624812
ticker,GOOGL,all,weighted_net,7,5D,all,0,13,0.6923076923076923,0.6153846153846154,0.355228915126657,0.8229029220223743,0.025900432343668303,0.03804044732748246,0.05030513530195475,-0.029010149312476197,1.7340529605726767,3.9016191612885223,0.013973793284575589,0.01654349876361305,2.4215436287851366
ticker,GOOGL,all,weighted_net,7,60D,all,0,8,0.875,0.75,0.40927543031016883,0.9285207872478909,0.15908866105597164,0.17663436267395516,0.18553393237581534,-0.026028238182934316,7.12817867547649,49.89725072833543,0.09807777329992536,0.05136535049140556,41.48720028122459
ticker,GOOGL,all,weighted_net,7,90D,all,0,5,1.0,0.8,0.37553462976252533,0.9637758913675698,0.14717631446765805,0.15907444084826827,0.14717631446765805,,,,0.09614893002414318,0.12049009769395513,17.212861434434156
ticker,HOOD,all,author_net,30,1D,all,0,8,0.375,0.375,0.13684428582359742,0.6942576053973727,-0.017092916640662384,-0.011105640897036029,0.010592055066894016,-0.03370389966519623,0.31426793849115703,0.18856076309469424,-0.014171117922372231,-0.007198043842294055,0.20585734752063417
ticker,HOOD,all,author_net,30,20D,all,0,7,0.42857142857142855,0.42857142857142855,0.15821985525146975,0.7495416354723428,-0.05225406546869893,-0.034867503486750384,0.07130686510711833,-0.14492476340056187,0.49202678295931496,0.3690200872194862,-0.07376026589546966,-0.01093312291025228,0.08393171701435306
ticker,HOOD,all,author_net,30,5D,all,0,8,0.25,0.25,0.071479212752109,0.5907245696898311,-0.025723113297165617,-0.03971901734982086,0.14405439642745044,-0.0823156165387043,1.7500251165550944,0.5833417055183647,-0.02875441454800237,-0.02847091597109025,0.4812498458969813
ticker,HOOD,all,author_net,30,60D,all,0,7,0.2857142857142857,0.2857142857142857,0.08221892400405678,0.6410655481673808,0.00021343641156124082,-0.19119070667957405,0.5788710921323593,-0.231249625876758,2.503230394157967,1.0012921576631868,-0.04848671717696378,-0.23498091329427184,0.7310262251693456
ticker,HOOD,all,author_net,30,90D,all,0,5,0.2,0.2,0.03622410863243014,0.6244653702374747,-0.2560733785059786,-0.3213754646840148,0.309116267275263,-0.39737078995128894,0.7779038497347918,0.19447596243369794,-0.3031366685571372,-0.3954369505771207,0.14277768581941264
ticker,HOOD,all,author_net,7,1D,all,0,10,0.2,0.2,0.05668215145437519,0.5098375284633583,-0.023654936497964373,-0.020348564559437565,0.01790154400567645,-0.03404405662387458,0.5258346325602798,0.13145865814006996,-0.021358361048279095,-0.02277022430818798,0.13041662046292568
ticker,HOOD,all,author_net,7,20D,all,0,9,0.2222222222222222,0.3333333333333333,0.1205838183869109,0.6457978644196036,-0.08700238159504331,-0.12939698492462304,0.10129700046741646,-0.1408022050414604,0.7194276569574227,0.2055507591306922,-0.09536242403746725,-0.1043028653376612,0.1367955760320218
ticker,HOOD,all,author_net,7,5D,all,0,10,0.2,0.2,0.05668215145437519,0.5098375284633583,-0.0240446713630198,-0.04715302912661967,0.12499192786970004,-0.06130382117119976,2.038892934922312,0.509723233730578,-0.023614609391908535,-0.03748842061477986,0.5044717970898183
ticker,HOOD,all,author_net,7,60D,all,0,7,0.5714285714285714,0.2857142857142857,0.08221892400405678,0.6410655481673808,0.05557029719107519,0.032977993890655144,0.2597094258051797,-0.21661520762773082,1.1989436413509316,1.598591521801242,-0.001673875448094862,-0.0799299917081171,0.9858788117959859
ticker,HOOD,all,author_net_shift,30,1D,all,0,5,0.4,0.4,0.11762077423264783,0.769275718723987,-0.011370438898453395,-0.01236979166666674,0.014573388124497821,-0.02866632358042087,0.5083800886993217,0.33892005913288115,-0.010028444183787077,-0.00828632231344728,0.36708351863416855
ticker,HOOD,all,weighted_net,30,1D,all,0,11,0.36363636363636365,0.36363636363636365,0.15166471095367573,0.6461988254921511,-0.006655612282408246,-0.013122236485522798,0.020281070431344972,-0.02204800240455294,0.9198597704777511,0.5256341545587149,-0.005682419341336529,-0.009824168193907523,0.5533027170852709
ticker,HOOD,all,weighted_net,30,20D,all,0,10,0.4,0.3,0.10779126740630099,0.6032218525388546,-0.06417177992868356,-0.06714171008402103,0.08212750800000476,-0.16170463854780912,0.5078859130916222,0.33859060872774815,-0.0767614222512867,-0.0446002723544926,0.17037057121138247
ticker,HOOD,all,weighted_net,30,5D,all,0,11,0.36363636363636365,0.36363636363636365,0.15166471095367573,0.6461988254921511,-0.03573257194000321,-0.0989778534923339,0.08251818165520858,-0.10330443113726709,0.798786467790152,0.45644941016580115,-0.02953853207148869,-0.07322622514397525,0.48290461178420835
ticker,HOOD,all,weighted_net,30,60D,all,0,9,0.4444444444444444,0.4444444444444444,0.18877852109766452,0.733348706504507,0.06442442921560036,-0.09248350612629586,0.4731408857380691,-0.26254873600237466,1.8021068885808298,1.441685510864664,0.02947028404203764,-0.1423079962774374,1.1907854364555666
ticker,HOOD,all,weighted_net,30,90D,all,0,7,0.42857142857142855,0.42857142857142855,0.15821985525146975,0.7495416354723428,-0.08873739280042271,-0.3232662192393736,0.3366605623526177,-0.40778585916520305,0.8255817478365013,0.619186310877376,-0.11532582135891407,-0.35756616534986163,0.5491587685446576
ticker,HOOD,all,weighted_net,7,1D,all,0,10,0.2,0.2,0.05668215145437519,0.5098375284633583,-0.023654936497964373,-0.020348564559437565,0.01790154400567645,-0.03404405662387458,0.5258346325602798,0.13145865814006996,-0.021358361048279095,-0.02277022430818798,0.13041662046292568
ticker,HOOD,all,weighted_net,7,20D,all,0,9,0.2222222222222222,0.3333333333333333,0.1205838183869109,0.6457978644196036,-0.08700238159504331,-0.12939698492462304,0.10129700046741646,-0.1408022050414604,0.7194276569574227,0.2055507591306922,-0.09536242403746725,-0.1043028653376612,0.1367955760320218
ticker,HOOD,all,weighted_net,7,5D,all,0,10,0.2,0.2,0.05668215145437519,0.5098375284633583,-0.0240446713630198,-0.04715302912661967,0.12499192786970004,-0.06130382117119976,2.038892934922312,0.509723233730578,-0.023614609391908535,-0.03748842061477986,0.5044717970898183
ticker,HOOD,all,weighted_net,7,60D,all,0,7,0.5714285714285714,0.2857142857142857,0.08221892400405678,0.6410655481673808,0.05557029719107519,0.032977993890655144,0.2597094258051797,-0.21661520762773082,1.1989436413509316,1.598591521801242,-0.001673875448094862,-0.0799299917081171,0.9858788117959859
ticker,IBIT,all,author_net,30,1D,all,0,7,0.14285714285714285,0.42857142857142855,0.15821985525146975,0.7495416354723428,-0.014898141441750215,-0.018373729476153233,0.00369173973234882,-0.017996454970766722,0.2051370527331993,0.034189508788866556,-0.00891307454631234,-0.01249171995984999,0.19713147846514237
ticker,IBIT,all,author_net,30,20D,all,0,6,0.0,0.3333333333333333,0.09677141110578041,0.700006684861608,-0.05658152818963528,-0.03618435551808974,,-0.06789783382756234,,,-0.06656377047644535,-0.05707586382582602,0.08772842069007915
ticker,IBIT,all,author_net,30,5D,all,0,7,0.42857142857142855,0.5714285714285714,0.2504583645276572,0.8417801447485302,-0.003991931854795865,-0.006813417190775883,0.0428652835654022,-0.039134843419944415,1.0953227308316411,0.8214920481237309,-0.00607006448669456,0.0045407173865243955,0.7077274347166621
ticker,IBIT,all,author_net,30,60D,all,0,5,0.4,0.4,0.11762077423264783,0.769275718723987,-0.02873772363348546,-0.19316688567674123,0.24252535714130508,-0.2095797774833458,1.1571982757762842,0.7714655171841894,0.01588526437858313,-0.1332567409465435,1.1915799738403012
ticker,IBIT,all,author_net,30,90D,all,0,5,1.0,1.0,0.5655175352168251,1.0,0.09886802151244707,0.11242138364779874,0.09886802151244707,,,,0.15744268284069132,0.16334381520285546,
ticker,IBIT,all,author_net,90,1D,all,0,5,0.4,0.6,0.2307242812760128,0.882379225767352,-0.003759893073853027,-0.001718039413845407,0.004694061264636451,-0.009395862632846011,0.4995881110720983,0.3330587407147322,0.00040840870695288964,0.005120738888558796,1.1206359163138566
ticker,IBIT,all,author_net,90,5D,all,0,5,0.2,0.2,0.03622410863243014,0.6244653702374747,-0.011021276001402546,-0.024065653765110273,0.04788897576231421,-0.025748838942331737,1.859849908944187,0.4649624772360467,-0.013833398757938742,-0.02507265975376094,0.2869505145553384
ticker,IBIT,all,high_low_divergence,90,1D,all,0,5,0.4,0.4,0.11762077423264783,0.769275718723987,-0.010524754907500466,-0.007602113129751453,0.009521562125817506,-0.02388896626304578,0.39857572826608917,0.2657171521773928,-0.006431998182226839,-0.0036883082108447596,0.4068977415652044
ticker,IBIT,all,weighted_net,30,1D,all,0,7,0.2857142857142857,0.5714285714285714,0.2504583645276572,0.8417801447485302,-0.008074475559310781,-0.004250495891187311,0.004694061264636451,-0.013181890288889674,0.3560992514550686,0.14243970058202743,-0.0036589517457670567,0.004597990587303369,0.47920597071927856
ticker,IBIT,all,weighted_net,30,20D,all,0,6,0.3333333333333333,0.3333333333333333,0.09677141110578041,0.700006684861608,-0.039854201261232326,-0.008995902442133885,0.0227724326999027,-0.07116751824179984,0.3199835158299428,0.1599917579149714,-0.04211011458782449,-0.016052910183085023,0.1676765098425097
ticker,IBIT,all,weighted_net,30,5D,all,0,7,0.42857142857142855,0.42857142857142855,0.15821985525146975,0.7495416354723428,0.005245150260855369,-0.00807568066451314,0.04382134875527188,-0.023686998609957016,1.850016942916999,1.387512707187749,0.0010662273685186272,-0.0075736624869930935,1.0757532735599051
ticker,IBIT,all,weighted_net,90,1D,all,0,14,0.42857142857142855,0.7142857142857143,0.4535091567010681,0.8827862135542308,0.0032889873384313755,-0.002568560573090073,0.015083327824148285,-0.005556768025856307,2.7144066036163026,2.035804952712227,0.004034139690149969,0.006218403117650373,2.7532345949651136
ticker,IBIT,all,weighted_net,90,20D,all,0,14,0.5714285714285714,0.6428571428571429,0.38764423103907397,0.8365526824644587,0.016028502735844115,0.008653602633355129,0.08914702978640363,-0.08146286666490189,1.0943271877861922,1.4591029170482561,0.02027017153101936,0.014302440949905904,1.5682906949472581
ticker,IBIT,all,weighted_net,90,5D,all,0,14,0.6428571428571429,0.6428571428571429,0.38764423103907397,0.8365526824644587,0.02181147935500733,0.039903859111782625,0.057829480411025994,-0.043020922545826255,1.3442175803976666,2.4195916447158,0.019688212663858697,0.025695806056545256,2.4979798712259513
ticker,IBIT,all,weighted_net,90,60D,all,0,11,0.45454545454545453,0.45454545454545453,0.21271271622459764,0.719908462590678,-0.0021996184457907216,-0.09565654029625903,0.19874694739114093,-0.1696550899765671,1.1714764786520229,0.9762303988766856,-0.0014634989015254276,-0.05403080706788277,0.9850026187148563
ticker,IBIT,all,weighted_net,90,90D,all,0,9,0.4444444444444444,0.4444444444444444,0.18877852109766452,0.733348706504507,-0.03706932777063448,-0.02379619260918253,0.1429611863944536,-0.18109373910270493,0.7894319654716226,0.631545572377298,-0.025408319349759304,-0.11600912705704869,0.7778971413286234
ticker,INTC,all,author_net,1,1D,all,0,5,0.4,0.4,0.11762077423264783,0.769275718723987,0.006370893689912749,-0.0020374143359881414,0.037009965389911526,-0.014055154110086435,2.6331952748459706,1.7554635165639805,0.006715324020369539,-0.0032625944507823634,1.7724772298181906
ticker,INTC,all,author_net,3,1D,all,0,10,0.5,0.5,0.236593090512564,0.7634069094874361,0.008943236483719374,0.004640260821862474,0.041484497057150585,-0.023598024089711834,1.7579648575423237,1.7579648575423235,0.00959802313069158,0.007850959414191616,1.860524419148733
ticker,INTC,all,author_net,3,20D,all,0,7,0.5714285714285714,0.5714285714285714,0.2504583645276572,0.8417801447485302,0.18437335842760325,0.07387692154619185,0.37682112347816954,-0.07222366163981846,5.217419262919508,6.956559017226011,0.15954823889593306,0.021505667545609786,5.939721044592921
ticker,INTC,all,author_net,3,5D,all,0,9,0.8888888888888888,0.8888888888888888,0.5650002944233439,0.9801091123614551,0.1080512932076474,0.12225225225225222,0.13783102425390728,-0.1301865551624316,1.058719343805801,8.469754750446407,0.10279141234549534,0.12441809383641067,7.978109832732525
ticker,INTC,all,author_net,7,1D,all,0,5,0.8,0.8,0.37553462976252533,0.9637758913675698,0.02318272735367428,0.031180811808118047,0.037835753162060004,-0.03542937587986861,1.0679203971966869,4.271681588786747,0.0206269823832226,0.024546055791630828,3.830958801291928
ticker,INTC,all,author_net,7,5D,all,0,5,0.8,1.0,0.5655175352168251,1.0,0.14117929889965944,0.1431252932895355,0.17961065498988793,-0.012546125461254554,14.316025735958782,57.26410294383513,0.13548574023101792,0.14088958584782363,
ticker,INTC,all,weighted_net,1,1D,all,0,5,0.4,0.4,0.11762077423264783,0.769275718723987,0.006370893689912749,-0.0020374143359881414,0.037009965389911526,-0.014055154110086435,2.6331952748459706,1.7554635165639805,0.006715324020369539,-0.0032625944507823634,1.7724772298181906
ticker,INTC,all,weighted_net,3,1D,all,0,10,0.5,0.5,0.236593090512564,0.7634069094874361,0.012852605589966315,0.005970889711069682,0.041484497057150585,-0.01577928587721795,2.6290478149613654,2.629047814961365,0.013113871515432007,0.007850959414191616,2.716960253215955
ticker,INTC,all,weighted_net,3,20D,all,0,7,0.5714285714285714,0.5714285714285714,0.2504583645276572,0.8417801447485302,0.18437335842760325,0.07387692154619185,0.37682112347816954,-0.07222366163981846,5.217419262919508,6.956559017226011,0.15954823889593306,0.021505667545609786,5.939721044592921
ticker,INTC,all,weighted_net,3,5D,all,0,9,0.8888888888888888,0.8888888888888888,0.5650002944233439,0.9801091123614551,0.1080512932076474,0.12225225225225222,0.13783102425390728,-0.1301865551624316,1.058719343805801,8.469754750446407,0.10279141234549534,0.12441809383641067,7.978109832732525
ticker,INTC,all,weighted_net,7,1D,all,0,7,0.7142857142857143,0.7142857142857143,0.35893445183261935,0.9177810759959433,0.022420157055696808,0.031180811808118047,0.03888157792114688,-0.018733395107928374,2.0755222263310595,5.188805565827649,0.0206816833045573,0.024546055791630828,4.647224714675715
ticker,INTC,all,weighted_net,7,20D,all,0,5,1.0,1.0,0.5655175352168251,1.0,0.3526244845989817,0.15604026845637597,0.3526244845989817,,,,0.3231861660390316,0.14812266561422505,
ticker,INTC,all,weighted_net,7,5D,all,0,6,0.8333333333333334,1.0,0.6096657120978346,1.0,0.12543278636865732,0.14214562156279353,0.15302856873463969,-0.012546125461254554,12.197277096202221,60.9863854810111,0.12002690672390291,0.13695734891955236,
ticker,INTC,all,weighted_net,90,1D,all,0,8,0.75,0.625,0.30574239460262737,0.8631557141764026,0.013324166976803414,0.00810659274791542,0.022754342679383865,-0.014966360130937939,1.5203658391426036,4.561097517427811,0.012496931372444717,0.005563141534948968,4.124665547995181
ticker,INTC,all,weighted_net,90,20D,all,0,8,0.625,0.625,0.30574239460262737,0.8631557141764026,0.1004015357411458,0.14789428210443334,0.265166973837769,-0.17420752775322623,1.5221326957431565,2.5368878262385945,0.09775974933906699,0.13125275260199298,2.5637103272772714
ticker,INTC,all,weighted_net,90,5D,all,0,8,0.75,0.75,0.40927543031016883,0.9285207872478909,0.024518730546021772,0.037974835918633376,0.07081490046223349,-0.11436977920261338,0.6191749337627064,1.8575248012881191,0.02004265345505704,0.03373205751139563,1.6793985583294835
ticker,INTC,all,weighted_net,90,60D,all,0,8,0.625,0.5,0.21521606221387757,0.7847839377861224,0.056545343749527605,0.10355120412006491,0.1779813521617116,-0.1458480036041124,1.2203207981154234,2.033867996859039,0.05223784773813431,0.08881525327001394,1.694109414798568
ticker,INTC,all,weighted_net,90,90D,all,0,8,0.625,0.625,0.30574239460262737,0.8631557141764026,0.13166208185532954,0.25887163329731866,1.250439220193106,-1.732966482040965,0.7215599569591372,1.2025999282652287,0.1273369675870955,0.24794668017219984,1.2028891946799458
ticker,IREN,all,author_net,1,1D,all,0,7,0.2857142857142857,0.2857142857142857,0.08221892400405678,0.6410655481673808,-0.038056848839120784,-0.039733090688504724,0.016092191005124157,-0.05971646477681876,0.26947661863886757,0.10779064745554703,-0.033395133625218766,-0.021891039791706923,0.10333030371447449
ticker,IREN,all,author_net,1,5D,all,0,6,0.0,0.0,2.7755575615628914e-17,0.3903342879021653,-0.10753783896463126,-0.10171503254027531,,-0.10753783896463126,,,-0.09423674014462952,-0.08430195010799535,
ticker,IREN,all,author_net,3,1D,all,0,9,0.5555555555555556,0.5555555555555556,0.26665129349549305,0.8112214789023355,-0.006342455208862958,0.009677762416250069,0.035742365770015064,-0.05894848143246048,0.6063322565987803,0.7579153207484753,-0.004488473146620165,0.00012090735440728473,0.800357652575706
ticker,IREN,all,author_net,3,20D,all,0,7,0.42857142857142855,0.42857142857142855,0.15821985525146975,0.7495416354723428,0.022269335199474462,-0.08180381670110604,0.2603209131233726,-0.15626934824344912,1.665847564154574,1.2493856731159305,0.025695456007163848,-0.07394266460799714,1.3420518011555318
ticker,IREN,all,author_net,3,5D,all,0,8,0.375,0.375,0.13684428582359742,0.6942576053973727,0.038649675834310074,-0.047213637072448744,0.24414675372033856,-0.08464857089730701,2.884239522679358,1.7305437136076145,0.0414060657796355,-0.027588534809100895,1.899008917925308
ticker,IREN,all,author_net,3,60D,all,0,6,0.3333333333333333,0.16666666666666666,0.030053369748306635,0.5635028221864702,-0.13777406229758643,-0.10682012834348281,0.015866035139867063,-0.21459411101631318,0.07393509106436265,0.036967545532181324,-0.10445523111713799,-0.11326473568599665,0.07963996755815203
ticker,IREN,all,author_net,3,90D,all,0,5,0.8,0.8,0.37553462976252533,0.9637758913675698,0.0765273172782888,0.15157408532879546,0.15561341651171828,-0.2398170796554291,0.6488837939954267,2.595535175981707,0.04570725359552012,0.08142590075232081,2.0123713036364537
ticker,IREN,all,author_net,30,1D,all,0,6,0.5,0.5,0.1876163064826506,0.8123836935173494,0.023815534626723662,0.016689373297002708,0.062324008383641015,-0.02203940869529053,2.8278439428803126,4.241765914320468,0.023000727699097074,0.012031523994591842,4.775982149213524
ticker,IREN,all,author_net,30,20D,all,0,6,0.16666666666666666,0.16666666666666666,0.030053369748306635,0.5635028221864702,-0.20822677131550701,-0.3337428468450277,0.4543596730245232,-0.34074406018351305,1.3334338763816473,0.2666867752763295,-0.19748902140332217,-0.31707791100622407,0.2516344591396601
ticker,IREN,all,author_net,30,5D,all,0,6,0.5,0.5,0.1876163064826506,0.8123836935173494,0.04263541593220908,-0.004616869570039817,0.191946679297507,-0.10667584743308885,1.7993452493349376,1.7993452493349376,0.04709210928853408,0.002948603149099671,2.1219289538861537
ticker,IREN,all,author_net,7,1D,all,0,14,0.42857142857142855,0.42857142857142855,0.21380798904474121,0.6740935542034926,-0.009633480955789293,-0.013604442266862748,0.038658457927557545,-0.04585243511829942,0.8431058858230452,0.632329414367284,-0.009185951742168519,-0.007939359429215476,0.6299889393923719
ticker,IREN,all,author_net,7,20D,all,0,12,0.25,0.25,0.08894166839405471,0.5323053349335657,-0.08819031933319506,-0.16785743684335208,0.3110108892310011,-0.22125738885459378,1.4056519912896182,0.46855066376320603,-0.09215579334710688,-0.18406031262978878,0.4271516710499936
ticker,IREN,all,author_net,7,5D,all,0,13,0.23076923076923078,0.23076923076923078,0.08179528718498569,0.5025637594672749,-0.033728579680474366,-0.08349598785512902,0.1908908224409298,-0.1011144003168956,1.8878697974044467,0.566360939221334,-0.03388882698664402,-0.06362703005675197,0.5547260493352194
ticker,IREN,all,author_net,7,60D,all,0,10,0.2,0.1,0.017876213095072896,0.4041500267952385,-0.16695473483991813,-0.13293446014710586,0.010098567943063519,-0.21121806053566355,0.047811100610680994,0.011952775152670249,-0.15490086025714717,-0.14974997505459953,0.040679762508691854
ticker,IREN,all,author_net,7,90D,all,0,9,0.4444444444444444,0.4444444444444444,0.18877852109766452,0.733348706504507,-0.0632024685736947,-0.09522224071916097,0.17151847201900317,-0.250979221047853,0.6833971007755283,0.5467176806204226,-0.08349185446330615,-0.15332424201031647,0.36728647693952643
ticker,IREN,all,author_net_shift,30,1D,all,0,5,1.0,1.0,0.5655175352168251,1.0,0.060025960340139496,0.07224823281006132,0.060025960340139496,,,,0.05207291830505232,0.06400882146922737,
ticker,IREN,all,author_net_shift,30,5D,all,0,5,0.4,0.4,0.11762077423264783,0.769275718723987,0.005342075241193944,-0.032055630936227875,0.12941709726766137,-0.07737460610978435,1.6726042790322655,1.1150695193548437,-0.004779111290173876,-0.016994377355818102,0.8985578315411504
ticker,IREN,all,weighted_net,1,1D,all,0,7,0.2857142857142857,0.2857142857142857,0.08221892400405678,0.6410655481673808,-0.03240176929837725,-0.021347309216413146,0.016092191005124157,-0.051799353419777816,0.3106639357969264,0.12426557431877057,-0.028235161901636188,-0.021891039791706923,0.1199488360681051
ticker,IREN,all,weighted_net,1,5D,all,0,6,0.0,0.0,2.7755575615628914e-17,0.3903342879021653,-0.10753783896463126,-0.10171503254027531,,-0.10753783896463126,,,-0.09423674014462952,-0.08430195010799535,
ticker,IREN,all,weighted_net,3,1D,all,0,11,0.6363636363636364,0.6363636363636364,0.35380117450784887,0.8483352890463243,0.0009113572410121815,0.021347309216413146,0.035116979340139416,-0.05894848143246048,0.5957232228344046,1.042515639960208,0.003003254796533446,0.022103036836268908,1.1632662401613638
ticker,IREN,all,weighted_net,3,20D,all,0,8,0.375,0.375,0.13684428582359742,0.6942576053973727,-0.01942775926229731,-0.0860030858971404,0.2603209131233726,-0.18727696269369926,1.3900316909194022,0.8340190145516414,-0.01740688644407533,-0.07886505633846352,0.8351960083945216
ticker,IREN,all,weighted_net,3,5D,all,0,9,0.4444444444444444,0.4444444444444444,0.18877852109766452,0.733348706504507,0.0405782748680322,-0.010411502231036263,0.19711183207470623,-0.08464857089730701,2.328590193375339,1.8628721547002711,0.04326904832878352,-0.0029013671944334574,2.0568902655551318
ticker,IREN,all,weighted_net,3,60D,all,0,6,0.3333333333333333,0.16666666666666666,0.030053369748306635,0.5635028221864702,-0.13777406229758643,-0.10682012834348281,0.015866035139867063,-0.21459411101631318,0.07393509106436265,0.036967545532181324,-0.10445523111713799,-0.11326473568599665,0.07963996755815203
ticker,IREN,all,weighted_net,3,90D,all,0,5,0.8,0.8,0.37553462976252533,0.9637758913675698,0.0765273172782888,0.15157408532879546,0.15561341651171828,-0.2398170796554291,0.6488837939954267,2.595535175981707,0.04570725359552012,0.08142590075232081,2.0123713036364537
ticker,IREN,all,weighted_net,7,1D,all,0,16,0.5,0.5,0.27999563610326017,0.7200043638967398,-0.004235106678134343,-0.0014395537327303587,0.03738222176203074,-0.04585243511829942,0.8152723332050847,0.8152723332050847,-0.0034482039568068668,-0.0033492671225785475,0.8412639972662884
ticker,IREN,all,weighted_net,7,20D,all,0,13,0.23076923076923078,0.23076923076923078,0.08179528718498569,0.5025637594672749,-0.10535317326869542,-0.23053567555844723,0.3110108892310011,-0.23026239201860438,1.3506803542884787,0.4052041062865436,-0.1096148310590794,-0.23403156667037806,0.36655683960854135
ticker,IREN,all,weighted_net,7,5D,all,0,14,0.2857142857142857,0.2857142857142857,0.11721378644576919,0.5464908432989318,-0.027318890622025534,-0.07146312162893975,0.15716988361514966,-0.1011144003168956,1.5543768555475233,0.6217507422190093,-0.027312988721743186,-0.06338413704293289,0.6135221032642822
ticker,IREN,all,weighted_net,7,60D,all,0,10,0.2,0.1,0.017876213095072896,0.4041500267952385,-0.16695473483991813,-0.13293446014710586,0.010098567943063519,-0.21121806053566355,0.047811100610680994,0.011952775152670249,-0.15490086025714717,-0.14974997505459953,0.040679762508691854
ticker,IREN,all,weighted_net,7,90D,all,0,9,0.4444444444444444,0.4444444444444444,0.18877852109766452,0.733348706504507,-0.0632024685736947,-0.09522224071916097,0.17151847201900317,-0.250979221047853,0.6833971007755283,0.5467176806204226,-0.08349185446330615,-0.15332424201031647,0.36728647693952643
ticker,IWM,all,author_net,1,1D,all,0,5,0.2,0.2,0.03622410863243014,0.6244653702374747,-0.006282202076504362,-0.004014989293361748,0.003190225691498405,-0.008650309018505054,0.3687990434415417,0.09219976086038542,-0.00400993851359015,-0.0034531832347269864,0.22737052853019807
ticker,IWM,all,author_net,3,1D,all,0,13,0.3076923076923077,0.38461538461538464,0.17709707797762575,0.6447710848733431,-0.0019331893049983062,-0.004014989293361748,0.011202216405953369,-0.0077711473987546065,1.4415138242968626,0.6406728107986056,-0.001244572990955962,-0.0034531832347269864,0.6826006681513446
ticker,IWM,all,author_net,3,20D,all,0,10,0.8,0.7,0.39677814746114537,0.8922087325936989,0.026774957867322625,0.03334176162134106,0.0416180883372019,-0.03259756401219449,1.2767238779447723,5.106895511779089,0.009286324165148508,0.011835584800664711,2.531850161955605
ticker,IWM,all,author_net,3,5D,all,0,11,0.6363636363636364,0.45454545454545453,0.21271271622459764,0.719908462590678,0.006785335722797593,0.006629233834450243,0.02388255759025523,-0.02313480254525327,1.0323216523477692,1.8065628916085958,0.00015674874332643525,-0.0019309377287528573,1.0199165199347546
ticker,IWM,all,author_net,30,1D,all,0,13,0.6153846153846154,0.5384615384615384,0.29143795714506004,0.7679393219046169,0.002905374251565716,0.003190225691498405,0.00844379560632344,-0.0059560999160466425,1.4176719204415233,2.2682750727064374,0.0007849752523597397,0.0016948441550779236,1.2807914457894733
ticker,IWM,all,author_net,30,20D,all,0,11,0.5454545454545454,0.45454545454545453,0.21271271622459764,0.719908462590678,0.012209230004132644,0.018992993543069048,0.05759893617279477,-0.0422584173982619,1.3630168785062884,1.635620254207546,-0.0034031943841337734,-0.00310788919835725,0.7563722109926735
ticker,IWM,all,author_net,30,5D,all,0,11,0.7272727272727273,0.45454545454545453,0.21271271622459764,0.719908462590678,0.010572935194188206,0.014521401961529623,0.028486172689568545,-0.03719569812682603,0.7658458941256957,2.042255717668522,-0.0026307271379427174,-0.0057247052896263195,0.7420437456668468
ticker,IWM,all,author_net,30,60D,all,0,7,0.8571428571428571,0.8571428571428571,0.4868721707256811,0.9743203756552565,0.07996683487439551,0.0740999506822293,0.09506544098280915,-0.010624801776086268,8.947502549814843,53.685015298889056,0.015696537875555756,0.019030523697304957,3.3894194144833567
ticker,IWM,all,author_net,30,90D,all,0,5,0.8,0.8,0.37553462976252533,0.9637758913675698,0.06695756137688198,0.10396867634760132,0.11897135304565926,-0.14109760529822712,0.8431847783256043,3.3727391133024174,0.021359008835333836,0.04012879625376198,2.6537275950576706
ticker,IWM,all,author_net,7,1D,all,0,15,0.4666666666666667,0.4,0.1982449614134158,0.6425316987937539,-0.001039210827652089,-0.00014824148537950776,0.00842633208918848,-0.009321560879887586,0.9039614929050485,0.7909663062919173,-0.0015328863925469542,-0.0034531832347269864,0.6083364714550175
ticker,IWM,all,author_net,7,20D,all,0,13,0.5384615384615384,0.46153846153846156,0.23206067809538303,0.7085620428549398,0.018268358691537825,0.018992993543069048,0.06420717158701317,-0.035326923019850076,1.8175138420896544,2.1204328157712635,-0.0023262284210042042,-0.0067567631686358265,0.8303971223242671
ticker,IWM,all,author_net,7,5D,all,0,13,0.6153846153846154,0.38461538461538464,0.17709707797762575,0.6447710848733431,0.00790715518729011,0.012740424132829276,0.026787225052646274,-0.022300956597279754,1.20116932813159,1.9218709250105444,-0.002680167938951496,-0.0019309377287528573,0.6326098118516809
ticker,IWM,all,author_net,7,60D,all,0,8,0.875,0.875,0.5291118177871464,0.9775825085499433,0.08228967033174821,0.07050413634398434,0.09556316634715313,-0.010624801776086268,8.994348163957428,62.96043714770199,0.02248767133401132,0.019610086871142962,25.438903624848642
ticker,IWM,all,author_net,7,90D,all,0,5,1.0,0.8,0.37553462976252533,0.9637758913675698,0.09940954605975683,0.09454765141217347,0.09940954605975683,,,,0.024207435336812556,0.04012879625376198,5.2318087432175835
ticker,IWM,all,author_net,90,1D,all,0,11,0.36363636363636365,0.36363636363636365,0.15166471095367573,0.6461988254921511,-0.00231739471405393,-0.0027132847918670544,0.007186202819606802,-0.0077480218761457765,0.9274887105999694,0.5299935489142682,-0.002547113172632171,-0.0028925776103574385,0.41820339631914677
ticker,IWM,all,author_net,90,20D,all,0,11,0.45454545454545453,0.36363636363636365,0.15166471095367573,0.6461988254921511,-0.006428139374705655,-0.014521401961529623,0.037986107397868674,-0.043440011685184264,0.8744497509153362,0.7287081257627802,-0.005636666248316521,-0.00310788919835725,0.6918164550162417
ticker,IWM,all,author_net,90,5D,all,0,11,0.5454545454545454,0.2727272727272727,0.09746059290024889,0.5656453011761291,-0.005324318508342655,0.0011405543093943038,0.012243325319526358,-0.026405491101785472,0.46366588193084185,0.5563990583170102,-0.006884487631807893,-0.005849416655646866,0.42626540067784197
ticker,IWM,all,author_net,90,60D,all,0,7,0.8571428571428571,0.7142857142857143,0.35893445183261935,0.9177810759959433,0.06187855452799814,0.0740999506822293,0.07396244724534555,-0.010624801776086268,6.961301378047,41.767808268281996,0.01629581041049664,0.019030523697304957,3.0177781562109574
ticker,IWM,all,author_net,90,90D,all,0,7,0.8571428571428571,0.8571428571428571,0.4868721707256811,0.9743203756552565,0.07182523735886849,0.10396867634760132,0.10731237780171776,-0.14109760529822712,0.7605542105048478,4.563325263029087,0.03745903852353506,0.04428840746321305,5.060388037459328
ticker,IWM,all,author_net_shift,90,1D,all,0,6,0.3333333333333333,0.16666666666666666,0.030053369748306635,0.5635028221864702,-0.0021597490902471317,-0.0016663177992353728,0.009995006748321877,-0.008237127009531636,1.2134093278829015,0.6067046639414507,-0.002910284460615753,-0.004511142812443025,0.40893776830453554
ticker,IWM,all,author_net_shift,90,20D,all,0,5,0.8,0.4,0.11762077423264783,0.769275718723987,0.02321707122290566,0.02899993136110912,0.04263488528013254,-0.054454185006001854,0.7829496534643461,3.1317986138573843,-0.0007645459930655241,-0.010426400848356332,0.953204079544588
ticker,IWM,all,author_net_shift,90,5D,all,0,6,0.6666666666666666,0.6666666666666666,0.299993315138392,0.9032285888942195,0.0035638529257628706,0.0034304318147369006,0.01955721028240981,-0.028422861787531006,0.6880802654076683,1.3761605308153366,0.0028278089695493724,0.004610245778950306,1.3981121534127328
ticker,IWM,all,weighted_net,1,1D,all,0,5,0.2,0.2,0.03622410863243014,0.6244653702374747,-0.006282202076504362,-0.004014989293361748,0.003190225691498405,-0.008650309018505054,0.3687990434415417,0.09219976086038542,-0.00400993851359015,-0.0034531832347269864,0.22737052853019807
ticker,IWM,all,weighted_net,3,1D,all,0,14,0.2857142857142857,0.42857142857142855,0.21380798904474121,0.6740935542034926,-0.0020460239750708336,-0.0036657571936368205,0.010422732054499617,-0.007033526386899014,1.4818643566779677,0.5927457426711871,-0.001073634076368449,-0.002803562161603046,0.7051327042399034
ticker,IWM,all,weighted_net,3,20D,all,0,12,0.6666666666666666,0.75,0.46769466506643426,0.9110583316059453,0.019648924121157485,0.022258527553622343,0.0416180883372019,-0.02428940431093135,1.713425648667384,3.426851297334768,0.010254266805921805,0.011835584800664711,3.029823640187701
ticker,IWM,all,weighted_net,3,5D,all,0,13,0.5384615384615384,0.5384615384615384,0.29143795714506004,0.7679393219046169,0.005074751926324646,0.0017172688556119642,0.02388255759025523,-0.0168676880149277,1.415876175153314,1.6518555376788664,0.0008132939501461852,0.00081599862939985,1.1221258491618453
ticker,IWM,all,weighted_net,7,1D,all,0,12,0.3333333333333333,0.3333333333333333,0.13812009109121315,0.6093779111272004,-0.0030224420595017696,-0.0030149049428894736,0.009117850827697754,-0.009092588503101531,1.0027783424475447,0.5013891712237724,-0.002921741407230024,-0.003997444221716551,0.33484585839417214
ticker,IWM,all,weighted_net,7,20D,all,0,11,0.5454545454545454,0.5454545454545454,0.280091537409322,0.7872872837754024,0.012576835929202536,0.007926664869236988,0.0551849690323404,-0.0385529237945629,1.4314081423864178,1.7176897708637011,0.0007219100206135739,0.006243196914937799,1.0526489693698502
ticker,IWM,all,weighted_net,7,5D,all,0,11,0.6363636363636364,0.45454545454545453,0.21271271622459764,0.719908462590678,0.0030573558390873945,0.0037206794284174727,0.016803065542937423,-0.020997636142650156,0.8002360565152965,1.400413098901769,-0.0011739197325939836,-0.0008297680978937017,0.7733768975921023
ticker,IWM,all,weighted_net,7,60D,all,0,7,0.8571428571428571,1.0,0.6456695649333126,1.0,0.07708934848993185,0.06690832200573937,0.0917083735342682,-0.010624801776086268,8.63153736577754,51.78922419466524,0.02672435042369998,0.022136341887688094,
ticker,IWM,all,weighted_net,7,90D,all,0,5,1.0,1.0,0.5655175352168251,1.0,0.10364959155135041,0.09454765141217347,0.10364959155135041,,,,0.03198505564395493,0.04012879625376198,
ticker,LITE,all,author_net,3,1D,all,0,8,0.375,0.375,0.13684428582359742,0.6942576053973727,-0.016035081417310942,-0.013617252405585256,0.020260170921058585,-0.03781223282033266,0.5358099591030802,0.32148597546184804,-0.018891532514271434,-0.012475279251490556,0.23333350145172213
ticker,LITE,all,author_net,3,20D,all,0,8,0.75,0.5,0.21521606221387757,0.7847839377861224,0.009949143893979898,0.025311778992106904,0.06247673112899595,-0.14763361781106826,0.42318769976191695,1.269563099285751,-0.017639251023628857,-0.008189939828376014,0.563620936641122
ticker,LITE,all,author_net,3,5D,all,0,8,0.5,0.5,0.21521606221387757,0.7847839377861224,-0.02323687601053666,-0.0008219993682285209,0.05195662107070048,-0.0984303730917738,0.5278515100441359,0.5278515100441359,-0.03202000611847883,-0.01861058207842442,0.3835334879805845
ticker,LITE,all,author_net,7,1D,all,0,10,0.4,0.4,0.16818032970623614,0.6873262302663417,-0.020457694304821705,-0.014062665024561216,0.02394328724823136,-0.050058348673523746,0.47830757271653973,0.3188717151443598,-0.024504501173033665,-0.012501603588637777,0.20489603339390217
ticker,LITE,all,author_net,7,20D,all,0,9,0.7777777777777778,0.6666666666666666,0.3542021355803963,0.879416181613089,0.06191877900116489,0.05464606871109057,0.12544750651187125,-0.16043176728630743,0.7819368235718362,2.7367788825014268,0.03718482195549855,0.018410444214875366,2.290420493964816
ticker,LITE,all,author_net,7,5D,all,0,10,0.6,0.6,0.31267376973365824,0.8318196702937638,-0.0006975056455407081,0.016190100493200354,0.07275787560123415,-0.11088057751570299,0.6561823290551505,0.9842734935827259,-0.008004710545653548,0.016748311589738607,0.818258717634456
ticker,LITE,all,author_net,7,60D,all,0,6,0.8333333333333334,0.6666666666666666,0.299993315138392,0.9032285888942195,0.2839652584237509,0.2552630660205226,0.37386045736478474,-0.1655107362814182,2.2588290389156938,11.29414519457847,0.17191474796737127,0.12479258300670004,4.141799945322826
ticker,LITE,all,weighted_net,3,1D,all,0,8,0.375,0.375,0.13684428582359742,0.6942576053973727,-0.016035081417310942,-0.013617252405585256,0.020260170921058585,-0.03781223282033266,0.5358099591030802,0.32148597546184804,-0.018891532514271434,-0.012475279251490556,0.23333350145172213
ticker,LITE,all,weighted_net,3,20D,all,0,8,0.75,0.5,0.21521606221387757,0.7847839377861224,0.009949143893979898,0.025311778992106904,0.06247673112899595,-0.14763361781106826,0.42318769976191695,1.269563099285751,-0.017639251023628857,-0.008189939828376014,0.563620936641122
ticker,LITE,all,weighted_net,3,5D,all,0,8,0.5,0.5,0.21521606221387757,0.7847839377861224,-0.02323687601053666,-0.0008219993682285209,0.05195662107070048,-0.0984303730917738,0.5278515100441359,0.5278515100441359,-0.03202000611847883,-0.01861058207842442,0.3835334879805845
ticker,LITE,all,weighted_net,7,1D,all,0,10,0.5,0.5,0.236593090512564,0.7634069094874361,-0.0072723550907209614,0.007057960510057526,0.028486918199839017,-0.04303162838128094,0.6619995401389697,0.6619995401389697,-0.012514147904200634,0.0019960950559282375,0.44265139400747794
ticker,LITE,all,weighted_net,7,20D,all,0,9,0.7777777777777778,0.6666666666666666,0.3542021355803963,0.879416181613089,0.0458834771679347,0.05464606871109057,0.10483068986914675,-0.16043176728630743,0.6534285051043869,2.286999767865354,0.02191608714337354,0.018410444214875366,1.7605513892516056
ticker,LITE,all,weighted_net,7,5D,all,0,10,0.6,0.6,0.31267376973365824,0.8318196702937638,0.0044906117849036085,0.03312007366917147,0.081404737985308,-0.11088057751570299,0.7341658909900556,1.1012488364850834,-0.0049310334182342316,0.017462663130411116,0.8880443794055926
ticker,LITE,all,weighted_net,7,60D,all,0,6,0.8333333333333334,0.6666666666666666,0.299993315138392,0.9032285888942195,0.2904566435947158,0.2552630660205226,0.3816501195699426,-0.1655107362814182,2.305893431112663,11.529467155563317,0.18558907008514666,0.12479258300670004,4.391702789551801
ticker,LLY,all,author_net,30,1D,all,0,6,0.5,0.5,0.1876163064826506,0.8123836935173494,-0.005153049562153881,-0.0056851350491688435,0.011088139532568745,-0.021394238656876507,0.5182768926906782,0.5182768926906782,-0.002349335652108061,-0.0012534471239403766,0.678530106564495
ticker,LLY,all,author_net,30,20D,all,0,5,0.4,0.4,0.11762077423264783,0.769275718723987,-0.0002588916027556065,-0.010695278969957145,0.06110475223970324,-0.041167987497728174,1.484278342318173,0.989518894878782,-0.016428443640848566,-0.02172226819847134,0.3979430673178938
ticker,LLY,all,author_net,30,5D,all,0,5,0.2,0.2,0.03622410863243014,0.6244653702374747,-0.014541529722668556,-0.00769093398416576,0.006896551724138167,-0.019901050084370236,0.3465421017936404,0.0866355254484101,-0.01969349206550435,-0.029324119538471027,0.16884586692063294
ticker,LLY,all,weighted_net,30,1D,all,0,5,0.6,0.6,0.2307242812760128,0.882379225767352,-0.0010655386330578498,0.006071789987499132,0.011088139532568745,-0.019296055881497742,0.574632432693188,0.861948649039782,0.0024992606739037805,0.006086679359465386,1.7241584399780965
ticker,MDB,all,weighted_net,90,1D,all,0,5,0.6,0.6,0.2307242812760128,0.882379225767352,-0.002852956337816592,0.0011187199132145498,0.00851702444617756,-0.01990792751380782,0.42782074830593425,0.6417311224589014,-0.0017781622940379327,0.00498863640449021,0.7462062358030458
ticker,MDB,all,weighted_net,90,20D,all,0,5,0.4,0.4,0.11762077423264783,0.769275718723987,-0.03180914006029793,-0.04588043931226393,0.08166771797200417,-0.10746037874849934,0.7599798076567327,0.5066532051044884,-0.0322237774757194,-0.036147691007517135,0.4439163159541498
ticker,MDB,all,weighted_net,90,5D,all,0,5,0.4,0.4,0.11762077423264783,0.769275718723987,-0.01637985743366579,-0.058241236694013265,0.06616957674875751,-0.07141281355528133,0.9265784871721238,0.6177189914480826,-0.01594796619025689,-0.028164288307677476,0.5944077669282787
ticker,META,all,author_net,1,1D,all,0,5,0.6,0.6,0.2307242812760128,0.882379225767352,-0.0014095203150406687,0.002130864968308499,0.0068795842620041165,-0.013843177180607846,0.4969657017495486,0.745448552624323,0.0007564219503280567,0.0009630206020490029,1.2526767141069635
ticker,META,all,author_net,3,1D,all,0,16,0.375,0.3125,0.14164643854782039,0.5559564416525933,-0.004458156295616904,-0.005349616088810405,0.008566116550279316,-0.012272720003154635,0.6979802804983282,0.4187881682989969,-0.004642854643790051,-0.00386307552666848,0.3213115203581256
ticker,META,all,author_net,3,20D,all,0,14,0.35714285714285715,0.35714285714285715,0.1634473175355414,0.612355768960926,-0.01961157702756544,-0.04452300315781704,0.10003294007266424,-0.0860807531943597,1.1620825371590582,0.6456014095328101,-0.0363044784494756,-0.029411871177055904,0.33373183871666695
ticker,META,all,author_net,3,5D,all,0,15,0.6,0.4666666666666667,0.24809535365737387,0.698830199745016,0.007105543017518253,0.005324653075209795,0.045127579069409215,-0.049927511060318196,0.9038619813210775,1.3557929719816164,-0.001230857976005765,-0.00018430981761285992,0.9440601233712705
ticker,META,all,author_net,3,60D,all,0,11,0.2727272727272727,0.09090909090909091,0.016232172885884855,0.37735843645159567,-0.058890901119419393,-0.07167880948690131,0.01921404031840453,-0.08818025415860337,0.21789504353033098,0.08171064132387412,-0.10443183136319396,-0.12387828954655211,0.00490472382629141
ticker,META,all,author_net,3,90D,all,0,9,0.2222222222222222,0.2222222222222222,0.06322510711784671,0.5474110308930111,-0.08251352327732443,-0.08351550454000334,0.02988899495771552,-0.11462852848733585,0.2607465641593546,0.07449901833124417,-0.11895842952130442,-0.11630703874200643,0.01575305383197632
ticker,META,all,author_net,30,1D,all,0,12,0.3333333333333333,0.4166666666666667,0.19326031365875665,0.6804886874504503,-0.0036710275800442746,-0.007247472964949264,0.008978852718093844,-0.009995967729113334,0.8982474695214216,0.4491237347607108,-0.00438676187655306,-0.003346679721473067,0.3923941114226118
ticker,META,all,author_net,30,20D,all,0,10,0.3,0.3,0.10779126740630099,0.6032218525388546,-0.06073384537951113,-0.06140517687503633,0.02942942194089963,-0.09937524565968717,0.2961443943663935,0.12691902615702577,-0.056288953971569536,-0.04990729115358583,0.11393294406351225
ticker,META,all,author_net,30,5D,all,0,11,0.5454545454545454,0.45454545454545453,0.21271271622459764,0.719908462590678,-0.00783529691412827,0.0029300581457134545,0.02284737612875352,-0.044654504565586416,0.5116477352289595,0.6139772822747513,-0.009620618029692496,-0.0034195407312873627,0.4641979747308051
ticker,META,all,author_net,30,60D,all,0,9,0.1111111111111111,0.1111111111111111,0.019890887638544907,0.434999705576656,-0.09757452257724115,-0.09722117526126428,0.0141990347759966,-0.11154621724639588,0.1272928399233133,0.015911604990414163,-0.09772435795386464,-0.10713182052252446,0.00639651238162714
ticker,META,all,author_net,30,90D,all,0,9,0.3333333333333333,0.3333333333333333,0.1205838183869109,0.6457978644196036,-0.041807082748845786,-0.07448116716513087,0.06023561640288977,-0.09282843232471356,0.6488918846780238,0.32444594233901186,-0.08880660754909465,-0.11630703874200643,0.0831351198136996
ticker,META,all,author_net,7,1D,all,0,19,0.42105263157894735,0.3684210526315789,0.19149512745135072,0.5896046683519693,-0.002651453039651723,-0.006398093117345516,0.012835188443254403,-0.013914465027219814,0.922434920648828,0.670861760471875,-0.0028203653249522288,-0.004125531634188495,0.5731312337431412
ticker,META,all,author_net,7,20D,all,0,16,0.1875,0.25,0.10182067491213048,0.49498316535508774,-0.04070844035470783,-0.04344711985493677,0.10699390052452078,-0.07479359594222212,1.430522214858787,0.3301205111212585,-0.046633298569834385,-0.03431038502063588,0.20245140209905027
ticker,META,all,author_net,7,5D,all,0,18,0.6111111111111112,0.4444444444444444,0.24559518127005633,0.6628358435795723,0.00586220892609737,0.00540071730351277,0.04235020935436748,-0.051476077461184225,0.8227163265558035,1.2928399417305483,0.0004244867734320485,-0.002095406478839601,1.0217084048584102
ticker,META,all,author_net,7,60D,all,0,13,0.3076923076923077,0.07692307692307693,0.013710421242556586,0.3331395092109959,-0.05288054957825391,-0.06333711343365911,0.0231816305272331,-0.08668596295847036,0.26742081112185356,0.11885369383193493,-0.10194275836984137,-0.12387828954655211,0.004254261645827958
ticker,META,all,author_net,7,90D,all,0,10,0.2,0.2,0.05668215145437519,0.5098375284633583,-0.08119781683881575,-0.08197457952347637,0.02988899495771552,-0.10896951978794855,0.2742876633381391,0.06857191583453477,-0.12233413257509247,-0.12015192537268043,0.013813690928517105
ticker,META,all,author_net,90,1D,all,0,6,0.3333333333333333,0.3333333333333333,0.09677141110578041,0.700006684861608,-0.0027886882265279467,-0.0034068203529645236,0.003386861055582835,-0.0058764628675833375,0.5763434793855274,0.2881717396927637,-0.005299518530979874,-0.005428157402105338,0.16119312692096016
ticker,META,all,author_net,90,20D,all,0,5,0.4,0.4,0.11762077423264783,0.769275718723987,-0.05588640417674777,-0.0565846392749052,0.044168288390350696,-0.12258953255481342,0.3602941251986726,0.24019608346578172,-0.052823431363034155,-0.04714183138694916,0.11255192869741933
ticker,META,all,author_net,90,5D,all,0,6,0.5,0.3333333333333333,0.09677141110578041,0.700006684861608,0.014822000373595582,-0.004330623733018235,0.07742902556864321,-0.04778502482145205,1.6203617316922088,1.6203617316922088,0.007151970360168384,-0.01343569284531937,1.2795000839253146
ticker,META,all,author_net,90,60D,all,0,5,0.2,0.0,0.0,0.43448246478317476,-0.07674306919213411,-0.07476195096259142,0.0025247377252268777,-0.09656002092147437,0.026146822475111863,0.006536705618777966,-0.08441019184356433,-0.0614195009915508,
ticker,META,all,author_net,90,90D,all,0,5,0.4,0.4,0.11762077423264783,0.769275718723987,-0.010357020724709187,-0.039627405165519436,0.07632508860706583,-0.0681450936125592,1.120037915583684,0.7466919437224561,-0.03816071322684069,-0.03723671998334033,0.2535880990531794
ticker,META,all,author_net_shift,30,1D,all,0,9,0.6666666666666666,0.8888888888888888,0.5650002944233439,0.9801091123614551,0.005608948629127419,0.010419757395933371,0.011231592325186354,-0.005636338762990449,1.9927106580136171,3.9854213160272343,0.003560869418603464,0.002666994276925072,2.9256015820317067
ticker,META,all,author_net_shift,30,20D,all,0,6,0.0,0.0,2.7755575615628914e-17,0.3903342879021653,-0.06915976824945781,-0.05104332232944442,,-0.06915976824945781,,,-0.05840387018143828,-0.059145948850788166,
ticker,META,all,author_net_shift,30,5D,all,0,8,0.375,0.375,0.13684428582359742,0.6942576053973727,-0.002765666787199958,-0.0044204624481153365,0.036793957074509796,-0.02650144110422581,1.3883757086946786,0.8330254252168072,-0.007883819233736516,-0.004492453945342589,0.4231095971911905
ticker,META,all,author_net_shift,30,60D,all,0,6,0.0,0.0,2.7755575615628914e-17,0.3903342879021653,-0.03743634347071453,-0.0398021957211,,-0.03743634347071453,,,-0.07120894402858789,-0.03992084658970091,
ticker,META,all,author_net_shift,30,90D,all,0,5,1.0,0.4,0.11762077423264783,0.769275718723987,0.025089377951709825,0.025065942710823963,0.025089377951709825,,,,-0.021251402842050758,-0.005600032763011464,0.1455132681157685
ticker,META,all,author_net_shift,90,1D,all,0,7,0.2857142857142857,0.2857142857142857,0.08221892400405678,0.6410655481673808,-0.005717799563314371,-0.006289892594396496,0.021255863896265215,-0.016507264947146206,1.287667215878785,0.515066886351514,-0.005009148714089766,-0.005887705268368126,0.44824569159010225
ticker,META,all,author_net_shift,90,20D,all,0,6,0.6666666666666666,0.5,0.1876163064826506,0.8123836935173494,0.04346361564042165,0.017276166283577643,0.08021564711322615,-0.030040447305187346,2.6702547501472993,5.340509500294599,0.022767448993837962,-0.0024933522927834684,4.045695135652469
ticker,META,all,author_net_shift,90,5D,all,0,7,0.42857142857142855,0.2857142857142857,0.08221892400405678,0.6410655481673808,-0.008117359807498534,-0.023561586199642437,0.040756540054434374,-0.044772784703948215,0.9102971888822525,0.6827228916616893,-0.009115406407466473,-0.013403188765984009,0.6212565591679731
ticker,META,all,author_net_shift,90,60D,all,0,5,0.4,0.2,0.03622410863243014,0.6244653702374747,-0.030484151191566222,-0.06170959624292749,0.05115083811666721,-0.08490747739705518,0.6024303122028833,0.40162020813525556,-0.0988985404678983,-0.1364009249724054,0.10857681151172092
ticker,META,all,high_low_divergence,30,1D,all,0,9,0.2222222222222222,0.2222222222222222,0.06322510711784671,0.5474110308930111,-0.003033633548131995,-0.00280315936193265,0.0083842569821716,-0.0062958879853615935,1.331703645564473,0.38048675587556374,-0.001258188421598737,-0.004288577278549588,0.6896313931299697
ticker,META,all,high_low_divergence,30,20D,all,0,7,0.42857142857142855,0.42857142857142855,0.15821985525146975,0.7495416354723428,-0.02466707081666497,-0.05231325694125333,0.06121306850308594,-0.08907717530647816,0.6871913965892699,0.5153935474419523,-0.013227152139923648,-0.04247431027036119,0.6670952020505215
ticker,META,all,high_low_divergence,30,5D,all,0,9,0.3333333333333333,0.3333333333333333,0.1205838183869109,0.6457978644196036,-0.005018814994411246,-0.010680887707159248,0.05191151660363295,-0.03348398079343334,1.550338859763457,0.7751694298817285,-0.0017575124378919184,-0.01328707255761108,0.9002763896630999
ticker,META,all,high_low_divergence,30,60D,all,0,6,0.6666666666666666,0.3333333333333333,0.09677141110578041,0.700006684861608,0.01943112844378808,0.0059194925029666945,0.0594487444152762,-0.060604103499188156,0.9809359594944353,1.9618719189888707,-0.015354015354866876,-0.02069624038820761,0.6133770145890198
ticker,META,all,high_low_divergence,30,90D,all,0,5,0.6,0.4,0.11762077423264783,0.769275718723987,0.00382640890932473,0.036355827290871945,0.044752404129956624,-0.05756258392162311,0.7774564844220899,1.1661847266331349,-0.01444302461497544,-0.004300113447619491,0.6816123950573083
ticker,META,all,weighted_net,1,1D,all,0,7,0.5714285714285714,0.5714285714285714,0.2504583645276572,0.8417801447485302,-0.0012010422097575857,0.002130864968308499,0.008599833451750472,-0.014268876425101662,0.6026987126065324,0.8035982834753765,5.8802970591861504e-05,0.0009630206020490029,1.0135630693098823
ticker,META,all,weighted_net,1,20D,all,0,5,0.2,0.2,0.03622410863243014,0.6244653702374747,-0.026672884124312745,-0.0565846392749052,0.24982410664691712,-0.09579713181712021,2.607845369774111,0.6519613424435278,-0.03831400389288429,-0.04714183138694916,0.4198424911213741
ticker,META,all,weighted_net,1,5D,all,0,6,0.6666666666666666,0.6666666666666666,0.299993315138392,0.9032285888942195,0.02438045929473189,0.030918612865662942,0.08011823285518713,-0.08709508782617859,0.9198938178360228,1.8397876356720455,0.017633181679976666,0.02580774364545768,1.6667075724538902
ticker,META,all,weighted_net,3,1D,all,0,17,0.35294117647058826,0.35294117647058826,0.17309720397243744,0.5869963651478132,-0.0034450410949205894,-0.006398093117345516,0.010794399079603187,-0.011212008462842649,0.9627533831584727,0.5251382089955305,-0.003964153055865179,-0.0036006194191484653,0.39978555013489475
ticker,META,all,weighted_net,3,20D,all,0,15,0.3333333333333333,0.3333333333333333,0.1517632443971473,0.5828645226148023,-0.026770764690827842,-0.040386883698985576,0.10003294007266424,-0.09017261707257387,1.1093494158227042,0.5546747079113521,-0.04498617289511704,-0.028679047431301896,0.27393247618261235
ticker,META,all,weighted_net,3,5D,all,0,16,0.6875,0.5625,0.331785563988119,0.7690134759450765,0.008180531624442038,0.010923168319775467,0.04143767208001996,-0.06498517737782938,0.6376480568653031,1.4028257251036667,0.0012796927883505088,0.00429688944241402,1.0607716065919153
ticker,META,all,weighted_net,3,60D,all,0,12,0.25,0.08333333333333333,0.014865094404917095,0.35387991114111694,-0.06385383455962347,-0.07826522076718956,0.01921404031840453,-0.09154312618563282,0.2098905851155001,0.06996352837183337,-0.11011801528102899,-0.12893880481895958,0.004266570629008299
ticker,META,all,weighted_net,3,90D,all,0,10,0.2,0.2,0.05668215145437519,0.5098375284633583,-0.08316411381287163,-0.0862563934796734,0.02988899495771552,-0.11142739100551842,0.26823741171715376,0.06705935292928844,-0.12048754222056735,-0.12015192537268043,0.014022430691983511
ticker,META,all,weighted_net,30,1D,all,0,5,0.6,0.6,0.2307242812760128,0.882379225767352,0.0009570958347208114,0.001591946268022948,0.013162402890282365,-0.01735086474862152,0.7586021262328199,1.1379031893492297,0.0004371362962347636,0.0007426906354376372,1.075332408409605
ticker,META,all,weighted_net,30,20D,all,0,5,0.2,0.2,0.03622410863243014,0.6244653702374747,-0.029250669562161335,-0.040386883698985576,0.04871355580150705,-0.04874172590307843,0.99942205367066,0.249855513417665,-0.03649303893843962,-0.028679047431301896,0.20269671561156333
ticker,META,all,weighted_net,30,5D,all,0,5,0.8,0.6,0.2307242812760128,0.882379225767352,0.011883278123531071,0.016019177352459835,0.02152511058708209,-0.02668405173067301,0.8066657494273715,3.226662997709486,0.011103205070287659,0.0035783583543931297,2.3866751808015203
ticker,META,all,weighted_net,30,60D,all,0,5,0.2,0.2,0.03622410863243014,0.6244653702374747,-0.07027598450725303,-0.08783518125344036,0.007787011388119547,-0.08979173348109618,0.08672303213478938,0.021680758033697345,-0.05679126704013506,-0.06852907750900239,0.08089397017235844
ticker,META,all,weighted_net,30,90D,all,0,5,0.6,0.2,0.03622410863243014,0.6244653702374747,-0.016274075681541888,0.014389042782394723,0.02150636568424739,-0.0729447377302258,0.2948309412501443,0.44224641187521646,-0.060715813314915754,-0.031738843343580125,0.03030739541416602
ticker,META,all,weighted_net,7,1D,all,0,18,0.4444444444444444,0.3333333333333333,0.1627877475083369,0.5625053270405489,-0.00250037461306483,-0.005349616088810405,0.012250507012930206,-0.01430107991386086,0.8566141219207368,0.6852912975365895,-0.0026238055686522276,-0.004330721947763239,0.634992232259481
ticker,META,all,weighted_net,7,20D,all,0,15,0.3333333333333333,0.3333333333333333,0.1517632443971473,0.5828645226148023,-0.028417036755769388,-0.040386883698985576,0.0984681391108656,-0.09185962468908689,1.0719414480969878,0.5359707240484939,-0.03697204924528305,-0.03315395935005472,0.4088773639472291
ticker,META,all,weighted_net,7,5D,all,0,17,0.5882352941176471,0.47058823529411764,0.26165106442409436,0.6903676493999558,0.004227965606639615,0.005324653075209795,0.0481486684465655,-0.058515895593254506,0.8228305823301095,1.175472260471585,0.0015875733884461924,-0.00018430981761285992,1.078212764919035
ticker,META,all,weighted_net,7,60D,all,0,12,0.4166666666666667,0.16666666666666666,0.04696514218385378,0.4480308622529734,-0.029126299326067927,-0.05506350132788279,0.0478496486306635,-0.08410911929516181,0.5688996512107808,0.40635689372198625,-0.07167499153112379,-0.10091289657087904,0.17836090985026365
ticker,META,all,weighted_net,7,90D,all,0,9,0.3333333333333333,0.3333333333333333,0.1205838183869109,0.6457978644196036,-0.04884576781415003,-0.06073190915499438,0.053671149325933455,-0.10010422638419177,0.5361526807064869,0.26807634035324346,-0.07363632271924155,-0.11630703874200643,0.18088374050599185
ticker,MRVL,all,author_net,1,1D,all,0,8,0.375,0.375,0.13684428582359742,0.6942576053973727,-0.008141698086915783,-0.011803831582834157,0.03575151045796806,-0.034477623213846086,1.0369482326615365,0.6221689395969218,-0.006140786430007733,-0.009621243515026745,0.6955877602657586
ticker,MRVL,all,author_net,1,5D,all,0,6,0.16666666666666666,0.16666666666666666,0.030053369748306635,0.5635028221864702,-0.0498550226954676,-0.058570670319278706,0.1351914302717716,-0.08686431328891545,1.5563517991803784,0.3112703598360757,-0.05042955202305183,-0.06834933716412672,0.25096511074472383
ticker,MRVL,all,author_net,3,1D,all,0,9,0.5555555555555556,0.4444444444444444,0.18877852109766452,0.733348706504507,-0.002221645769063042,0.01023313072247456,0.018627757360432807,-0.028283399680932853,0.6586109721806406,0.8232637152258008,-0.005437081545591132,-0.0025951416679537154,0.5515616757417794
ticker,MRVL,all,author_net,3,20D,all,0,6,0.8333333333333334,0.8333333333333334,0.43649717781352987,0.9699466302516935,0.3470623180530705,0.44364954925023803,0.44517484148171177,-0.14350029909013629,3.102257237820012,15.51128618910006,0.3081130201735691,0.3478870462582636,15.538446414205298
ticker,MRVL,all,author_net,3,5D,all,0,8,0.625,0.625,0.30574239460262737,0.8631557141764026,-0.008171757616376396,0.04247847994801157,0.07550393399033957,-0.14763124362756966,0.5114360086325213,0.8523933477208687,-0.01836425140065917,0.02254219052470452,0.6460377096187975
ticker,MRVL,all,author_net,7,1D,all,0,10,0.4,0.5,0.236593090512564,0.7634069094874361,-0.005708101968416268,-0.00586694020606765,0.023173841663611694,-0.02496273105643491,0.928337592998981,0.6188917286659873,-0.00640771008241744,-0.0018558542770882314,0.5330984651718992
ticker,MRVL,all,author_net,7,20D,all,0,6,0.8333333333333334,0.8333333333333334,0.43649717781352987,0.9699466302516935,0.3521462100436698,0.43612793578890985,0.45127551187043097,-0.14350029909013629,3.144770531711387,15.723852658556936,0.3269224942916351,0.3479224773464529,16.42597960378241
ticker,MRVL,all,author_net,7,5D,all,0,9,0.4444444444444444,0.5555555555555556,0.26665129349549305,0.8112214789023355,-0.022996287144210894,-0.010694609484714235,0.07932516590328864,-0.10485344958221052,0.756533678380258,0.6052269427042063,-0.02857887248422333,0.00212779504813132,0.4778603050100888
ticker,MRVL,all,weighted_net,1,1D,all,0,8,0.375,0.375,0.13684428582359742,0.6942576053973727,-0.008141698086915783,-0.011803831582834157,0.03575151045796806,-0.034477623213846086,1.0369482326615365,0.6221689395969218,-0.006140786430007733,-0.009621243515026745,0.6955877602657586
ticker,MRVL,all,weighted_net,1,5D,all,0,6,0.16666666666666666,0.16666666666666666,0.030053369748306635,0.5635028221864702,-0.0498550226954676,-0.058570670319278706,0.1351914302717716,-0.08686431328891545,1.5563517991803784,0.3112703598360757,-0.05042955202305183,-0.06834933716412672,0.25096511074472383
ticker,MRVL,all,weighted_net,3,1D,all,0,10,0.5,0.4,0.16818032970623614,0.6873262302663417,0.005760269941148377,0.002230584278767711,0.03533964327648227,-0.023819103394185515,1.483668074807091,1.483668074807091,0.003046796027832599,-0.004309396483856087,1.2646075140438564
ticker,MRVL,all,weighted_net,3,20D,all,0,7,0.8571428571428571,0.8571428571428571,0.4868721707256811,0.9743203756552565,0.3541048673151659,0.39636016288773823,0.43703906171604956,-0.14350029909013629,3.045562026609672,18.273372159658035,0.3234355838178815,0.4153709656837561,18.805022925214224
ticker,MRVL,all,weighted_net,3,5D,all,0,9,0.6666666666666666,0.6666666666666666,0.3542021355803963,0.879416181613089,0.03417227444718228,0.06395427034297252,0.11701476174324421,-0.13151270014494157,0.8897601647162667,1.7795203294325335,0.028097958765898528,0.02647010767787794,1.695863459582982
ticker,MRVL,all,weighted_net,7,1D,all,0,8,0.625,0.75,0.40927543031016883,0.9285207872478909,0.004852383868337945,0.0053125570739437356,0.01908691132736755,-0.018871828563378063,1.0113970282883382,1.6856617138138967,0.0033725336315382215,0.005497328072785357,1.5602968621089277
ticker,MRVL,all,weighted_net,7,20D,all,0,6,1.0,1.0,0.6096657120978346,1.0,0.4268765312022717,0.4415931715213619,0.4268765312022717,,,,0.4048624045555013,0.40807197007015267,
ticker,MRVL,all,weighted_net,7,5D,all,0,7,0.7142857142857143,0.8571428571428571,0.4868721707256811,0.9743203756552565,0.11415977306420518,0.07852175319424237,0.1730179491969021,-0.03298566726753721,5.245246300267433,13.113115750668582,0.10719441677299532,0.048667940008074506,25.010487537491784
ticker,MSFT,all,author_net,3,1D,all,0,9,0.5555555555555556,0.5555555555555556,0.26665129349549305,0.8112214789023355,-0.0023359671479231065,0.0040388311719909975,0.008638316159563387,-0.016053821282281222,0.538084734324132,0.6726059179051649,-0.0030126937434633693,0.004286548635009879,0.5658002408833006
ticker,MSFT,all,author_net,3,20D,all,0,7,0.14285714285714285,0.0,5.551115123125783e-17,0.35433043506668743,-0.07693692803199129,-0.08512307896611249,0.0018402213014521163,-0.09006645292089853,0.02043181719466962,0.00340530286577827,-0.08565316325175332,-0.08733211860480405,
ticker,MSFT,all,author_net,3,5D,all,0,8,0.375,0.375,0.13684428582359742,0.6942576053973727,-0.015570327599190081,-0.014700236288582635,0.0470886387705336,-0.05316570742102429,0.8856957060240765,0.531417423614446,-0.016488159055060347,-0.024656201234782182,0.4659200286617232
ticker,MSFT,all,author_net,30,1D,all,0,8,0.75,0.75,0.40927543031016883,0.9285207872478909,0.005223257233691117,0.0030749773344798115,0.00804734926867364,-0.0032490188712564483,2.476855194614982,7.430565583844945,0.0023822047574710153,0.0022931169913037452,2.6131305862495933
ticker,MSFT,all,author_net,30,20D,all,0,8,0.5,0.5,0.21521606221387757,0.7847839377861224,0.00858327823181726,-0.003510222735664037,0.06440915636332528,-0.04724259989969076,1.3633702738647728,1.3633702738647728,0.0066763483669626394,0.0026218836467903905,1.4278033599306212
ticker,MSFT,all,author_net,30,5D,all,0,8,0.5,0.5,0.21521606221387757,0.7847839377861224,0.02131546430268917,0.00884567277436299,0.064431583759606,-0.02180065515422766,2.9554884155447594,2.9554884155447594,0.013637659194341581,0.006036386461408083,2.4836938812409795
ticker,MSFT,all,author_net,30,60D,all,0,8,0.625,0.125,0.02241749145005667,0.4708881822128535,-0.005355078461977178,0.02586476308369301,0.09240736921634966,-0.16829249125918858,0.5490878917112966,0.9151464861854943,-0.05580193005168209,-0.07173272915445461,0.3003613122574749
ticker,MSFT,all,author_net,30,90D,all,0,6,0.16666666666666666,0.16666666666666666,0.030053369748306635,0.5635028221864702,-0.0949517109710039,-0.1309610850722014,0.11710117448780755,-0.13736228806276618,0.8524987180928397,0.17049974361856793,-0.13240081862825215,-0.19546755174706942,0.1888986004184763
ticker,MSFT,all,author_net,7,1D,all,0,11,0.6363636363636364,0.7272727272727273,0.43435469882387084,0.902539407099751,0.0011840390969767402,0.005511728749804101,0.010420947861411234,-0.014980551240783624,0.6956318024560303,1.217355654298053,0.00024488056686204504,0.004286548635009879,1.052550913586753
ticker,MSFT,all,author_net,7,20D,all,0,9,0.2222222222222222,0.2222222222222222,0.06322510711784671,0.5474110308930111,-0.013877847506001616,-0.03489258324203315,0.12024111418815697,-0.052197550847189786,2.303577701186923,0.6581650574819781,-0.03491357523957564,-0.06474463674452047,0.3183549464531278
ticker,MSFT,all,author_net,7,5D,all,0,10,0.5,0.5,0.236593090512564,0.7634069094874361,0.005087281315753511,0.0032610197873563784,0.06110012878201867,-0.05092556615051165,1.1997928231457629,1.1997928231457629,3.609560882505969e-05,0.0024331840256502923,1.00171434436365
ticker,MSFT,all,author_net,7,60D,all,0,6,0.5,0.16666666666666666,0.030053369748306635,0.5635028221864702,-0.019937134708873927,-0.0011812551659087234,0.09552696875543758,-0.13540123817318542,0.7055103043685131,0.705510304368513,-0.0666832414922206,-0.07511920563855334,0.3238704615863639
ticker,MSFT,all,author_net,90,1D,all,0,5,1.0,1.0,0.5655175352168251,1.0,0.009506150276039316,0.005970149253731183,0.009506150276039316,,,,0.007079600305065515,0.0061311680636557675,
ticker,MSFT,all,author_net,90,20D,all,0,5,0.2,0.2,0.03622410863243014,0.6244653702374747,-0.020599287693286717,-0.0290522365914595,0.11112003319013386,-0.05352911791414186,2.075880147480948,0.518970036870237,-0.028778120881733704,-0.020923219802168047,0.1338569034388459
ticker,MSFT,all,author_net,90,5D,all,0,5,0.6,0.6,0.2307242812760128,0.882379225767352,0.04240787315992263,0.05065493246009001,0.0860947650190252,-0.023122464628731243,3.7234250933633852,5.585137640045078,0.034841840255339894,0.05326073843002088,6.751319922469183
ticker,MSFT,all,author_net,90,60D,all,0,5,0.4,0.0,0.0,0.43448246478317476,-0.04258165276153718,-0.05547115857200302,0.050576459513302696,-0.10468706094476377,0.4831204454195963,0.32208029694639756,-0.08981043174290529,-0.08488334962802957,
ticker,MSFT,all,author_net_shift,30,1D,all,0,5,0.6,0.8,0.37553462976252533,0.9637758913675698,0.005258648864289994,0.005788694880141998,0.012450218251491544,-0.005528705216512331,2.251922966394925,3.3778844495923877,0.0037968157055270567,0.0061311680636557675,2.4884267781705383
ticker,MSFT,all,high_low_divergence,30,1D,all,0,5,0.6,0.8,0.37553462976252533,0.9637758913675698,0.014761849225380375,0.0036922613216789912,0.027261254205837398,-0.003987258245305159,6.837092690932789,10.255639036399183,0.014564727714001236,0.0009430185520962198,45.21109906613546
ticker,MSFT,all,high_low_divergence,30,5D,all,0,5,0.6,0.6,0.2307242812760128,0.882379225767352,0.012245216254415103,0.0012107434953423368,0.03403190941666545,-0.02043482348896042,1.665387980231424,2.498081970347136,0.014697689826488447,0.012966455473186755,3.11032246999585
ticker,MSFT,all,weighted_net,3,1D,all,0,11,0.45454545454545453,0.45454545454545453,0.21271271622459764,0.719908462590678,-0.0033424907525638455,-0.00156850743128234,0.008638316159563387,-0.013326496512669872,0.6482060871250519,0.5401717392708765,-0.0026000544643982808,-0.00040066306502284377,0.5526461185151297
ticker,MSFT,all,weighted_net,3,20D,all,0,9,0.3333333333333333,0.2222222222222222,0.06322510711784671,0.5474110308930111,-0.031155391811016217,-0.02011446875662437,0.0866667304087484,-0.09006645292089853,0.962253176383709,0.4811265881918545,-0.05421979673618793,-0.0745878923287604,0.1861226767849156
ticker,MSFT,all,weighted_net,3,5D,all,0,10,0.4,0.4,0.16818032970623614,0.6873262302663417,-0.009830115263752015,-0.004645364938538732,0.043302110467786925,-0.04525159908477797,0.9569189010682535,0.6379459340455024,-0.012140906888984193,-0.01217878662400429,0.5098066361689336
ticker,MSFT,all,weighted_net,30,1D,all,0,9,0.5555555555555556,0.6666666666666666,0.3542021355803963,0.879416181613089,0.00015607353864363936,0.00012444121110011253,0.009248294761617726,-0.011209202990073969,0.8250626534114267,1.0313283167642833,0.00014689599360806493,0.0019404042845688751,1.0383350297293052
ticker,MSFT,all,weighted_net,30,20D,all,0,9,0.4444444444444444,0.3333333333333333,0.1205838183869109,0.6457978644196036,-0.011394403176259196,-0.0290522365914595,0.05934673398050319,-0.06798731290166911,0.872908950914667,0.6983271607317337,-0.009480722473954546,-0.007459699275536691,0.7012497179086402
ticker,MSFT,all,weighted_net,30,5D,all,0,9,0.4444444444444444,0.4444444444444444,0.18877852109766452,0.733348706504507,-0.013481951439917891,-0.017048445920721522,0.028863146414265906,-0.04735802972326493,0.6094667912268888,0.4875734329815111,-0.011535499677837228,-0.00463622968684918,0.37581391209663656
ticker,MSFT,all,weighted_net,30,60D,all,0,9,0.3333333333333333,0.3333333333333333,0.1205838183869109,0.6457978644196036,0.007960824524042972,-0.013488394261474745,0.16850019358173277,-0.07230886000480193,2.3302841943648804,1.1651420971824402,-0.01962366248526331,-0.06647165710747238,0.6861747071033603
ticker,MSFT,all,weighted_net,30,90D,all,0,8,0.375,0.375,0.13684428582359742,0.6942576053973727,-0.05351301072958102,-0.08863747594064003,0.14372945106130783,-0.17185848780411433,0.8363244253908005,0.5017946552344803,-0.06107082061223204,-0.15861138870569108,0.5178204375382136
ticker,MSFT,all,weighted_net,7,1D,all,0,14,0.5714285714285714,0.5714285714285714,0.3259064457965074,0.7861920109552588,0.0010182951268022061,0.0032322136341789154,0.012116442699891733,-0.013779234970650497,0.879326227159891,1.1724349695465215,0.0005908764411869462,0.0021917001465475705,1.1485376730654506
ticker,MSFT,all,weighted_net,7,20D,all,0,12,0.3333333333333333,0.3333333333333333,0.13812009109121315,0.6093779111272004,0.0062558695987773956,-0.02750352599932876,0.12466054957527675,-0.05294647038947228,2.3544638322116347,1.1772319161058173,-0.021899505834939676,-0.045597777914456905,0.4957343399923467
ticker,MSFT,all,weighted_net,7,5D,all,0,13,0.46153846153846156,0.46153846153846156,0.23206067809538303,0.7085620428549398,0.004991220448769736,-0.005681057403546408,0.056240528244940045,-0.03893675766223338,1.444407075001276,1.2380632071439508,0.0008638174519465333,-0.0006992402968437617,1.0532519504168356
ticker,MSFT,all,weighted_net,7,60D,all,0,9,0.5555555555555556,0.2222222222222222,0.06322510711784671,0.5474110308930111,-0.0009588802524659323,0.03031276348014611,0.09406999318251001,-0.11974497204618587,0.785586163452667,0.9819827043158338,-0.050807454039367844,-0.07954684886688157,0.4373021216943673
ticker,MSFT,all,weighted_net,7,90D,all,0,6,0.3333333333333333,0.3333333333333333,0.09677141110578041,0.700006684861608,-0.06622198933774887,-0.11332612605178854,0.165773372683564,-0.1822196703484053,0.9097446634965597,0.45487233174827985,-0.06427053645184215,-0.16579244567817314,0.5132547791365414
ticker,MSFT,all,weighted_net,90,1D,all,0,5,0.8,0.8,0.37553462976252533,0.9637758913675698,0.004375442835356203,0.0029601948270070455,0.005736784191183758,-0.0010699225879540197,5.3618684713947715,21.447473885579086,0.004343766222135481,0.0036432154305112707,12.323279466353165
ticker,MSFT,all,weighted_net,90,20D,all,0,5,0.6,0.6,0.2307242812760128,0.882379225767352,0.0006785192490605052,0.015325831373866228,0.07041666125872503,-0.10392869376543629,0.6775478331100088,1.0163217496650132,0.0004187544644656205,0.01334220000604236,1.0102620034280672
ticker,MSFT,all,weighted_net,90,5D,all,0,5,0.6,0.6,0.2307242812760128,0.882379225767352,-0.002170419850286276,0.03296103459858912,0.03748167575627522,-0.06164856326012852,0.607989444914066,0.911984167371099,-0.0047722123079458004,0.02277962042167414,0.7881968535114822
ticker,MSFT,all,weighted_net,90,60D,all,0,5,0.4,0.4,0.11762077423264783,0.769275718723987,0.007326466616825944,-0.08608824150306094,0.19036560784669204,-0.11469962753641812,1.6596881082830834,1.1064587388553888,-0.005307634704943287,-0.11062078349505156,0.9333607688345488
ticker,MSFT,all,weighted_net,90,90D,all,0,5,0.4,0.4,0.11762077423264783,0.769275718723987,-0.03006622671104957,-0.09636900992189146,0.17785254174941123,-0.16867873901802344,1.0543862420646124,0.7029241613764082,-0.048238140975847374,-0.1869939198876065,0.62077854499301
ticker,MSTR,all,author_net,30,1D,all,0,9,0.3333333333333333,0.125,0.02241749145005667,0.4708881822128535,-0.00991920342027207,-0.004937902139757533,0.026855859259199644,-0.028306734760007928,0.9487445121060696,0.47437225605303485,-0.020591457932969917,-0.012306282891082598,0.05671513401108475
ticker,MSTR,all,author_net,30,20D,all,0,8,0.25,0.2857142857142857,0.08221892400405678,0.6410655481673808,-0.17200586655595657,-0.2186797821864936,0.05620039147284217,-0.24807461923222282,0.22654631758290816,0.07551543919430273,-0.1667041128310792,-0.20378794650936305,0.11476742466374176
ticker,MSTR,all,author_net,30,5D,all,0,9,0.1111111111111111,0.125,0.02241749145005667,0.4708881822128535,-0.04257828495804524,-0.02786433365292429,0.06748066748066739,-0.05633565401288432,1.1978323259588703,0.1497290407448588,-0.05170652489196027,-0.040304468483031375,0.11247072860499539
ticker,MSTR,all,author_net,30,60D,all,0,6,0.3333333333333333,0.3333333333333333,0.09677141110578041,0.700006684861608,-0.1916839757873147,-0.3304418310646958,0.3024524688078927,-0.43875219808491844,0.6893469027119369,0.34467345135596844,-0.20320038292845033,-0.3239452283925036,0.3164428473703112
ticker,MSTR,all,author_net,30,90D,all,0,6,0.3333333333333333,0.3333333333333333,0.09677141110578041,0.700006684861608,-0.23446334475757272,-0.3073761078852486,0.1779274115961476,-0.44065872293443287,0.4037759888452771,0.20188799442263855,-0.2666629013394985,-0.3234745219570517,0.14404133145228695
ticker,MSTR,all,author_net,7,1D,all,0,7,0.42857142857142855,0.3333333333333333,0.09677141110578041,0.700006684861608,0.002516798942780642,-0.0020187746038153875,0.032248795611223846,-0.01978219855855176,1.630192696518195,1.2226445223886462,-0.009182569018078754,-0.0044242982294638855,0.34806041697067885
ticker,MSTR,all,author_net,7,20D,all,0,5,0.4,0.4,0.11762077423264783,0.769275718723987,-0.1462676855952813,-0.20146212847555134,0.05620039147284217,-0.2812464036406969,0.19982616931393843,0.13321744620929227,-0.14750023440218613,-0.20378794650936305,0.17021846034965085
ticker,MSTR,all,author_net,7,5D,all,0,7,0.14285714285714285,0.16666666666666666,0.030053369748306635,0.5635028221864702,-0.004608603479144173,-0.027354395881699745,0.13005115689679436,-0.02705189687513393,4.807469047256986,0.8012448412094978,-0.004810521024972536,-0.02914816609100901,0.8289211940630081
ticker,MSTR,all,author_net,90,1D,all,0,7,0.42857142857142855,0.42857142857142855,0.15821985525146975,0.7495416354723428,-0.012358608865270721,-0.0020187746038153875,0.03799741336568285,-0.0501256255384859,0.7580436744177658,0.5685327558133243,-0.01517969112754171,-0.007982929731789934,0.4921313355569401
ticker,MSTR,all,author_net,90,20D,all,0,5,0.2,0.2,0.03622410863243014,0.6244653702374747,-0.19461613065355482,-0.20146212847555134,0.09091622831121926,-0.2659992203947483,0.34179133373510534,0.08544783343377634,-0.19772253365556686,-0.20378794650936305,0.09773574562283141
ticker,MSTR,all,author_net,90,5D,all,0,7,0.14285714285714285,0.16666666666666666,0.030053369748306635,0.5635028221864702,-0.02832024793347362,-0.027354395881699745,0.05111093664128119,-0.041558778695932753,1.2298469359563562,0.20497448932605936,-0.02458890616188736,-0.030660732239913224,0.29668841618664676
ticker,MSTR,all,high_low_divergence,30,1D,all,0,5,0.2,0.2,0.03622410863243014,0.6244653702374747,-0.023750842977449827,-0.01533612171910037,0.025296850800206494,-0.036012766421863907,0.702441198320393,0.17561029958009824,-0.023318464835495645,-0.01830707093887929,0.17646679970679244
ticker,MSTR,all,high_low_divergence,30,5D,all,0,5,0.6,0.75,0.30064184258240184,0.9544127391902995,-0.02200039342362319,0.003940110323089052,0.05928582700816676,-0.1439297240713081,0.4119081544184325,0.6178622316276488,0.01660607064482758,0.018378886248039017,1.6028551501720103
ticker,MSTR,all,weighted_net,1,1D,all,0,5,0.2,0.25,0.04558726080970055,0.6993581574175981,-0.036855755622746275,-0.037754496936153514,0.009213820731096556,-0.048373149711206986,0.19047386382950204,0.04761846595737551,-0.03496826201586162,-0.03842128682097451,0.08335480803275287
ticker,MSTR,all,weighted_net,3,1D,all,0,6,0.5,0.5,0.1876163064826506,0.8123836935173494,-0.007899036275606897,-0.005653506301118383,0.036114628085011015,-0.05191270063622481,0.6956800097548795,0.6956800097548795,-0.009183412554476892,-0.006689819295563337,0.6389040885091234
ticker,MSTR,all,weighted_net,3,5D,all,0,5,0.2,0.3333333333333333,0.06149194472039621,0.7923403991979522,-0.04269725911074216,-0.02786433365292429,0.05111093664128119,-0.066149308048748,0.7726601857061839,0.19316504642654597,0.0031052544877685126,-0.014546343009925411,1.176033281799211
ticker,MSTR,all,weighted_net,30,1D,all,0,12,0.3333333333333333,0.2727272727272727,0.09746059290024889,0.5656453011761291,-0.03562184159890561,-0.04012188163400254,0.02865316512060545,-0.06775934495866114,0.422866619181255,0.2114333095906275,-0.04185493791225166,-0.03946502899414717,0.07868172410489473
ticker,MSTR,all,weighted_net,30,20D,all,0,8,0.25,0.25,0.071479212752109,0.5907245696898311,-0.09420127960885329,-0.09853065269854933,0.07211877156957525,-0.14964129666832945,0.4819443106632655,0.16064810355442183,-0.1029063695312759,-0.11911493979657878,0.17877825446461765
ticker,MSTR,all,weighted_net,30,5D,all,0,12,0.16666666666666666,0.2,0.05668215145437519,0.5098375284633583,-0.010562849165838939,-0.012168592688888813,0.11849959905559315,-0.036375338810125356,3.2576905929081788,0.6515381185816357,0.0031943515471629324,-0.017535639992680707,1.151167937931375
ticker,MSTR,all,weighted_net,30,60D,all,0,7,0.42857142857142855,0.42857142857142855,0.15821985525146975,0.7495416354723428,-0.14912697194821417,-0.26426174496644295,0.2636075344336832,-0.45867785173463715,0.5747117141949778,0.43103378564623335,-0.16206977659629304,-0.21674237526313023,0.3805763686210813
ticker,MSTR,all,weighted_net,30,90D,all,0,6,0.3333333333333333,0.5,0.1876163064826506,0.8123836935173494,-0.12890785432449722,-0.10549501814047979,0.08961606173135805,-0.23816981235242488,0.37626960716058877,0.18813480358029439,-0.15017677396212312,-0.08480394018576143,0.1538691142480693
ticker,MSTR,all,weighted_net,7,1D,all,0,8,0.5,0.42857142857142855,0.15821985525146975,0.7495416354723428,0.02198117043128199,0.005099571601459685,0.06764027221950969,-0.02367793135694571,2.85667996920128,2.85667996920128,0.012618917196499848,-0.007982929731789934,1.870654960181384
ticker,MSTR,all,weighted_net,7,20D,all,0,5,0.4,0.4,0.11762077423264783,0.769275718723987,-0.12112298996907403,-0.20146212847555134,0.11906213053836034,-0.2812464036406969,0.42333743293111326,0.2822249552874088,-0.12480470914713089,-0.20378794650936305,0.29789505669975125
ticker,MSTR,all,weighted_net,7,5D,all,0,7,0.2857142857142857,0.3333333333333333,0.09677141110578041,0.700006684861608,0.010729108073057205,-0.005203132390813048,0.10004080245883651,-0.024995569681254513,4.002341364272339,1.6009365457089355,0.010228057216058684,-0.02646023345156795,1.4124486834314327
ticker,MSTR,all,weighted_net,90,1D,all,0,5,0.6,0.6,0.2307242812760128,0.882379225767352,0.025190375395787612,0.017866273648750264,0.06078375892750639,-0.028199699901790554,2.155475382333657,3.233213073500486,0.025173073418994087,0.009904514220549165,3.889436705358699
ticker,MSTR,all,weighted_net,90,20D,all,0,5,0.4,0.4,0.11762077423264783,0.769275718723987,-0.0071929060791227515,-0.0531987012523637,0.16187894883130383,-0.11990747601940714,1.3500321598388374,0.9000214398925583,-0.006381603180717521,-0.030389491387524115,0.9143164678415476
ticker,MSTR,all,weighted_net,90,5D,all,0,5,0.4,0.4,0.11762077423264783,0.769275718723987,0.004008683855961803,-0.01209547935918931,0.046389886528377444,-0.02424545125898196,1.913343910693016,1.2755626071286772,0.004258057937691984,-0.008849332363311646,1.3418547779635526
ticker,MSTR,all,weighted_net,90,60D,all,0,5,0.4,0.4,0.11762077423264783,0.769275718723987,-0.07057017209271979,-0.028605482717520836,0.3358677183398544,-0.3415287657144359,0.9834243907310727,0.6556162604873818,-0.08449403411069856,-0.00892380738551024,0.5722333859164871
ticker,MSTR,all,weighted_net,90,90D,all,0,5,0.2,0.4,0.11762077423264783,0.769275718723987,-0.17387971330868784,-0.14261248082206435,0.20616648892792167,-0.26889126386784024,0.7667281040013716,0.1916820260003429,-0.17005513089247679,-0.2022927497064526,0.27122455948363594
ticker,MU,all,author_net,1,1D,all,0,21,0.3333333333333333,0.4,0.21880653237281705,0.6134184992377469,-0.01032354810184614,-0.010481476700658354,0.022977687197944414,-0.026974165751741417,0.8518405132311091,0.42592025661555455,-0.009829345033733594,-0.009555781054553736,0.41195915930767113
ticker,MU,all,author_net,1,20D,all,0,17,0.6470588235294118,0.6875,0.44404355834740666,0.8583535614521796,0.26794952448929643,0.20806763908609782,0.44814121204595575,-0.06240190269791235,7.181531214126718,13.166140559232316,0.265914740675397,0.30559206913964976,14.463043934064942
ticker,MU,all,author_net,1,5D,all,0,21,0.5714285714285714,0.631578947368421,0.41039533164803066,0.8085048725486492,0.03048698008876454,0.06631767243647091,0.13319152860652683,-0.10645241793491851,1.251183685540668,1.6682449140542237,0.04614045902734485,0.05081592915831079,2.6012898387180874
ticker,MU,all,author_net,1,60D,all,0,8,1.0,1.0,0.6755924351161198,1.0,1.0550490461914115,0.8607536379593456,1.0550490461914115,,,,0.9907304446207185,0.8144590570733306,
ticker,MU,all,author_net,1,90D,all,0,5,1.0,1.0,0.5655175352168251,1.0,1.1353780881464828,1.3028776978417267,1.1353780881464828,,,,1.075348154904022,1.2508099603608052,
ticker,MU,all,author_net,3,1D,all,0,23,0.4782608695652174,0.5217391304347826,0.32962737336427406,0.7076284258335335,2.443294264010542e-05,-0.0011611511984738199,0.0372996001676678,-0.03414447034696861,1.0924052939945312,1.0013715194949868,-0.0010278226026735676,0.0003187642349299358,0.9405322083247519
ticker,MU,all,author_net,3,20D,all,0,21,0.6190476190476191,0.6,0.3865815007622531,0.781193467627183,0.13633179566521345,0.07591124079346767,0.29388314207877986,-0.11968914225683194,2.455386817361913,3.9900035782131087,0.13482037835601207,0.09597645081629175,4.229343489346161
ticker,MU,all,author_net,3,5D,all,0,22,0.5909090909090909,0.5909090909090909,0.3873481847631513,0.7674418380352814,0.01963608373952039,0.06423081239071649,0.1202620074461175,-0.12571247272556432,0.956643400918973,1.38181824577185,0.019635770468143285,0.05062902623925036,1.417811227587168
ticker,MU,all,author_net,3,60D,all,0,13,0.9230769230769231,0.9230769230769231,0.6668604907890041,0.9862895787574435,0.7947094985109385,0.772892896087662,0.8998468749244654,-0.46693901845138264,1.9271186158501696,23.125423390202034,0.7443453506719612,0.7184878703449693,24.680751347084634
ticker,MU,all,author_net,3,90D,all,0,9,0.8888888888888888,0.875,0.5291118177871464,0.9775825085499433,0.9177905207799787,1.3028776978417267,1.2754564115227331,-1.9435366051620582,0.6562554099239009,5.250043279391207,0.8199275861316966,1.1635134998923613,4.574567787248421
ticker,MU,all,author_net,30,1D,all,0,6,0.6666666666666666,0.6666666666666666,0.299993315138392,0.9032285888942195,0.007941329162086785,0.016121794453755167,0.026945338041703737,-0.030066688597147118,0.8961857556957719,1.7923715113915437,0.004019564161869753,0.01058788602750993,1.4948770799596287
ticker,MU,all,author_net,30,20D,all,0,6,0.6666666666666666,0.5,0.1876163064826506,0.8123836935173494,0.009897404848659197,0.01601483481281374,0.057053794412673386,-0.08441537427936918,0.6758697085658381,1.3517394171316761,0.012052065358049369,0.008807054405423231,1.409207819035435
ticker,MU,all,author_net,30,5D,all,0,6,0.8333333333333334,0.6666666666666666,0.299993315138392,0.9032285888942195,0.012016770731027249,0.03144860046313103,0.04485225502466537,-0.15216065073716334,0.2947690799649739,1.4738453998248695,0.015438419209539145,0.03297742510807794,1.6983968529206177
ticker,MU,all,author_net,30,60D,all,0,6,0.8333333333333334,0.8333333333333334,0.43649717781352987,0.9699466302516935,0.34080765499714616,0.5731504485810942,0.5800927243799003,-0.8556176919166245,0.6779812173828067,3.389906086914033,0.3164959335458058,0.5326485487146805,3.256766636163952
ticker,MU,all,author_net,30,90D,all,0,6,0.8333333333333334,0.8333333333333334,0.43649717781352987,0.9699466302516935,0.8904988789404816,1.0238905518872392,1.2760922998734685,-1.0374682257244534,1.2300061517376943,6.150030758688471,0.8538211211103888,0.9933528798916453,6.062136904360806
ticker,MU,all,author_net,7,1D,all,0,15,0.5333333333333333,0.5333333333333333,0.30116980025498397,0.7519046463426261,0.002021369075623262,0.0058616647127784915,0.02913813836201709,-0.028969224394541113,1.0058308073828792,1.1495209227232905,-0.00041882054077434135,0.0015584394671903645,0.9676660139829676
ticker,MU,all,author_net,7,20D,all,0,15,0.6666666666666666,0.6,0.357468301206246,0.8017550385865841,0.1184299211540613,0.07006599547184345,0.20811717403807534,-0.06094458461396677,3.414859176681972,6.829718353363944,0.11525821606077873,0.09769976281969528,7.372178601059411
ticker,MU,all,author_net,7,5D,all,0,15,0.6,0.5333333333333333,0.30116980025498397,0.7519046463426261,0.008255073818542328,0.026654676258992982,0.0873334421569895,-0.11036247868912842,0.7913327354942105,1.1869991032413156,0.011905176944714912,0.03541984814648491,1.306994597401136
ticker,MU,all,author_net,7,60D,all,0,12,0.9166666666666666,0.9166666666666666,0.646120088858883,0.9851349055950829,0.7044509033400396,0.7467927856382639,0.8109408962301689,-0.46693901845138264,1.736716924877426,19.103886173651684,0.6665434700550618,0.6895196881781518,20.5743509014352
ticker,MU,all,author_net,7,90D,all,0,9,0.8888888888888888,0.875,0.5291118177871464,0.9775825085499433,0.8809440706145302,1.1494347379239467,1.2340041550866037,-1.9435366051620582,0.6349271486881558,5.0794171895052465,0.8031220804034687,1.0535075545686303,4.5013022691214415
ticker,MU,all,author_net_shift,30,1D,all,0,12,0.5833333333333334,0.5833333333333334,0.31951131254954973,0.8067396863412435,-0.0021910171160498906,0.0034916532017451596,0.011887606670517565,-0.021901090417244327,0.54278606425722,0.759900489960108,-0.0038662066993071322,0.00208699414032526,0.5492445651202142
ticker,MU,all,author_net_shift,30,20D,all,0,9,0.4444444444444444,0.5,0.21521606221387757,0.7847839377861224,0.07311348034808089,-0.036565475877308296,0.36489159527284304,-0.16030901159172883,2.2761764398007784,1.8209411518406227,0.07662523083095041,0.03287988322806201,1.851057985745653
ticker,MU,all,author_net_shift,30,5D,all,0,12,0.5,0.5454545454545454,0.280091537409322,0.7872872837754024,-0.004677278644793688,0.00666919367196106,0.09821175818709842,-0.10756631547668578,0.9130345104028882,0.9130345104028881,0.010594346563324454,0.05081592915831079,1.2665264605427584
ticker,MU,all,author_net_shift,30,60D,all,0,6,0.6666666666666666,0.6,0.2307242812760128,0.882379225767352,0.28840049010073937,0.17317672967310405,0.8257615883002223,-0.7863217062982263,1.0501574377078657,2.1003148754157315,0.0815265387773183,0.09711112891941864,1.2669942447492917
ticker,MU,all,author_net_shift,30,90D,all,0,5,0.6,0.6,0.2307242812760128,0.882379225767352,0.2443806229134137,1.2008837034683917,1.419654782753975,-1.5185306168474284,0.9348871646073713,1.402330746911057,0.21080044945186754,1.1329747471929599,1.3619028138936538
ticker,MU,all,author_net_shift,7,1D,all,0,10,0.4,0.4,0.16818032970623614,0.6873262302663417,-0.013825679624009202,-0.01339408448193019,0.018941972812023755,-0.03567078124803117,0.5310220900493803,0.35401472669958683,-0.01564682860235881,-0.006420899065549102,0.21744545909822177
ticker,MU,all,author_net_shift,7,20D,all,0,8,0.375,0.42857142857142855,0.15821985525146975,0.7495416354723428,-0.06403060280921753,-0.0634475377943775,0.2154153130797333,-0.23169815234258806,0.9297239140742952,0.5578343484445771,-0.04025184405101802,-0.021584896417723765,0.7017685476499376
ticker,MU,all,author_net_shift,7,5D,all,0,10,0.3,0.3333333333333333,0.1205838183869109,0.6457978644196036,-0.09191417465409939,-0.10516575740811668,0.04001847492807342,-0.1484567387607449,0.26956320920243165,0.115527089658185,-0.07056373790385471,-0.07239766128661951,0.16403289386003114
ticker,MU,all,author_net_shift,90,1D,all,0,8,0.625,0.625,0.30574239460262737,0.8631557141764026,0.005697033325057652,0.00879309783681359,0.018268652424812883,-0.015255665174534397,1.1974995659519279,1.9958326099198795,0.004930192937987757,0.003139936153574663,1.7887066004195198
ticker,MU,all,author_net_shift,90,20D,all,0,7,1.0,1.0,0.6456695649333126,1.0,0.23375294406727454,0.09932380952380959,0.23375294406727454,,,,0.21872529289667986,0.1182179000411413,
ticker,MU,all,author_net_shift,90,5D,all,0,8,0.625,0.8571428571428571,0.4868721707256811,0.9743203756552565,0.03889456681301946,0.061847881673774086,0.11888620794127665,-0.09442483506740917,1.2590565591817522,2.0984275986362535,0.06602727069146945,0.08791409569799125,7.384058360814868
ticker,MU,all,high_low_divergence,3,1D,all,0,6,0.3333333333333333,0.3333333333333333,0.09677141110578041,0.700006684861608,0.002391017210848797,-0.010553010669553498,0.054023930507457296,-0.023425439437455453,2.3062077726096883,1.1531038863048442,0.002845507494305547,-0.013168359543588082,1.180010448257297
ticker,MU,all,high_low_divergence,3,20D,all,0,6,0.6666666666666666,0.5,0.1876163064826506,0.8123836935173494,0.08266916043096696,0.044045349824329894,0.23668140784274252,-0.22535533439258415,1.0502587324177897,2.1005174648355793,0.06678926652522292,0.012828168289918396,1.8698475915850659
ticker,MU,all,high_low_divergence,3,5D,all,0,6,0.3333333333333333,0.3333333333333333,0.09677141110578041,0.700006684861608,-0.07918719286317201,-0.1380742136735617,0.11556497031270685,-0.17656327445111145,0.654524394566015,0.3272621972830075,-0.06639990585950033,-0.10212391246124775,0.34275197085435594
ticker,MU,all,high_low_divergence,7,1D,all,0,5,0.4,0.6,0.2307242812760128,0.882379225767352,0.005769122492333745,-0.004298502171408258,0.04765521185472665,-0.02215493708259486,2.150997390652265,1.4339982604348434,0.005589779756357815,0.004430449791197888,1.4318876557730562
ticker,MU,all,high_low_divergence,7,20D,all,0,5,0.8,0.6,0.2307242812760128,0.882379225767352,0.27040762707437144,0.07591124079346767,0.3458389450235819,-0.03131764472247056,11.042942344110596,44.171769376442384,0.22446157976746753,0.007886825675577969,24.169377687127696
ticker,MU,all,high_low_divergence,7,5D,all,0,5,0.4,0.4,0.11762077423264783,0.769275718723987,0.017906126965216297,-0.10090124008753576,0.23329015113037033,-0.12568322247821972,1.8561757610153442,1.2374505073435629,0.02609748677569439,-0.07894699528045723,1.4279388543120017
ticker,MU,all,weighted_net,1,1D,all,0,22,0.4090909090909091,0.42857142857142855,0.2446996892537596,0.6345344563069328,-0.006155560969223822,-0.006303940310216305,0.02419443488210444,-0.027167096558604924,0.8905786023144633,0.6165544169869361,-0.008442908452050413,-0.006879484911767264,0.46964790478480345
ticker,MU,all,weighted_net,1,20D,all,0,19,0.5789473684210527,0.6111111111111112,0.3861904160223791,0.7969475342783638,0.21578574385520793,0.1342550410014658,0.44814121204595575,-0.10370302490707024,4.321389973412458,5.94191121344213,0.21084097542471736,0.1805581770699035,5.893658010040876
ticker,MU,all,weighted_net,1,5D,all,0,22,0.6363636363636364,0.6190476190476191,0.4087865377511576,0.7924898863143551,0.04198725305737715,0.06676499400592883,0.13245310719970768,-0.11632799169170131,1.1386176729564972,1.9925809276738702,0.037725753347613446,0.05081592915831079,2.0020143985897954
ticker,MU,all,weighted_net,1,60D,all,0,8,1.0,1.0,0.6755924351161198,1.0,1.0550490461914115,0.8607536379593456,1.0550490461914115,,,,0.9907304446207185,0.8144590570733306,
ticker,MU,all,weighted_net,1,90D,all,0,5,1.0,1.0,0.5655175352168251,1.0,1.1353780881464828,1.3028776978417267,1.1353780881464828,,,,1.075348154904022,1.2508099603608052,
ticker,MU,all,weighted_net,3,1D,all,0,22,0.5454545454545454,0.5909090909090909,0.3873481847631513,0.7674418380352814,0.002032336142495897,0.001623694424190969,0.02873730377211035,-0.030013625013041445,0.9574752719680975,1.1489703263617168,0.0013294970285513458,0.005122980428712731,1.1047817977038112
ticker,MU,all,weighted_net,3,20D,all,0,21,0.6666666666666666,0.65,0.43285427668523624,0.818808175898918,0.1487727135137394,0.0721295779143063,0.28625205497454476,-0.12618596940787133,2.2684935283834236,4.536987056766847,0.14801315244662633,0.07712551696954018,4.8884172403107
ticker,MU,all,weighted_net,3,5D,all,0,22,0.6818181818181818,0.6818181818181818,0.47318597741042745,0.8363940681864375,0.03500642630097268,0.06575316891534311,0.11291403825477143,-0.13193845645716748,0.8558083919333092,1.8338751255713766,0.03277361228846635,0.05729285151266772,1.8429841999486034
ticker,MU,all,weighted_net,3,60D,all,0,13,1.0,1.0,0.7719046276458016,0.9999999999999999,0.8419596094967882,0.772892896087662,0.8419596094967882,,,,0.7848471050447023,0.7184878703449693,
ticker,MU,all,weighted_net,3,90D,all,0,9,1.0,1.0,0.6755924351161198,1.0,1.312703444638019,1.3613150494014583,1.312703444638019,,,,1.238194108727469,1.2543702210807908,
ticker,MU,all,weighted_net,30,1D,all,0,5,0.4,0.4,0.11762077423264783,0.769275718723987,-0.012796675104722044,-0.029113312394298152,0.031165247196465684,-0.042104623305513865,0.7401858691462132,0.4934572460974755,-0.013844494685581066,-0.0335989363372351,0.4521505029962475
ticker,MU,all,weighted_net,30,20D,all,0,5,0.6,0.6,0.2307242812760128,0.882379225767352,0.0016052428984471233,0.016429089151968945,0.1902139797814187,-0.28130786242601025,0.676177260532307,1.0142658907984605,0.006082694186978199,0.01188463735404266,1.0552888655568797
ticker,MU,all,weighted_net,30,5D,all,0,5,0.2,0.2,0.03622410863243014,0.6244653702374747,-0.059323525221841214,-0.027850685331000213,0.026654676258992982,-0.08081807559204976,0.32981082590408844,0.08245270647602211,-0.04427676169862917,-0.03008639277271208,0.13792579361978916
ticker,MU,all,weighted_net,30,60D,all,0,5,0.6,0.6,0.2307242812760128,0.882379225767352,-0.10197929495161966,0.10166229221347334,0.3818239112224389,-0.8276841042127075,0.46131598913045396,0.691973983695681,-0.0861486486310817,0.1450553411957911,0.7391425710280101
ticker,MU,all,weighted_net,30,90D,all,0,5,0.6,0.6,0.2307242812760128,0.882379225767352,0.17202943573266016,0.6282113231859547,0.972888524652855,-1.0292591976476322,0.9452318005769469,1.4178477008654202,0.16949608480361683,0.6643463331131554,1.4273919951036464
ticker,MU,all,weighted_net,7,1D,all,0,12,0.5,0.5,0.2537815976337061,0.7462184023662939,-0.0008742425911685651,-0.0007128815721726967,0.029528730376184975,-0.03127721555852211,0.9440971598297943,0.9440971598297944,-0.0021241374171260077,-0.0008283764886569123,0.846209200289288
ticker,MU,all,weighted_net,7,20D,all,0,12,0.6666666666666666,0.5833333333333334,0.31951131254954973,0.8067396863412435,0.11600962084940292,0.049534638492990224,0.23121983929023002,-0.11441081603225131,2.0209613680672582,4.0419227361345165,0.11123966285626069,0.061134597052286244,4.410542977335626
ticker,MU,all,weighted_net,7,5D,all,0,12,0.5833333333333334,0.5,0.2537815976337061,0.7462184023662939,-0.0007651384145911008,0.013784970963447996,0.07503857191887807,-0.10689033288144793,0.7020145778954898,0.9828204090536857,0.0028322791741761666,0.013052654808472064,1.0727458642027796
ticker,MU,all,weighted_net,7,60D,all,0,12,0.9166666666666666,0.9166666666666666,0.646120088858883,0.9851349055950829,0.6595020005737328,0.7467927856382639,0.8109408962301689,-1.0063258516470643,0.8058432513712066,8.864275765083272,0.6200974212023103,0.6895196881781518,8.70327164127009
ticker,MU,all,weighted_net,7,90D,all,0,9,0.8888888888888888,0.875,0.5291118177871464,0.9775825085499433,1.0113243750403536,1.1494347379239467,1.2340041550866037,-0.7701138653296471,1.6023658456771044,12.818926765416835,0.9355267219283605,1.0535075545686303,10.647244575762507
ticker,NBIS,all,author_net,1,1D,all,0,12,0.3333333333333333,0.3333333333333333,0.13812009109121315,0.6093779111272004,-0.021093623202373336,-0.0225071687503533,0.018299378871430683,-0.04079012423927535,0.44862277849624366,0.22431138924812183,-0.019644703376604327,-0.022281842220090664,0.2521984667926866
ticker,NBIS,all,author_net,1,20D,all,0,8,0.75,0.75,0.40927543031016883,0.9285207872478909,0.22031149757240104,0.28804566237013074,0.3396481959234832,-0.13769859748084562,2.4666060667083376,7.399818200125013,0.19793686167308383,0.24925914410093053,6.863020237129649
ticker,NBIS,all,author_net,1,5D,all,0,11,0.45454545454545453,0.45454545454545453,0.21271271622459764,0.719908462590678,0.007219419938696428,-0.051437593485125443,0.14652201292401937,-0.10886607421573935,1.345892317506163,1.1215769312551358,0.009214572913164106,-0.02613977525463418,1.1675237910599259
ticker,NBIS,all,author_net,3,1D,all,0,15,0.4666666666666667,0.4666666666666667,0.24809535365737387,0.698830199745016,-0.01026489790006042,-0.007260835827513468,0.02217100957268598,-0.038646316938713524,0.57369010371274,0.5019788407486475,-0.010928535941751479,-0.009011436324195321,0.46645053479730647
ticker,NBIS,all,author_net,3,20D,all,0,13,0.7692307692307693,0.7692307692307693,0.49743624053272495,0.9182047128150143,0.19205301660313545,0.23040410519563803,0.29253780413474556,-0.14289627516889822,2.0472038462092623,6.824012820697542,0.1761204661842498,0.2198249951892708,6.561319954081025
ticker,NBIS,all,author_net,3,5D,all,0,14,0.5714285714285714,0.5714285714285714,0.3259064457965074,0.7861920109552588,0.04384025489314852,0.05643138424569916,0.13734256238075107,-0.08082948842365488,1.6991640682035734,2.265552090938098,0.04086615143614404,0.05363600789208445,2.2862926045162837
ticker,NBIS,all,author_net,3,60D,all,0,5,0.8,0.8,0.37553462976252533,0.9637758913675698,0.5500578001915185,0.7590992188798404,0.748016823244605,-0.2417782920208269,3.0938130011282006,12.375252004512802,0.5000615947288672,0.6802164276426121,10.426728827721318
ticker,NBIS,all,author_net,7,1D,all,0,9,0.4444444444444444,0.3333333333333333,0.1205838183869109,0.6457978644196036,-0.015172863393302557,-0.016154154243246843,0.02116243278499541,-0.04424110033594093,0.4783432741116366,0.3826746192893093,-0.016655938615154686,-0.014867381380842759,0.3237642005947733
ticker,NBIS,all,author_net,7,20D,all,0,8,0.75,0.75,0.40927543031016883,0.9285207872478909,0.13198020199531843,0.1519889816786002,0.22754394688169324,-0.15471103266380604,1.4707674233947903,4.412302270184371,0.11350449432012776,0.13391047306156484,3.940813098001429
ticker,NBIS,all,author_net,7,5D,all,0,8,0.375,0.375,0.13684428582359742,0.6942576053973727,0.0031346339128099504,-0.01672378836246652,0.09757341390287788,-0.053528634081230805,1.8228265222461724,1.0936959133477033,-0.0036365426260992068,-0.027714237382901574,0.8969851952399647
ticker,NBIS,all,author_net,7,60D,all,0,8,0.75,0.75,0.40927543031016883,0.9285207872478909,0.4952239518599209,0.49876127921024915,0.7034044544528726,-0.12931755591893435,5.439357784443573,16.318073353330718,0.44323630462322144,0.4159131292398986,13.922216248755456
ticker,NBIS,all,author_net,7,90D,all,0,5,1.0,1.0,0.5655175352168251,1.0,0.9670966516862975,1.1699793689931064,0.9670966516862975,,,,0.9143879688495865,1.0777664345452402,
ticker,NBIS,all,weighted_net,1,1D,all,0,12,0.3333333333333333,0.3333333333333333,0.13812009109121315,0.6093779111272004,-0.021093623202373336,-0.0225071687503533,0.018299378871430683,-0.04079012423927535,0.44862277849624366,0.22431138924812183,-0.019644703376604327,-0.022281842220090664,0.2521984667926866
ticker,NBIS,all,weighted_net,1,20D,all,0,8,0.75,0.75,0.40927543031016883,0.9285207872478909,0.22031149757240104,0.28804566237013074,0.3396481959234832,-0.13769859748084562,2.4666060667083376,7.399818200125013,0.19793686167308383,0.24925914410093053,6.863020237129649
ticker,NBIS,all,weighted_net,1,5D,all,0,11,0.45454545454545453,0.45454545454545453,0.21271271622459764,0.719908462590678,0.007219419938696428,-0.051437593485125443,0.14652201292401937,-0.10886607421573935,1.345892317506163,1.1215769312551358,0.009214572913164106,-0.02613977525463418,1.1675237910599259
ticker,NBIS,all,weighted_net,3,1D,all,0,14,0.42857142857142855,0.42857142857142855,0.21380798904474121,0.6740935542034926,-0.01329722266671817,-0.011707495035380155,0.0205015696959423,-0.038646316938713524,0.5304922000317468,0.3978691500238101,-0.013725152242781155,-0.01193940885251904,0.3745873647247872
ticker,NBIS,all,weighted_net,3,20D,all,0,13,0.7692307692307693,0.7692307692307693,0.49743624053272495,0.9182047128150143,0.19205301660313545,0.23040410519563803,0.29253780413474556,-0.14289627516889822,2.0472038462092623,6.824012820697542,0.1761204661842498,0.2198249951892708,6.561319954081025
ticker,NBIS,all,weighted_net,3,5D,all,0,13,0.5384615384615384,0.5384615384615384,0.29143795714506004,0.7679393219046169,0.03754987626860424,0.0480208333333334,0.13901790314768347,-0.08082948842365488,1.719890919252678,2.0065394057947907,0.03358375008978547,0.044712690892071416,1.9815683327608276
ticker,NBIS,all,weighted_net,3,60D,all,0,5,0.8,0.8,0.37553462976252533,0.9637758913675698,0.5500578001915185,0.7590992188798404,0.748016823244605,-0.2417782920208269,3.0938130011282006,12.375252004512802,0.5000615947288672,0.6802164276426121,10.426728827721318
ticker,NBIS,all,weighted_net,7,1D,all,0,9,0.4444444444444444,0.3333333333333333,0.1205838183869109,0.6457978644196036,-0.015172863393302557,-0.016154154243246843,0.02116243278499541,-0.04424110033594093,0.4783432741116366,0.3826746192893093,-0.016655938615154686,-0.014867381380842759,0.3237642005947733
ticker,NBIS,all,weighted_net,7,20D,all,0,8,0.75,0.75,0.40927543031016883,0.9285207872478909,0.13198020199531843,0.1519889816786002,0.22754394688169324,-0.15471103266380604,1.4707674233947903,4.412302270184371,0.11350449432012776,0.13391047306156484,3.940813098001429
ticker,NBIS,all,weighted_net,7,5D,all,0,8,0.375,0.375,0.13684428582359742,0.6942576053973727,0.0031346339128099504,-0.01672378836246652,0.09757341390287788,-0.053528634081230805,1.8228265222461724,1.0936959133477033,-0.0036365426260992068,-0.027714237382901574,0.8969851952399647
ticker,NBIS,all,weighted_net,7,60D,all,0,8,0.75,0.75,0.40927543031016883,0.9285207872478909,0.4952239518599209,0.49876127921024915,0.7034044544528726,-0.12931755591893435,5.439357784443573,16.318073353330718,0.44323630462322144,0.4159131292398986,13.922216248755456
ticker,NBIS,all,weighted_net,7,90D,all,0,5,1.0,1.0,0.5655175352168251,1.0,0.9670966516862975,1.1699793689931064,0.9670966516862975,,,,0.9143879688495865,1.0777664345452402,
ticker,NFLX,all,author_net,90,1D,all,0,5,0.8,0.8,0.37553462976252533,0.9637758913675698,0.011854848558636588,0.011811163368533162,0.017249192116255085,-0.009722525671837401,1.7741472430584249,7.096588972233699,0.009500094071545928,0.012371927953985118,4.0919482368132165
ticker,NFLX,all,author_net,90,5D,all,0,5,0.4,0.6,0.2307242812760128,0.882379225767352,-0.010830583971248498,-0.013153185397279832,0.03032586378573021,-0.038268215809234306,0.7924556487530948,0.5283037658353966,-0.004024945438394112,0.007848358833913771,0.7862728227366207
ticker,NFLX,all,weighted_net,30,1D,all,0,10,0.5,0.6,0.31267376973365824,0.8318196702937638,0.0006487378069712446,-0.00034812058005911917,0.014358881973140836,-0.013061406359198346,1.0993365934923813,1.0993365934923813,0.0010377719927177841,0.004130666633746727,1.1940056208690026
ticker,NFLX,all,weighted_net,30,20D,all,0,6,0.3333333333333333,0.3333333333333333,0.09677141110578041,0.700006684861608,-0.03717680967315934,-0.08926835878820027,0.09792342918593866,-0.10472692910270834,0.9350358119438668,0.4675179059719334,-0.04590636535747342,-0.10515670582276426,0.436314596202011
ticker,NFLX,all,weighted_net,30,5D,all,0,8,0.375,0.5,0.21521606221387757,0.7847839377861224,-0.0035951838751050874,-0.009346760126341558,0.029332181168510923,-0.023351602901274693,1.2561099678048127,0.7536659806828875,-0.0005511868098552475,-0.0024158550649679422,0.9627409517339244
ticker,NFLX,all,weighted_net,30,60D,all,0,5,0.4,0.6,0.2307242812760128,0.882379225767352,-0.044798263415351335,-0.006945906125026324,0.14641081942933593,-0.1722709853118095,0.8498867012592584,0.5665911341728389,-0.062354300011169504,0.003104270970605394,0.44907942890858776
ticker,NFLX,all,weighted_net,30,90D,all,0,5,0.2,0.2,0.03622410863243014,0.6244653702374747,-0.03720167164801273,-0.05103117505995203,0.12450084302067621,-0.07762730031518497,1.6038280671255307,0.4009570167813827,-0.04868218644664433,-0.08066747024239207,0.3812183334130606
ticker,NFLX,all,weighted_net,90,1D,all,0,9,0.3333333333333333,0.4444444444444444,0.18877852109766452,0.733348706504507,-0.0032203730375691565,-0.0014230534661515692,0.015423682785252746,-0.012542400948980107,1.2297233080008443,0.6148616540004221,-0.005299036581619713,-0.002178781086007331,0.481057727180814
ticker,NFLX,all,weighted_net,90,20D,all,0,7,0.42857142857142855,0.5714285714285714,0.2504583645276572,0.8417801447485302,-0.020006540422854484,-0.0316633683991252,0.09064122822055087,-0.1029923669054085,0.8800771449771485,0.6600578587328614,-0.012496695347670759,0.015653709238113267,0.7897626471906541
ticker,NFLX,all,weighted_net,90,5D,all,0,7,0.5714285714285714,0.8571428571428571,0.4868721707256811,0.9743203756552565,0.009651811362212397,0.023506966012955877,0.027026664445352927,-0.013514659415308309,1.9998035921452313,2.666404789526975,0.013912505149607401,0.01114405927915807,3.8831384831973867
ticker,NFLX,all,weighted_net,90,60D,all,0,7,0.5714285714285714,0.42857142857142855,0.15821985525146975,0.7495416354723428,-0.006997566369451512,0.01686385780823385,0.14733812028672144,-0.21277848191101545,0.6924484043848882,0.923264539179851,-0.022467317253770127,-0.03482347404344455,0.8084684645726901
ticker,NFLX,all,weighted_net,90,90D,all,0,7,0.42857142857142855,0.42857142857142855,0.15821985525146975,0.7495416354723428,-0.028875908847240023,-0.05025125628140714,0.10232366646248803,-0.12727559032953606,0.8039535797677806,0.6029651848258354,-0.04596625391607345,-0.05471649561585068,0.511398110698886
ticker,NVDA,all,author_net,1,1D,all,0,19,0.42105263157894735,0.3888888888888889,0.2030524657216362,0.613809583977621,-0.0006675526869981933,-0.0035947350956753166,0.019707320320009547,-0.015485642146640187,1.2726188641964264,0.9255409921428557,-0.004219542244078593,-0.005627769509028546,0.5370017951970507
ticker,NVDA,all,author_net,1,20D,all,0,15,0.4,0.3333333333333333,0.1517632443971473,0.5828645226148023,-0.007487867704640768,-0.017310032076097714,0.06276269107531822,-0.054321573557946756,1.155391623704844,0.7702610824698959,-0.02202315934999693,-0.01791371259314256,0.3625150996967043
ticker,NVDA,all,author_net,1,5D,all,0,19,0.42105263157894735,0.3125,0.14164643854782039,0.5559564416525933,-0.006537324415326144,-0.0015716893125127251,0.03260364967002012,-0.035003487386487064,0.9314400393889498,0.6774109377374181,-0.017778723098595718,-0.023030292351271964,0.32155871203385045
ticker,NVDA,all,author_net,1,60D,all,0,10,0.6,0.4,0.16818032970623614,0.6873262302663417,0.05117707486884926,0.03709088743878153,0.11397823359928973,-0.04302466322681145,2.649137147185443,3.973705720778165,0.005403728754009918,-0.007699675400658745,1.255649026970899
ticker,NVDA,all,author_net,1,90D,all,0,8,0.875,0.625,0.30574239460262737,0.8631557141764026,0.08109112750245233,0.08109839993092582,0.10598987392989434,-0.09320009748964175,1.1372292174015595,7.960604521810916,0.02552284317265767,0.032127286349373896,2.5014646930281037
ticker,NVDA,all,author_net,3,1D,all,0,30,0.3333333333333333,0.3448275862068966,0.19940718526674994,0.5265489590952386,-0.0034476966699755083,-0.007311691791895669,0.019914255949460724,-0.015128672979693624,1.3163253628517533,0.6581626814258765,-0.0031172965413792855,-0.00610939366549712,0.6337236832244415
ticker,NVDA,all,author_net,3,20D,all,0,28,0.42857142857142855,0.4444444444444444,0.27585858177023004,0.6268697548677552,0.0030306359702227115,-0.01269062724971054,0.075367972609656,-0.05122236650935225,1.4713879452620606,1.1035409589465455,-0.009012256544331564,-0.00977677292161161,0.682253202158548
ticker,NVDA,all,author_net,3,5D,all,0,30,0.43333333333333335,0.3793103448275862,0.2268802210080984,0.5599745579401147,-0.0052200744396235605,-0.0031582182351483357,0.03392178738763543,-0.035152086425174554,0.9650006823874321,0.7379416982962715,-0.008800845019038547,-0.0087234447930149,0.559040487096088
ticker,NVDA,all,author_net,3,60D,all,0,22,0.6363636363636364,0.5,0.3072210627372502,0.6927789372627497,0.04254599573836943,0.02213247233738913,0.08978860963236476,-0.04012857857612241,2.237522803406533,3.9156649059614326,0.00789671212129525,-0.00016238571800508694,1.5108353254768048
ticker,NVDA,all,author_net,3,90D,all,0,17,0.6470588235294118,0.625,0.38641040545502714,0.8151876744113636,0.04009437608603742,0.035504922021900365,0.09541916154907876,-0.06133439726287171,1.5557202125933336,2.8521537230877785,0.010733282156646727,0.01714801736021776,1.5561421851733324
ticker,NVDA,all,author_net,30,1D,all,0,11,0.7272727272727273,0.7272727272727273,0.43435469882387084,0.902539407099751,0.006640837622948607,0.00987639718493094,0.012214645985151332,-0.008222651342925325,1.4854875241257401,3.961300064335307,0.0038464895477776447,0.007780768727529086,2.2798146251264275
ticker,NVDA,all,author_net,30,20D,all,0,11,0.45454545454545453,0.5454545454545454,0.280091537409322,0.7872872837754024,0.004214396763443959,-0.017310032076097714,0.0526839991053218,-0.03617693852145424,1.4562868296353566,1.2135723580294637,-0.0003893704950314653,0.017995620803859302,0.9811124341452694
ticker,NVDA,all,author_net,30,5D,all,0,11,0.45454545454545453,0.45454545454545453,0.21271271622459764,0.719908462590678,-0.003449936344455158,-0.0010796804145973837,0.047360666106463924,-0.04579210505355439,1.0342539625788132,0.861878302149011,-0.0026372076773098245,-0.010051738861149628,0.8742585868961656
ticker,NVDA,all,author_net,30,60D,all,0,11,0.5454545454545454,0.2727272727272727,0.09746059290024889,0.5656453011761291,0.004702686038601426,5.460601758300321e-05,0.052223437888963775,-0.05232221618183339,0.9981121156541547,1.1977345387849856,-0.012856693823681235,-0.01601728422190507,0.5634137871485508
ticker,NVDA,all,author_net,30,90D,all,0,11,0.45454545454545453,0.2727272727272727,0.09746059290024889,0.5656453011761291,-0.014824160485093546,-0.002692631979764437,0.06684249535077944,-0.0828797070149877,0.8065001404830238,0.6720834504025199,-0.023429889876574763,-0.020501108534518586,0.2664473219329789
ticker,NVDA,all,author_net,7,1D,all,0,27,0.37037037037037035,0.38461538461538464,0.22428594435712798,0.5746514991488447,-0.0008680141642714558,-0.008216766115621721,0.01974089230682592,-0.0129909003237405,1.5195938553042394,0.8938787384142586,-0.0026505807321273466,-0.005627769509028546,0.6691852439711984
ticker,NVDA,all,author_net,7,20D,all,0,24,0.5416666666666666,0.5416666666666666,0.3507486535891948,0.72108666268789,0.022329875189664176,0.005312868402399529,0.08583404971937678,-0.05272051289090525,1.628095877917453,1.9241133102660806,0.006884163748627432,0.001611853993231327,1.305042036721263
ticker,NVDA,all,author_net,7,5D,all,0,27,0.48148148148148145,0.4230769230769231,0.2554444331365656,0.6105138625340828,-0.003053373486834317,-0.0010796804145973837,0.03762076885695857,-0.040822219948927714,0.9215757718229326,0.8557489309784374,-0.007225946070292178,-0.011284689947865578,0.6372508770612079
ticker,NVDA,all,author_net,7,60D,all,0,23,0.6521739130434783,0.43478260869565216,0.25634635325674215,0.6318862491498354,0.03441022386906244,0.013025163507371706,0.07541012757777382,-0.04246459558477142,1.775835293832806,3.3296911759365106,0.003767960192016982,-0.0044420882718392285,1.2127125087008028
ticker,NVDA,all,author_net,7,90D,all,0,18,0.6666666666666666,0.5882352941176471,0.3600544264299978,0.7838894320978518,0.039077998595972316,0.03591026031675759,0.09511871280258072,-0.07300342981724449,1.302934848961196,2.605869697922392,0.012088032997687806,0.014427985438049795,1.5693263999232603
ticker,NVDA,all,author_net,90,1D,all,0,8,0.625,0.625,0.30574239460262737,0.8631557141764026,0.004313811092505865,0.007498362442951878,0.011835688553764578,-0.008222651342925325,1.4394005120924735,2.3990008534874563,0.0008268908739045844,0.002943458558503309,1.2000912110378832
ticker,NVDA,all,author_net,90,20D,all,0,8,0.5,0.625,0.30574239460262737,0.8631557141764026,0.017300322690754863,0.008526528025215585,0.06383299062855735,-0.029232345247047625,2.1836424716899607,2.1836424716899607,0.010919120518664518,0.02476501362386213,1.789039371959006
ticker,NVDA,all,author_net,90,5D,all,0,8,0.5,0.5,0.21521606221387757,0.7847839377861224,0.004086834398680045,0.004921842673738963,0.04572077761244714,-0.03754710881508705,1.2176910301566488,1.2176910301566488,0.001603351855962637,-0.003920236274390088,1.0927746791760475
ticker,NVDA,all,author_net,90,60D,all,0,8,0.5,0.25,0.071479212752109,0.5907245696898311,-0.004221587103647756,-0.00047042954291737216,0.02333804392624178,-0.03178121813353729,0.73433446849585,0.73433446849585,-0.022828819460611605,-0.019427436326431402,0.2252466827484958
ticker,NVDA,all,author_net,90,90D,all,0,8,0.5,0.375,0.13684428582359742,0.6942576053973727,0.009208276103369925,0.011609848985285054,0.06430965288861185,-0.045893100681871996,1.4012923932597667,1.4012923932597667,-0.012881371990074747,-0.015181708976356179,0.47600873558563767
ticker,NVDA,all,author_net_shift,3,1D,all,0,5,0.4,0.3333333333333333,0.06149194472039621,0.7923403991979522,-0.005228746324442058,-0.008216766115621721,0.011534210288108526,-0.016404050732809112,0.7031318346900376,0.468754556460025,-0.00042092452331643493,-0.0007916257875557609,0.9250913436510362
ticker,NVDA,all,author_net_shift,30,1D,all,0,9,0.2222222222222222,0.2222222222222222,0.06322510711784671,0.5474110308930111,-0.005297742377084346,-0.008048289738430525,0.026134983588202987,-0.014278521224309297,1.8303704688765645,0.5229629911075898,-0.006558080670773199,-0.008369237409371677,0.4105247505594082
ticker,NVDA,all,author_net_shift,30,20D,all,0,9,0.5555555555555556,0.6666666666666666,0.3542021355803963,0.879416181613089,-0.0030250905899308713,0.02114736900226366,0.040668859359035615,-0.05764252802613898,0.7055356652746673,0.8819195815933341,-0.00038884827060478886,0.010989995097559824,0.9826844526256525
ticker,NVDA,all,author_net_shift,30,5D,all,0,9,0.4444444444444444,0.4444444444444444,0.18877852109766452,0.733348706504507,-0.0030845663217834935,-0.01609657947686105,0.029772897867930886,-0.029370537673555,1.0136994493886358,0.8109595595109087,-0.007038301671213702,-0.021483285706821786,0.5956683070190086
ticker,NVDA,all,author_net_shift,30,60D,all,0,8,0.5,0.5,0.21521606221387757,0.7847839377861224,0.01827552618728799,0.011271741133602298,0.0815199595025341,-0.04496890712795812,1.8128072196767135,1.8128072196767135,0.013125571576884959,0.019135547753953763,1.5853306805581786
ticker,NVDA,all,author_net_shift,30,90D,all,0,8,0.75,0.7142857142857143,0.35893445183261935,0.9177810759959433,0.02790404974242651,0.08009694428635727,0.08917810941612929,-0.15591812927868182,0.5719547164187425,1.7158641492562274,0.011355126151773556,0.055015135082743694,1.3938996433044957
ticker,NVDA,all,author_net_shift,7,1D,all,0,16,0.5,0.4,0.1982449614134158,0.6425316987937539,0.0010416732477082566,-3.347231082828639e-05,0.014762023963675153,-0.01267867746825864,1.1643189126493847,1.1643189126493847,0.0035415671198375594,-0.002654475582738458,2.2506835452245815
ticker,NVDA,all,author_net_shift,7,20D,all,0,12,0.5,0.5,0.2537815976337061,0.7462184023662939,0.0063174523421573965,-0.014577995002060029,0.08252875758000716,-0.06989385289569237,1.1807727598472897,1.1807727598472897,-0.004480007390969422,0.0006474726686371279,0.8542626437688633
ticker,NVDA,all,author_net_shift,7,5D,all,0,15,0.4666666666666667,0.5,0.26799202452413634,0.7320079754758637,-0.0063088298689823056,-0.016447757661815166,0.035565684644454136,-0.04294903006823919,0.8280905200407531,0.724579205035659,-0.005952596752939378,-0.005198292708407992,0.6551553049073837
ticker,NVDA,all,author_net_shift,7,60D,all,0,9,0.5555555555555556,0.4444444444444444,0.18877852109766452,0.733348706504507,0.024007106207829382,0.0009740786839114168,0.10246136066670679,-0.07406071186576738,1.383477934325215,1.7293474179065187,0.01011870238190925,-0.015452804090648975,1.679098860398445
ticker,NVDA,all,author_net_shift,90,1D,all,0,5,0.6,0.4,0.11762077423264783,0.769275718723987,0.004556241465054822,0.000838926174496768,0.019111933082079775,-0.017277295960482608,1.1061877463807663,1.6592816195711497,0.0021488558241982147,-0.0007916257875557609,1.4194346342553699
ticker,NVDA,all,high_low_divergence,30,1D,all,0,5,0.4,0.4,0.11762077423264783,0.769275718723987,-0.006661546912483085,-0.00709882308985621,0.007372057347554528,-0.016017283085841494,0.4602564185227563,0.3068376123485042,-0.004110203391802592,-0.0017577460714957027,0.36976773226530457
ticker,NVDA,all,high_low_divergence,30,20D,all,0,5,0.2,0.25,0.04558726080970055,0.6993581574175981,-0.03909355195707931,-0.04738154613466328,0.02114736900226366,-0.05415378219691505,0.3905058547040571,0.09762646367601427,-0.021634450132135663,-0.02496456037383238,0.11268577359927989
ticker,NVDA,all,high_low_divergence,30,5D,all,0,5,0.6,0.6,0.2307242812760128,0.882379225767352,0.008229241807522446,0.017273330435379375,0.03445755419190447,-0.031113226769050595,1.1074889289908239,1.6612333934862358,0.006547572818970582,0.014884914253859849,1.7603024889118195
ticker,NVDA,all,high_low_divergence,7,1D,all,0,6,0.16666666666666666,0.16666666666666666,0.030053369748306635,0.5635028221864702,-0.009368605564401592,-0.008288785021011658,0.01704830352665887,-0.014651987382613686,1.1635488812178951,0.23270977624357905,-0.00563371298346151,-0.004242010200201929,0.19009717276085514
ticker,NVDA,all,high_low_divergence,7,20D,all,0,6,0.3333333333333333,0.2,0.03622410863243014,0.6244653702374747,-0.05533661612449468,-0.06682790570462255,0.03382574906544766,-0.09991779871946585,0.33853577139362834,0.16926788569681417,-0.03575948614726667,-0.047122173088377295,0.15397933733181868
ticker,NVDA,all,high_low_divergence,7,5D,all,0,6,0.5,0.3333333333333333,0.09677141110578041,0.700006684861608,-0.012714855041768577,-0.01067293910918704,0.02006352425992808,-0.04549323434346523,0.44102215526054495,0.44102215526054495,-0.009026630749181272,-0.018946835437440246,0.49801726738988666
ticker,NVDA,all,weighted_net,1,1D,all,0,19,0.3684210526315789,0.3684210526315789,0.19149512745135072,0.5896046683519693,-0.003557817996192311,-0.0064066174681696175,0.015979241316056752,-0.014954435928337598,1.068528521746328,0.6233083043520248,-0.004261853520349637,-0.0050651670643384605,0.5210459386451939
ticker,NVDA,all,weighted_net,1,20D,all,0,16,0.4375,0.375,0.18481232558863633,0.6135895945449727,0.0017263512137205284,-0.011901135339034918,0.07378796877729275,-0.054321573557946756,1.358354774067443,1.0564981576080112,-0.01684581726720597,-0.013845242757377085,0.4798709742256808
ticker,NVDA,all,weighted_net,1,5D,all,0,19,0.3684210526315789,0.29411764705882354,0.1327998961029523,0.5313311006653985,-0.013909589885500033,-0.0018174589651842599,0.02509671858998741,-0.03666326982953438,0.6845193761133262,0.3993029693994404,-0.017820032580466175,-0.018480984290393465,0.30798357042365504
ticker,NVDA,all,weighted_net,1,60D,all,0,11,0.6363636363636364,0.45454545454545453,0.21271271622459764,0.719908462590678,0.06199026264615116,0.055989159891598916,0.1219987917164155,-0.04302466322681145,2.8355548321965753,4.962220956344007,0.007632870606077616,-0.0062307196389418396,1.397220074414274
ticker,NVDA,all,weighted_net,1,90D,all,0,8,0.875,0.625,0.30574239460262737,0.8631557141764026,0.08109112750245233,0.08109839993092582,0.10598987392989434,-0.09320009748964175,1.1372292174015595,7.960604521810916,0.02552284317265767,0.032127286349373896,2.5014646930281037
ticker,NVDA,all,weighted_net,3,1D,all,0,34,0.3235294117647059,0.3125,0.17952541633609734,0.4856667830095541,-0.0035601864981691608,-0.008697514596388789,0.0218246300807475,-0.01570075094895539,1.3900373397235213,0.6648004668242927,-0.003966193872755222,-0.006149882809607876,0.5291049159648866
ticker,NVDA,all,weighted_net,3,20D,all,0,30,0.4666666666666667,0.4482758620689655,0.28413168023037194,0.6245203678902909,0.0010412458314953891,-0.01269062724971054,0.07530905602490823,-0.06394308808774085,1.1777513141306426,1.0305323998643123,-0.0072762998396256945,-0.00977677292161161,0.7329884364338053
ticker,NVDA,all,weighted_net,3,5D,all,0,34,0.4117647058823529,0.375,0.22933887309454212,0.5474559264692255,-0.00747566808781554,-0.004131405498806473,0.038597431731479566,-0.03972683796132211,0.9715706991091984,0.6800994893764388,-0.011444901867449519,-0.009387591827082264,0.4682396005918871
ticker,NVDA,all,weighted_net,3,60D,all,0,24,0.625,0.5,0.3142742581957335,0.6857257418042665,0.034597424300637815,0.02213247233738913,0.09440984326935421,-0.06508994064722282,1.4504521333187355,2.4174202221978924,0.013055849901051972,-0.00016238571800508694,1.9955740678469318
ticker,NVDA,all,weighted_net,3,90D,all,0,17,0.7058823529411765,0.625,0.38641040545502714,0.8151876744113636,0.04736836614755661,0.035504922021900365,0.08965251537003104,-0.05411359198638201,1.6567467077881761,3.9761920986916226,0.0117304273066609,0.01714801736021776,1.6328019757820662
ticker,NVDA,all,weighted_net,7,1D,all,0,19,0.42105263157894735,0.3157894736842105,0.1536437908779228,0.5398959232467253,0.0002389281772831802,-0.0064066174681696175,0.017902494195273927,-0.012607301653982817,1.4200099820422942,1.0327345323943957,-0.0014821363357983884,-0.0050651670643384605,0.7855440422364677
ticker,NVDA,all,weighted_net,7,20D,all,0,19,0.5789473684210527,0.47368421052631576,0.2732980516117956,0.6829219075488682,0.010229861336766071,0.0036819255921305416,0.05391206942069346,-0.04983317477863408,1.0818509890284613,1.4875451099141344,-0.00033048771693119195,-0.003187524851833823,0.9832166448675408
ticker,NVDA,all,weighted_net,7,5D,all,0,19,0.47368421052631576,0.5263157894736842,0.3170780924511316,0.7267019483882042,0.006938563692713991,-0.0006594493597845696,0.051035149792432316,-0.0327483637970325,1.5584030429348315,1.4025627386413482,0.002251737942599626,0.0039001858693972213,1.1346355535588781
ticker,NVDA,all,weighted_net,7,60D,all,0,18,0.6111111111111112,0.3333333333333333,0.1627877475083369,0.5625053270405489,0.0259450829776905,0.011779484920935945,0.06560692570145212,-0.03638066987393491,1.8033457308177958,2.833829005570822,0.0017961637408154879,-0.007699675400658745,1.106289675950169
ticker,NVDA,all,weighted_net,7,90D,all,0,16,0.75,0.625,0.38641040545502714,0.8151876744113636,0.05449732196752089,0.06548742252196815,0.09336320112164744,-0.062100315494858754,1.5034255523126434,4.510276656937931,0.014339496168356274,0.020401686967360333,1.7009188825899804
ticker,ORCL,all,author_net,3,1D,all,0,6,0.3333333333333333,0.5,0.1876163064826506,0.8123836935173494,0.007662595713250175,-0.0041966780698329265,0.05885902128106879,-0.017935617070659132,3.281683649310078,1.640841824655039,0.0076878977638782375,-0.002743126726609979,1.751012175745039
ticker,ORCL,all,author_net,3,5D,all,0,5,0.0,0.0,0.0,0.43448246478317476,-0.08304257304980696,-0.08321026633396145,,-0.08304257304980696,,,-0.06805569053685068,-0.06620865336042303,
ticker,ORCL,all,author_net,30,1D,all,0,6,0.3333333333333333,0.3333333333333333,0.09677141110578041,0.700006684861608,-0.008754590568955925,-0.01651933265684502,0.01607034173196764,-0.02116705671941771,0.7592147526691998,0.3796073763345999,-0.005857651001092405,-0.013133170519752324,0.5329644707161487
ticker,ORCL,all,author_net,30,20D,all,0,6,0.3333333333333333,0.3333333333333333,0.09677141110578041,0.700006684861608,-0.07015350743384662,-0.13052968432646989,0.15870938996516765,-0.18458495613335374,0.8598175782565279,0.42990878912826397,-0.07576034670791044,-0.13503175463720246,0.407607610855838
ticker,ORCL,all,author_net,30,5D,all,0,6,0.16666666666666666,0.16666666666666666,0.030053369748306635,0.5635028221864702,-0.055938740946457566,-0.07617382397980105,0.07365694595407146,-0.08185787832656337,0.899814989831826,0.17996299796636517,-0.052060563072073296,-0.07551320201728173,0.21128633485559878
ticker,ORCL,all,author_net,30,60D,all,0,5,0.2,0.2,0.03622410863243014,0.6244653702374747,-0.20520340652373284,-0.3275121951219512,0.2593140769177402,-0.32133277738410104,0.8069954115131319,0.20174885287828298,-0.1998715522686331,-0.3051107227787111,0.22431666449401474
ticker,ORCL,all,author_net,30,90D,all,0,5,0.2,0.2,0.03622410863243014,0.6244653702374747,-0.170269716151548,-0.126968803983335,0.3580166971161629,-0.30234131946847576,1.1841474322648522,0.29603685806621305,-0.2191578474678491,-0.18064310289844432,0.22190993339602438
ticker,ORCL,all,author_net,90,1D,all,0,8,0.25,0.25,0.071479212752109,0.5907245696898311,-0.0024309419396047888,-0.0030414612770628957,0.022778689253420747,-0.010834152337279968,2.1024892898210426,0.7008297632736809,-0.0027249303482892034,-0.005538446323283985,0.6245564046987799
ticker,ORCL,all,author_net,90,20D,all,0,8,0.5,0.5,0.21521606221387757,0.7847839377861224,-0.009249895177317308,0.011358365588016395,0.11324879811461769,-0.1317485884692523,0.8595826295402617,0.8595826295402617,-0.011196511605206586,0.004761144902684311,0.8300775152761455
ticker,ORCL,all,author_net,90,5D,all,0,8,0.375,0.375,0.13684428582359742,0.6942576053973727,-0.010671906351454943,-0.024099020901642787,0.09227522368733942,-0.07244018437473157,1.2738126563842191,0.7642875938305316,-0.009708361196592422,-0.012138044670561954,0.7636184371578789
ticker,ORCL,all,author_net,90,60D,all,0,7,0.42857142857142855,0.42857142857142855,0.15821985525146975,0.7495416354723428,-0.04523215992146307,-0.15470816294014555,0.28584140604974406,-0.2935373343998684,0.9737821140678459,0.7303365855508844,-0.06390939384343237,-0.12600923914978757,0.608121949631071
ticker,ORCL,all,author_net,90,90D,all,0,6,0.16666666666666666,0.16666666666666666,0.030053369748306635,0.5635028221864702,-0.14168723558897614,-0.1033431305486806,0.3112718204488778,-0.23227904679654693,1.3400770527593933,0.26801541055187866,-0.1802030323947319,-0.15074200894140022,0.2240696992132701
ticker,ORCL,all,weighted_net,3,1D,all,0,6,0.3333333333333333,0.5,0.1876163064826506,0.8123836935173494,0.007662595713250175,-0.0041966780698329265,0.05885902128106879,-0.017935617070659132,3.281683649310078,1.640841824655039,0.0076878977638782375,-0.002743126726609979,1.751012175745039
ticker,ORCL,all,weighted_net,3,5D,all,0,5,0.0,0.0,0.0,0.43448246478317476,-0.08304257304980696,-0.08321026633396145,,-0.08304257304980696,,,-0.06805569053685068,-0.06620865336042303,
ticker,ORCL,all,weighted_net,30,1D,all,0,5,0.4,0.4,0.11762077423264783,0.769275718723987,-0.0027180787558165774,-0.007561523303240003,0.022800345544068956,-0.019730361622406933,1.1555969414253195,0.770397960950213,3.504256702322461e-05,-0.01357914313301467,1.0031728029525513
ticker,ORCL,all,weighted_net,30,20D,all,0,5,0.6,0.6,0.2307242812760128,0.882379225767352,-0.0021935407602257538,0.04824038982133194,0.1302567148103492,-0.2008689241160882,0.6484662343044657,0.9726993514566987,-0.01451438759321182,0.03185418779845306,0.8325681241074803
ticker,ORCL,all,weighted_net,30,5D,all,0,5,0.4,0.4,0.11762077423264783,0.769275718723987,-0.02328624507351147,-0.044559689844418826,0.08160018660466434,-0.09321053285896201,0.8754395463883311,0.5836263642588875,-0.02947905365626722,-0.05443656896828786,0.48538496643320866
ticker,ORCL,all,weighted_net,7,1D,all,0,7,0.42857142857142855,0.5714285714285714,0.2504583645276572,0.8417801447485302,0.0035965043191910706,-0.003636856490998208,0.036985534905379445,-0.02144526862045021,1.7246477794225454,1.293485834566909,0.000781289950271031,0.0006743044638657381,1.062032902601585
ticker,ORCL,all,weighted_net,7,20D,all,0,6,0.3333333333333333,0.3333333333333333,0.09677141110578041,0.700006684861608,-0.07359918930914351,-0.07611523191468139,0.0971318733008591,-0.15896472061414482,0.6110278615632418,0.3055139307816209,-0.06483966603014397,-0.06810022544656225,0.36057748268207035
ticker,ORCL,all,weighted_net,7,5D,all,0,6,0.16666666666666666,0.16666666666666666,0.030053369748306635,0.5635028221864702,-0.041118770508787816,-0.049167196232869026,0.07365694595407146,-0.06407391380135967,1.1495621475913094,0.22991242951826188,-0.033719033317326695,-0.042244956694216684,0.2925888111407185
ticker,PL,all,author_net,90,1D,all,0,5,0.8,0.8,0.37553462976252533,0.9637758913675698,0.011688880529147716,0.01612509161983877,0.023560072481693617,-0.03579588728103589,0.6581781950736945,2.632712780294778,0.01104906095884257,0.017554090776048747,2.657882500274648
ticker,PL,all,author_net,90,5D,all,0,5,0.8,0.8,0.37553462976252533,0.9637758913675698,0.08953997318941101,0.06626047220106623,0.12195490660652422,-0.040119760479041866,3.039771552729787,12.159086210919147,0.08082825974590249,0.09201210054942488,8.818127921477094
ticker,PLTR,all,author_net,1,1D,all,0,12,0.6666666666666666,0.75,0.46769466506643426,0.9110583316059453,-0.0034302338639770427,0.01031588270047945,0.016524496918197684,-0.0433396954283265,0.3812785658709867,0.7625571317419734,-0.0013696093368904445,0.010986848256094528,0.8723265973424496
ticker,PLTR,all,author_net,1,20D,all,0,11,0.36363636363636365,0.36363636363636365,0.15166471095367573,0.6461988254921511,-0.004010544782718188,-0.01372043246803134,0.09558218356454296,-0.06092067526686741,1.568961327920912,0.8965493302405212,-0.008214473550499778,-0.010653741755337176,0.7743727588183186
ticker,PLTR,all,author_net,1,5D,all,0,11,0.36363636363636365,0.2727272727272727,0.09746059290024889,0.5656453011761291,-0.02633834759735149,-0.020962882236040814,0.036816157860609044,-0.0624266364304718,0.5897507853336509,0.33700044876208624,-0.025720921554539665,-0.020584232666070013,0.3092849681240332
ticker,PLTR,all,author_net,1,60D,all,0,9,0.1111111111111111,0.1111111111111111,0.019890887638544907,0.434999705576656,-0.14770517860761678,-0.16407149348682226,0.07086918155746735,-0.1750269736282523,0.40490434181870505,0.05061304272733813,-0.1719178231482546,-0.18614816575524695,0.018920163431958556
ticker,PLTR,all,author_net,1,90D,all,0,8,0.0,0.0,0.0,0.32440756488388023,-0.18321839665387177,-0.19950394580412728,,-0.18321839665387177,,,-0.19877126678476187,-0.2262764997456595,
ticker,PLTR,all,author_net,3,1D,all,0,16,0.5,0.375,0.18481232558863633,0.6135895945449727,-0.014315162926042332,-0.0024788427496599263,0.013352587235427038,-0.0419829130875117,0.31804813562113005,0.31804813562113005,-0.014426874318380176,-0.0025667633607046603,0.2513459804624305
ticker,PLTR,all,author_net,3,20D,all,0,13,0.3076923076923077,0.23076923076923078,0.08179528718498569,0.5025637594672749,-0.05066671513949094,-0.03822711010997759,0.04696725959962461,-0.09405959280132008,0.49933513638351035,0.22192672728156018,-0.058985085606685334,-0.052590109557663633,0.1413673374924006
ticker,PLTR,all,author_net,3,5D,all,0,14,0.42857142857142855,0.2857142857142857,0.11721378644576919,0.5464908432989318,-0.014799390223525586,-0.018017178897079156,0.03156217576176553,-0.04957056471249392,0.6367120476602216,0.4775340357451662,-0.016010112577447482,-0.014362355184632636,0.3570374277338895
ticker,PLTR,all,author_net,3,60D,all,0,11,0.09090909090909091,0.09090909090909091,0.016232172885884855,0.37735843645159567,-0.1317258459459039,-0.15224268444243594,0.07086918155746735,-0.15198534869624103,0.4662895612333462,0.04662895612333462,-0.1567520392823169,-0.17052479368137485,0.01701087967745462
ticker,PLTR,all,author_net,3,90D,all,0,9,0.0,0.0,0.0,0.2991450484195441,-0.1927002294193838,-0.20242153520630068,,-0.1927002294193838,,,-0.21805728656424617,-0.21218481652626497,
ticker,PLTR,all,author_net,30,1D,all,0,7,0.7142857142857143,0.7142857142857143,0.35893445183261935,0.9177810759959433,0.006114909346021943,0.010412348508864078,0.02012000486023826,-0.028897829439518852,0.6962462319998127,1.7406155799995318,0.005539354386173859,0.013810484638488996,1.6389685460002366
ticker,PLTR,all,author_net,30,20D,all,0,5,0.2,0.2,0.03622410863243014,0.6244653702374747,-0.13244527892451527,-0.18315491721329458,0.05698960777740547,-0.17980400059999546,0.31695405879309957,0.07923851469827489,-0.14472763580263268,-0.17527940858669577,0.03124067805147192
ticker,PLTR,all,author_net,30,5D,all,0,5,0.4,0.2,0.03622410863243014,0.6244653702374747,-0.04373446199729425,-0.03887078091749052,0.03509156895940735,-0.09628514930176198,0.3644546351528084,0.24296975676853894,-0.045404059536547914,-0.04110648835920239,0.19337473160506777
ticker,PLTR,all,author_net,30,60D,all,0,5,0.2,0.2,0.03622410863243014,0.6244653702374747,-0.09673403215476797,-0.08872701218055878,0.08464632919879311,-0.14207912249315824,0.5957689470025354,0.14894223675063384,-0.11890840753170542,-0.1132595541725494,0.07310162612133715
ticker,PLTR,all,author_net,7,1D,all,0,13,0.3076923076923077,0.23076923076923078,0.08179528718498569,0.5025637594672749,-0.021567774977940532,-0.006924558754620613,0.01814063792056081,-0.03921595848838558,0.462583055975374,0.20559246932238848,-0.01897733287226205,-0.005637785892216529,0.18211700579738047
ticker,PLTR,all,author_net,7,20D,all,0,11,0.36363636363636365,0.2727272727272727,0.09746059290024889,0.5656453011761291,-0.05684924994789284,-0.037951150714789494,0.061893575119211786,-0.12470229284338119,0.4963306905426872,0.2836175374529641,-0.06280342808736797,-0.010653741755337176,0.16844817747080548
ticker,PLTR,all,author_net,7,5D,all,0,12,0.4166666666666667,0.3333333333333333,0.13812009109121315,0.6093779111272004,-0.0223839785898108,-0.018017178897079156,0.0426696761498381,-0.06885087483241716,0.6197405080719159,0.44267179147993996,-0.02622312912876476,-0.020277720342989136,0.32733588075866993
ticker,PLTR,all,author_net,7,60D,all,0,8,0.25,0.125,0.02241749145005667,0.4708881822128535,-0.10466090606151668,-0.11774425135888172,0.048394148410106363,-0.1556792575520577,0.3108580370376176,0.10361934567920587,-0.14790688433178492,-0.16738632499684275,0.03811722339565576
ticker,PLTR,all,author_net,7,90D,all,0,6,0.0,0.0,2.7755575615628914e-17,0.3903342879021653,-0.18965528171987267,-0.19488596309227207,,-0.18965528171987267,,,-0.20529521060260417,-0.20861622621953618,
ticker,PLTR,all,author_net_shift,30,1D,all,0,11,0.45454545454545453,0.45454545454545453,0.21271271622459764,0.719908462590678,-0.0017908790375480736,-0.005432877672625347,0.030144044503546397,-0.028403315321793465,1.0612861267085005,0.8844051055904172,0.0007470452469516225,-0.002740766429732089,1.0563952042371738
ticker,PLTR,all,author_net_shift,30,20D,all,0,9,0.5555555555555556,0.5555555555555556,0.26665129349549305,0.8112214789023355,0.03449555159286396,0.04020947666702546,0.11205498115798666,-0.06245373536353943,1.7942078324974697,2.2427597906218373,0.044988474007338616,0.06816667371303209,2.4197155316397874
ticker,PLTR,all,author_net_shift,30,5D,all,0,11,0.2727272727272727,0.45454545454545453,0.21271271622459764,0.719908462590678,-0.02382330813929958,-0.01740578174663243,0.04697558291155768,-0.05037289228337105,0.9325567935884658,0.3497087975956747,-0.022427529253348063,-0.003956477021987315,0.35239387596506977
ticker,PLTR,all,author_net_shift,30,60D,all,0,8,0.375,0.375,0.13684428582359742,0.6942576053973727,-0.043784067542174857,-0.10879009737773732,0.13319963483806452,-0.14997428897031848,0.8881498005596556,0.5328898803357933,-0.03578872225112356,-0.13651532784385,0.6553693904931156
ticker,PLTR,all,author_net_shift,30,90D,all,0,6,0.16666666666666666,0.16666666666666666,0.030053369748306635,0.5635028221864702,-0.09380552524873882,-0.15639929910974432,0.25634720951509593,-0.16383607220150578,1.5646567088095749,0.312931341761915,-0.10913634599131299,-0.20547038804901802,0.3401663415976515
ticker,PLTR,all,high_low_divergence,30,1D,all,0,5,0.6,0.6,0.2307242812760128,0.882379225767352,0.015548481374549273,0.01403723902029741,0.030961158669263744,-0.007570534567522436,4.089692530047613,6.13453879507142,0.015321144236732276,0.003668575425827214,13.705227520874551
ticker,PLTR,all,high_low_divergence,30,5D,all,0,5,0.8,0.8,0.37553462976252533,0.9637758913675698,0.034553631612698685,0.022344900105152554,0.048133034530041696,-0.019763980056673347,2.4353917779728524,9.74156711189141,0.032451991838996476,0.017430021484432734,8.495580704758446
ticker,PLTR,all,high_low_divergence,7,1D,all,0,8,0.5,0.5,0.21521606221387757,0.7847839377861224,-0.0007710006488740456,0.00019482295614015044,0.02808496384591222,-0.02962696514366031,0.9479527757814217,0.9479527757814217,-0.0003101701406432872,0.0042920979920077484,0.9784361756329331
ticker,PLTR,all,high_low_divergence,7,5D,all,0,7,0.5714285714285714,0.5714285714285714,0.2504583645276572,0.8417801447485302,0.03184671159243635,0.022344900105152554,0.07728979039545139,-0.02874406014491704,2.688896071250357,3.5851947616671427,0.024134685974679222,0.006566236666764036,2.9630095312201292
ticker,PLTR,all,weighted_net,1,1D,all,0,12,0.6666666666666666,0.75,0.46769466506643426,0.9110583316059453,-0.0034302338639770427,0.01031588270047945,0.016524496918197684,-0.0433396954283265,0.3812785658709867,0.7625571317419734,-0.0013696093368904445,0.010986848256094528,0.8723265973424496
ticker,PLTR,all,weighted_net,1,20D,all,0,11,0.36363636363636365,0.36363636363636365,0.15166471095367573,0.6461988254921511,-0.004010544782718188,-0.01372043246803134,0.09558218356454296,-0.06092067526686741,1.568961327920912,0.8965493302405212,-0.008214473550499778,-0.010653741755337176,0.7743727588183186
ticker,PLTR,all,weighted_net,1,5D,all,0,11,0.36363636363636365,0.2727272727272727,0.09746059290024889,0.5656453011761291,-0.02633834759735149,-0.020962882236040814,0.036816157860609044,-0.0624266364304718,0.5897507853336509,0.33700044876208624,-0.025720921554539665,-0.020584232666070013,0.3092849681240332
ticker,PLTR,all,weighted_net,1,60D,all,0,9,0.1111111111111111,0.1111111111111111,0.019890887638544907,0.434999705576656,-0.14770517860761678,-0.16407149348682226,0.07086918155746735,-0.1750269736282523,0.40490434181870505,0.05061304272733813,-0.1719178231482546,-0.18614816575524695,0.018920163431958556
ticker,PLTR,all,weighted_net,1,90D,all,0,8,0.0,0.0,0.0,0.32440756488388023,-0.18321839665387177,-0.19950394580412728,,-0.18321839665387177,,,-0.19877126678476187,-0.2262764997456595,
ticker,PLTR,all,weighted_net,3,1D,all,0,15,0.4666666666666667,0.3333333333333333,0.1517632443971473,0.5828645226148023,-0.015114514148092794,-0.004317403602798975,0.015219776760982866,-0.041657018693534,0.3653592416911314,0.31968933647973996,-0.01548883749917805,-0.0028076345315831697,0.24509015815904134
ticker,PLTR,all,weighted_net,3,20D,all,0,12,0.3333333333333333,0.25,0.08894166839405471,0.5323053349335657,-0.04253656243628364,-0.03808913041238354,0.04696725959962461,-0.08728847345423776,0.5380694350697732,0.2690347175348866,-0.05062759285522861,-0.04308835692625368,0.17205267272168273
ticker,PLTR,all,weighted_net,3,5D,all,0,13,0.38461538461538464,0.23076923076923078,0.08179528718498569,0.5025637594672749,-0.022278073467586777,-0.02032022979945758,0.03627102888673277,-0.058871262439036495,0.6161075435454241,0.3850672147158901,-0.023307267630265735,-0.020584232666070013,0.29095210312058
ticker,PLTR,all,weighted_net,3,60D,all,0,10,0.1,0.1,0.017876213095072896,0.4041500267952385,-0.12010815649329273,-0.1495020874898203,0.07086918155746735,-0.14132786072115497,0.5014523052697645,0.055716922807751604,-0.14875204809712392,-0.16291162294153327,0.01966506878865229
ticker,PLTR,all,weighted_net,3,90D,all,0,8,0.0,0.0,0.0,0.32440756488388023,-0.19518337598295543,-0.19488596309227207,,-0.19518337598295543,,,-0.21226814990064188,-0.2175078572363109,
ticker,PLTR,all,weighted_net,30,1D,all,0,5,0.8,0.6,0.2307242812760128,0.882379225767352,0.011071795150329166,0.00946982377052219,0.01626679180351634,-0.009708191462419524,1.6755738560045095,6.702295424018038,0.007776436546396837,0.0029482687092730053,11.81094134670784
ticker,PLTR,all,weighted_net,30,20D,all,0,5,0.8,0.6,0.2307242812760128,0.882379225767352,0.02519836709413561,0.05698960777740547,0.08651542916815869,-0.2200698812019567,0.39312707716129514,1.5725083086451805,0.022669919520472814,0.0233359791891683,1.4168022909632838
ticker,PLTR,all,weighted_net,30,5D,all,0,5,0.8,0.6,0.2307242812760128,0.882379225767352,0.02225065772905055,0.03784787686073665,0.04227174284614896,-0.057833682739343084,0.7309190915036152,2.923676366014461,0.01951234969661062,0.03926676838792731,3.3172450383333323
ticker,PLTR,all,weighted_net,30,60D,all,0,5,0.6,0.6,0.2307242812760128,0.882379225767352,0.047246972811200716,0.08464632919879311,0.1705642738061995,-0.13772897868129746,1.2384051304183585,1.8576076956275378,0.04872701096750025,0.04688970331069009,1.6947927507625449
ticker,PLTR,all,weighted_net,7,1D,all,0,18,0.4444444444444444,0.2777777777777778,0.12499753379553993,0.5087265656029746,-0.014517170573740135,-0.0031449866882525823,0.011506047876267675,-0.03533574533374638,0.3256206362026035,0.2604965089620828,-0.013053890580437162,-0.0028026080863200464,0.2502220576742574
ticker,PLTR,all,weighted_net,7,20D,all,0,15,0.4,0.3333333333333333,0.1517632443971473,0.5828645226148023,-0.05713292242794774,-0.037951150714789494,0.06323828561606772,-0.1373803944572914,0.4603152135782165,0.3068768090521444,-0.06137372020017777,-0.010653741755337176,0.21301543984230975
ticker,PLTR,all,weighted_net,7,5D,all,0,16,0.4375,0.375,0.18481232558863633,0.6135895945449727,-0.022669889405780075,-0.013042249182535548,0.03740678975092756,-0.06939619541655268,0.5390322844990596,0.4192473323881575,-0.025264296541427506,-0.00908044854929646,0.30384243356154234
ticker,PLTR,all,weighted_net,7,60D,all,0,11,0.2727272727272727,0.18181818181818182,0.05136768974608513,0.4769805619608442,-0.0746664397662151,-0.08872701218055878,0.104996451673757,-0.14204002405620464,0.7392032800009267,0.2772012300003475,-0.10102530904541633,-0.1132595541725494,0.20997484272366995
ticker,PLTR,all,weighted_net,7,90D,all,0,9,0.1111111111111111,0.1111111111111111,0.019890887638544907,0.434999705576656,-0.16177097333971746,-0.20242153520630068,0.17947089947089945,-0.20442620744104456,0.8779251042098304,0.1097406380262288,-0.179668559011436,-0.224876193168983,0.09677998709890713
ticker,QQQ,all,author_net,1,1D,all,0,12,0.5833333333333334,0.5,0.2537815976337061,0.7462184023662939,0.0019299004441259797,0.0020659607143549974,0.00849750347778325,-0.0072647438029942,1.1696907293937828,1.6375670211512963,0.00018637263899557813,0.00030142264765553595,1.157476778400839
ticker,QQQ,all,author_net,1,20D,all,0,11,0.5454545454545454,0.5454545454545454,0.280091537409322,0.7872872837754024,0.005000582333362879,0.0003621160746618557,0.04416909362896615,-0.042001631221361045,1.0516042435633497,1.2619250922760195,0.0014554860588749815,0.0011499110972441606,1.1585966523821665
ticker,QQQ,all,author_net,1,5D,all,0,12,0.4166666666666667,0.5,0.2537815976337061,0.7462184023662939,-0.004789761784461287,-0.0012685542070905997,0.0173401994068763,-0.02059687692113099,0.8418848873678727,0.6013463481199091,-0.0021983762830363276,0.0005165985082143942,0.5705860011028564
ticker,QQQ,all,author_net,1,60D,all,0,10,0.4,0.4,0.16818032970623614,0.6873262302663417,0.03208865592503539,-0.008259359587669324,0.14618311576086757,-0.043974317298852726,3.3242839170736014,2.2161892780490677,0.01212770047543551,-0.005434143103159483,1.7897356263556659
ticker,QQQ,all,author_net,1,90D,all,0,7,0.5714285714285714,0.42857142857142855,0.15821985525146975,0.7495416354723428,0.037441464593256826,0.01912049048933251,0.09932422031791555,-0.04506887637295479,2.203831741798618,2.9384423223981573,0.017564218453071195,-0.008090776344979567,2.601805982206052
ticker,QQQ,all,author_net,3,1D,all,0,31,0.5161290322580645,0.45161290322580644,0.29161735980520015,0.6222783236264549,0.0013670090326122137,0.0012511305396443184,0.009400273253410488,-0.007201806136239278,1.3052660784783676,1.392283817043592,-0.0006292920590649984,-0.00022433478304517696,0.6861274121887548
ticker,QQQ,all,author_net,3,20D,all,0,27,0.37037037037037035,0.4074074074074074,0.24514757074395552,0.592732990319353,-0.002533241072224499,-0.004550609975379594,0.050431895247759706,-0.03368920361339168,1.4969749901631006,0.8805735236253533,-0.0006881409513350988,-0.0007825610062912602,0.9151450261137907
ticker,QQQ,all,author_net,3,5D,all,0,29,0.5862068965517241,0.6206896551724138,0.4400254420598852,0.7731197789919015,0.005084895115308561,0.007052368272411957,0.02239367349429553,-0.01943587425492298,1.15218246427085,1.6322584910503708,0.0009406621741321724,0.0026384667432203246,1.2660670840196107
ticker,QQQ,all,author_net,3,60D,all,0,20,0.35,0.35,0.18119182410108206,0.5671457233147638,0.006253325504801277,-0.015151315451378433,0.15460260350223612,-0.07362705495535594,2.0998069744332435,1.1306652939255926,0.004120634122468941,-0.007458645180512424,1.2060354952377368
ticker,QQQ,all,author_net,3,90D,all,0,13,0.6923076923076923,0.6153846153846154,0.355228915126657,0.8229029220223743,0.06074065982720582,0.04296555750145936,0.1040249783383143,-0.03664905682278824,2.838408061667551,6.386418138751989,0.027019316455063638,0.03134465386870977,5.259005261740665
ticker,QQQ,all,author_net,30,1D,all,0,20,0.6,0.6,0.3865815007622531,0.781193467627183,0.004470072393434754,0.004634452965369462,0.01194069592033307,-0.00673586289691272,1.7727047155021378,2.659057073253207,0.0012201855410858774,0.00067567502202176,1.864658608704638
ticker,QQQ,all,author_net,30,20D,all,0,18,0.5,0.5,0.29031021505169974,0.7096897849483003,0.00012709511106908286,0.00289537752109692,0.03934235169901802,-0.03908816147687985,1.0065029976477282,1.006502997647728,-0.000724616072539788,-0.0003790751972428952,0.9162167548661604
ticker,QQQ,all,author_net,30,5D,all,0,19,0.5789473684210527,0.5263157894736842,0.3170780924511316,0.7267019483882042,0.0008682444341742555,0.012822376176864658,0.019380063608468726,-0.024585506930480644,0.7882718734768772,1.0838738260307064,-0.0007572570224074584,0.0015671797782043084,0.8412599991423103
ticker,QQQ,all,author_net,30,60D,all,0,14,0.5,0.42857142857142855,0.21380798904474121,0.6740935542034926,0.024776090492147233,0.006892733620725233,0.09527733500345992,-0.04572515401916545,2.08369631655095,2.08369631655095,0.008100508462470552,-0.0033183500239436503,1.6539564166083691
ticker,QQQ,all,author_net,30,90D,all,0,12,0.75,0.5833333333333334,0.31951131254954973,0.8067396863412435,0.04756897391459128,0.02597444737658905,0.0785491614154544,-0.04537158858799809,1.7312411546514066,5.193723463954219,0.017256345984486526,0.0050710195653502765,3.125998127269999
ticker,QQQ,all,author_net,7,1D,all,0,33,0.5151515151515151,0.5151515151515151,0.3521837544891414,0.674959578918663,0.0018854203678929514,0.00021295690664890898,0.010113529139753627,-0.006856945202209017,1.4749321806590312,1.5671154419502207,0.00041088853470611254,0.000388564332735708,1.250678209049572
ticker,QQQ,all,author_net,7,20D,all,0,30,0.43333333333333335,0.5333333333333333,0.36142299619873297,0.6976761109230025,0.0034355160766885644,-0.004463506463716516,0.04777835728978715,-0.030473715439210357,1.567854677421809,1.1989476944990305,0.003806919828531589,0.00029677153049151306,1.4816455853404074
ticker,QQQ,all,author_net,7,5D,all,0,32,0.5625,0.65625,0.4831108797896222,0.7958956207556682,0.003807814834210922,0.008041433752835725,0.020058235918075255,-0.017085583702186078,1.173985991213682,1.509410560131877,0.002314871735152397,0.002907001946594323,1.7315152776062186
ticker,QQQ,all,author_net,7,60D,all,0,21,0.47619047619047616,0.5238095238095238,0.3236953458284443,0.7165599389846583,0.021035595096016428,-0.007084596445977809,0.10687079315872472,-0.05699640314280929,1.8750445162469451,1.7045859238608594,0.014952311233125576,0.0038027324010525554,2.166120911934947
ticker,QQQ,all,author_net,7,90D,all,0,18,0.8333333333333334,0.7777777777777778,0.5478541568378739,0.9099907189139831,0.08364548333848809,0.06789269692405653,0.10944889772378531,-0.04537158858799809,2.4122782809667207,12.061391404833602,0.04258854354268195,0.031323308159990015,11.306201768000513
ticker,QQQ,all,author_net,90,1D,all,0,17,0.5882352941176471,0.5882352941176471,0.3600544264299978,0.7838894320978518,0.0037526607975271907,0.0035299168402473935,0.010705152915178795,-0.006179470799117959,1.7323737360660107,2.474819622951444,0.0006437616479788707,0.0007546725881482086,1.4792833590771317
ticker,QQQ,all,author_net,90,20D,all,0,15,0.4666666666666667,0.3333333333333333,0.1517632443971473,0.5828645226148023,0.010462839003359366,-0.0004416094210009103,0.044218496138409114,-0.019073360989809163,2.318337924922352,2.028545684307058,-0.0004886690287244718,-0.0031494189221391578,0.9389607061836257
ticker,QQQ,all,author_net,90,5D,all,0,16,0.625,0.5625,0.331785563988119,0.7690134759450765,0.0059899700840665634,0.01416481006594017,0.021366940041803017,-0.019638313178827527,1.088023184437203,1.8133719740620051,-0.00016106435639148126,0.001939882857391384,0.9585241690726701
ticker,QQQ,all,author_net,90,60D,all,0,12,0.5,0.4166666666666667,0.19326031365875665,0.6804886874504503,0.0162993244798456,0.006892733620725233,0.05873166512012621,-0.026133016160435008,2.247412421113682,2.247412421113682,4.997794276082971e-05,-0.0033183500239436503,1.0054658010764854
ticker,QQQ,all,author_net,90,90D,all,0,11,0.7272727272727273,0.5454545454545454,0.280091537409322,0.7872872837754024,0.03847848662242761,0.01912049048933251,0.06992226482633725,-0.04537158858799809,1.5411024167849705,4.109606444759921,0.012786009356525508,0.0013000404570007174,2.4439777289677584
ticker,QQQ,all,author_net_shift,30,1D,all,0,13,0.5384615384615384,0.46153846153846156,0.23206067809538303,0.7085620428549398,0.005918694534414293,0.0012584989539748959,0.014132018678176943,-0.003663516966642133,3.8575005402881803,4.500417297002877,0.0012654622307714737,-0.001123419314410734,2.145267370423732
ticker,QQQ,all,author_net_shift,30,20D,all,0,13,0.15384615384615385,0.5384615384615384,0.29143795714506004,0.7679393219046169,-0.03105027541634664,-0.006993237671119923,0.023215967206735133,-0.040916864984179686,0.5673935971319278,0.10316247220580504,-0.008676600291879034,0.0015602480330358937,0.3160720460690639
ticker,QQQ,all,author_net_shift,30,5D,all,0,13,0.46153846153846156,0.46153846153846156,0.23206067809538303,0.7085620428549398,-0.0055471694765742985,-0.0008498464386385018,0.020610003968544992,-0.02796760385810512,0.7369241953336712,0.6316493102860038,-0.0006997184748104119,-0.0007667616044046976,0.8385606128373706
ticker,QQQ,all,author_net_shift,30,60D,all,0,10,0.4,0.4,0.16818032970623614,0.6873262302663417,-0.03622470408615165,-0.01715685017031615,0.08127124105434266,-0.11455533417981452,0.7094496440189622,0.47296642934597477,-0.009836966315547192,-0.0051414527053851855,0.6592955304836617
ticker,QQQ,all,author_net_shift,30,90D,all,0,6,0.6666666666666666,0.8333333333333334,0.43649717781352987,0.9699466302516935,0.04768491804929973,0.05271109682322139,0.08391715956432594,-0.024779564980752677,3.3865469240282424,6.773093848056485,0.022038421039437445,0.018224810705362804,24.134398962834315
ticker,QQQ,all,author_net_shift,7,1D,all,0,9,0.5555555555555556,0.3333333333333333,0.1205838183869109,0.6457978644196036,-0.00017327580549475474,0.0017038893739262928,0.003933998996595678,-0.0053073693081077955,0.7412333244995613,0.9265416556244517,-0.00027173358230280094,-0.0010879710371010098,0.7700532208197076
ticker,QQQ,all,author_net_shift,7,20D,all,0,8,0.5,0.375,0.13684428582359742,0.6942576053973727,0.007712411417699197,-0.001722453587540973,0.04157066303141016,-0.026145840196011766,1.589953228496794,1.589953228496794,0.0027215991709790416,-0.0015566867115959226,1.3908713937067738
ticker,QQQ,all,author_net_shift,7,5D,all,0,9,0.3333333333333333,0.4444444444444444,0.18877852109766452,0.733348706504507,-0.0051307468974113556,-0.009445551128818064,0.020703129808178344,-0.018047685250206207,1.1471349107189133,0.5735674553594566,-0.0022590060135379503,-0.0018540993264033467,0.4867761694963935
ticker,QQQ,all,author_net_shift,90,1D,all,0,8,0.5,0.625,0.30574239460262737,0.8631557141764026,0.004309606787154391,0.0031562706353567838,0.019037387068795875,-0.010418173494487093,1.8273248260714554,1.8273248260714554,0.0020000990515415817,0.0017722230988410081,2.1872112855464456
ticker,QQQ,all,author_net_shift,90,20D,all,0,8,0.125,0.5,0.21521606221387757,0.7847839377861224,-0.015034348084992918,-0.008288630695836297,0.006232364463194751,-0.018072449877591157,0.34485443342811756,0.04926491906115965,-0.00496883093609897,-0.0008805105424249948,0.3776782329167741
ticker,QQQ,all,author_net_shift,90,5D,all,0,8,0.25,0.375,0.13684428582359742,0.6942576053973727,-0.00249530563790383,-0.007102292105458374,0.02663182275859932,-0.012204348436738214,2.1821585065885793,0.7273861688628597,-0.0001670092484237634,-0.0010975598166916845,0.9319401025254238
ticker,QQQ,all,author_net_shift,90,60D,all,0,6,0.8333333333333334,0.8333333333333334,0.43649717781352987,0.9699466302516935,0.12304448097296515,0.12136895979830642,0.15309919794648907,-0.027229103894654494,5.622630790157765,28.113153950788824,0.061269692771133255,0.06962206979142882,77.14876005172634
ticker,QQQ,all,high_low_divergence,3,1D,all,0,9,0.5555555555555556,0.5555555555555556,0.26665129349549305,0.8112214789023355,0.0004019491601928962,0.0035920943864131694,0.007033298975721247,-0.007887238109217543,0.8917315387628115,1.1146644234535144,-0.000289430612470307,0.0003402806942323089,0.8560617708090328
ticker,QQQ,all,high_low_divergence,3,20D,all,0,6,0.3333333333333333,0.3333333333333333,0.09677141110578041,0.700006684861608,0.0028771179267505866,-0.005977319748418308,0.05297282177070439,-0.022170733995226316,2.3893129466128733,1.1946564733064367,-0.0013706496861065436,-0.013845447631361363,0.8894808408290311
ticker,QQQ,all,high_low_divergence,3,5D,all,0,9,0.4444444444444444,0.4444444444444444,0.18877852109766452,0.733348706504507,-0.004951298384621988,-0.008432414200185478,0.025134361750416084,-0.029019826492652445,0.8661099940339021,0.6928879952271217,-0.0007935808741208596,-0.0005792587455539788,0.8763740764289873
ticker,QQQ,all,high_low_divergence,30,1D,all,0,8,0.5,0.5,0.21521606221387757,0.7847839377861224,-0.0018564237472140088,0.0031888222661614063,0.012268187285013887,-0.015981034779441905,0.7676716466943526,0.7676716466943526,-0.001317224650920712,0.0004956669884544906,0.6052508030269814
ticker,QQQ,all,high_low_divergence,30,20D,all,0,6,0.3333333333333333,0.5,0.1876163064826506,0.8123836935173494,0.016363670444675866,-0.003482732823909873,0.08703053915289771,-0.018969763909435056,4.58785568278006,2.29392784139003,0.00963872151484374,0.002516047776385255,5.916014268687272
ticker,QQQ,all,high_low_divergence,30,5D,all,0,7,0.7142857142857143,0.8571428571428571,0.4868721707256811,0.9743203756552565,0.010168784061081062,0.0014861570316935246,0.017982341434342165,-0.00936510937207169,1.9201421702525432,4.800355425631357,0.004326427504152305,0.00161586088782939,3.9471404971393675
ticker,QQQ,all,high_low_divergence,30,60D,all,0,5,0.8,0.6,0.2307242812760128,0.882379225767352,0.10559356795840032,0.12111164797814022,0.14900255221048186,-0.06804236904992589,2.1898495641906837,8.759398256762735,0.05304403878041612,0.06747680514070309,11.929729643613584
ticker,QQQ,all,high_low_divergence,7,1D,all,0,10,0.6,0.5,0.236593090512564,0.7634069094874361,0.002152421847945574,0.003256074577452306,0.00909048143110297,-0.008254667526790521,1.1012534910218752,1.651880236532813,0.0003521695559897564,-0.0003589187376717984,1.3843191427246544
ticker,QQQ,all,high_low_divergence,7,20D,all,0,8,0.5,0.625,0.30574239460262737,0.8631557141764026,0.032453044257026234,0.0006299450646272131,0.10849910680272151,-0.043593018288669044,2.488910175575598,2.488910175575598,0.011140342495316438,0.01696288144997199,1.910058437016555
ticker,QQQ,all,high_low_divergence,7,5D,all,0,10,0.5,0.5,0.236593090512564,0.7634069094874361,-0.0031479420863888773,-0.005451256695474305,0.028793026857046034,-0.03508891102982379,0.8205733951838353,0.8205733951838353,-0.003068241170115127,-0.0004127618073588857,0.5656235174073244
ticker,QQQ,all,weighted_net,1,1D,all,0,21,0.38095238095238093,0.38095238095238093,0.20751011368564493,0.5912134622488425,-0.0016673477908299877,-0.003259123249942597,0.00802634911600772,-0.007632699733499346,1.051574068973351,0.6471225039836006,-0.0011559590592063805,-0.0006551263496443749,0.4306646689244345
ticker,QQQ,all,weighted_net,1,20D,all,0,18,0.4444444444444444,0.6111111111111112,0.3861904160223791,0.7969475342783638,0.007791807940897973,-0.0066054284285221865,0.06100646117973428,-0.03477991465017107,1.7540716184429799,1.403257294754384,0.0036096991743209805,0.0013537593359488342,1.4466331336624698
ticker,QQQ,all,weighted_net,1,5D,all,0,19,0.5263157894736842,0.5789473684210527,0.3627590353425504,0.7685810871754576,-0.0013966013033560715,0.0006279849944637039,0.018671243924878934,-0.023694207112506076,0.7880088089136368,0.8755653432373741,0.00034251840459869297,0.0038043152622212473,1.081070485145859
ticker,QQQ,all,weighted_net,1,60D,all,0,13,0.5384615384615384,0.5384615384615384,0.29143795714506004,0.7679393219046169,0.04607705219428122,0.035368060492470765,0.14567411347137993,-0.07011951929566725,2.07751158214773,2.4237635125056847,0.022329459177755424,0.017330135176903516,2.408914551613842
ticker,QQQ,all,weighted_net,1,90D,all,0,8,0.75,0.625,0.30574239460262737,0.8631557141764026,0.07208220527074806,0.051260455994961596,0.1087181527993975,-0.03782563731520028,2.874192228235345,8.622576684706035,0.033580311193929346,0.014850269996797172,5.512877505359542
ticker,QQQ,all,weighted_net,3,1D,all,0,37,0.4864864864864865,0.43243243243243246,0.28671719277157315,0.5908581890983192,0.0003756581234035571,-0.0002818582750272469,0.007898140333249284,-0.0067509039701345004,1.1699381843068828,1.1083624903959943,-0.0003377834319847767,-0.0006341329385668448,0.7909866853936923
ticker,QQQ,all,weighted_net,3,20D,all,0,33,0.42424242424242425,0.48484848484848486,0.32504042108133696,0.6478162455108585,0.0037946423219508947,-0.0043764029520534375,0.05678091779577786,-0.035247876448237396,1.6109032236073118,1.186981322658019,0.003730203562359495,-0.0001709842650494675,1.5354078411179413
ticker,QQQ,all,weighted_net,3,5D,all,0,36,0.6111111111111112,0.6944444444444444,0.5314372714948966,0.8199554840517008,0.007795250861599937,0.009661904433046375,0.02230985905467964,-0.015013419156096743,1.485994550789579,2.33513429409791,0.002686629894685547,0.0029108587960826604,2.0202834709609077
ticker,QQQ,all,weighted_net,3,60D,all,0,25,0.48,0.52,0.3349851695035678,0.6996871404588704,0.0232856660483533,-0.0004707868634230561,0.11924172263417065,-0.0652891554154781,1.8263633811060453,1.685873890251734,0.01475126265640582,0.0038027324010525554,2.082344133531524
ticker,QQQ,all,weighted_net,3,90D,all,0,19,0.8421052631578947,0.7894736842105263,0.5666572155618583,0.9149232336708375,0.09002707453241132,0.08489668743850465,0.1123472055574065,-0.029013624267563043,3.8722223918440144,20.65185275650141,0.043879562437492636,0.034749107745470464,13.77841744245514
ticker,QQQ,all,weighted_net,7,1D,all,0,22,0.45454545454545453,0.4090909090909091,0.2325581619647187,0.6126518152368488,0.00126997162815405,-0.0007369879291347359,0.009683560403266945,-0.005741352351106695,1.6866340560687512,1.4055283800572924,0.00014453076927018924,-0.0004876376314155717,1.134446511296309
ticker,QQQ,all,weighted_net,7,20D,all,0,19,0.47368421052631576,0.5263157894736842,0.3170780924511316,0.7267019483882042,0.005838126893380731,-0.0004416094210009103,0.05635658623759324,-0.03962848651641052,1.4221231036480653,1.2799107932832587,0.00029198043896278296,2.4410611805469884e-05,1.0318300579186104
ticker,QQQ,all,weighted_net,7,5D,all,0,21,0.5714285714285714,0.5238095238095238,0.3236953458284443,0.7165599389846583,-0.00113635760315606,0.007052368272411957,0.020119207762393565,-0.029477111423888893,0.6825366119859533,0.9100488159812711,-0.002032454133168892,0.0015671797782043084,0.6444429605236296
ticker,QQQ,all,weighted_net,7,60D,all,0,16,0.5,0.4375,0.23098652405492354,0.6682144360118811,0.019285244418793722,0.006892733620725233,0.10629947426898169,-0.06772898543139425,1.5694827494006571,1.5694827494006571,0.007672250765821925,-0.0033183500239436503,1.484448865805508
ticker,QQQ,all,weighted_net,7,90D,all,0,12,0.8333333333333334,0.75,0.46769466506643426,0.9110583316059453,0.05968744321538689,0.047028677706596966,0.07928087298601731,-0.03827970563776523,2.071094112798035,10.355470563990176,0.02185536449280846,0.011599365731134292,5.588815317669156
ticker,RKLB,all,author_net,30,1D,all,0,6,0.16666666666666666,0.16666666666666666,0.030053369748306635,0.5635028221864702,-0.041153985922419346,-0.03323099246362132,0.01852280620514013,-0.05308934434793124,0.3488987560996676,0.06977975121993352,-0.03840520505175543,-0.029183528285538163,0.0790677444624175
ticker,RKLB,all,author_net,30,20D,all,0,5,0.4,0.4,0.11762077423264783,0.769275718723987,0.016077643288537512,-0.11345218800648293,0.27982710292058977,-0.15975532979949733,1.7515979170885243,1.1677319447256829,0.011839493050758376,-0.1056678870714971,1.1296895671124096
ticker,RKLB,all,author_net,30,5D,all,0,6,0.3333333333333333,0.3333333333333333,0.09677141110578041,0.700006684861608,-0.08326773410424941,-0.09017371259907819,0.012788728579433806,-0.131295965446091,0.09740381995732189,0.048701909978660946,-0.07437057033553861,-0.0976864359647816,0.08836932605892767
ticker,RKLB,all,author_net,7,1D,all,0,5,0.6,0.6,0.2307242812760128,0.882379225767352,0.0006941755427574581,0.011948869951833974,0.024346654261145757,-0.03478454253482499,0.6999273955312418,1.0498910932968628,0.002043978576418426,0.00798531339134989,1.1750969379387306
ticker,RKLB,all,author_net,7,5D,all,0,5,0.6,0.6,0.2307242812760128,0.882379225767352,0.005740816676166438,0.00022436616558207945,0.06291862974232558,-0.08002590292307227,0.7862283016388874,1.179342452458331,0.009406131910898608,0.017278871960162423,1.2995312062432858
ticker,RKLB,all,weighted_net,3,1D,all,0,7,0.7142857142857143,0.5714285714285714,0.2504583645276572,0.8417801447485302,0.005236103828622877,0.011948869951833974,0.03562535199985593,-0.07073701659945975,0.503630965970482,1.2590774149262047,0.005244879068927439,0.00798531339134989,1.271480416739568
ticker,RKLB,all,weighted_net,3,5D,all,0,5,0.2,0.2,0.03622410863243014,0.6244653702374747,-0.008568844141005939,-0.04435950891823026,0.1631784320681091,-0.0515056631932847,3.1681648570517638,0.7920412142629409,-0.009873007940775414,-0.05548859790873317,0.7651018217707038
ticker,RKLB,all,weighted_net,7,1D,all,0,6,0.5,0.3333333333333333,0.09677141110578041,0.700006684861608,-0.01312570350742052,-0.0140420145871053,0.01838399886620401,-0.04463540588104505,0.41187031916317784,0.41187031916317784,-0.010529296503007046,-0.013418066376518656,0.43582364585320493
ticker,RKLB,all,weighted_net,7,5D,all,0,5,0.4,0.4,0.11762077423264783,0.769275718723987,-0.00961774393400836,-0.05143971205758846,0.0817013991168456,-0.07049717263457767,1.1589315721971585,0.7726210481314391,-0.006199968862004757,-0.0607516319043544,0.8576459824189262
ticker,SLV,all,author_net,30,1D,all,0,10,0.6,0.7,0.39677814746114537,0.8922087325936989,-0.00042008508244705255,0.0035347355412111425,0.00927424171887529,-0.019948767045907423,0.4649030036559548,0.9298060073119098,0.0026357068280066674,0.005178309667112635,1.7286761276105362
ticker,SLV,all,author_net,30,20D,all,0,9,0.6666666666666666,0.5555555555555556,0.26665129349549305,0.8112214789023355,0.030114461759908926,0.03768844221105527,0.10003781267667489,-0.10973224007362299,0.9116537911698167,1.8233075823396334,0.01922184170491127,0.005262098543686866,1.468915882504971
ticker,SLV,all,author_net,30,5D,all,0,10,0.9,0.8,0.49016247153664183,0.9433178485456247,0.051261766573914846,0.054373201391784365,0.06118831467661772,-0.03807716635041103,1.606955573151709,14.462600158365381,0.042423849517825095,0.03323379639749857,11.283537080235343
ticker,SLV,all,author_net,30,60D,all,0,5,0.2,0.4,0.11762077423264783,0.769275718723987,-0.1386827180251104,-0.17975964579380133,0.5151318633808908,-0.30213636337661065,1.7049647967688777,0.4262411991922194,-0.14823723665227886,-0.20183631806222602,0.41112099053404094
ticker,SLV,all,author_net,7,1D,all,0,12,0.5833333333333334,0.6666666666666666,0.39062208887279953,0.8618799089087867,0.0027078727861986527,0.0035347355412111425,0.01161599547448384,-0.01220437372175076,0.9517895583434726,1.665631727101077,0.006205098833601226,0.0063020233846129425,3.4467547254780717
ticker,SLV,all,author_net,7,20D,all,0,11,0.7272727272727273,0.6363636363636364,0.35380117450784887,0.8483352890463243,0.0656380622585552,0.05973552211582289,0.15861121008780238,-0.18229033195277058,0.8701021518184343,2.320272404849158,0.06180645590882147,0.04459667214571916,2.1501235295852092
ticker,SLV,all,author_net,7,5D,all,0,12,0.8333333333333334,0.75,0.46769466506643426,0.9110583316059453,0.03711081528479088,0.04610807520154625,0.05735857256930501,-0.0641279711377798,0.894439221319966,4.47219610659983,0.033438035934821926,0.02423739617717169,4.715429242586151
ticker,SLV,all,author_net,7,60D,all,0,7,0.14285714285714285,0.2857142857142857,0.08221892400405678,0.6410655481673808,-0.10573264944352588,-0.06142933618843682,0.5151318633808908,-0.20921006824759533,2.462270901662553,0.4103784836104255,-0.11074414350862437,-0.11737580715757123,0.41076510252037374
ticker,SLV,all,author_net,7,90D,all,0,6,0.3333333333333333,0.3333333333333333,0.09677141110578041,0.700006684861608,-0.07794165358067773,-0.07382953739212755,0.3315458617694814,-0.2826854112557573,1.172843905515584,0.586421952757792,-0.11872853304219537,-0.14809241533158962,0.4626911117220419
ticker,SLV,all,author_net,90,1D,all,0,5,0.6,0.6,0.2307242812760128,0.882379225767352,0.0019235762400872324,0.0008375209380234727,0.008902227310937816,-0.017088800732377285,0.520939266034697,1.5628177981040912,0.003785487950025157,0.006407557570485611,2.9940211993518617
ticker,SLV,all,author_net,90,5D,all,0,5,1.0,0.8,0.37553462976252533,0.9637758913675698,0.06859560004083236,0.07893634840871011,0.06859560004083236,,,,0.06518640309431967,0.07914663894266605,51.74354829784643
ticker,SLV,all,weighted_net,3,1D,all,0,7,0.2857142857142857,0.2857142857142857,0.08221892400405678,0.6410655481673808,-0.010531754445126742,-0.010365301398812532,0.018640997697147332,-0.02220085530203637,0.8396522315713435,0.3358608926285374,-0.009323040686376525,-0.013609374448386058,0.39357624977528993
ticker,SLV,all,weighted_net,3,20D,all,0,7,0.14285714285714285,0.14285714285714285,0.02567962434474355,0.5131278292743189,-0.0821413949722141,-0.08789346246973351,0.12095096582466569,-0.11599012177169406,1.0427695391400327,0.17379492319000545,-0.0866245314383574,-0.12480396673466554,0.15569863552177612
ticker,SLV,all,weighted_net,3,5D,all,0,7,0.5714285714285714,0.5714285714285714,0.2504583645276572,0.8417801447485302,-0.030837725736862182,0.0302906262791649,0.04460019317193126,-0.13142161761525342,0.33936725160773507,0.45248966881031344,-0.035975370555706494,0.006442055131641755,0.35096672219904934
ticker,SLV,all,weighted_net,3,60D,all,0,6,0.16666666666666666,0.16666666666666666,0.030053369748306635,0.5635028221864702,-0.15104939026452846,-0.17365036247639115,0.018862491000720016,-0.18503176651757816,0.10194190627763404,0.02038838125552681,-0.17170979369078573,-0.1880571569949806,0.021098024422336378
ticker,SLV,all,weighted_net,3,90D,all,0,5,0.2,0.2,0.03622410863243014,0.6244653702374747,-0.1407133529742925,-0.14254859611231097,0.16716196136701345,-0.21768218155961896,0.7679175216333956,0.1919793804083489,-0.1892575011435,-0.21714170842836067,0.08741449494548051
ticker,SLV,all,weighted_net,30,1D,all,0,9,0.4444444444444444,0.5555555555555556,0.26665129349549305,0.8112214789023355,0.001715819970055173,-0.002041742286751247,0.01569421018333797,-0.009466892200571064,1.6577996084492501,1.3262396867594,0.005099803235955356,0.006196489198740274,2.707959436234424
ticker,SLV,all,weighted_net,30,20D,all,0,8,0.625,0.75,0.40927543031016883,0.9285207872478909,0.09309870665753124,0.024338268655919704,0.20030028876484468,-0.0855705968546578,2.3407606833110677,3.9012678055184455,0.0888155965833453,0.03287103427718974,3.276022434738538
ticker,SLV,all,weighted_net,30,5D,all,0,9,0.7777777777777778,0.6666666666666666,0.3542021355803963,0.879416181613089,0.019450466569893996,0.023868794845511965,0.0457558411237,-0.07261834436842701,0.6300865369714173,2.2053028793999605,0.011216479729886129,0.0011070283211127574,1.7224740661253368
ticker,SLV,all,weighted_net,7,1D,all,0,16,0.5,0.5,0.27999563610326017,0.7200043638967398,-0.0016156149794522082,0.00041876046901173636,0.008595459670139291,-0.013516216718907095,0.6359368045731002,0.7267849195121145,0.0014901418057415641,0.0002005933760907408,1.346560472911746
ticker,SLV,all,weighted_net,7,20D,all,0,15,0.5333333333333333,0.4,0.1982449614134158,0.6425316987937539,0.023708064174347794,0.010110294117646967,0.1622637482882179,-0.13464128909864662,1.2051559322885965,1.3773210654726817,0.01884435913866361,-0.03247225756084027,1.3006655621314676
ticker,SLV,all,weighted_net,7,5D,all,0,16,0.6875,0.625,0.38641040545502714,0.8151876744113636,0.00928354886733139,0.023413359309069848,0.04551223751475472,-0.07041956615699993,0.6463010211293478,1.4218622464845652,0.008485007841056942,0.007695086332721812,1.4231538152494807
ticker,SLV,all,weighted_net,7,60D,all,0,8,0.25,0.375,0.13684428582359742,0.6942576053973727,-0.08006035308989133,-0.1467133686099531,0.4072461319129148,-0.24249584809082672,1.6793942457950082,0.5597980819316694,-0.06615461103129852,-0.09800766773829822,0.634700842259996
ticker,SLV,all,weighted_net,7,90D,all,0,6,0.5,0.5,0.1876163064826506,0.8123836935173494,-0.041398299518519,0.026812708718386036,0.29941128080067064,-0.38220787983770865,0.7833728622439843,0.7833728622439843,-0.057442127649136365,-0.05146881990922947,0.726244565495806
ticker,SMH,all,author_net,30,1D,all,0,5,0.4,0.4,0.11762077423264783,0.769275718723987,-0.005602958096859312,-0.005593278858326611,0.01429279213373208,-0.01886679158392024,0.7575634717835924,0.505042314522395,-0.004234190871983045,-0.00832327357446594,0.5407236073755591
ticker,SMH,all,author_net,90,1D,all,0,8,0.25,0.375,0.13684428582359742,0.6942576053973727,-0.007598224477130447,-0.005496388738156055,0.01429279213373208,-0.014895230014084623,0.9595549796959906,0.31985165989866354,-0.0052260763889686035,-0.00554876452570463,0.3847643197293293
ticker,SMH,all,author_net,90,20D,all,0,7,0.42857142857142855,0.42857142857142855,0.15821985525146975,0.7495416354723428,-0.052927696962926526,-0.015037532302391576,0.044555680710959944,-0.12604023021834138,0.35350364430289816,0.2651277332271736,-0.039574101936593706,-0.02577605155160201,0.26662410862132147
ticker,SMH,all,author_net,90,5D,all,0,8,0.5,0.5,0.21521606221387757,0.7847839377861224,-0.0012217921608249221,0.004502554559495553,0.04598023885853875,-0.04842382318018859,0.9495375589705694,0.9495375589705694,-0.0019017616660461784,0.0006416067331123654,0.8907910397173817
ticker,SMH,all,weighted_net,7,1D,all,0,6,0.16666666666666666,0.3333333333333333,0.09677141110578041,0.700006684861608,-0.008730933763141935,-0.006022728751652551,0.006196421438593891,-0.0117164048034891,0.5288671348013361,0.1057734269602672,-0.006547522826088485,-0.005585407429472389,0.1805931949854151
ticker,SMH,all,weighted_net,7,5D,all,0,5,0.6,0.6,0.2307242812760128,0.882379225767352,0.006576463726213766,0.03811055235207972,0.05128502253098466,-0.06048637448094257,0.8478772776692546,1.2718159165038818,0.0031948573005777135,0.029407448315216245,1.1624430584680792
ticker,SNDK,all,author_net,1,1D,all,0,7,0.5714285714285714,0.5714285714285714,0.2504583645276572,0.8417801447485302,0.024465424789263484,0.004288934548863921,0.05610555445816118,-0.01772141476926677,3.1659749059912423,4.2212998746549895,0.025087201776751642,0.005550078275761039,4.780357406218719
ticker,SNDK,all,author_net,1,5D,all,0,7,0.7142857142857143,0.7142857142857143,0.35893445183261935,0.9177810759959433,0.03993375418242421,0.05254443535677944,0.0919908183283448,-0.09020890618237726,1.0197531731774356,2.549382932943589,0.03727318319489351,0.04447021632365633,2.584505323142244
ticker,SNDK,all,author_net,3,1D,all,0,16,0.3125,0.3125,0.14164643854782039,0.5559564416525933,-0.007240336644060513,-0.015650095495058414,0.05708680047365999,-0.036479944424842564,1.5648817829553576,0.7113099013433445,-0.00670509231302243,-0.017729778711426725,0.7155105399660666
ticker,SNDK,all,author_net,3,20D,all,0,11,0.8181818181818182,0.9090909090909091,0.6226415635484043,0.9837678271141151,0.22587406975606095,0.23898342276925533,0.300975905593061,-0.11208419151043936,2.6852663300428814,12.083698485192967,0.21140782017610563,0.24676772370424116,12.00168090520138
ticker,SNDK,all,author_net,3,5D,all,0,14,0.6428571428571429,0.6428571428571429,0.38764423103907397,0.8365526824644587,0.027890289605683207,0.04083101045736792,0.12328001251085761,-0.14381121162363072,0.8572350592073068,1.5430231065731523,0.025812519999869173,0.045499563218668104,1.512025291778063
ticker,SNDK,all,author_net,3,60D,all,0,7,1.0,1.0,0.6456695649333126,1.0,1.2406807416356063,1.3580563883396057,1.2406807416356063,,,,1.1883897319248966,1.2664871954074886,
ticker,SNDK,all,author_net,3,90D,all,0,6,1.0,1.0,0.6096657120978346,1.0,2.177221363164121,2.158488708686987,2.177221363164121,,,,2.1190339824518207,2.076499148032134,
ticker,SNDK,all,author_net,7,1D,all,0,16,0.375,0.375,0.18481232558863633,0.6135895945449727,-0.00019678975915653207,-0.012682770377786756,0.05832019309714831,-0.03530697947293944,1.651803523488806,0.9910821140932836,-0.00011324891172900114,-0.014981876736926969,0.994822016410729
ticker,SNDK,all,author_net,7,20D,all,0,13,0.8461538461538461,0.9230769230769231,0.6668604907890041,0.9862895787574435,0.275243419914846,0.29922974069460473,0.34566662199217063,-0.11208419151043936,3.0839908584251665,16.961949721338417,0.2663408138188664,0.3127827042495497,17.380471021682173
ticker,SNDK,all,author_net,7,5D,all,0,14,0.5714285714285714,0.6428571428571429,0.38764423103907397,0.8365526824644587,0.0634562092459579,0.022320209874476027,0.16057094815373688,-0.06603010929774739,2.431783770486879,3.2423783606491723,0.06334526702698513,0.03027178995737856,3.701729758071053
ticker,SNDK,all,author_net,7,60D,all,0,9,1.0,1.0,0.7008549515804559,1.0,1.409478817964567,1.4365545401516626,1.409478817964567,,,,1.3563570675344445,1.4009783216704417,
ticker,SNDK,all,author_net,7,90D,all,0,7,1.0,1.0,0.6456695649333126,1.0,2.2962816112038698,2.72372115410327,2.2962816112038698,,,,2.2460432363256886,2.650503455603241,
ticker,SNDK,all,weighted_net,1,1D,all,0,8,0.5,0.5,0.21521606221387757,0.7847839377861224,0.01800519909791047,-0.002125552326015412,0.05610555445816118,-0.020095156262340236,2.791993937529464,2.791993937529464,0.01839610644761333,0.0007184741315217069,2.96500367826807
ticker,SNDK,all,weighted_net,1,5D,all,0,7,0.7142857142857143,0.7142857142857143,0.35893445183261935,0.9177810759959433,0.03993375418242421,0.05254443535677944,0.0919908183283448,-0.09020890618237726,1.0197531731774356,2.549382932943589,0.03727318319489351,0.04447021632365633,2.584505323142244
ticker,SNDK,all,weighted_net,3,1D,all,0,15,0.4,0.4,0.1982449614134158,0.6425316987937539,0.0026734437247667073,-0.008621566632756816,0.05477235040733782,-0.0320591607302807,1.708477363713515,1.1389849091423434,0.0034837460406613135,-0.006148490096789305,1.195713786219114
ticker,SNDK,all,weighted_net,3,20D,all,0,11,0.8181818181818182,0.9090909090909091,0.6226415635484043,0.9837678271141151,0.22587406975606095,0.23898342276925533,0.300975905593061,-0.11208419151043936,2.6852663300428814,12.083698485192967,0.21140782017610563,0.24676772370424116,12.00168090520138
ticker,SNDK,all,weighted_net,3,5D,all,0,14,0.6428571428571429,0.6428571428571429,0.38764423103907397,0.8365526824644587,0.03530305953860141,0.04083101045736792,0.12328001251085761,-0.12305545581145975,1.001824841474253,1.8032847146536555,0.034114773036432684,0.045499563218668104,1.8101282783149786
ticker,SNDK,all,weighted_net,3,60D,all,0,7,1.0,1.0,0.6456695649333126,1.0,1.2406807416356063,1.3580563883396057,1.2406807416356063,,,,1.1883897319248966,1.2664871954074886,
ticker,SNDK,all,weighted_net,3,90D,all,0,6,1.0,1.0,0.6096657120978346,1.0,2.177221363164121,2.158488708686987,2.177221363164121,,,,2.1190339824518207,2.076499148032134,
ticker,SNDK,all,weighted_net,7,1D,all,0,15,0.3333333333333333,0.3333333333333333,0.1517632443971473,0.5828645226148023,-0.0007405703574330605,-0.016989178162343355,0.05011112264618141,-0.026166416859240295,1.9150930337825518,0.9575465168912759,-0.002865164054165281,-0.015509262728939599,0.8497303735432474
ticker,SNDK,all,weighted_net,7,20D,all,0,14,0.7857142857142857,0.8571428571428571,0.6005862050302965,0.9599060787285351,0.18940938164594529,0.18924705052890511,0.32058370695470867,-0.29156314448618703,1.0995343993825546,4.031626131069367,0.1864424544556985,0.14612736294845763,4.47698656866253
ticker,SNDK,all,weighted_net,7,5D,all,0,14,0.5714285714285714,0.6428571428571429,0.38764423103907397,0.8365526824644587,0.053104756115760814,0.022320209874476027,0.15368938131933083,-0.0810080774889992,1.897210575577499,2.5296141007699986,0.05057846260916239,0.028979624925133063,2.665491854908524
ticker,SNDK,all,weighted_net,7,60D,all,0,10,0.9,0.9,0.5958499732047615,0.9821237869049271,1.1272024951282171,1.4467396663956194,1.5051173108297868,-2.2740308461859104,0.661871985313755,5.956847867823796,1.091783311532554,1.403923394790858,6.120281393617093
ticker,SNDK,all,weighted_net,7,90D,all,0,7,1.0,1.0,0.6456695649333126,1.0,2.2153182382603407,2.416224375517359,2.2153182382603407,,,,2.180235418877531,2.4150336267195573,
ticker,SOFI,all,author_net,3,1D,all,0,5,0.4,0.4,0.11762077423264783,0.769275718723987,0.00348972714356266,-0.0019026909486273835,0.022136565703480104,-0.00894149856304897,2.4757109278035534,1.6504739518690354,0.007070763570849547,-0.0017270835225405845,2.9607432011675696
ticker,SOFI,all,author_net,3,5D,all,0,5,0.2,0.4,0.11762077423264783,0.769275718723987,-0.03574675665476299,-0.022401991288114487,0.005232558139534937,-0.04599158535333747,0.11377207589899326,0.028443018974748314,-0.02538187553611737,-0.019169502235406366,0.26210723626566285
ticker,SOFI,all,author_net,30,1D,all,0,5,0.4,0.4,0.11762077423264783,0.769275718723987,-0.026190046499782006,0.0,0.025644317641464576,-0.09111943389091959,0.2814363143669633,0.2814363143669633,-0.026941547010776067,-0.0060758290621500954,0.2579017231531633
ticker,SOFI,all,author_net,30,5D,all,0,5,0.4,0.6,0.2307242812760128,0.882379225767352,-0.038825070297904406,-0.0003566333808844302,0.02705103536741804,-0.08274247407478603,0.3269304631013113,0.21795364206754084,-0.03950976478434998,0.007419281058088201,0.14893839983323423
ticker,SOFI,all,author_net,7,1D,all,0,6,0.16666666666666666,0.16666666666666666,0.030053369748306635,0.5635028221864702,-0.014551479068210213,-0.015165205555266736,0.014621968616262526,-0.02038616860510476,0.7172494694565186,0.14344989389130375,-0.009823173495576284,-0.014850720113755045,0.2353502038951569
ticker,SOFI,all,author_net,7,20D,all,0,5,0.8,0.6,0.2307242812760128,0.882379225767352,0.019851743864317227,0.024891101431238294,0.05763609869421821,-0.1312856754552867,0.43901285113049465,1.7560514045219786,0.0004445334824401126,0.024673972687463852,1.010693100143881
ticker,SOFI,all,author_net,7,5D,all,0,6,0.16666666666666666,0.5,0.1876163064826506,0.8123836935173494,-0.026891883831226242,-0.01299418153766152,0.01648664013644119,-0.03556758862475973,0.46352988138656986,0.09270597627731397,-0.015061492026884468,0.002593179097044318,0.43409279336823553
ticker,SOFI,all,weighted_net,3,1D,all,0,5,0.4,0.4,0.11762077423264783,0.769275718723987,0.00348972714356266,-0.0019026909486273835,0.022136565703480104,-0.00894149856304897,2.4757109278035534,1.6504739518690354,0.007070763570849547,-0.0017270835225405845,2.9607432011675696
ticker,SOFI,all,weighted_net,3,5D,all,0,5,0.2,0.4,0.11762077423264783,0.769275718723987,-0.03574675665476299,-0.022401991288114487,0.005232558139534937,-0.04599158535333747,0.11377207589899326,0.028443018974748314,-0.02538187553611737,-0.019169502235406366,0.26210723626566285
ticker,SOFI,all,weighted_net,7,1D,all,0,6,0.3333333333333333,0.3333333333333333,0.09677141110578041,0.700006684861608,-0.004966829139383511,-0.006240704528451824,0.022136565703480104,-0.018518526560815318,1.1953740288560784,0.5976870144280392,-4.4218865921078855e-05,-0.007028201063749351,0.9950547360288047
ticker,SOFI,all,weighted_net,7,20D,all,0,5,0.8,0.6,0.2307242812760128,0.882379225767352,0.019851743864317227,0.024891101431238294,0.05763609869421821,-0.1312856754552867,0.43901285113049465,1.7560514045219786,0.0004445334824401126,0.024673972687463852,1.010693100143881
ticker,SOFI,all,weighted_net,7,5D,all,0,6,0.16666666666666666,0.5,0.1876163064826506,0.8123836935173494,-0.02876756416404395,-0.01299418153766152,0.005232558139534937,-0.03556758862475973,0.14711590922676124,0.029423181845352246,-0.01647584007003655,0.002593179097044318,0.38095132844054985
ticker,TLT,all,author_net,3,1D,all,0,5,0.6,0.2,0.03622410863243014,0.6244653702374747,0.0018511105005036832,0.001004128082115363,0.005569141732161127,-0.0037259363469824835,1.4946958867591489,2.2420438301387238,-0.004522829905342163,-0.005106766337617308,0.03893333493418114
ticker,TLT,all,author_net,3,20D,all,0,5,0.0,0.2,0.03622410863243014,0.6244653702374747,-0.025362814882234685,-0.02466985108176445,,-0.025362814882234685,,,0.0035758041363831428,-0.006016380586783554,1.8400811900909495
ticker,TLT,all,author_net,3,5D,all,0,5,0.2,0.2,0.03622410863243014,0.6244653702374747,-0.005321682729620858,-0.0034188034188034067,0.002865973588086712,-0.0073685968090477505,0.38894428102887124,0.09723607025721781,-0.006622809827831389,-0.010294376585792242,0.16623325179063914
ticker,TLT,all,author_net,3,60D,all,0,5,0.0,0.0,0.0,0.43448246478317476,-0.04386031137781996,-0.04130373700477663,,-0.04386031137781996,,,-0.14973724106799982,-0.15299751237289216,
ticker,TLT,all,author_net,90,1D,all,0,6,0.8333333333333334,0.5,0.1876163064826506,0.8123836935173494,0.0011977056883588817,0.000756603324953864,0.001782901060295039,-0.0017282711713219046,1.0316095586616478,5.158047793308239,-0.0009415335481618251,-0.0012558524997275944,0.5457710666138593
ticker,TLT,all,author_net,90,20D,all,0,6,0.16666666666666666,0.0,2.7755575615628914e-17,0.3903342879021653,-0.01605651092869111,-0.014182290837897127,0.003040935672514733,-0.01987600024893228,0.15299535290950148,0.03059907058190029,-0.03128811861607352,-0.021065679062754583,
ticker,TLT,all,author_net,90,5D,all,0,6,0.6666666666666666,0.16666666666666666,0.030053369748306635,0.5635028221864702,0.0011330384875803585,0.0020758326657922543,0.00562483459906965,-0.007850553735398225,0.7164888985737675,1.432977797147535,-0.012043996429077239,-0.013188320471644921,0.18546565648005506
ticker,TLT,all,weighted_net,3,1D,all,0,5,0.6,0.2,0.03622410863243014,0.6244653702374747,0.0018511105005036832,0.001004128082115363,0.005569141732161127,-0.0037259363469824835,1.4946958867591489,2.2420438301387238,-0.004522829905342163,-0.005106766337617308,0.03893333493418114
ticker,TLT,all,weighted_net,3,20D,all,0,5,0.0,0.2,0.03622410863243014,0.6244653702374747,-0.025362814882234685,-0.02466985108176445,,-0.025362814882234685,,,0.0035758041363831428,-0.006016380586783554,1.8400811900909495
ticker,TLT,all,weighted_net,3,5D,all,0,5,0.2,0.2,0.03622410863243014,0.6244653702374747,-0.005321682729620858,-0.0034188034188034067,0.002865973588086712,-0.0073685968090477505,0.38894428102887124,0.09723607025721781,-0.006622809827831389,-0.010294376585792242,0.16623325179063914
ticker,TLT,all,weighted_net,3,60D,all,0,5,0.0,0.0,0.0,0.43448246478317476,-0.04386031137781996,-0.04130373700477663,,-0.04386031137781996,,,-0.14973724106799982,-0.15299751237289216,
ticker,TQQQ,all,author_net,90,1D,all,0,5,0.4,0.4,0.11762077423264783,0.769275718723987,-0.0012998126060715265,-0.0011585337596737855,0.011169441232860011,-0.009612648498692552,1.161952528939262,0.7746350192928414,-0.0009287322247753416,-0.0009351333069154144,0.8288304082669042
ticker,TQQQ,all,author_net,90,20D,all,0,5,0.0,0.0,0.0,0.43448246478317476,-0.07282232191130333,-0.057745187901008244,,-0.07282232191130333,,,-0.06323250989777299,-0.05913447878378686,
ticker,TQQQ,all,author_net,90,5D,all,0,5,0.6,0.6,0.2307242812760128,0.882379225767352,0.008413996360559506,0.005694857628559147,0.045763799150427685,-0.04761070782424276,0.9612081240078801,1.4418121860118203,0.005398112264295052,0.0110947557436889,1.3229509338008594
ticker,TQQQ,all,weighted_net,30,1D,all,0,5,0.6,0.6,0.2307242812760128,0.882379225767352,-0.001589512058835596,0.01009918845807034,0.017114829118315855,-0.029646023824562773,0.5773060569470236,0.8659590854205355,-0.001430347823146394,0.010260207267994925,0.845537023114327
ticker,TQQQ,all,weighted_net,30,20D,all,0,5,0.6,0.4,0.11762077423264783,0.769275718723987,-0.0017060553232188358,0.001520527116066761,0.037333799326593566,-0.06026583729793744,0.6194852838769286,0.9292279258153929,-0.010434505955273265,-0.014461875572810312,0.5688324312753371
ticker,TQQQ,all,weighted_net,30,5D,all,0,5,0.6,0.6,0.2307242812760128,0.882379225767352,0.010041243355973561,0.05249185471219975,0.06631628079034273,-0.07437131279558018,0.8916916791911712,1.3375375187867566,0.005518435050785642,0.0328845817028629,1.2319837732403456
ticker,TSLA,all,author_net,1,1D,all,0,19,0.42105263157894735,0.42105263157894735,0.23141891282454238,0.6372409646574496,-0.0008792780649973885,-0.007421311719954304,0.02423500904794329,-0.019144214147136063,1.26591819657266,0.9206677793255709,1.548346308698431e-05,-0.006495705417538744,1.001579173222351
ticker,TSLA,all,author_net,1,20D,all,0,19,0.42105263157894735,0.42105263157894735,0.23141891282454238,0.6372409646574496,-0.003365349214891137,-0.041676031845551464,0.09248036320170505,-0.07307132188150654,1.2656177665934725,0.9204492847952527,-0.0068010687902011775,-0.029901960868164545,0.8215553064092836
ticker,TSLA,all,author_net,1,5D,all,0,19,0.47368421052631576,0.42105263157894735,0.23141891282454238,0.6372409646574496,-0.0027192842908964473,-0.0066083990620335875,0.03278883925586239,-0.0346765954829794,0.9455610851981247,0.8510049766783122,-0.0033392586422013094,-0.00373569799810769,0.7924195000630411
ticker,TSLA,all,author_net,1,60D,all,0,15,0.4666666666666667,0.3333333333333333,0.1517632443971473,0.5828645226148023,-0.030581217522628375,-0.0017857142857142794,0.08289692991863365,-0.12987459653373265,0.6382844076601434,0.5584988567026254,-0.046199215627227314,-0.05950437563407651,0.3774072648632593
ticker,TSLA,all,author_net,1,90D,all,0,14,0.2857142857142857,0.2857142857142857,0.11721378644576919,0.5464908432989318,-0.022585614083757834,-0.040457992926430764,0.10391674050838973,-0.07318655592061686,1.4198883825207587,0.5679553530083035,-0.06587426802446786,-0.08486025800086788,0.29893346299176904
ticker,TSLA,all,author_net,3,1D,all,0,31,0.5806451612903226,0.4838709677419355,0.31970251562417307,0.651596045519712,0.005804088287208869,0.007192081192832989,0.020117482951121996,-0.014014458170517,1.4354806091215335,1.9875885357067387,0.004425592123028643,-0.0003148735854390239,1.7261469808796603
ticker,TSLA,all,author_net,3,20D,all,0,28,0.39285714285714285,0.39285714285714285,0.2356568654157959,0.5759095570340281,0.00351992375188781,-0.03004576565770145,0.09762793824637685,-0.05737349739160509,1.7016208299106026,1.1010487722950957,-0.0008046054972033359,-0.013942523225671855,0.9743531611941364
ticker,TSLA,all,author_net,3,5D,all,0,30,0.5333333333333333,0.5,0.33154125640533766,0.6684587435946623,0.007329791117993042,0.0029846652280709485,0.04426091651864426,-0.034877209339894064,1.2690498281356675,1.450342660726477,0.0031273070532127577,0.0013847117077741555,1.2027737670059904
ticker,TSLA,all,author_net,3,60D,all,0,24,0.5416666666666666,0.375,0.21159367559548778,0.5729003755732572,-0.013412986312365335,0.01469385632642961,0.08430573641634193,-0.12889874953720118,0.6540461929928237,0.7729636826278825,-0.03172809203501791,-0.036568021240943493,0.4942909998607355
ticker,TSLA,all,author_net,3,90D,all,0,21,0.23809523809523808,0.23809523809523808,0.10628013022636468,0.4509117368295075,-0.03361938122017134,-0.05431469205054118,0.12299434307214685,-0.08256117006152078,1.4897359494844507,0.46554248421389083,-0.07476836759218666,-0.11659663441248969,0.2671021860271984
ticker,TSLA,all,author_net,30,1D,all,0,13,0.5384615384615384,0.46153846153846156,0.23206067809538303,0.7085620428549398,-0.0010864408362062116,0.0005006827492035626,0.012716469702075375,-0.017189836464201396,0.7397667644225698,0.8630612251596648,-0.001665745354623724,-0.001959153841069927,0.7844526318354911
ticker,TSLA,all,author_net,30,20D,all,0,13,0.6923076923076923,0.7692307692307693,0.49743624053272495,0.9182047128150143,0.06343472867082066,0.04320626069026923,0.12169040563451104,-0.06764054449748269,1.7990748971430865,4.047918518571945,0.058242760444520876,0.010294321493836911,6.207969531062417
ticker,TSLA,all,author_net,30,5D,all,0,13,0.6153846153846154,0.6153846153846154,0.355228915126657,0.8229029220223743,0.00975895510377426,0.007570246430844696,0.044840814642090124,-0.04637202015753113,0.9669799695971985,1.5471679513555177,0.006300107660408074,0.016467640773887293,1.448811002420993
ticker,TSLA,all,author_net,30,60D,all,0,12,0.5,0.5,0.2537815976337061,0.7462184023662939,0.006954219782344238,-0.007047372378748751,0.11594326036880176,-0.10203482080411329,1.1363107168227398,1.1363107168227398,0.006764839801804932,-0.01142093231446073,1.1792287825659322
ticker,TSLA,all,author_net,30,90D,all,0,9,0.3333333333333333,0.3333333333333333,0.1205838183869109,0.6457978644196036,0.013484043498400168,-0.02152859870873869,0.21727342298275998,-0.08841064624377974,2.4575481824175283,1.2287740912087641,-0.014664158599558089,-0.09446699968764372,0.7836339754297755
ticker,TSLA,all,author_net,7,1D,all,0,21,0.6190476190476191,0.5238095238095238,0.3236953458284443,0.7165599389846583,0.008085401930543851,0.0071980183593181035,0.022192883974368974,-0.014839256390671976,1.4955522965638306,2.430272481916225,0.007316131170080749,0.002459939494404484,2.416095695702045
ticker,TSLA,all,author_net,7,20D,all,0,19,0.5789473684210527,0.5789473684210527,0.3627590353425504,0.7685810871754576,0.02280611710520147,0.01608364360550696,0.08545131471731421,-0.06333102961145355,1.3492803644843974,1.8552605011660463,0.013985951810551131,0.006275177408926247,1.5990350056860572
ticker,TSLA,all,author_net,7,5D,all,0,20,0.55,0.55,0.34208534245034233,0.7418021417443759,0.01426647855644928,0.011315951494633658,0.05417283521114809,-0.03450795735484927,1.5698650213944174,1.9187239150376214,0.009949035199116113,0.01429876121695689,1.6844947311858485
ticker,TSLA,all,author_net,7,60D,all,0,16,0.6875,0.5,0.27999563610326017,0.7200043638967398,0.024052427418699257,0.04392311957626499,0.08904511242056844,-0.11893147958541295,0.7487093638368382,1.6471606004410442,-0.004632200749047931,0.006648301701631776,0.9026486748322572
ticker,TSLA,all,author_net,7,90D,all,0,14,0.42857142857142855,0.42857142857142855,0.21380798904474121,0.6740935542034926,0.012555858541157221,-0.032917070748799016,0.15170765387419496,-0.09180798795862109,1.6524450349850968,1.2393337762388226,-0.014425535491466317,-0.08047324241932141,0.8110534858289821
ticker,TSLA,all,author_net,90,1D,all,0,10,0.6,0.5,0.236593090512564,0.7634069094874361,0.0007496099372153453,0.004330801144716734,0.015091354670193994,-0.020763007162252628,0.7268385813414465,1.0902578720121698,0.0008661276382260108,-0.0007625008496644492,1.0962624476085765
ticker,TSLA,all,author_net,90,20D,all,0,10,0.7,0.7,0.39677814746114537,0.8922087325936989,0.0780984752350214,0.034402462815424695,0.13666315964558778,-0.058552455056300134,2.3340295383717318,5.446068922867374,0.06628908794755636,0.029780986871565496,4.64809849289903
ticker,TSLA,all,author_net,90,5D,all,0,10,0.5,0.4,0.16818032970623614,0.6873262302663417,-0.010185510548269683,-0.00670280263604589,0.03129473025356644,-0.0516657513501058,0.6057151872524226,0.6057151872524225,-0.009134575108892129,-0.00399144420982489,0.5644970091335345
ticker,TSLA,all,author_net,90,60D,all,0,10,0.5,0.5,0.236593090512564,0.7634069094874361,0.009273564731405459,0.0053819875254607075,0.12353162072890274,-0.10498449126609181,1.1766654220936472,1.176665422093647,0.0008279871850707443,-0.013545905524594115,1.0178341873066183
ticker,TSLA,all,author_net,90,90D,all,0,10,0.3,0.3,0.10779126740630099,0.6032218525388546,0.002095338638506694,-0.046267129604428914,0.21727342298275998,-0.09012384036617328,2.410831829846329,1.0332136413627124,-0.021381835137962157,-0.07693378431938153,0.6909308238497425
ticker,TSLA,all,author_net_shift,30,1D,all,0,13,0.5384615384615384,0.46153846153846156,0.23206067809538303,0.7085620428549398,0.0008537551052001636,0.0016657412548585215,0.01785636428669132,-0.018982622273206184,0.940668998713388,1.0974471651656195,0.001815558998749403,-0.0017992187091471212,1.2736776765904794
ticker,TSLA,all,author_net_shift,30,20D,all,0,13,0.46153846153846156,0.46153846153846156,0.23206067809538303,0.7085620428549398,-0.006465356690700423,-0.0436230668902553,0.0837633319054678,-0.08380423263027317,0.9995119491758152,0.8567245278649844,-0.009566671315398807,-0.03557198507335768,0.7516175720842445
ticker,TSLA,all,author_net_shift,30,5D,all,0,13,0.6153846153846154,0.3076923076923077,0.12680703655710515,0.5763065681945096,0.0069058040904899426,0.0018802462227195393,0.023646479562528647,-0.019879276664771982,1.1895040227712368,1.9032064364339787,-0.0029461401227624485,-0.00560068183502449,0.7325413162621858
ticker,TSLA,all,author_net_shift,30,60D,all,0,12,0.25,0.4166666666666667,0.19326031365875665,0.6804886874504503,-0.03879859159063163,-0.022934292124726696,0.03426971659819648,-0.063154694320241,0.5426313430387878,0.1808771143462626,-0.013135408806779306,-0.0014757522393046285,0.6263530183377517
ticker,TSLA,all,author_net_shift,30,90D,all,0,10,0.7,0.5,0.236593090512564,0.7634069094874361,0.022301666714793687,0.02989848910676407,0.06995032128410066,-0.08887852728025591,0.7870328573686876,1.8364100005269377,-0.005159550083354547,-0.005630602151494024,0.8952791329584664
ticker,TSLA,all,author_net_shift,7,1D,all,0,12,0.4166666666666667,0.4166666666666667,0.19326031365875665,0.6804886874504503,0.00017602501554692118,-0.007445097407667189,0.021499732857334086,-0.015055194871443911,1.428060748527003,1.020043391805002,-0.0020926369377779106,-0.010065299584805787,0.7710353659635176
ticker,TSLA,all,author_net_shift,7,20D,all,0,12,0.4166666666666667,0.4166666666666667,0.19326031365875665,0.6804886874504503,-0.0037485747961421567,-0.034970891598548715,0.08012494313094572,-0.06365823045834777,1.258673741856087,0.8990526727543477,-0.0037684823852497384,-0.022205296932121477,0.8919591603278144
ticker,TSLA,all,author_net_shift,7,5D,all,0,12,0.3333333333333333,0.5,0.2537815976337061,0.7462184023662939,-0.010237554769594398,-0.01437611145732498,0.03887360037265855,-0.03479313234072087,1.1172779729050728,0.5586389864525364,-0.012257406679273766,-0.0042342863451437784,0.4345128283065182
ticker,TSLA,all,author_net_shift,7,60D,all,0,7,0.42857142857142855,0.42857142857142855,0.15821985525146975,0.7495416354723428,-0.035970462867950546,-0.010509952350376883,0.049256504337937566,-0.09989068827236663,0.49310406395071055,0.36982804796303287,-0.02694096637511099,-0.045036116709305185,0.5907753791775888
ticker,TSLA,all,author_net_shift,7,90D,all,0,6,0.16666666666666666,0.3333333333333333,0.09677141110578041,0.700006684861608,-0.0435936035245361,-0.04883037590570316,0.09238412819192976,-0.07078914986782928,1.3050605688077983,0.2610121137615597,-0.053782831178673884,-0.12014024972716175,0.3569004247272275
ticker,TSLA,all,high_low_divergence,3,1D,all,0,5,0.2,0.2,0.03622410863243014,0.6244653702374747,-0.014947191376056356,-0.02195858981533294,0.007192081192832989,-0.020482009518278693,0.3511413851465396,0.0877853462866349,-0.015162117554174381,-0.01831372365192485,0.0999344207375217
ticker,TSLA,all,high_low_divergence,7,1D,all,0,6,1.0,0.8333333333333334,0.43649717781352987,0.9699466302516935,0.02216821086850392,0.024910564284901793,0.02216821086850392,,,,0.016096045506012752,0.015214119032340878,54.67678345333365
ticker,TSLA,all,high_low_divergence,7,20D,all,0,5,0.4,0.6,0.2307242812760128,0.882379225767352,-0.012491590810608844,-0.010327537605707593,0.03516741763470116,-0.04426426310748218,0.7944878140026386,0.5296585426684257,-0.0005613869880293221,0.002996795443921174,0.9656332574801164
ticker,TSLA,all,high_low_divergence,7,5D,all,0,5,0.6,0.4,0.11762077423264783,0.769275718723987,0.015209607677642633,0.0006857702669604837,0.03632751309348625,-0.016467250446122794,2.206046067759876,3.309069101639814,0.011799300532576851,-0.009544033930483309,1.9866647149229704
ticker,TSLA,all,high_low_divergence,7,60D,all,0,5,0.6,0.4,0.11762077423264783,0.769275718723987,0.013034988026979555,0.03414156257653689,0.05513422847866208,-0.05011387265054423,1.1001789636798969,1.6502684455198453,-0.012987549080578508,-0.049177114876857164,0.7206400676479597
ticker,TSLA,all,high_low_divergence,7,90D,all,0,5,0.8,0.4,0.11762077423264783,0.769275718723987,0.04817401205559226,0.030124908155767738,0.07129390076670516,-0.04430554278885934,1.609141797595403,6.436567190381612,-0.017504762811464646,-0.06433223805129051,0.7080769892563105
ticker,TSLA,all,weighted_net,1,1D,all,0,24,0.375,0.375,0.21159367559548778,0.5729003755732572,-0.004002352692487873,-0.007628758823840676,0.023853260370770624,-0.02071572053044297,1.1514569496009976,0.6908741697605986,-0.0029607600317349595,-0.006611274570038128,0.7484934992510792
ticker,TSLA,all,weighted_net,1,20D,all,0,24,0.5,0.4583333333333333,0.2789133373121099,0.6492513464108051,0.0017311950287562476,-0.019036775856839494,0.07592197400288302,-0.07245958394537051,1.0477837419011804,1.0477837419011804,-0.006288114628238394,-0.014206471612223215,0.8023519906117689
ticker,TSLA,all,weighted_net,1,5D,all,0,24,0.4583333333333333,0.4166666666666667,0.24467602609811764,0.6116533413477124,-0.006812423364290369,-0.007525401865426717,0.03421937366792757,-0.041531636237705546,0.8239351195333029,0.6971758703743332,-0.006431870287013151,-0.004232829696507789,0.6751420402417847
ticker,TSLA,all,weighted_net,1,60D,all,0,18,0.5555555555555556,0.3333333333333333,0.1627877475083369,0.5625053270405489,-0.01089674919402859,0.02135962838186173,0.08428552867773466,-0.12987459653373265,0.6489762503773628,0.8112203129717035,-0.037286173694162365,-0.046530550430602835,0.4351664941227691
ticker,TSLA,all,weighted_net,1,90D,all,0,15,0.3333333333333333,0.3333333333333333,0.1517632443971473,0.5828645226148023,-0.010215484276172153,-0.03347619047619044,0.11572665901271725,-0.07318655592061686,1.5812557040973796,0.7906278520486898,-0.05343999587815319,-0.07525351631409205,0.39064121743504165
ticker,TSLA,all,weighted_net,3,1D,all,0,35,0.45714285714285713,0.42857142857142855,0.2798456817718068,0.5914258885602508,-0.00030128299677680193,-0.004156896184182357,0.021268728233931153,-0.01846550298053087,1.1518087677522713,0.9699442254755969,0.0009129530371914266,-0.002807804223340593,1.1076193674371244
ticker,TSLA,all,weighted_net,3,20D,all,0,32,0.46875,0.4375,0.2816533111504036,0.6067440886314801,0.0137552055708598,-0.01507287577352684,0.09281477896457858,-0.05600324154124501,1.6573108343420226,1.462333089125314,0.008397296476730064,-0.010617873284282098,1.3269408517151067
ticker,TSLA,all,weighted_net,3,5D,all,0,34,0.4411764705882353,0.4411764705882353,0.2888348224624216,0.6054610074379694,-0.002212886373488566,-0.007172671484595106,0.04362829169964188,-0.038403290115433655,1.1360560922906024,0.8968863886504757,-0.0032202483256107157,-0.0021269280849882666,0.826839614975232
ticker,TSLA,all,weighted_net,3,60D,all,0,26,0.46153846153846156,0.34615384615384615,0.1941223032294052,0.5377942881118918,-0.017436749641016137,-0.00809193658113394,0.08972827958113865,-0.10929248897429167,0.8209921873244646,0.7037075891352553,-0.03363085926155482,-0.03267385573747905,0.44153064094771294
ticker,TSLA,all,weighted_net,3,90D,all,0,21,0.23809523809523808,0.23809523809523808,0.10628013022636468,0.4509117368295075,-0.03243391609635672,-0.05431469205054118,0.12417750197851293,-0.08137498424475349,1.5259911031751636,0.47687221974223865,-0.0711110207564135,-0.1106448180145384,0.2712429758447221
ticker,TSLA,all,weighted_net,30,1D,all,0,9,0.4444444444444444,0.6666666666666666,0.3542021355803963,0.879416181613089,-0.007197910272247094,-0.0006061655697955359,0.0100035108251125,-0.020959047150134767,0.47728843555982825,0.3818307484478626,-0.007559220892364777,0.002459939494404484,0.28195033171784145
ticker,TSLA,all,weighted_net,30,20D,all,0,9,0.4444444444444444,0.4444444444444444,0.18877852109766452,0.733348706504507,0.028352627449456817,-0.0030020086969957394,0.18607027444606478,-0.09782149014782955,1.9021410751857502,1.5217128601486003,0.02790583595729563,-0.006284428058893399,1.8557826026103401
ticker,TSLA,all,weighted_net,30,5D,all,0,9,0.3333333333333333,0.3333333333333333,0.1205838183869109,0.6457978644196036,-0.016919096369168947,-0.017261286225609185,0.0447560376376254,-0.04775666337256612,0.9371684384327312,0.4685842192163656,-0.014201505513541601,-0.018950942607211085,0.45979857099940347
ticker,TSLA,all,weighted_net,30,60D,all,0,9,0.4444444444444444,0.4444444444444444,0.18877852109766452,0.733348706504507,-0.018570057072918405,-0.010955733911073962,0.09972255293787047,-0.1132041450815495,0.8809090238350618,0.7047272190680494,-0.013066060548563567,-0.01957975284308877,0.6544533789538627
ticker,TSLA,all,weighted_net,30,90D,all,0,5,0.6,0.6,0.2307242812760128,0.882379225767352,0.04403787701047816,0.08476537495691572,0.17509236389894475,-0.1525438533222217,1.1478165792042327,1.7217248688063491,0.029662021317988452,0.06896586528652626,1.4713749481733387
ticker,TSLA,all,weighted_net,7,1D,all,0,28,0.5,0.5,0.32633127457293465,0.6736687254270654,0.0036900317028927742,-0.0002125023189049613,0.02254782826575103,-0.015167764859965484,1.4865623560175854,1.4865623560175856,0.003776278125967996,-0.0006662908905991638,1.6093936743041104
ticker,TSLA,all,weighted_net,7,20D,all,0,26,0.5,0.5384615384615384,0.35457938746858797,0.7124414646960878,0.03486434364355118,0.004862253095863522,0.11832824327624869,-0.04859955598914634,2.4347597600001687,2.4347597600001687,0.03317447603902711,0.02598176545502079,2.451617606594065
ticker,TSLA,all,weighted_net,7,5D,all,0,27,0.5185185185185185,0.6296296296296297,0.4422923441210239,0.784674870390344,0.016335042088427953,0.0066519341949597965,0.05764515194983909,-0.028152768531553265,2.047583770854761,2.2050902147666656,0.015823002685958286,0.006259506982872254,2.6939449516366483
ticker,TSLA,all,weighted_net,7,60D,all,0,26,0.6153846153846154,0.5384615384615384,0.35457938746858797,0.7124414646960878,0.029300711247742344,0.03290035408447689,0.09387038860213173,-0.07401077251928066,1.268334127679554,2.029334604287286,0.011404071197095335,0.003883339960718546,1.3095179637279712
ticker,TSLA,all,weighted_net,7,90D,all,0,18,0.4444444444444444,0.5,0.29031021505169974,0.7096897849483003,0.013606161239754075,-0.037671796328465346,0.14281272364263575,-0.08975908868255128,1.5910669965435804,1.2728535972348645,-0.003118597497975094,-0.028870959047882894,0.9533138314640855
ticker,TSM,all,author_net,30,1D,all,0,6,0.6666666666666666,0.5,0.1876163064826506,0.8123836935173494,-0.0029605201204817577,0.0057397514914226955,0.008581029089643977,-0.026043618540733227,0.32948682135790447,0.6589736427158089,-0.0024496585783221523,7.400114609601438e-05,0.6905138389288314
ticker,TSM,all,author_net,30,20D,all,0,5,0.6,0.4,0.11762077423264783,0.769275718723987,0.010805244182090034,0.05728550402585797,0.07163504841728889,-0.08043946217070824,0.8905460887501377,1.3358191331252065,0.014085111067776945,-0.007773128661611173,1.8362412749737196
ticker,TSM,all,author_net,30,5D,all,0,6,0.16666666666666666,0.16666666666666666,0.030053369748306635,0.5635028221864702,-0.01612032292894579,-0.03368081356473329,0.10015474348291864,-0.03937533621131868,2.543590813940239,0.5087181627880478,-0.01616851640576848,-0.034291620854572824,0.48678166197912315
ticker,TSM,all,author_net,30,60D,all,0,5,1.0,1.0,0.5655175352168251,1.0,0.11604927532995823,0.10669058674546217,0.11604927532995823,,,,0.07131895706501128,0.06856545077424436,
ticker,TSM,all,author_net,7,1D,all,0,5,0.4,0.2,0.03622410863243014,0.6244653702374747,-0.01260701826090318,-0.01814528222662115,0.0014017800630202748,-0.021946217143518815,0.06387342537683084,0.04258228358455389,-0.01341506698484951,-0.016884138499724033,0.010863272258458918
ticker,TSM,all,weighted_net,30,1D,all,0,6,0.5,0.3333333333333333,0.09677141110578041,0.700006684861608,-0.008046659480405616,-0.0048093110809238615,0.00782498805323247,-0.0239183070140437,0.32715476261083226,0.3271547626108322,-0.00876297977791777,-0.008289958642946238,0.22862070121850406
ticker,TSM,all,weighted_net,30,20D,all,0,5,0.8,0.6,0.2307242812760128,0.882379225767352,0.023098906169071887,0.05728550402585797,0.05861238021228543,-0.11895499000378229,0.4927273770559923,1.9709095082239692,0.02386957156047338,0.03580406608245268,2.678625692661773
ticker,TSM,all,weighted_net,30,5D,all,0,6,0.3333333333333333,0.3333333333333333,0.09677141110578041,0.700006684861608,-0.011203271297276829,-0.03368081356473329,0.054269856096710756,-0.04393983499427062,1.2350946721531175,0.6175473360765588,-0.014041310575382734,-0.034291620854572824,0.5381427138129704
ticker,TSM,all,weighted_net,30,60D,all,0,5,1.0,1.0,0.5655175352168251,1.0,0.10293911064225938,0.09633199619058619,0.10293911064225938,,,,0.07699380806702547,0.09517869341977625,
ticker,TSM,all,weighted_net,7,1D,all,0,5,0.4,0.2,0.03622410863243014,0.6244653702374747,-0.011350187725365113,-0.011861129548930816,0.0014017800630202748,-0.019851499584288706,0.07061330843387274,0.04707553895591516,-0.01183381380928592,-0.00897787262190608,0.01229699020011532
ticker,USO,all,author_net,3,1D,all,0,6,0.5,0.16666666666666666,0.030053369748306635,0.5635028221864702,0.00046609098065340343,-0.0004188846101582655,0.01785989452716093,-0.016927712565854125,1.0550683949576958,1.055068394957696,-0.0030405473844379305,-0.0028016312704321478,0.720247428621448
ticker,USO,all,author_net,3,5D,all,0,5,0.6,0.2,0.03622410863243014,0.6244653702374747,-0.03734565694412573,0.0018310644057002445,0.020442773574495865,-0.12402830272205811,0.16482345662914705,0.24723518494372054,-0.06420752633876754,-0.02802274878046762,0.04052670783183751
ticker,USO,all,author_net,7,1D,all,0,7,0.2857142857142857,0.14285714285714285,0.02567962434474355,0.5131278292743189,-0.006144245681191017,-0.003978450062163352,0.013152822773058293,-0.013863073062890741,0.9487667498677709,0.3795066999471084,-0.010033178694480569,-0.005203630176957574,0.2606522621421356
ticker,USO,all,author_net,7,5D,all,0,6,0.5,0.5,0.1876163064826506,0.8123836935173494,-0.005291459456934322,0.0002101908751629411,0.08350233752354941,-0.09408525643741805,0.8875177757430252,0.8875177757430252,-0.010574834787416387,0.001182701467712044,0.8149273476953756
ticker,USO,all,weighted_net,3,1D,all,0,7,0.5714285714285714,0.2857142857142857,0.08221892400405678,0.6410655481673808,0.000481844965714446,0.0005763688760807018,0.013539013114390874,-0.016927712565854125,0.799813504731951,1.066418006309268,-0.002415883972955874,-0.002043949080902996,0.7406745301125541
ticker,USO,all,weighted_net,3,5D,all,0,5,0.6,0.2,0.03622410863243014,0.6244653702374747,-0.03734565694412573,0.0018310644057002445,0.020442773574495865,-0.12402830272205811,0.16482345662914705,0.24723518494372054,-0.06420752633876754,-0.02802274878046762,0.04052670783183751
ticker,USO,all,weighted_net,30,1D,all,0,9,0.4444444444444444,0.3333333333333333,0.1205838183869109,0.6457978644196036,-0.012616204350934567,-0.003978450062163352,0.0037879006527327674,-0.025739488353868432,0.14716301274743393,0.11773041019794714,-0.015288058844932352,-0.005203630176957574,0.04574662666504676
ticker,USO,all,weighted_net,30,5D,all,0,5,0.6,0.4,0.11762077423264783,0.769275718723987,-0.0007849790681340396,0.019221753398968477,0.029639080546639957,-0.04642106849029504,0.6384833764185418,0.9577250646278128,-0.01140637221735188,-0.005794369611112682,0.47293430928972663
ticker,USO,all,weighted_net,7,1D,all,0,8,0.5,0.25,0.071479212752109,0.5907245696898311,-0.000495928330770723,3.770428677263293e-05,0.012384141393840337,-0.013375998055381783,0.925848025886758,0.925848025886758,-0.0030094001303593992,-0.002711326990814833,0.6739201876674532
ticker,USO,all,weighted_net,7,20D,all,0,5,0.6,0.4,0.11762077423264783,0.769275718723987,0.008698240055109463,0.031009710840764093,0.1080884683221502,-0.14038710234545165,0.7699316142032482,1.1548974213048724,-0.041593548068080556,-0.06777661550937153,0.47872419236797537
ticker,USO,all,weighted_net,7,5D,all,0,7,0.42857142857142855,0.2857142857142857,0.08221892400405678,0.6410655481673808,-0.02257994907041099,-0.03419916386813793,0.06019776865345675,-0.0846632373633118,0.7110260666637704,0.5332695499978278,-0.028403953351513467,-0.04205231932276943,0.5025655770053353
ticker,VXX,all,author_net,90,1D,all,0,6,0.5,0.5,0.1876163064826506,0.8123836935173494,-0.0028989292296835076,-0.003786537161141579,0.008290004435764145,-0.014087862895131162,0.5884501075481942,0.5884501075481942,-0.0009844045140082562,-0.0007816237165467199,0.8563721125002606
ticker,VXX,all,author_net,90,20D,all,0,6,1.0,0.8333333333333334,0.43649717781352987,0.9699466302516935,0.09696794345228349,0.10134813834350564,0.09696794345228349,,,,0.13841318562299854,0.14864738230019398,105.48544506946835
ticker,VXX,all,author_net,90,5D,all,0,6,0.8333333333333334,0.8333333333333334,0.43649717781352987,0.9699466302516935,0.03665010585502041,0.03028567776326202,0.050402778959726155,-0.03211325966850831,1.5695316974985682,7.847658487492842,0.057041405463368965,0.04744956773890047,18.616828440133474
time_split,early_through_2026-04-15,all,author_net,1,1D,all,0,92,0.4891304347826087,0.5,0.39989831509207535,0.6001016849079246,-0.0016295699985275068,-0.0023281951635500953,0.025236140206106945,-0.02735205849232645,0.9226413512235974,0.8833800171289761,-0.000992704131297608,-1.5459969214925984e-05,0.9155882211232381
time_split,early_through_2026-04-15,all,author_net,1,20D,all,0,92,0.5,0.5217391304347826,0.4208569740212842,0.6208786177489061,0.02896805957117938,-0.004636140835150071,0.1461044027251664,-0.08816828358280764,1.6571083930418717,1.6571083930418715,0.021771585101599596,0.0015589278038447008,1.527085424520079
time_split,early_through_2026-04-15,all,author_net,1,5D,all,0,92,0.4673913043478261,0.45652173913043476,0.35852667216525175,0.5580021442943673,0.005655360404845643,-0.0010800700923561668,0.06271026165342944,-0.04441322640513606,1.4119726651108029,1.239078053056419,0.004257972824146166,-0.0030037603485834063,1.1999314381809651
time_split,early_through_2026-04-15,all,author_net,1,60D,all,0,92,0.5,0.44565217391304346,0.34829808027402587,0.5473629403004981,0.1355541300726019,0.0036405812362357293,0.39784313759576617,-0.12673487745056236,3.1391764098320896,3.139176409832089,0.10383342904291733,-0.018547609198921677,2.4568991227128887
time_split,early_through_2026-04-15,all,author_net,1,90D,all,0,71,0.5633802816901409,0.5070422535211268,0.39341308325020075,0.6199484948878713,0.1972206487369419,0.035504922021900365,0.45597109243398337,-0.13665089151730514,3.336759002236296,4.30549548675651,0.15859838136481372,0.012471704364905856,3.1815011880705444
time_split,early_through_2026-04-15,all,author_net,3,1D,all,0,211,0.5213270142180095,0.4881516587677725,0.42152307829567504,0.5552039462393195,-0.0008056629777127864,0.0012584989539748959,0.021557625002998994,-0.02516171919432958,0.8567628005266508,0.9331080005735802,-0.0013570586745795636,-0.00031141593248817934,0.8727653544691343
time_split,early_through_2026-04-15,all,author_net,3,20D,all,0,211,0.4597156398104265,0.4786729857819905,0.41225520908675456,0.5458534350762355,0.01561451662137004,-0.009634397744961998,0.13823451955368982,-0.08872004727718275,1.5580979022904706,1.325749969492769,0.0060656243657500365,-0.001956657939990558,1.135100215240383
time_split,early_through_2026-04-15,all,author_net,3,5D,all,0,211,0.5071090047393365,0.4928909952606635,0.42616587208629125,0.5598703426347054,0.0018401276381095073,0.0006279849944637039,0.054222024105929904,-0.05205278507397494,1.0416738322238117,1.0717221158456522,-0.0007051152350950274,-0.0004082315101012757,0.9706673318509182
time_split,early_through_2026-04-15,all,author_net,3,60D,all,0,211,0.4976303317535545,0.41706161137440756,0.3525952678903283,0.48449390385463326,0.128570622890916,-0.0009954651034177475,0.3852675053824828,-0.12570459089790015,3.064864239488317,3.035950425908239,0.09252557793918298,-0.01466058892182387,2.2490910781377074
time_split,early_through_2026-04-15,all,author_net,3,90D,all,0,152,0.5460526315789473,0.5,0.42099012028854144,0.5790098797114586,0.19178126479355886,0.02120952990839131,0.4849027712140742,-0.16081417046590166,3.0152987750348212,3.6270985264911624,0.14846395531487513,0.0009657777822651425,2.6811257254316105
time_split,early_through_2026-04-15,all,author_net,30,1D,all,0,319,0.5642633228840125,0.5360501567398119,0.48122041379564073,0.5900219851329745,0.0005558863240940169,0.002623959464350456,0.020473821074755788,-0.025420000406304714,0.8054217445912327,1.0505501016407384,-0.00015146839871348763,0.0009630206020490029,0.9854724016112714
time_split,early_through_2026-04-15,all,author_net,30,20D,all,0,319,0.45454545454545453,0.44200626959247646,0.38851900774909426,0.496873654844003,-0.007241408534711469,-0.008849011174449029,0.12234821446317273,-0.11589884635683816,1.0556465254751353,0.8847904404271364,-0.015200409686429833,-0.008767223563172166,0.7599291071433883
time_split,early_through_2026-04-15,all,author_net,30,5D,all,0,319,0.5109717868338558,0.5078369905956113,0.45320931559051425,0.5622781624374457,-0.00010847015148353489,0.0006750241080037966,0.06292533494342774,-0.06597071521860237,0.9538373918626867,0.996637787651397,-0.00243333678399115,0.0023125859365784596,0.9217220834110086
time_split,early_through_2026-04-15,all,author_net,30,60D,all,0,314,0.49363057324840764,0.4140127388535032,0.36089260272700197,0.4692113736379463,0.050322366679270716,-0.001145567519614199,0.2904766886535501,-0.18379033713213372,1.580478566970121,1.540718099876533,0.017970053181435013,-0.034037163831758865,1.173457356214004
time_split,early_through_2026-04-15,all,author_net,30,90D,all,0,237,0.5358649789029536,0.48523206751054854,0.4223477651520001,0.5485874715208042,0.07369967465543754,0.023298569327450114,0.3505906303761345,-0.2459835196766399,1.4252606468799494,1.6455282013977597,0.04169185855867227,-0.007692160834090078,1.3299151930820712
time_split,early_through_2026-04-15,all,author_net,7,1D,all,0,302,0.5132450331125827,0.4966887417218543,0.440695185444668,0.5527654787579163,0.0010655248335339716,0.000808931226096099,0.024425057607910295,-0.023565275030604328,1.0364851492795804,1.0928925043424147,0.0006809859343903763,-0.00025107352058872934,1.065016391555266
time_split,early_through_2026-04-15,all,author_net,7,20D,all,0,302,0.5066225165562914,0.5066225165562914,0.45050782947602774,0.5625708421188037,0.02650272731676504,0.0011992367160589268,0.14795629723553416,-0.09821134112331334,1.5065092843988503,1.5469524866645914,0.015228276951678787,0.00040502564357786097,1.3190283671373224
time_split,early_through_2026-04-15,all,author_net,7,5D,all,0,302,0.5066225165562914,0.5,0.44396363995085053,0.5560363600491495,0.007359977097822862,0.0007716253311833565,0.06904011265427341,-0.05597600102390154,1.2333877267294167,1.2664988066416156,0.004073086126190947,-2.486613724617115e-05,1.1549454259087333
time_split,early_through_2026-04-15,all,author_net,7,60D,all,0,297,0.5387205387205387,0.4612794612794613,0.4054412849458481,0.5181064863947094,0.13294379312280247,0.013998035363457673,0.36812512104978934,-0.14172053146345956,2.597542623135764,3.0336264211804544,0.09475108547675083,-0.010018173681177522,2.2294493097255947
time_split,early_through_2026-04-15,all,author_net,7,90D,all,0,218,0.591743119266055,0.5416666666666666,0.47507027066202484,0.6068069152725948,0.15087846689463577,0.04417420722089671,0.4076060935585561,-0.2212323627643049,1.8424343005946595,2.670494660412484,0.1131752962724218,0.016022936553151512,2.126550384884435
time_split,early_through_2026-04-15,all,author_net,90,1D,all,0,313,0.549520766773163,0.536741214057508,0.4813877474070504,0.5912037628252519,0.0021652411506795557,0.0020536893061464667,0.022748110117805687,-0.023441698986230997,0.9704121758054864,1.2094992336126353,0.0013162781970592987,0.0010454974987581522,1.1306411876380769
time_split,early_through_2026-04-15,all,author_net,90,20D,all,0,313,0.48562300319488816,0.4728434504792332,0.4181979391577242,0.528147466322748,0.007547624620721404,-0.002562399164847795,0.1417185304424823,-0.11986756325607195,1.1822925785162608,1.1231779495904477,-0.002070986395519473,-0.006016380586783554,0.9670311849400851
time_split,early_through_2026-04-15,all,author_net,90,5D,all,0,313,0.5431309904153354,0.536741214057508,0.4813877474070504,0.5912037628252519,0.00648056617171118,0.00577982884537831,0.06488608659857546,-0.06295257000008553,1.0307138628095296,1.2253241725707698,0.004152660984178541,0.003449078734692912,1.1508796403876362
time_split,early_through_2026-04-15,all,author_net,90,60D,all,0,305,0.5049180327868853,0.42950819672131146,0.37517146673649987,0.48559852132082,0.023979503771841715,0.0019486474094452255,0.24261853196927155,-0.19900334617785495,1.2191681025927898,1.2433899854257593,-0.008072702437898751,-0.022837588430957734,0.9287311159929577
time_split,early_through_2026-04-15,all,author_net,90,90D,all,0,223,0.515695067264574,0.47085201793721976,0.40638799099504797,0.5363032610027813,0.03191175720243417,0.01692680869014973,0.2997899154716016,-0.253328874287883,1.183402074928578,1.2601040612665413,-0.0023006660800442406,-0.023020055854150012,0.9832083331001822
time_split,early_through_2026-04-15,all,author_net_shift,3,1D,all,0,1,0.0,0.0,0.0,0.7934506856227626,-0.02827401245511152,-0.02827401245511152,,-0.02827401245511152,,,-0.024597595716430165,-0.024597595716430165,
time_split,early_through_2026-04-15,all,author_net_shift,3,20D,all,0,1,1.0,1.0,0.20654931437723745,1.0,0.11111868721305518,0.11111868721305518,0.11111868721305518,,,,0.07640511083586354,0.07640511083586354,
time_split,early_through_2026-04-15,all,author_net_shift,3,5D,all,0,1,0.0,0.0,0.0,0.7934506856227626,-0.03768353106959399,-0.03768353106959399,,-0.03768353106959399,,,-0.03866488533848511,-0.03866488533848511,
time_split,early_through_2026-04-15,all,author_net_shift,3,60D,all,0,1,0.0,0.0,0.0,0.7934506856227626,-0.021319150870494186,-0.021319150870494186,,-0.021319150870494186,,,-0.012164726720390817,-0.012164726720390817,
time_split,early_through_2026-04-15,all,author_net_shift,3,90D,all,0,1,1.0,1.0,0.20654931437723745,1.0,0.0982999227237602,0.0982999227237602,0.0982999227237602,,,,0.08314019633118919,0.08314019633118919,
time_split,early_through_2026-04-15,all,author_net_shift,30,1D,all,0,84,0.5119047619047619,0.5119047619047619,0.40685182889998844,0.6159164632806147,-0.0010683107192694505,0.00040821384785505455,0.015852153327703174,-0.018814163256338303,0.8425648864486569,0.8836656126168841,-0.002150531019617082,0.00030162479102086026,0.7581631055067697
time_split,early_through_2026-04-15,all,author_net_shift,30,20D,all,0,84,0.44047619047619047,0.47619047619047616,0.3727844721560723,0.5816789434827211,0.007814189154709487,-0.0059753562229350465,0.12892398860716597,-0.08752756786105412,1.4729529422298895,1.1595586992022533,0.008322664288687756,-0.010611925518604515,1.201503875484382
time_split,early_through_2026-04-15,all,author_net_shift,30,5D,all,0,84,0.5476190476190477,0.5,0.3954393376854136,0.6045606623145864,0.002900515741341219,0.0057683527784953,0.04820091889467075,-0.051936814391636645,0.9280684512377894,1.123451283077324,0.00027809291871606315,0.0004934268455407675,1.0134668993869913
time_split,early_through_2026-04-15,all,author_net_shift,30,60D,all,0,84,0.38095238095238093,0.3493975903614458,0.2555612557016784,0.45655781346759094,-0.01623544485299842,-0.02513261770648323,0.3045155164436887,-0.21362065180480586,1.4254966168811116,0.8772286873114533,-0.0302726183867993,-0.01762189198455899,0.755273628638366
time_split,early_through_2026-04-15,all,author_net_shift,30,90D,all,0,62,0.5967741935483871,0.5245901639344263,0.40157156924985693,0.6446951257715474,0.012130792173539072,0.026882928029150266,0.2695434646624243,-0.36883996311001105,0.7307870394240052,1.0815648183475277,-0.008115621931001316,0.0019860091810797176,0.947872849051463
time_split,early_through_2026-04-15,all,author_net_shift,7,1D,all,0,25,0.4,0.36,0.20247880774458224,0.5548150225183514,-0.0026201653656200284,-0.0014204545454545858,0.01751253093439742,-0.016041962898964993,1.0916700808183084,0.7277800538788722,-0.0025012653909013195,-0.0016917630404711392,0.6889049698921392
time_split,early_through_2026-04-15,all,author_net_shift,7,20D,all,0,25,0.48,0.48,0.30031285954112974,0.6650148304964322,-0.0019019300625803882,-0.028914739017398938,0.08206450535124761,-0.07940940890611392,1.0334355397138495,0.9539404981973997,0.0039050861104279865,-0.000710498914006763,1.125779498333054
time_split,early_through_2026-04-15,all,author_net_shift,7,5D,all,0,25,0.48,0.6,0.40739457358967,0.7659669762225203,0.009806983936413287,-0.008442404668819847,0.052803237171178595,-0.02988186520337007,1.767066306330284,1.6311381289202622,0.01073918586474095,0.0013927235057229481,2.004262277945655
time_split,early_through_2026-04-15,all,author_net_shift,7,60D,all,0,25,0.44,0.4,0.23403302377747973,0.5926054264103301,-0.10405538663272434,-0.013137922009945124,0.10812890341276948,-0.2707716145256124,0.3993361844896838,0.3137641449561801,-0.09247328880715606,-0.02091361794269342,0.31897665542337433
time_split,early_through_2026-04-15,all,author_net_shift,7,90D,all,0,15,0.26666666666666666,0.3333333333333333,0.1517632443971473,0.5828645226148023,-0.1022191548481587,-0.05622598625466735,0.18599131753724032,-0.20702296298830378,0.8984091177738014,0.3266942246450187,-0.09155345754035907,-0.09072199251096524,0.35754306559494364
time_split,early_through_2026-04-15,all,author_net_shift,90,1D,all,0,60,0.4666666666666667,0.4666666666666667,0.34627906041438494,0.5910657297284211,-0.0017296500903014526,-0.001975181894145195,0.024282592572359235,-0.024490362420129554,0.9915162607965513,0.8675767281969824,0.00021504934003565752,-0.0008602070721823729,1.021187534782949
time_split,early_through_2026-04-15,all,author_net_shift,90,20D,all,0,60,0.48333333333333334,0.5333333333333333,0.4089342702715789,0.6537209395856151,0.010010581978668196,-0.00453243824412769,0.16256893875460504,-0.13270530016656307,1.225037270934613,1.14600260829367,0.0123733169870911,0.0014332129188557863,1.2071328636129215
time_split,early_through_2026-04-15,all,author_net_shift,90,5D,all,0,60,0.48333333333333334,0.55,0.4249193588533434,0.6690634559324476,0.005686296993237304,-0.003311008224684886,0.08107763671383227,-0.06484108532602895,1.2504052994511727,1.1697339898091614,0.006128069982553306,0.0038150125048097006,1.2148989772171308
time_split,early_through_2026-04-15,all,author_net_shift,90,60D,all,0,59,0.6271186440677966,0.5932203389830508,0.4659340125533739,0.7091096641280723,0.21294705374149422,0.09974700498549005,0.46009056182377384,-0.20270339166961246,2.269772390260141,3.817344474528419,0.18463092478416665,0.06023002500853436,3.3347905631414294
time_split,early_through_2026-04-15,all,author_net_shift,90,90D,all,0,30,0.7333333333333333,0.6333333333333333,0.4551356365479487,0.7812607919389929,0.36948358962751215,0.14734432845186918,0.5588260747286179,-0.1512082444005285,3.6957381321640734,10.163279863451201,0.3071892530122904,0.07347923427925351,5.5616177123693396
time_split,early_through_2026-04-15,all,high_low_divergence,3,1D,all,0,8,0.375,0.375,0.13684428582359742,0.6942576053973727,-0.017545485394520693,-0.011345707843225084,0.017966916669439354,-0.038852926632896724,0.462434061639691,0.2774604369838146,-0.01624407273810438,-0.01120057150626963,0.25888486985274045
time_split,early_through_2026-04-15,all,high_low_divergence,3,20D,all,0,8,0.625,0.625,0.30574239460262737,0.8631557141764026,-0.026189985452593503,0.006054302147495749,0.022908036213664794,-0.108020021563024,0.2120721314640653,0.35345355244010884,-0.01696171579577166,0.011129388810298013,0.4506021545323449
time_split,early_through_2026-04-15,all,high_low_divergence,3,5D,all,0,8,0.25,0.25,0.071479212752109,0.5907245696898311,-0.04188416247909521,-0.03763152511468232,0.014688602261896222,-0.06074175072609236,0.2418205284884315,0.08060684282947717,-0.03257673914058934,-0.023195142887087628,0.13666146586043068
time_split,early_through_2026-04-15,all,high_low_divergence,3,60D,all,0,8,0.625,0.5,0.21521606221387757,0.7847839377861224,0.15907158825857842,0.043545085956190666,0.33424764929685996,-0.13288851347189087,2.515248613775497,4.192081022959162,0.13534860466882487,0.008453599821487967,3.769409701044612
time_split,early_through_2026-04-15,all,high_low_divergence,3,90D,all,0,6,1.0,1.0,0.6096657120978346,1.0,0.16826334925964695,0.15299778228072408,0.16826334925964695,,,,0.14087747852670854,0.11251474028970809,
time_split,early_through_2026-04-15,all,high_low_divergence,30,1D,all,0,60,0.4,0.4166666666666667,0.30064278558341617,0.5427191897735989,-0.004400793148169035,-0.002682093183089651,0.024048940284786824,-0.02336728210347294,1.0291714790918098,0.6861143193945398,-0.0034214188120056444,-0.002170810238749654,0.7148987446021597
time_split,early_through_2026-04-15,all,high_low_divergence,30,20D,all,0,60,0.45,0.48333333333333334,0.36175049539732784,0.6069218996740751,0.0008535967853369612,-0.008222016517645703,0.12705534673924174,-0.10240238044967603,1.240746027400027,1.015155840600022,0.00639006189439621,-0.00018176910988626505,1.1291004053055895
time_split,early_through_2026-04-15,all,high_low_divergence,30,5D,all,0,60,0.5166666666666667,0.5,0.3773502424155577,0.6226497575844423,-0.001698518879976115,0.0009073282849137998,0.04553940279001709,-0.05219422825134817,0.8724988244048003,0.9326711571223728,0.0005691740387838041,-7.48204815378406e-05,1.026735822032319
time_split,early_through_2026-04-15,all,high_low_divergence,30,60D,all,0,59,0.6610169491525424,0.559322033898305,0.43289354829158677,0.678497882323879,0.093455579867994,0.04766803039158385,0.2347221095318028,-0.1820141529764332,1.2895816379850096,2.5146841940707687,0.07612829642944245,0.04113600116806437,2.2122527922200796
time_split,early_through_2026-04-15,all,high_low_divergence,30,90D,all,0,45,0.6222222222222222,0.5777777777777777,0.4330078870920313,0.710312975327297,-0.013781864819960821,0.03504770770304866,0.1682229131303999,-0.3135544402676138,0.5365030486789607,0.8836520801771118,-0.014936804196104875,0.04874206045530127,0.8754890094232817
time_split,early_through_2026-04-15,all,high_low_divergence,7,1D,all,0,32,0.5625,0.53125,0.3644951711897464,0.6913061289193116,0.006412565271207173,0.007018931903650882,0.03075741211990166,-0.024887952105685736,1.2358353949449712,1.5889312220721057,0.005811309727351086,0.0025565855147344774,1.7437550749877158
time_split,early_through_2026-04-15,all,high_low_divergence,7,20D,all,0,32,0.5625,0.59375,0.42260024875382873,0.7448036515733456,0.024584525713264704,0.01885677131703789,0.09737062574180061,-0.06899760289485289,1.4112175156314641,1.8144225200975965,0.02748605434312049,0.01023902877029087,2.2615161355004507
time_split,early_through_2026-04-15,all,high_low_divergence,7,5D,all,0,32,0.46875,0.40625,0.2551963484266544,0.5773997512461713,-0.007188022992636697,-0.007909474683687245,0.03194257686177369,-0.04171502286417527,0.7657331740121344,0.6756469182460009,-0.0039399325451395205,-0.010646683934787293,0.7682154417316167
time_split,early_through_2026-04-15,all,high_low_divergence,7,60D,all,0,31,0.6451612903225806,0.6129032258064516,0.4382410861966073,0.7626689857961975,0.15869423323471954,0.0447990846862486,0.33902227934633455,-0.16917494151367135,2.0039745621483633,3.6435901129970243,0.14426177088780567,0.06162046158352985,3.705351056923285
time_split,early_through_2026-04-15,all,high_low_divergence,7,90D,all,0,24,0.625,0.5416666666666666,0.3507486535891948,0.72108666268789,0.17473438564119012,0.11102404870375937,0.34536843719998667,-0.10965570029013744,3.149571215050181,5.2492853584169685,0.14468224092806772,0.07327122236875194,3.7353915512689704
time_split,early_through_2026-04-15,all,high_low_divergence,90,1D,all,0,53,0.5660377358490566,0.5660377358490566,0.4326535142760728,0.6904960344024968,-0.0015500113081056773,0.0031218641989073648,0.016006854935424624,-0.024450271625753896,0.6546698204597582,0.8539171571214238,-0.0013840272086155822,0.0025705902654300505,0.850330187748936
time_split,early_through_2026-04-15,all,high_low_divergence,90,20D,all,0,53,0.6037735849056604,0.5660377358490566,0.4326535142760728,0.6904960344024968,0.028501198910323253,0.02387079598899633,0.1304332632339252,-0.1268238514875464,1.0284600388968097,1.567177202128472,0.02715944893725305,0.017713914472499148,1.6013718517995832
time_split,early_through_2026-04-15,all,high_low_divergence,90,5D,all,0,53,0.5283018867924528,0.5660377358490566,0.4326535142760728,0.6904960344024968,0.004675675719408391,0.0038624951718810863,0.05374303494261545,-0.05027976661058352,1.0688799603795882,1.1971455556251387,0.006413246379879999,0.004698079601320515,1.325022171546206
time_split,early_through_2026-04-15,all,high_low_divergence,90,60D,all,0,53,0.4339622641509434,0.5094339622641509,0.3788352911467995,0.6387575015215675,-0.016689582237557437,-0.028605482717520836,0.201758794798693,-0.18416667129868275,1.0955228401314765,0.8399008441007986,-0.008111539908011863,0.002390677138657038,0.9120148963253312
time_split,early_through_2026-04-15,all,high_low_divergence,90,90D,all,0,44,0.7045454545454546,0.75,0.6055943364104086,0.8542578617103511,-0.09514929718363337,0.058036642202449085,0.17046986477320092,-0.7285488372345459,0.2339855011234073,0.5579654257558174,-0.061631801691505415,0.10744619067624783,0.6960538144870574
time_split,early_through_2026-04-15,all,weighted_net,1,1D,all,0,103,0.4563106796116505,0.46601941747572817,0.3726437920092655,0.5618385702004485,-0.002239015599906788,-0.004267425320056861,0.025357278632479868,-0.025400191116374156,0.9983105448420573,0.8378677787067266,-0.0016777553048175366,-0.0006551263496443749,0.8567909649282591
time_split,early_through_2026-04-15,all,weighted_net,1,20D,all,0,103,0.49514563106796117,0.5242718446601942,0.42869820922520113,0.6181001034821461,0.024486710193640408,-0.00866024688166478,0.13867680323049553,-0.08750741951558287,1.5847433737410195,1.5542675396306151,0.01582372990961242,0.0011499110972441606,1.3810371972141484
time_split,early_through_2026-04-15,all,weighted_net,1,5D,all,0,103,0.47572815533980584,0.46601941747572817,0.3726437920092655,0.5618385702004485,0.0022342352070816736,-0.0010796804145973837,0.05913607604718324,-0.04939891666634382,1.1971128121413537,1.0862690332393765,0.0010770467233615487,-0.0029013671944334574,1.0469594310319856
time_split,early_through_2026-04-15,all,weighted_net,1,60D,all,0,103,0.5242718446601942,0.4563106796116505,0.36342238345230693,0.5523406536744683,0.12446438153925338,0.02553296975706476,0.3581452432271914,-0.1330614660352089,2.6915774633989367,2.9662282249702567,0.08926706421898502,-0.01594484737557833,2.245673323789361
time_split,early_through_2026-04-15,all,weighted_net,1,90D,all,0,76,0.5789473684210527,0.5263157894736842,0.41552028690262677,0.6345789980939448,0.18540614390265922,0.04417420722089671,0.42721889559859816,-0.14708638967925677,2.9045440338172077,3.99374804649866,0.14314042581151742,0.01606481147717459,2.8651915717238796
time_split,early_through_2026-04-15,all,weighted_net,3,1D,all,0,238,0.49159663865546216,0.4789915966386555,0.41636378981653094,0.5422868069473009,-0.0015175672505830084,-0.00044762151129834615,0.022402888946141383,-0.024647264564771055,0.9089401741628719,0.8788925650996364,-0.0013448658714234577,-0.0005173980017948443,0.8748954258691618
time_split,early_through_2026-04-15,all,weighted_net,3,20D,all,0,238,0.49159663865546216,0.5042016806722689,0.441120856362636,0.5671490242845977,0.017540308376279352,-0.002443909788051035,0.12742214536955315,-0.0887090711957292,1.4364049093514548,1.3889204495381837,0.007550506489332319,0.0002131950275580663,1.1785023547574192
time_split,early_through_2026-04-15,all,weighted_net,3,5D,all,0,238,0.4957983193277311,0.48739495798319327,0.4245986153246846,0.5505917427336144,-0.0002490948220873624,-0.0002522921305960768,0.05290589435157001,-0.052518167509517114,1.0073827184084942,0.9905930064350194,-0.002860569363291225,-0.0005537359034725187,0.8843100224928664
time_split,early_through_2026-04-15,all,weighted_net,3,60D,all,0,238,0.5042016806722689,0.4369747899159664,0.37545423418685886,0.5004975561046371,0.11309090253632967,0.0016992337621785092,0.3543915882307435,-0.13229962528849798,2.678704398882028,2.7241061683546044,0.0796748277226761,-0.012097185032142632,2.0504972194172963
time_split,early_through_2026-04-15,all,weighted_net,3,90D,all,0,171,0.5789473684210527,0.5384615384615384,0.4632818498192179,0.6119315861740886,0.19818035813462784,0.028056671994537652,0.44245358379493854,-0.1376953271482993,3.21327958586722,4.418259430567428,0.15505940237174248,0.01299285615677348,3.1534092003581096
time_split,early_through_2026-04-15,all,weighted_net,30,1D,all,0,296,0.5540540540540541,0.527027027027027,0.47016820315334207,0.5831933301814061,-0.0006874174176428188,0.0023131488067716366,0.021872915097879777,-0.028936134592935557,0.7559031434426563,0.9463214925541652,-0.0009378606198287298,0.000994258025427186,0.921852951198727
time_split,early_through_2026-04-15,all,weighted_net,30,20D,all,0,296,0.4831081081081081,0.44932432432432434,0.3936669975720418,0.5062801274253055,-0.007414274662812524,-0.0033612648245095467,0.11526985900416246,-0.12207983750188064,0.9442170088274137,0.8825034788386938,-0.015434993135729573,-0.010619566726752794,0.7569336484653006
time_split,early_through_2026-04-15,all,weighted_net,30,5D,all,0,296,0.5033783783783784,0.4864864864864865,0.43008578257471153,0.5432334507579145,-0.0017020109024782604,0.00020942151141800647,0.062452164668119405,-0.06672903239920651,0.9359069421912078,0.9486403699761223,-0.003083946664890407,-0.0012247197550229183,0.901244742203662
time_split,early_through_2026-04-15,all,weighted_net,30,60D,all,0,291,0.4948453608247423,0.4329896907216495,0.3772988005294673,0.49042672166815005,0.03204846114219673,-0.004669779853235467,0.2685864724713681,-0.19966224383331807,1.3452041172871387,1.3177509720363807,0.0018195569478766627,-0.03705409530972037,1.016228753049636
time_split,early_through_2026-04-15,all,weighted_net,30,90D,all,0,215,0.5395348837209303,0.4883720930232558,0.42234877742992,0.5548036322325619,0.061395682457527946,0.02312746386333764,0.34997591364687675,-0.27673872984514336,1.2646437809507733,1.4818048342453507,0.033200640530102646,-0.013294091740401193,1.2399780444464543
time_split,early_through_2026-04-15,all,weighted_net,7,1D,all,0,320,0.51875,0.484375,0.4301298582109422,0.5389908342525362,0.0012382518023239086,0.0008951097282886011,0.024525090797320716,-0.023863146075399924,1.0277392058796126,1.1078227803637386,0.0009041621013249932,-0.00046982981578669314,1.0869746212623466
time_split,early_through_2026-04-15,all,weighted_net,7,20D,all,0,320,0.521875,0.50625,0.4517232964734679,0.5606284265411408,0.023888729317787096,0.006940190440376415,0.14250113106668164,-0.10557709481335922,1.3497352936126654,1.4732404838778768,0.012231768138986538,0.0006695500389983788,1.2457271437546087
time_split,early_through_2026-04-15,all,weighted_net,7,5D,all,0,320,0.50625,0.50625,0.4517232964734679,0.5606284265411408,0.00756298799418677,0.0004552194772340368,0.07030085877095449,-0.05676318330857506,1.2384939440197733,1.2698482210835649,0.004328305716556115,0.0008471361665998156,1.1641937158547369
time_split,early_through_2026-04-15,all,weighted_net,7,60D,all,0,315,0.5365079365079365,0.44761904761904764,0.3936663946050215,0.5028338907654637,0.11802471889549705,0.012304250559284302,0.3671396599299365,-0.17033435668546365,2.15540579759778,2.4949560259864714,0.08226902220356595,-0.01466058892182387,1.92088748826507
time_split,early_through_2026-04-15,all,weighted_net,7,90D,all,0,226,0.588495575221239,0.5466666666666666,0.48137985216161816,0.6103867364111906,0.1469791109639407,0.046417141167881315,0.39741414136118447,-0.21116991100201007,1.88196386253817,2.6914106851352324,0.11206626126522495,0.017228835628688488,2.15665334554921
time_split,early_through_2026-04-15,all,weighted_net,90,1D,all,0,292,0.5513698630136986,0.5273972602739726,0.4701504388756923,0.5839325826987023,0.0013610130639504971,0.002366280229433637,0.022046288187749112,-0.024434392120574123,0.9022646472627329,1.1260822341806203,0.0009863514314560511,0.0011726541531897339,1.0940333893762628
time_split,early_through_2026-04-15,all,weighted_net,90,20D,all,0,292,0.5102739726027398,0.5136986301369864,0.4565663081051897,0.5704752026820078,0.008736309931985788,0.0031251255006681244,0.1280995138877302,-0.11563514034358004,1.1077905341500471,1.1542712558626365,0.0015879373367964763,0.0036250048873128216,1.0273933520282517
time_split,early_through_2026-04-15,all,weighted_net,90,5D,all,0,292,0.5445205479452054,0.5616438356164384,0.5042968450111923,0.6173899535311959,0.001085087620308636,0.005913864922059364,0.060194799814979674,-0.06957990665753117,0.8651175706695825,1.034238298770403,1.2366765497456095e-05,0.006832457527963853,1.0004083085822315
time_split,early_through_2026-04-15,all,weighted_net,90,60D,all,0,285,0.5228070175438596,0.4631578947368421,0.4061407189502399,0.5211550367015266,0.0418050464972958,0.012304250559284302,0.2708785377301541,-0.20916517551517397,1.295046066167468,1.4188372342570057,0.009532111827596335,-0.02710597165395945,1.0807781886022663
time_split,early_through_2026-04-15,all,weighted_net,90,90D,all,0,211,0.5165876777251185,0.4928909952606635,0.42616587208629125,0.5598703426347054,0.034962196507757476,0.01692680869014973,0.38213091095587787,-0.3360318218730771,1.1371866772195547,1.2152289001659948,0.007819074731139674,-0.023209129445495025,1.0447070699589662
time_split,late_after_2026-04-15,all,author_net,1,1D,all,0,138,0.427536231884058,0.42962962962962964,0.3492130043432204,0.5139402629777645,-0.005401895740873161,-0.006668795349590695,0.029253649689540924,-0.031283885366119125,0.9351028284109181,0.6983679351423313,-0.004968010342688865,-0.006023651299758459,0.7094915044388305
time_split,late_after_2026-04-15,all,author_net,1,20D,all,0,75,0.4666666666666667,0.4189189189189189,0.3132433492747786,0.5325971554922029,0.048404258101941114,-0.010740943018387128,0.26393816938810993,-0.14018791427345664,1.88274553306543,1.6474023414322514,0.037217689103101866,-0.02063620485720402,1.4900784868612404
time_split,late_after_2026-04-15,all,author_net,1,5D,all,0,106,0.3867924528301887,0.35353535353535354,0.26644852931138896,0.45156402775898485,-0.012168264502774114,-0.04530037150894528,0.11222386987752513,-0.09063099541957825,1.2382504391348916,0.7810502769927778,-0.008178290892160732,-0.03449390414049769,0.8364309025375473
time_split,late_after_2026-04-15,all,author_net,1,60D,all,0,1,1.0,1.0,0.20654931437723745,1.0,0.9733333333333334,0.9733333333333334,0.9733333333333334,,,,0.9104302438016918,0.9104302438016918,
time_split,late_after_2026-04-15,all,author_net,3,1D,all,0,245,0.4326530612244898,0.4262295081967213,0.3657947446909903,0.48895110706723005,-0.0022143159623609814,-0.004156896184182357,0.029880024031033688,-0.026689136388978497,1.1195575456451596,0.8537633081898339,-0.0026258021838144728,-0.0041774947512548954,0.8213161710782898
time_split,late_after_2026-04-15,all,author_net,3,20D,all,0,165,0.5212121212121212,0.44785276073619634,0.37358832947891135,0.5245185312488528,0.0376004391086109,0.00303840099571695,0.18867882691639717,-0.12686464128973873,1.4872451850904984,1.619026404022568,0.025021692313315403,-0.011211792322075587,1.3947098325302005
time_split,late_after_2026-04-15,all,author_net,3,5D,all,0,201,0.5074626865671642,0.457286432160804,0.38953398661790684,0.5266567167085392,0.007897868281637674,0.0017172688556119642,0.09610957574918252,-0.08298692123037824,1.1581291886028011,1.1932240124998559,0.003990989747880197,-0.006458082826806377,1.100363920226829
time_split,late_after_2026-04-15,all,author_net,3,60D,all,0,2,1.0,0.5,0.09453120573423074,0.9054687942657693,0.49970283151107375,0.49970283151107375,0.49970283151107375,,,,0.4397836401833337,0.4397836401833337,29.4991194127685
time_split,late_after_2026-04-15,all,author_net,30,1D,all,0,232,0.4956896551724138,0.5194805194805194,0.45526107191413334,0.5830626552726904,-0.000560656813114855,0.0,0.025347430907020754,-0.02671076258728099,0.948959462471153,0.9572836682823036,-0.0008118367839195662,0.001139205375763841,0.9359396139588114
time_split,late_after_2026-04-15,all,author_net,30,20D,all,0,157,0.4713375796178344,0.42948717948717946,0.35442497567077513,0.5079386428652705,-0.018655324810651328,-0.01093567251461991,0.12602272448974663,-0.14764539286160855,0.8535499960223659,0.7609963819958443,-0.029731695730474555,-0.025316751564651185,0.6353192393170667
time_split,late_after_2026-04-15,all,author_net,30,5D,all,0,199,0.5125628140703518,0.46464646464646464,0.3965103030526023,0.5341283274755446,0.0161224844970743,0.0017172688556119642,0.09655448272592569,-0.06845549302192408,1.410470927365937,1.4831756143435628,0.010315091931800366,-0.006454364208051344,1.3019812560579664
time_split,late_after_2026-04-15,all,author_net,7,1D,all,0,280,0.4,0.4028776978417266,0.3469245047210303,0.46147841717005145,-0.00689616226004268,-0.004936009870755209,0.02576612882438691,-0.029016456994839058,0.8879832857943248,0.5991212530660505,-0.007257677788120143,-0.004923568789201527,0.5679722893973926
time_split,late_after_2026-04-15,all,author_net,7,20D,all,0,192,0.53125,0.4635416666666667,0.3944125090486941,0.5341010953520069,0.01615844747130833,0.014414369526581705,0.16058224424309386,-0.14752185553671526,1.0885318901315482,1.2336694754824211,0.004662697981613731,-0.011494500386826145,1.0654000533281833
time_split,late_after_2026-04-15,all,author_net,7,5D,all,0,239,0.5230125523012552,0.48523206751054854,0.4223477651520001,0.5485874715208042,0.00787136078637761,0.002279981760145766,0.08437819189302082,-0.07601770840950309,1.1099807355212588,1.2170841398259415,0.004424911007085534,-0.004571956298482505,1.1241788518882205
time_split,late_after_2026-04-15,all,author_net,7,60D,all,0,3,1.0,0.3333333333333333,0.06149194472039621,0.7923403991979522,0.3473060916967487,0.05952976488244133,0.3473060916967487,,,,0.28872305349164745,-0.005174118200233613,20.56954270822082
time_split,late_after_2026-04-15,all,author_net,90,1D,all,0,202,0.49504950495049505,0.5099009900990099,0.4414244886659295,0.578007942598971,0.004725322774253484,0.0,0.031557547892374804,-0.02201239588838277,1.4336262191717881,1.4336262191717881,0.005061941102563828,0.000962181592582878,1.4826001467761416
time_split,late_after_2026-04-15,all,author_net,90,20D,all,0,152,0.4473684210526316,0.3815789473684211,0.3081744117691877,0.4608215904986017,-0.019571589157575012,-0.02387641275160357,0.1335414545100233,-0.14352024355515458,0.9304712088138531,0.7532385976112145,-0.03192950508087363,-0.026923747981957014,0.6218645709848429
time_split,late_after_2026-04-15,all,author_net,90,5D,all,0,176,0.4943181818181818,0.44571428571428573,0.3740244240563164,0.5197362278345332,0.010513842483695664,-0.000109521714440175,0.08628849103310256,-0.06355800497471333,1.3576337247752286,1.3271251017465717,0.005431862739339756,-0.00817101237482043,1.1632339952477049
time_split,late_after_2026-04-15,all,author_net_shift,1,1D,all,0,8,0.25,0.16666666666666666,0.030053369748306635,0.5635028221864702,-0.011476705649368132,-0.012521297245653373,0.025886458730688566,-0.023931093776053698,1.0817081313931198,0.3605693771310399,-0.010386541913905553,-0.009811270145382467,0.4298337656053281
time_split,late_after_2026-04-15,all,author_net_shift,1,5D,all,0,5,0.8,1.0,0.20654931437723745,1.0,0.062296773067761844,0.08616792249730887,0.1054727607095732,-0.11040717749948359,0.9553071013890065,3.821228405556026,0.07396810057749803,0.07396810057749803,
time_split,late_after_2026-04-15,all,author_net_shift,3,1D,all,0,19,0.7894736842105263,0.8125,0.5699111903802586,0.9340840092857187,0.011102516371538794,0.009213820731096556,0.01813485006172822,-0.015268734966671554,1.187711365827804,4.453917621854265,0.014783567847796768,0.011941290268308369,10.093987206556083
time_split,late_after_2026-04-15,all,author_net_shift,3,20D,all,0,5,0.2,0.2,0.03622410863243014,0.6244653702374747,-0.12148093479840978,-0.08917510109628102,0.024415488664237373,-0.15795504066407157,0.15457239326830116,0.03864309831707529,-0.11742995171710771,-0.07944235279153422,0.028588166128584606
time_split,late_after_2026-04-15,all,author_net_shift,3,5D,all,0,12,0.3333333333333333,0.25,0.071479212752109,0.5907245696898311,-0.03760626136284075,-0.04916167236620472,0.0407610379942204,-0.07678991104137133,0.5308124132642892,0.2654062066321446,-0.046764071577985,-0.03331885576342947,0.13877628132007988
time_split,late_after_2026-04-15,all,author_net_shift,30,1D,all,0,77,0.5974025974025974,0.6103896103896104,0.4987106689367745,0.7115774709359347,0.00735359202720008,0.005788694880141998,0.026804950406348508,-0.021509713954762102,1.2461788409982122,1.8491686027715406,0.00543584600437134,0.004378217322184352,1.6319580967938867
time_split,late_after_2026-04-15,all,author_net_shift,30,20D,all,0,45,0.5333333333333333,0.5813953488372093,0.4332857738696422,0.7161544907215082,0.060743878029981366,0.006232364463194751,0.23114996228058268,-0.13400593254213441,1.7249233514934426,1.9713409731353628,0.05939173714760371,0.011995785902312206,1.960308825306691
time_split,late_after_2026-04-15,all,author_net_shift,30,5D,all,0,64,0.53125,0.5396825396825397,0.4178925188089537,0.6569113542395502,0.015470046557838029,0.006303657843053645,0.08236462282561761,-0.06034380654564551,1.36492255859456,1.5469122330738345,0.013641524823951383,0.004743066333505519,1.529734838844191
time_split,late_after_2026-04-15,all,author_net_shift,7,1D,all,0,44,0.4090909090909091,0.3333333333333333,0.21012467072357258,0.484474926231662,-0.017238094195640607,-0.008432226876336824,0.01975745666746816,-0.042850398639331294,0.4610798801141909,0.31920914777136294,-0.01806310969924541,-0.007256923939593651,0.23843807281029253
time_split,late_after_2026-04-15,all,author_net_shift,7,20D,all,0,27,0.48148148148148145,0.46153846153846156,0.2875585353039122,0.6454206125314121,0.0026381348535420538,-0.01576307618820172,0.13256758988458012,-0.11801064481813614,1.1233528135438748,1.0431133268621693,0.004944402505740981,-0.009456503271977224,1.0870391898689515
time_split,late_after_2026-04-15,all,author_net_shift,7,5D,all,0,41,0.34146341463414637,0.3157894736842105,0.1908460367559618,0.4745575989060954,-0.03863087624542778,-0.04354038953430228,0.06437799215376024,-0.09204288208204378,0.6994347710274431,0.362669881273489,-0.03206639682452001,-0.017446161096533297,0.38628595907566227
time_split,late_after_2026-04-15,all,author_net_shift,90,1D,all,0,74,0.4594594594594595,0.43243243243243246,0.3256611865706735,0.5458725674018112,-0.004353771269646789,-0.002800205233840669,0.02020281873125818,-0.02522687277041601,0.8008451509277192,0.6807183782885614,-0.005421246063242645,-0.0034176395529565973,0.6032220366005338
time_split,late_after_2026-04-15,all,author_net_shift,90,20D,all,0,50,0.58,0.6,0.4618143774758936,0.7239161026974346,0.024990428188792654,0.025017911247475433,0.17846229811360279,-0.18694691599308802,0.9546148283088075,1.3182776200454962,0.021352548070048744,0.010401824987838815,1.281775615872461
time_split,late_after_2026-04-15,all,author_net_shift,90,5D,all,0,66,0.4696969696969697,0.4153846153846154,0.30360241557422635,0.5366101512650265,-0.01972353428079912,-0.009854409228315486,0.053725857484988045,-0.08477870984478203,0.6337187435778697,0.5612937443118274,-0.015226498486335272,-0.010516389495706102,0.6167746912313589
time_split,late_after_2026-04-15,all,high_low_divergence,1,1D,all,0,9,0.2222222222222222,0.375,0.13684428582359742,0.6942576053973727,-0.010870682037073372,-0.008313990293310813,0.0037700624779551384,-0.015053751898510088,0.2504400566298872,0.07155430189425349,-0.008995553131614445,-0.005808734054291553,0.16707697676198224
time_split,late_after_2026-04-15,all,high_low_divergence,1,20D,all,0,1,0.0,0.0,0.0,0.7934506856227626,-0.41939302406269774,-0.41939302406269774,,-0.41939302406269774,,,-0.41225706016387886,-0.41225706016387886,
time_split,late_after_2026-04-15,all,high_low_divergence,1,5D,all,0,4,0.25,0.5,0.09453120573423074,0.9054687942657693,-0.07010010675742259,-0.02776195234399148,0.03834367481322032,-0.10624803394763689,0.36088832318645586,0.12029610772881863,-0.11492563348653734,-0.11492563348653734,0.05477725677202197
time_split,late_after_2026-04-15,all,high_low_divergence,3,1D,all,0,32,0.40625,0.41935483870967744,0.2641554306731223,0.5923373750463029,0.00022982233482823564,-0.00621621179781473,0.03147922918407985,-0.02115135077255445,1.488284579201752,1.018299975243304,0.0015805116579008587,-0.0017577460714957027,1.1377924246362097
time_split,late_after_2026-04-15,all,high_low_divergence,3,20D,all,0,12,0.3333333333333333,0.36363636363636365,0.15166471095367573,0.6461988254921511,0.029062559079030048,-0.019782606195837993,0.25000955454886187,-0.08141093865588585,3.0709577690244045,1.5354788845122023,0.034905691221589735,-0.016272139838660937,1.72841341350932
time_split,late_after_2026-04-15,all,high_low_divergence,3,5D,all,0,22,0.5,0.5,0.2992980081982123,0.7007019918017877,-0.00013091480846255665,-0.0031876884468224342,0.08236748634967087,-0.08262931596659598,0.9968312745438803,0.9968312745438803,0.009479524193112598,0.003252159364858953,1.3272270843837293
time_split,late_after_2026-04-15,all,high_low_divergence,3,60D,all,0,1,1.0,1.0,0.20654931437723745,1.0,0.9733333333333334,0.9733333333333334,0.9733333333333334,,,,0.9104302438016918,0.9104302438016918,
time_split,late_after_2026-04-15,all,high_low_divergence,30,1D,all,0,38,0.47368421052631576,0.4473684210526316,0.3014640099805125,0.6029370287800753,-0.003053211531244037,-0.0030132143951064894,0.019805189652419168,-0.023625772596540924,0.8382874918265686,0.7544587426439118,-0.0025522533794701294,-0.0028205670346668765,0.7694974901485792
time_split,late_after_2026-04-15,all,high_low_divergence,30,20D,all,0,12,0.16666666666666666,0.45454545454545453,0.21271271622459764,0.719908462590678,-0.022871483299265766,-0.017886775794095366,0.07682250684228531,-0.042810281327575986,1.7944873161298418,0.3588974632259684,-0.009213020998581001,-0.009054421675595115,0.6645096680314295
time_split,late_after_2026-04-15,all,high_low_divergence,30,5D,all,0,28,0.5,0.48148148148148145,0.3074322697621846,0.6601438424504771,-0.006571397388057537,0.0007429713599368393,0.05747522000039439,-0.07061801477650946,0.8138889231351358,0.8138889231351357,0.0014737723308197838,-0.001452326545239968,1.0599454444558654
time_split,late_after_2026-04-15,all,high_low_divergence,7,1D,all,0,38,0.47368421052631576,0.4473684210526316,0.3014640099805125,0.6029370287800753,-0.002240422874487102,-0.004865689922016803,0.028494387355124343,-0.0299017520811374,0.9529337036106038,0.8576403332495434,-0.001467273373960868,-0.0015953589953943137,0.900428055853389
time_split,late_after_2026-04-15,all,high_low_divergence,7,20D,all,0,15,0.4,0.42857142857142855,0.21380798904474121,0.6740935542034926,0.1039314427199541,-0.024415488664237373,0.33260257721003944,-0.0485159802734361,6.855526268571532,4.570350845714354,0.10646673780330618,-0.013166973220506806,6.112385968412294
time_split,late_after_2026-04-15,all,high_low_divergence,7,5D,all,0,31,0.6129032258064516,0.6129032258064516,0.4382410861966073,0.7626689857961975,0.06166342839090164,0.04572029758773577,0.1294605613489839,-0.04568203212606197,2.8339492645977455,4.487086335613097,0.05877947109087735,0.034284757628334384,5.72525163978781
time_split,late_after_2026-04-15,all,high_low_divergence,7,60D,all,0,1,1.0,1.0,0.20654931437723745,1.0,0.8904546663121511,0.8904546663121511,0.8904546663121511,,,,0.8335193731883126,0.8335193731883126,
time_split,late_after_2026-04-15,all,high_low_divergence,90,1D,all,0,33,0.6060606060606061,0.5757575757575758,0.4080726333731245,0.7276440336658979,0.0004043637052241604,0.0033901411031702633,0.017791727343079718,-0.02634542650686131,0.6753250830251734,1.0389616661925742,-0.0005551812298475053,0.002413110739645785,0.9471395696020848
time_split,late_after_2026-04-15,all,high_low_divergence,90,20D,all,0,8,0.5,0.5,0.21521606221387757,0.7847839377861224,0.07784420212356295,0.01228342242506364,0.18321496059360237,-0.027526556346476466,6.655934664964176,6.655934664964176,0.04983132054166145,-0.002838875768946647,3.777900621255972
time_split,late_after_2026-04-15,all,high_low_divergence,90,5D,all,0,24,0.5833333333333334,0.5,0.3142742581957335,0.6857257418042665,-0.014176591782933378,0.006538031067752026,0.028467398858864346,-0.07387817868145019,0.3853289207576543,0.539460489060716,-0.0159586195642181,0.00088944406073177,0.43890043945264173
time_split,late_after_2026-04-15,all,weighted_net,1,1D,all,0,157,0.40764331210191085,0.41935483870967744,0.34454206104506574,0.49806829908628464,-0.005899769190654205,-0.007375672451985227,0.02871226949985744,-0.029718806569070822,0.9661313092477639,0.664864556901687,-0.005460347960469987,-0.006119934824002415,0.6754508362228218
time_split,late_after_2026-04-15,all,weighted_net,1,20D,all,0,85,0.4588235294117647,0.4166666666666667,0.3171483846042472,0.5234735701315295,0.03847286850062878,-0.010740943018387128,0.24217461437579024,-0.13423078561092117,1.8041659614341603,1.529618967302875,0.02738567978671594,-0.017343436158360703,1.3745478089146501
time_split,late_after_2026-04-15,all,weighted_net,1,5D,all,0,115,0.391304347826087,0.3577981651376147,0.2740627128789262,0.45121556405952407,-0.012603834931956413,-0.04010929525184315,0.1078478198386183,-0.09003704157018302,1.1978161205413655,0.7700246489194494,-0.009656924300750505,-0.03372944918175247,0.8054291097528119
time_split,late_after_2026-04-15,all,weighted_net,1,60D,all,0,1,1.0,1.0,0.20654931437723745,1.0,0.9733333333333334,0.9733333333333334,0.9733333333333334,,,,0.9104302438016918,0.9104302438016918,
time_split,late_after_2026-04-15,all,weighted_net,3,1D,all,0,267,0.4307116104868914,0.4188679245283019,0.36103973693389735,0.4790146944450101,-0.0030540906976185365,-0.003978450062163352,0.02849868669819334,-0.026926257806291994,1.0583976021923815,0.8007613437639729,-0.0034040022538510107,-0.004125531634188495,0.7703955057585868
time_split,late_after_2026-04-15,all,weighted_net,3,20D,all,0,174,0.5229885057471264,0.45348837209302323,0.38091568622803146,0.5280932579236705,0.035042372123934046,0.003244309637416176,0.1866901130010844,-0.1312220184763151,1.4227041709069657,1.5598322837654681,0.02339791386595739,-0.007834533524415266,1.3629791851022115
time_split,late_after_2026-04-15,all,weighted_net,3,5D,all,0,213,0.5070422535211268,0.4784688995215311,0.41174642356085905,0.5459685815426252,0.0070317861416607855,0.0017172688556119642,0.094123094369446,-0.08254784517834687,1.1402247286539158,1.1728025780440274,0.004600924451094657,-0.0048999920688301835,1.1191630510361257
time_split,late_after_2026-04-15,all,weighted_net,3,60D,all,0,2,1.0,0.5,0.09453120573423074,0.9054687942657693,0.49970283151107375,0.49970283151107375,0.49970283151107375,,,,0.4397836401833337,0.4397836401833337,29.4991194127685
time_split,late_after_2026-04-15,all,weighted_net,30,1D,all,0,220,0.4909090909090909,0.5114155251141552,0.44558776687910046,0.5768497096410257,-0.002675668092658417,-0.0015940604531093916,0.02617285829236802,-0.03049388996393391,0.8582984435020748,0.827644927662715,-0.0026649298151299513,0.0009132447061790394,0.8199388450054119
time_split,late_after_2026-04-15,all,weighted_net,30,20D,all,0,139,0.4892086330935252,0.460431654676259,0.37975032613110543,0.5432412192450302,-0.01942400925901507,-0.006704980842911934,0.13401336079468784,-0.1663781101555193,0.805474714608917,0.7714405717381176,-0.031568457763717556,-0.02101651462703058,0.6454006281031346
time_split,late_after_2026-04-15,all,weighted_net,30,5D,all,0,185,0.44324324324324327,0.43169398907103823,0.36206285366237545,0.5041338664992259,0.006214595197321524,-0.00826446280991755,0.09821279118785159,-0.0670266870475665,1.4652789137281006,1.166532727434022,0.0023912691937137717,-0.01411628413462851,1.0634110487170325
time_split,late_after_2026-04-15,all,weighted_net,30,60D,all,0,1,0.0,0.0,0.0,0.7934506856227626,-0.4488599730379228,-0.4488599730379228,,-0.4488599730379228,,,-0.5057952661617613,-0.5057952661617613,
time_split,late_after_2026-04-15,all,weighted_net,7,1D,all,0,277,0.4223826714801444,0.42028985507246375,0.36354120724558225,0.4792269080100181,-0.006418651188047132,-0.00382043935052534,0.025336518075512297,-0.029826031408327007,0.8494766778941532,0.6250866120353202,-0.0067329457485267915,-0.0042894427095774845,0.599429603663375
time_split,late_after_2026-04-15,all,weighted_net,7,20D,all,0,183,0.5409836065573771,0.46994535519125685,0.39899646866147,0.5421300882096347,0.01329064250325607,0.01643449419568821,0.16273578785622944,-0.16284113594846256,0.9993530621631965,1.1778089661209101,0.0022118879503770844,-0.01192023463377967,1.0287899398837015
time_split,late_after_2026-04-15,all,weighted_net,7,5D,all,0,225,0.5111111111111111,0.47767857142857145,0.413195082640053,0.542914748943014,0.009541099460085335,0.0017172688556119642,0.09126447211894867,-0.07589697195599905,1.2024784357913365,1.2571365465091244,0.007003747988901675,-0.0036451598476871516,1.1957261657005371
time_split,late_after_2026-04-15,all,weighted_net,7,60D,all,0,2,1.0,0.5,0.09453120573423074,0.9054687942657693,0.49970283151107375,0.49970283151107375,0.49970283151107375,,,,0.4397836401833337,0.4397836401833337,29.4991194127685
time_split,late_after_2026-04-15,all,weighted_net,90,1D,all,0,172,0.48255813953488375,0.5,0.42609778482549593,0.5739022151745041,0.004404559552211346,-0.0010071494634294464,0.034694364404051346,-0.024114181847226246,1.4387535361496038,1.3570061761411034,0.004493843567981105,0.00024075482129559678,1.369347255813426
time_split,late_after_2026-04-15,all,weighted_net,90,20D,all,0,121,0.512396694214876,0.4628099173553719,0.3764818577220656,0.5514267065880774,-0.016732236132443554,0.01250274182934863,0.12819243208869588,-0.16902595528008163,0.7584186220174101,0.7969822807640581,-0.02924798245937209,-0.00829233127006157,0.658119357640244
time_split,late_after_2026-04-15,all,weighted_net,90,5D,all,0,140,0.4928571428571429,0.4714285714285714,0.3906113916175145,0.5537718198321663,0.012698685628058155,-0.000109521714440175,0.10364558561351613,-0.0756863298507672,1.3694095858245068,1.3308346679139573,0.008215613277784516,-0.008912967948029649,1.2117291577895597
transaction_cost,10bps,all,author_net,1,1D,all,10,230,0.4391304347826087,0.42290748898678415,0.36044855757417926,0.48793223078677883,-0.0048929654439349,-0.005230540221348111,0.02731270854193667,-0.03010826058015993,0.9071499985600162,0.7102492236787723,-0.0043568730235347,-0.003357867196503438,0.7187995878893251
transaction_cost,10bps,all,author_net,1,20D,all,10,167,0.47305389221556887,0.4759036144578313,0.40133776124618836,0.5515594874259051,0.03669689124667118,-0.010634397744961999,0.20099836526264056,-0.11080102292675588,1.8140479207986095,1.6285202925351152,0.02765719772877531,-0.00804975610288683,1.4829250983415236
transaction_cost,10bps,all,author_net,1,5D,all,10,198,0.41919191919191917,0.39790575916230364,0.3311617861795685,0.46867547517100283,-0.004886580202263924,-0.011123260994839845,0.08691677025399437,-0.0711446505315634,1.2216908735173793,0.8817421087125434,-0.003188048683258981,-0.01105173886114963,0.9133019301513053
transaction_cost,10bps,all,author_net,1,60D,all,10,93,0.5053763440860215,0.45161290322580644,0.35439761353554855,0.5526669834913936,0.1435625086022872,0.007276627575889206,0.4090876098455017,-0.1277348774505624,3.2026304640549883,3.2722528654474883,0.11150651307258157,-0.01694484737557833,2.5693604966762527
transaction_cost,10bps,all,author_net,1,90D,all,10,71,0.5633802816901409,0.5070422535211268,0.39341308325020075,0.6199484948878713,0.19622064873694192,0.034504922021900364,0.4549710924339834,-0.13765089151730517,3.3052535106667684,4.264843239570024,0.15759838136481372,0.011471704364905855,3.1531467425589264
transaction_cost,10bps,all,author_net,3,1D,all,10,456,0.46271929824561403,0.42857142857142855,0.3838851803427962,0.4744536886707803,-0.0025625050418329794,-0.003103015110851314,0.025236046791673166,-0.026503298661709702,0.9521851266058673,0.8200451498524001,-0.0030374398092022407,-0.0028867840780432133,0.7730152963492087
transaction_cost,10bps,all,author_net,3,20D,all,10,376,0.48404255319148937,0.44919786096256686,0.3995571960005144,0.4998715217516234,0.024262594308590096,-0.0042135140952352925,0.16182814301868037,-0.10479374520293791,1.5442538360022606,1.4487329801670694,0.013327226171774514,-0.004484675063405607,1.2491023589337873
transaction_cost,10bps,all,author_net,3,5D,all,10,412,0.5,0.4682926829268293,0.4205103500759999,0.5166636583616975,0.00379548168992786,4.914436413061638e-05,0.07474676390866934,-0.06715580052881363,1.113035111190414,1.113035111190414,0.0005742137688368492,-0.0034741656594339245,1.0178331322988292
transaction_cost,10bps,all,author_net,3,60D,all,10,213,0.5023474178403756,0.41784037558685444,0.3536345122107952,0.4849572396140187,0.1310554323615278,0.00044982011491179284,0.3864064834409611,-0.12670459089790015,3.0496644257533765,3.0784348448642573,0.0947862170212877,-0.01566058892182387,2.27906529158433
transaction_cost,10bps,all,author_net,3,90D,all,10,152,0.5460526315789473,0.5,0.42099012028854144,0.5790098797114586,0.19078126479355886,0.02020952990839131,0.48390277121407427,-0.16181417046590166,2.9904845157924216,3.5972494900111736,0.14746395531487516,-3.422221773485747e-05,2.660401519523085
transaction_cost,10bps,all,author_net,30,1D,all,10,551,0.5136116152450091,0.5,0.45835859598688955,0.5416414040131105,-0.0009142371020991931,0.0006983695652172947,0.022302554083001143,-0.025430475555022307,0.877001062553727,0.92608694292054,-0.0014288231205000414,2.131711929953626e-05,0.8794317508392371
transaction_cost,10bps,all,author_net,30,20D,all,10,476,0.4579831932773109,0.43157894736842106,0.38776180898711665,0.47649388816975846,-0.012006082600515163,-0.010458933969320017,0.12315467614791033,-0.12621168495383592,0.975778718055751,0.8244951958765647,-0.020972789945105572,-0.013992889937759156,0.6998008635351437
transaction_cost,10bps,all,author_net,30,5D,all,10,518,0.5,0.4912959381044487,0.44842626916967027,0.5342940004102935,0.005126973815819572,6.026936879144438e-05,0.07661362584667292,-0.06635967821503379,1.1545207557880548,1.1545207557880548,0.0014490401709928342,-0.0026077625267645335,1.0442169430396455
transaction_cost,10bps,all,author_net,30,60D,all,10,314,0.49044585987261147,0.4140127388535032,0.36089260272700197,0.4692113736379463,0.04932236667927072,-0.002145567519614199,0.29136254633300446,-0.18364130623744798,1.586585024375034,1.52708808596097,0.01697005318143502,-0.035037163831758866,1.1628834614983072
transaction_cost,10bps,all,author_net,30,90D,all,10,237,0.5316455696202531,0.48523206751054854,0.4223477651520001,0.5485874715208042,0.07269967465543756,0.022298569327450113,0.35236523679529375,-0.24475853101683165,1.4396443520535027,1.634190886114787,0.04069185855867227,-0.008692160834090079,1.320695674538157
transaction_cost,10bps,all,author_net,7,1D,all,10,582,0.44329896907216493,0.4241379310344828,0.38454605738519076,0.4647280928648585,-0.00376484009121081,-0.0033581818042975322,0.024839446983924453,-0.02654232794733704,0.9358428180530625,0.7452081699311424,-0.00412409771191639,-0.002894258837058238,0.7068207398977837
transaction_cost,10bps,all,author_net,7,20D,all,10,494,0.5121457489878543,0.4777327935222672,0.43402681726613357,0.5217824075177677,0.021482278469947855,0.006440778331412878,0.15321318099462214,-0.11680783911819569,1.311668652988166,1.3769799552116433,0.010121817109062408,-0.0022125850798179183,1.1763150062415901
transaction_cost,10bps,all,author_net,7,5D,all,10,541,0.5064695009242144,0.48794063079777367,0.44597692538991995,0.530075014290144,0.0065858933668886364,0.0008181818181817188,0.07603574825173792,-0.0646847442302975,1.1754819340558473,1.2062998124767872,0.0032277846359720533,-0.0018297680978937017,1.1044407169623933
transaction_cost,10bps,all,author_net,7,60D,all,10,300,0.5433333333333333,0.45666666666666667,0.40120290256178365,0.5132261549443436,0.13408741610854194,0.013098535069727135,0.3667419487304082,-0.14272053146345956,2.5696509462922257,3.0573219288002393,0.0956908051568998,-0.010593402421776588,2.2429746774930313
transaction_cost,10bps,all,author_net,7,90D,all,10,218,0.591743119266055,0.5416666666666666,0.47507027066202484,0.6068069152725948,0.14987846689463577,0.04317420722089671,0.4066060935585561,-0.22223236276430489,1.8296439298977991,2.6519558085035513,0.11217529627242182,0.015022936553151511,2.111525282174939
transaction_cost,10bps,all,author_net,90,1D,all,10,515,0.5067961165048543,0.5009708737864078,0.45794075919370625,0.5439866118422804,0.002169389670993989,0.00032457828597321024,0.026062124528130098,-0.022381806382992326,1.1644334725339418,1.1965241587848772,0.001785450831839715,4.549749875815221e-05,1.1665224434549835
transaction_cost,10bps,all,author_net,90,20D,all,10,465,0.47096774193548385,0.44086021505376344,0.39640085433506134,0.4862887010247722,-0.0023171506358400052,-0.00604959422903517,0.1388253444690278,-0.12796839627797843,1.0848408552957516,0.9657729565437789,-0.012831190352882554,-0.015871154458298453,0.8178475774802446
transaction_cost,10bps,all,author_net,90,5D,all,10,489,0.5173824130879345,0.4979508196721312,0.453779072344648,0.5421545766714487,0.006932215723672875,0.0019951857485610578,0.07226224337416633,-0.06310378849486459,1.145133201947884,1.2276216105627737,0.0036113911217875824,-0.0005466839430326989,1.120034704519287
transaction_cost,10bps,all,author_net,90,60D,all,10,305,0.5016393442622951,0.42950819672131146,0.37517146673649987,0.48559852132082,0.022979503771841717,0.0009486474094452255,0.2432039171062107,-0.1986937543870955,1.2240138994625893,1.2320666224853694,-0.00907270243789875,-0.023837588430957735,0.9203041258194573
transaction_cost,10bps,all,author_net,90,90D,all,10,223,0.515695067264574,0.47085201793721976,0.40638799099504797,0.5363032610027813,0.03091175720243418,0.01592680869014973,0.2987899154716016,-0.254328874287883,1.174817119401833,1.2509626734371369,-0.003300666080044237,-0.024020055854150013,0.9760024018505359
transaction_cost,10bps,all,author_net_shift,1,1D,all,10,8,0.25,0.16666666666666666,0.030053369748306635,0.5635028221864702,-0.012476705649368133,-0.013521297245653374,0.024886458730688565,-0.0249310937760537,0.9982096635724821,0.3327365545241607,-0.011386541913905554,-0.010811270145382468,0.40228201702702443
transaction_cost,10bps,all,author_net_shift,1,5D,all,10,5,0.8,1.0,0.20654931437723745,1.0,0.061296773067761844,0.08516792249730887,0.1044727607095732,-0.11140717749948359,0.937756103820667,3.751024415282668,0.07296810057749803,0.07296810057749803,
transaction_cost,10bps,all,author_net_shift,3,1D,all,10,20,0.65,0.7647058823529411,0.5273820188043501,0.9044495567791988,0.008133689930206278,0.007912615424751746,0.019830226069721554,-0.013588448614607809,1.4593443763995053,2.7102109847419387,0.011467028814606947,0.010163274121816723,4.569805893044402
transaction_cost,10bps,all,author_net_shift,3,20D,all,10,6,0.3333333333333333,0.3333333333333333,0.09677141110578041,0.700006684861608,-0.08371433112983229,-0.08386993299736606,0.06676708793864627,-0.15895504066407157,0.4200375631984445,0.21001878159922224,-0.08612410795827917,-0.07897659703639459,0.1506907016314599
transaction_cost,10bps,all,author_net_shift,3,5D,all,10,13,0.3076923076923077,0.2222222222222222,0.06322510711784671,0.5474110308930111,-0.038612205186437154,-0.04131014101041541,0.0397610379942204,-0.07344475771117384,0.5413733972761297,0.24061039878939092,-0.046864161995818346,-0.03966488533848511,0.12140932959686114
transaction_cost,10bps,all,author_net_shift,3,60D,all,10,1,0.0,0.0,0.0,0.7934506856227626,-0.022319150870494187,-0.022319150870494187,,-0.022319150870494187,,,-0.013164726720390818,-0.013164726720390818,
transaction_cost,10bps,all,author_net_shift,3,90D,all,10,1,1.0,1.0,0.20654931437723745,1.0,0.0972999227237602,0.0972999227237602,0.0972999227237602,,,,0.08214019633118919,0.08214019633118919,
transaction_cost,10bps,all,author_net_shift,30,1D,all,10,161,0.5341614906832298,0.5093167701863354,0.4327844221312632,0.5854148829553486,0.001959555811650759,0.0020141432877348606,0.021245815014305176,-0.020155354740726304,1.0541027576843125,1.2087044954780115,0.00047773625272520636,0.00128068424012684,1.0518495667693653
transaction_cost,10bps,all,author_net_shift,30,20D,all,10,129,0.46511627906976744,0.49606299212598426,0.4105078767844485,0.5818492857769197,0.025278034111199676,-0.005930966469428033,0.17094696460875544,-0.10139060110406621,1.6860237807772471,1.4661076354584759,0.024613767697612057,-0.0005980205566893373,1.5048115267471474
transaction_cost,10bps,all,author_net_shift,30,5D,all,10,148,0.5337837837837838,0.5102040816326531,0.4301687076795727,0.5897197236804429,0.0073359885268533525,0.005303657843053645,0.06250574272099865,-0.05582938221716807,1.1195850686267765,1.28184377422486,0.0050052780209597705,0.0016384667432203246,1.2146200227637103
transaction_cost,10bps,all,author_net_shift,30,60D,all,10,84,0.38095238095238093,0.3493975903614458,0.2555612557016784,0.45655781346759094,-0.01723544485299841,-0.02613261770648323,0.30351551644368874,-0.21462065180480588,1.414195297103707,0.8702740289868967,-0.03127261838679929,-0.01862189198455899,0.7485122511357987
transaction_cost,10bps,all,author_net_shift,30,90D,all,10,62,0.5967741935483871,0.5245901639344263,0.40157156924985693,0.6446951257715474,0.011130792173539085,0.025882928029150265,0.2685434646624243,-0.36983996311001105,0.7261072124391935,1.0746386744100065,-0.009115621931001305,0.0009860091810797176,0.9416280299592982
transaction_cost,10bps,all,author_net_shift,7,1D,all,10,69,0.4057971014492754,0.31343283582089554,0.21505348258237716,0.4320458231606458,-0.012941743170270832,-0.005659879450944482,0.017955697477085752,-0.03404243434407533,0.5274504547942449,0.3602100666887526,-0.01325645137523642,-0.004469697548972084,0.28477228851236747
transaction_cost,10bps,all,author_net_shift,7,20D,all,10,52,0.46153846153846156,0.47058823529411764,0.3405299020949959,0.6047669578990353,-0.0005445886638245057,-0.016767307097396045,0.11180800291046501,-0.09684681001321552,1.1544830737864047,0.989556920388347,0.0034349336845091198,-0.0034028745091850823,1.0768290150628117
transaction_cost,10bps,all,author_net_shift,7,5D,all,10,66,0.3787878787878788,0.3968253968253968,0.2853191151904645,0.5201908148834254,-0.021283201934124342,-0.01354563690900118,0.060368447101444185,-0.071070792809471,0.8494128841827047,0.5179346854772588,-0.016080054487511698,-0.008133596783949648,0.5575787832557194
transaction_cost,10bps,all,author_net_shift,7,60D,all,10,25,0.4,0.4,0.23403302377747973,0.5926054264103301,-0.10505538663272435,-0.014137922009945125,0.1178443858856553,-0.2536552349783108,0.4645848759862251,0.30972325065748335,-0.09347328880715605,-0.02191361794269342,0.3146405290644154
transaction_cost,10bps,all,author_net_shift,7,90D,all,10,15,0.26666666666666666,0.3333333333333333,0.1517632443971473,0.5828645226148023,-0.10321915484815868,-0.05722598625466735,0.18499131753724032,-0.20802296298830375,0.8892831583580588,0.323375693948385,-0.09255345754035904,-0.09172199251096524,0.35354999511310636
transaction_cost,10bps,all,author_net_shift,90,1D,all,10,134,0.417910447761194,0.41044776119402987,0.3307856788824428,0.49510124798750943,-0.0041787916371041015,-0.003326392520672127,0.023371919793281248,-0.02395878958712435,0.9755050315998229,0.7003625867896165,-0.003897531703565794,-0.002729325998677478,0.6921480088352036
transaction_cost,10bps,all,author_net_shift,90,20D,all,10,110,0.5272727272727272,0.5454545454545454,0.4524405818800455,0.6354008785473941,0.015819602983270224,0.007219690048114458,0.16951561843410393,-0.15561056809650584,1.0893580076706264,1.2150531624018523,0.015454785661162757,0.007414535229250674,1.2290582779190493
transaction_cost,10bps,all,author_net_shift,90,5D,all,10,126,0.47619047619047616,0.464,0.3789550647918743,0.5511916435551254,-0.008623614626496062,-0.007431009076524497,0.06594588411226275,-0.07641406802536771,0.8630071113393706,0.7845519193994278,-0.0059763056212687555,-0.0021157960757712804,0.8286306334509029
transaction_cost,10bps,all,author_net_shift,90,60D,all,10,59,0.6271186440677966,0.5932203389830508,0.4659340125533739,0.7091096641280723,0.21194705374149422,0.09874700498549005,0.4590905618237739,-0.20370339166961243,2.2537207557563654,3.7903485437720694,0.18363092478416665,0.05923002500853436,3.3102608157446065
transaction_cost,10bps,all,author_net_shift,90,90D,all,10,30,0.7333333333333333,0.6333333333333333,0.4551356365479487,0.7812607919389929,0.3684835896275122,0.14634432845186918,0.5578260747286179,-0.1522082444005285,3.664887384554059,10.078440307523662,0.3061892530122904,0.07247923427925351,5.522145862889917
transaction_cost,10bps,all,high_low_divergence,1,1D,all,10,9,0.2222222222222222,0.25,0.071479212752109,0.5907245696898311,-0.011870682037073373,-0.009313990293310814,0.0027700624779551384,-0.016053751898510087,0.17254922683913046,0.04929977909689441,-0.009995553131614446,-0.006808734054291553,0.12901806887112605
transaction_cost,10bps,all,high_low_divergence,1,20D,all,10,1,0.0,0.0,0.0,0.7934506856227626,-0.42039302406269774,-0.42039302406269774,,-0.42039302406269774,,,-0.41325706016387886,-0.41325706016387886,
transaction_cost,10bps,all,high_low_divergence,1,5D,all,10,4,0.25,0.5,0.09453120573423074,0.9054687942657693,-0.0711001067574226,-0.02876195234399148,0.03734367481322032,-0.10724803394763689,0.348199155160766,0.11606638505358867,-0.11592563348653734,-0.11592563348653734,0.05045743607905539
transaction_cost,10bps,all,high_low_divergence,3,1D,all,10,40,0.375,0.38461538461538464,0.24891373465561348,0.5410093854307493,-0.004325239211041551,-0.007216211797814731,0.029836957368351694,-0.024822557158677497,1.202009816217555,0.721205889730533,-0.003075813346407909,-0.0030471874797272083,0.7836997938683233
transaction_cost,10bps,all,high_low_divergence,3,20D,all,10,20,0.4,0.47368421052631576,0.2732980516117956,0.6829219075488682,0.005961541266380627,-0.006977319748418309,0.13827703539863867,-0.08224878815512475,1.6812045320089366,1.1208030213392912,0.01206678300375336,-0.01241875542406179,1.2923944789972064
transaction_cost,10bps,all,high_low_divergence,3,5D,all,10,30,0.43333333333333335,0.42857142857142855,0.26508547124123694,0.6092921437253123,-0.012265114187297931,-0.014328100736041294,0.07095535033616708,-0.07590429294053588,0.9348002278573908,0.7148472330674165,-0.003536551045087956,-0.0069551903068259535,0.8896370710078559
transaction_cost,10bps,all,high_low_divergence,3,60D,all,10,9,0.6666666666666666,0.5555555555555556,0.26665129349549305,0.8112214789023355,0.24854511548910674,0.05186521388216303,0.43976192996960556,-0.13388851347189087,3.284538147194614,6.5690762943892285,0.22046878679469897,0.048377357890080463,6.023570693616765
transaction_cost,10bps,all,high_low_divergence,3,90D,all,10,6,1.0,1.0,0.6096657120978346,1.0,0.16726334925964695,0.15199778228072408,0.16726334925964695,,,,0.13987747852670854,0.11151474028970809,
transaction_cost,10bps,all,high_low_divergence,30,1D,all,10,98,0.41836734693877553,0.40816326530612246,0.316108407997545,0.5071462840656208,-0.004878261500789956,-0.003682093183089651,0.021758331992740198,-0.024037916469820415,0.905167135431965,0.651085132503694,-0.004084395481022486,-0.0037510374999015763,0.6657400869327185
transaction_cost,10bps,all,high_low_divergence,30,20D,all,10,72,0.4027777777777778,0.4788732394366197,0.36677523911181087,0.5931400264739731,-0.004100583228763495,-0.010377521430101344,0.12259101295324473,-0.08954375274686206,1.369062711720453,0.923321363718445,0.0029726828546391758,-0.0012488070142654397,1.0637859779105407
transaction_cost,10bps,all,high_low_divergence,30,5D,all,10,88,0.5,0.4827586206896552,0.3807266446376226,0.5862487866363125,-0.004248980223456569,-9.267171508620022e-05,0.0493551091800197,-0.05785306962693284,0.8531113301037875,0.8531113301037875,-0.00015008856023951335,-0.0020171598981039143,0.9934226815186966
transaction_cost,10bps,all,high_low_divergence,30,60D,all,10,59,0.6440677966101694,0.559322033898305,0.43289354829158677,0.678497882323879,0.092455579867994,0.04666803039158385,0.23989393584459082,-0.17433763570870497,1.376030682470776,2.4899602825661655,0.07512829642944246,0.04013600116806437,2.187992510112633
transaction_cost,10bps,all,high_low_divergence,30,90D,all,10,45,0.6222222222222222,0.5777777777777777,0.4330078870920313,0.710312975327297,-0.014781864819960817,0.03404770770304866,0.16722291313039991,-0.31455444026761376,0.5316183519397518,0.8756066973125323,-0.01593680419610487,0.04774206045530127,0.8676190828193165
transaction_cost,10bps,all,high_low_divergence,7,1D,all,10,70,0.5142857142857142,0.4714285714285714,0.3590487639638429,0.5867811253167438,0.0007152288492588519,0.002256074577452306,0.028625899737513,-0.028837246208892598,0.9926710591625623,1.0510634744074188,0.0008600789009245961,-0.0020867272441721365,1.0711101457016328
transaction_cost,10bps,all,high_low_divergence,7,20D,all,10,47,0.5106382978723404,0.5434782608695652,0.4018018105980127,0.6784526621771542,0.048908009864335786,0.000992991313879422,0.15517861360886032,-0.061983054912559364,2.5035651086861344,2.6124157655855313,0.05052365365709005,0.00580523611169892,3.301594285415875
transaction_cost,10bps,all,high_low_divergence,7,5D,all,10,63,0.5079365079365079,0.5079365079365079,0.38762886274954733,0.6273319118601534,0.025691262608786923,0.001395676639366906,0.09079543080359859,-0.04151304004392188,2.187154462971988,2.2577078327452775,0.02592199622813862,2.8575711685575357e-05,2.7001274895417695
transaction_cost,10bps,all,high_low_divergence,7,60D,all,10,32,0.65625,0.625,0.4525440735307745,0.7706611269054578,0.1805617467683893,0.05017551872063836,0.36428096443994484,-0.17017494151367132,2.140626353091355,4.086650310447132,0.16480107095969654,0.06186282500710821,4.16722865756119
transaction_cost,10bps,all,high_low_divergence,7,90D,all,10,24,0.625,0.5416666666666666,0.3507486535891948,0.72108666268789,0.17373438564119012,0.11002404870375937,0.3443684371999866,-0.11065570029013744,3.1120713736125496,5.186785622687583,0.14368224092806772,0.07227122236875194,3.693148298511458
transaction_cost,10bps,all,high_low_divergence,90,1D,all,10,86,0.5813953488372093,0.5581395348837209,0.45293456995145753,0.6583726164106654,-0.0018000767099674844,0.002256002651038814,0.01572080389848666,-0.02613463311059824,0.6015314556725682,0.8354603551007892,-0.0020659816586231813,0.001524269900493259,0.7966509377506603
transaction_cost,10bps,all,high_low_divergence,90,20D,all,10,61,0.5901639344262295,0.5409836065573771,0.41724048130756475,0.6598706770614424,0.033972412446485835,0.02287079598899633,0.13529789627388933,-0.1119362842649752,1.2087045515430241,1.7405345542219548,0.029132809147667266,0.014653709238113266,1.6928961242448342
transaction_cost,10bps,all,high_low_divergence,90,5D,all,10,77,0.5454545454545454,0.5194805194805194,0.4096400507720929,0.6274696209701498,-0.00220035570989294,0.005502520640023324,0.04431782291469842,-0.05802217005940257,0.7638084351089632,0.9165701221307558,-0.0015598027455531757,0.0024434708813531056,0.931947518315336
transaction_cost,10bps,all,high_low_divergence,90,60D,all,10,53,0.4339622641509434,0.5094339622641509,0.3788352911467995,0.6387575015215675,-0.017689582237557438,-0.029605482717520837,0.200758794798693,-0.18516667129868275,1.0842058853823613,0.831224512126477,-0.009111539908011864,0.001390677138657038,0.9016911049639331
transaction_cost,10bps,all,high_low_divergence,90,90D,all,10,44,0.6590909090909091,0.75,0.6055943364104086,0.8542578617103511,-0.09614929718363335,0.057036642202449084,0.1811696596152394,-0.6322992803281208,0.28652517131005517,0.5539486645327734,-0.06263180169150541,0.10644619067624783,0.6915025192192981
transaction_cost,10bps,all,weighted_net,1,1D,all,10,260,0.4115384615384615,0.40310077519379844,0.3450917256337541,0.4639530290617221,-0.005449547575858113,-0.005847595967348406,0.027286293263909623,-0.02834324018929045,0.9627090297960994,0.6732670992691676,-0.004950243140577731,-0.004189711390446159,0.677841199807715
transaction_cost,10bps,all,weighted_net,1,20D,all,10,188,0.4627659574468085,0.45989304812834225,0.3899858856890695,0.5314148408999401,0.02981023921541707,-0.01014732231331339,0.18884498656681403,-0.10718008771103381,1.761940959368828,1.5177115194563173,0.02001733306296373,-0.01077677292161161,1.3558665241081427
transaction_cost,10bps,all,weighted_net,1,5D,all,10,218,0.42660550458715596,0.4056603773584906,0.34181215073139115,0.4728666407364279,-0.006593187113970528,-0.010542719742046791,0.08233539391457353,-0.07275605139920731,1.1316638593098607,0.8419579113265364,-0.005441834605073423,-0.011463038986623042,0.8539185718558966
transaction_cost,10bps,all,weighted_net,1,60D,all,10,104,0.5288461538461539,0.46153846153846156,0.3688100475176425,0.5570069797417769,0.13162658299881186,0.028987799472449505,0.3683304812291213,-0.1340614660352089,2.747474663095104,3.0839001320455246,0.0961628640226649,-0.013556739268976992,2.3447263298052747
transaction_cost,10bps,all,weighted_net,1,90D,all,10,76,0.5789473684210527,0.5263157894736842,0.41552028690262677,0.6345789980939448,0.18440614390265922,0.04317420722089671,0.42621889559859816,-0.14808638967925677,2.8781773701266813,3.957493883924186,0.14214042581151745,0.015064811477174589,2.8407990270706445
transaction_cost,10bps,all,weighted_net,3,1D,all,10,505,0.44554455445544555,0.42147117296222664,0.37907312852127695,0.46505959064535307,-0.0033299469740651596,-0.0035836496443494284,0.025198298394579027,-0.026254429859582807,0.959773208915512,0.7712463285928222,-0.003429699154412129,-0.002927678406716038,0.7452033025655491
transaction_cost,10bps,all,weighted_net,3,20D,all,10,412,0.5,0.4658536585365854,0.4181093301024193,0.5142319097535626,0.02393195665805585,-4.8411014613391166e-05,0.1538370082191432,-0.10597309490303149,1.4516609933861855,1.4516609933861853,0.013198687144892104,-0.0027992224382484823,1.2532264135123061
transaction_cost,10bps,all,weighted_net,3,5D,all,10,451,0.49445676274944567,0.4809843400447427,0.4350258083154859,0.5272669230485099,0.0021895474069112074,-0.0008104983892364128,0.07257439365390224,-0.06665177151010195,1.088859185729259,1.0649806948141438,-0.0003718619646186326,-0.002889159288990916,0.9882822964739246
transaction_cost,10bps,all,weighted_net,3,60D,all,10,240,0.5083333333333333,0.4375,0.37621174699248483,0.50075749300021,0.1153126686111192,0.001016231553761738,0.35577373975992926,-0.13329962528849795,2.6689777933728966,2.7594516168770626,0.08167573449318158,-0.013097185032142633,2.0760409513105027
transaction_cost,10bps,all,weighted_net,3,90D,all,10,171,0.5789473684210527,0.5384615384615384,0.4632818498192179,0.6119315861740886,0.19718035813462784,0.02705667199453765,0.4414535837949385,-0.1386953271482993,3.182901636786338,4.376489750581215,0.1540594023717425,0.01199285615677348,3.1258952515505776
transaction_cost,10bps,all,weighted_net,30,1D,all,10,516,0.5077519379844961,0.49902912621359224,0.45601338815771963,0.5420592408062938,-0.0025351211938122605,0.0006451579166201213,0.02346391547279977,-0.0293530251570105,0.7993695827701013,0.824546577503018,-0.002672284219384007,-5.6981447903780257e-05,0.8046634515771998
transaction_cost,10bps,all,weighted_net,30,20D,all,10,435,0.4827586206896552,0.4482758620689655,0.4021969817183996,0.49526029107225883,-0.012251868016541613,-0.005428251121076143,0.12088340364322205,-0.1365114548989877,0.8855183891540113,0.8264838298770771,-0.0215902841317993,-0.013917740956593594,0.700992714330111
transaction_cost,10bps,all,weighted_net,30,5D,all,10,481,0.47401247401247404,0.4592901878914405,0.41516291759510426,0.5040652280259146,0.0003428375974447333,-0.003965473416648989,0.07513059028480844,-0.0670548209508514,1.120435327683244,1.0097203743548602,-0.001992162735611567,-0.006794369611112682,0.9418216070822701
transaction_cost,10bps,all,weighted_net,30,60D,all,10,292,0.4897260273972603,0.4315068493150685,0.37595077109455527,0.4888416749694579,0.029401514449799056,-0.005815790340969017,0.2694615966051329,-0.20099171875968241,1.340660193703389,1.2866738771784203,-0.0009188499805810001,-0.038875477036060535,0.9919424590725906
transaction_cost,10bps,all,weighted_net,30,90D,all,10,215,0.5348837209302325,0.4883720930232558,0.42234877742992,0.5548036322325619,0.06039568245752795,0.022127463863337637,0.35201057183891854,-0.27496144033107117,1.280217951342833,1.4722506440442578,0.03220064053010265,-0.014294091740401194,1.2318923671569595
transaction_cost,10bps,all,weighted_net,7,1D,all,10,597,0.4556113902847571,0.4278523489932886,0.38871755958343196,0.4679112233468469,-0.003314448580143057,-0.002838482579256562,0.024842082813134474,-0.026879299469286102,0.9242087146475125,0.7734916011819182,-0.0036324851580023442,-0.0025410999497555422,0.7391456464216151
transaction_cost,10bps,all,weighted_net,7,20D,all,10,503,0.5268389662027833,0.4850894632206759,0.44169235144691693,0.5287125952302912,0.019032964134766864,0.009220254686560625,0.14959670341050682,-0.12634262791595202,1.1840556578419779,1.3183812996980009,0.007586364412315504,-0.0021863147734505475,1.1261661483203806
transaction_cost,10bps,all,weighted_net,7,5D,all,10,545,0.4990825688073395,0.4889705882352941,0.44718922974237496,0.5309066229778049,0.0073796395168054425,-8.47343320969909e-05,0.07944578955462674,-0.06442253194944873,1.2331988071652709,1.2286815954174128,0.004429958416933698,-0.0017246020464639624,1.1440765652475011
transaction_cost,10bps,all,weighted_net,7,60D,all,10,317,0.5394321766561514,0.444794952681388,0.3910756316653788,0.499836222031309,0.11943278269748808,0.012998035363457672,0.3676901063811779,-0.17133435668546365,2.14603838654605,2.5135107130094148,0.08352463493529952,-0.01566058892182387,1.9340400583091342
transaction_cost,10bps,all,weighted_net,7,90D,all,10,226,0.588495575221239,0.5422222222222223,0.47695949135727983,0.6060674221133567,0.14597911096394073,0.045417141167881314,0.3964141413611845,-0.21216991100201008,1.8683805799278905,2.67198513043451,0.11106626126522497,0.016228835628688487,2.1409519995790465
transaction_cost,10bps,all,weighted_net,90,1D,all,10,464,0.5129310344827587,0.5021551724137931,0.4568305351649773,0.5474444173051212,0.0014892242621851214,0.0006363019371794518,0.026002207828738043,-0.024325333653034326,1.0689353001122985,1.125692926666934,0.0012865424820644755,8.467452245364358e-05,1.1109132822692716
transaction_cost,10bps,all,weighted_net,90,20D,all,10,413,0.5084745762711864,0.4963680387409201,0.44840371425159026,0.544399304890298,0.00027458093974377847,0.0032699061823430195,0.1277355869692816,-0.1315816321942609,0.9707706527055299,1.0042455027988242,-0.008446315194284388,-0.0021041956609745274,0.8730844893258867
transaction_cost,10bps,all,weighted_net,90,5D,all,10,432,0.5208333333333334,0.5162037037037037,0.4691441640172302,0.5629776080553061,0.0038487536413385724,0.0043712758883536216,0.0733163488752829,-0.07165950204773136,1.0231211043923798,1.112088156948239,0.001670826283368262,0.0018791241335286432,1.0498393677696851
transaction_cost,10bps,all,weighted_net,90,60D,all,10,285,0.519298245614035,0.4631578947368421,0.4061407189502399,0.5211550367015266,0.0408050464972958,0.011304250559284301,0.27170580000304034,-0.20863518356730412,1.3023009607360405,1.406865271452073,0.008532111827596335,-0.02810597165395945,1.0719764186404162
transaction_cost,10bps,all,weighted_net,90,90D,all,10,211,0.5165876777251185,0.4928909952606635,0.42616587208629125,0.5598703426347054,0.03396219650775748,0.01592680869014973,0.3811309109558779,-0.33703182187307706,1.1308454757705584,1.2084525182254007,0.00681907473113968,-0.024209129445495026,1.038876654204903
transaction_cost,25bps,all,author_net,1,1D,all,25,230,0.4260869565217391,0.4052863436123348,0.34351044844044576,0.4702145201173027,-0.006392965443934901,-0.006730540221348112,0.02662840145529435,-0.030908828747908134,0.8615144130007361,0.6396091854096374,-0.0058568730235347,-0.004857867196503439,0.6422433947826962
transaction_cost,25bps,all,author_net,1,20D,all,25,167,0.47305389221556887,0.4578313253012048,0.38385066754815306,0.5337195176280106,0.03519689124667118,-0.012134397744961998,0.19949836526264056,-0.11230102292675587,1.776460802077964,1.594777310956354,0.02615719772877531,-0.009549756102886829,1.4503977306638534
transaction_cost,25bps,all,author_net,1,5D,all,25,198,0.41414141414141414,0.387434554973822,0.32121367281781965,0.45809407687640014,-0.006386580202263925,-0.012623260994839845,0.08646798368568195,-0.07202515122650154,1.2005248474072792,0.8486468748913525,-0.004688048683258982,-0.012551738861149629,0.875583300780505
transaction_cost,25bps,all,author_net,1,60D,all,25,93,0.5053763440860215,0.45161290322580644,0.35439761353554855,0.5526669834913936,0.1420625086022872,0.005776627575889206,0.4075876098455017,-0.12923487745056236,3.153851482556794,3.222413471308028,0.11000651307258157,-0.01844484737557833,2.5305301084050655
transaction_cost,25bps,all,author_net,1,90D,all,25,71,0.5633802816901409,0.5070422535211268,0.39341308325020075,0.6199484948878713,0.19472064873694192,0.03300492202190036,0.45347109243398337,-0.13915089151730517,3.2588443199272534,4.204960412809359,0.15609838136481372,0.009971704364905855,3.1113240291986646
transaction_cost,25bps,all,author_net,3,1D,all,25,456,0.4407894736842105,0.4021978021978022,0.35814334449611923,0.44788987615323933,-0.004062505041832979,-0.0046030151108513145,0.02496166177009324,-0.026940377705351293,0.9265520343887008,0.7303410153416817,-0.004537439809202241,-0.004386784078043214,0.6818008955076098
transaction_cost,25bps,all,author_net,3,20D,all,25,376,0.4787234042553192,0.4385026737967914,0.38909138049891023,0.4891644357273618,0.022762594308590095,-0.005713514095235293,0.16211880062358802,-0.10521759516436718,1.5407955330126277,1.4150163058279235,0.011827226171774516,-0.005984675063405607,1.2176665190243527
transaction_cost,25bps,all,author_net,3,5D,all,25,412,0.4854368932038835,0.4609756097560976,0.41331072204556035,0.5093649806469902,0.002295481689927859,-0.0014508556358693836,0.0754626356342712,-0.06673013523869795,1.1308629206929754,1.0668518119745052,-0.0009257862311631512,-0.004974165659433925,0.9719462706102746
transaction_cost,25bps,all,author_net,3,60D,all,25,213,0.4835680751173709,0.41784037558685444,0.3536345122107952,0.4849572396140187,0.1295554323615278,-0.0010501798850882072,0.3998759719593941,-0.12356289108011068,3.236214113023131,3.0302732149216594,0.0932862170212877,-0.017160588921823868,2.244163155895756
transaction_cost,25bps,all,author_net,3,90D,all,25,152,0.5460526315789473,0.5,0.42099012028854144,0.5790098797114586,0.18928126479355886,0.018709529908391313,0.48240277121407427,-0.16331417046590166,2.9538329089134066,3.5531613252146776,0.14596395531487516,-0.001534222217734858,2.629749075334416
transaction_cost,25bps,all,author_net,30,1D,all,25,551,0.484573502722323,0.45636363636363636,0.4151826757793368,0.49814992286322907,-0.002414237102099193,-0.0008016304347827053,0.022091225175732816,-0.02545282311682154,0.8679282873392903,0.8159748335196849,-0.002928823120500041,-0.0014786828807004638,0.7682185789367609
transaction_cost,25bps,all,author_net,30,20D,all,25,476,0.4495798319327731,0.42947368421052634,0.3856996779366177,0.47437927144046904,-0.013506082600515163,-0.011958933969320016,0.12393832900952123,-0.1257698386484075,0.9854376084236993,0.8048994206208843,-0.022472789945105574,-0.015492889937759156,0.6822176002457709
transaction_cost,25bps,all,author_net,30,5D,all,25,518,0.4864864864864865,0.4816247582205029,0.43884875340232327,0.5246718157109335,0.003626973815819571,-0.0014397306312085557,0.07721499962817048,-0.0660879980064076,1.1683664501485436,1.1068734790880939,-5.0959829007166094e-05,-0.004107762526764534,0.9984805316135825
transaction_cost,25bps,all,author_net,30,60D,all,25,314,0.48089171974522293,0.40764331210191085,0.35472551846772726,0.4627935672575876,0.04782236667927072,-0.003645567519614199,0.2956292274108103,-0.18174104418246226,1.6266508687713268,1.5068974305795728,0.015470053181435019,-0.03653716383175887,1.1472354218277594
transaction_cost,25bps,all,author_net,30,90D,all,25,237,0.5316455696202531,0.4810126582278481,0.4182133669910667,0.5444176515882532,0.07119967465543754,0.020798569327450115,0.35086523679529374,-0.24625853101683168,1.4247840890893329,1.6173224795068104,0.03919185855867228,-0.010192160834090079,1.3069936334026797
transaction_cost,25bps,all,author_net,7,1D,all,25,582,0.4209621993127148,0.3913793103448276,0.3524986910404239,0.4316892968176012,-0.0052648400912108095,-0.004858181804297533,0.024614744884718834,-0.02698738703216856,0.9120832948880314,0.6630872618622187,-0.00562409771191639,-0.0043942588370582385,0.6240548097785757
transaction_cost,25bps,all,author_net,7,20D,all,25,494,0.5101214574898786,0.4716599190283401,0.4280276254020928,0.5157295697774179,0.019982278469947858,0.004940778331412878,0.15231722936637113,-0.11782105882715405,1.292784421415052,1.346205265275178,0.008621817109062409,-0.0037125850798179184,1.1481511832304614
transaction_cost,25bps,all,author_net,7,5D,all,25,541,0.49168207024029575,0.47309833024118736,0.4312880005762606,0.5152894033254206,0.005085893366888637,-0.0006818181818182812,0.07679544052328896,-0.06427679588257494,1.1947614915899651,1.1556602064106571,0.0017277846359720532,-0.0033297680978937017,1.0545325543965536
transaction_cost,25bps,all,author_net,7,60D,all,25,300,0.5366666666666666,0.4533333333333333,0.39794515245358275,0.509901524860708,0.1325874161085419,0.011598535069727136,0.36978386746897074,-0.14215091963986842,2.601346993785182,3.013070978413053,0.0941908051568998,-0.012093402421776587,2.210645510382837
transaction_cost,25bps,all,author_net,7,90D,all,25,218,0.591743119266055,0.5370370370370371,0.47047406921771445,0.6023056516130587,0.14837846689463574,0.04167420722089671,0.40510609355855604,-0.22373236276430492,1.8106727545058947,2.6244582621489934,0.1106752962724218,0.013522936553151512,2.089182235379011
transaction_cost,25bps,all,author_net,90,1D,all,25,515,0.4640776699029126,0.4640776699029126,0.4214309834036225,0.507256288264876,0.000669389670993989,-0.0011754217140267898,0.026881588024552445,-0.02202885455545699,1.2202898683124372,1.0567002845169293,0.0002854508318397152,-0.0014545025012418478,1.0248197577447158
transaction_cost,25bps,all,author_net,90,20D,all,25,465,0.46881720430107526,0.43870967741935485,0.3942913574046903,0.4841323636045917,-0.0038171506358400057,-0.007549594229035171,0.13795762735004957,-0.12894630691488426,1.069884284790828,0.9442703404226744,-0.014331190352882554,-0.01737115445829845,0.7989530044752893
transaction_cost,25bps,all,author_net,90,5D,all,25,489,0.5010224948875256,0.48155737704918034,0.4375431349394652,0.5258597062054045,0.005432215723672875,0.0004951857485610577,0.07309146415702092,-0.0625043247114512,1.1693825106413809,1.1741750619145015,0.002111391121787582,-0.002046683943032699,1.0684471110065228
transaction_cost,25bps,all,author_net,90,60D,all,25,305,0.4918032786885246,0.4262295081967213,0.3719861986980482,0.4823079748503097,0.021479503771841716,-0.0005513525905547745,0.2465458701399994,-0.19632665722960121,1.2557941627441227,1.2152846736233445,-0.01057270243789875,-0.025337588430957732,0.9078226302080877
transaction_cost,25bps,all,author_net,90,90D,all,25,223,0.515695067264574,0.4663677130044843,0.4020157114478895,0.5318588100880672,0.029411757202434177,0.01442680869014973,0.2972899154716016,-0.255828874287883,1.1620655264153754,1.237384588312668,-0.0048006660800442354,-0.02552005585415001,0.9652982179520805
transaction_cost,25bps,all,author_net_shift,1,1D,all,25,8,0.25,0.16666666666666666,0.030053369748306635,0.5635028221864702,-0.013976705649368133,-0.015021297245653372,0.023386458730688564,-0.0264310937760537,0.884808586766714,0.29493619558890466,-0.012886541913905555,-0.012311270145382467,0.36519572975388126
transaction_cost,25bps,all,author_net_shift,1,5D,all,25,5,0.8,1.0,0.20654931437723745,1.0,0.05979677306776184,0.08366792249730887,0.1029727607095732,-0.11290717749948359,0.9120125309132289,3.6480501236529155,0.07146810057749803,0.07146810057749803,
transaction_cost,25bps,all,author_net_shift,3,1D,all,25,20,0.6,0.7647058823529411,0.5273820188043501,0.9044495567791988,0.00663368993020628,0.006412615424751746,0.01989795450312638,-0.013262706929173874,1.5002936134671725,2.250440420200759,0.009967028814606947,0.008663274121816724,3.7956681990277996
transaction_cost,25bps,all,author_net_shift,3,20D,all,25,6,0.3333333333333333,0.3333333333333333,0.09677141110578041,0.700006684861608,-0.08521433112983229,-0.08536993299736606,0.06526708793864627,-0.16045504066407157,0.40676246547647793,0.20338123273823897,-0.08762410795827917,-0.08047659703639459,0.14433660309550397
transaction_cost,25bps,all,author_net_shift,3,5D,all,25,13,0.3076923076923077,0.2222222222222222,0.06322510711784671,0.5474110308930111,-0.04011220518643715,-0.042810141010415415,0.0382610379942204,-0.07494475771117384,0.5105232061950598,0.2268992027533599,-0.04836416199581835,-0.04116488533848511,0.11269523579944847
transaction_cost,25bps,all,author_net_shift,3,60D,all,25,1,0.0,0.0,0.0,0.7934506856227626,-0.023819150870494184,-0.023819150870494184,,-0.023819150870494184,,,-0.014664726720390818,-0.014664726720390818,
transaction_cost,25bps,all,author_net_shift,3,90D,all,25,1,1.0,1.0,0.20654931437723745,1.0,0.0957999227237602,0.0957999227237602,0.0957999227237602,,,,0.08064019633118918,0.08064019633118918,
transaction_cost,25bps,all,author_net_shift,30,1D,all,25,161,0.5093167701863354,0.4906832298136646,0.4145851170446512,0.5672155778687367,0.00045955581165075914,0.0005141432877348606,0.02075019010671827,-0.020601608899685143,1.0072121166728585,1.045460678065499,-0.0010222637472747935,-0.00021931575987315993,0.8973077461466028
transaction_cost,25bps,all,author_net_shift,30,20D,all,25,129,0.4573643410852713,0.4881889763779528,0.40288566566108885,0.5741858220230158,0.023778034111199678,-0.0074309664694280336,0.1723280847570753,-0.10142843714746694,1.6990115356556987,1.432024008624089,0.02311376769761206,-0.0020980205566893373,1.466740789122212
transaction_cost,25bps,all,author_net_shift,30,5D,all,25,148,0.5202702702702703,0.5034013605442177,0.4235248349971003,0.583104642122905,0.005835988526853352,0.0038036578430536445,0.06260852155689041,-0.05573422335079248,1.123340701508137,1.218270901635585,0.0035052780209597705,0.00013846674322032454,1.1456808464391464
transaction_cost,25bps,all,author_net_shift,30,60D,all,25,84,0.38095238095238093,0.3493975903614458,0.2555612557016784,0.45655781346759094,-0.018735444852998415,-0.027632617706483228,0.3020155164436887,-0.21612065180480589,1.3974394113731465,0.8599627146911671,-0.0327726183867993,-0.02012189198455899,0.7385018102701811
transaction_cost,25bps,all,author_net_shift,30,90D,all,25,62,0.5967741935483871,0.4918032786885246,0.37060395323711026,0.6139738150890883,0.009630792173539078,0.024382928029150267,0.2670434646624243,-0.37133996311001105,0.7191347314894614,1.064319402604403,-0.01061562193100131,-0.0005139908189202825,0.9323436134644958
transaction_cost,25bps,all,author_net_shift,7,1D,all,25,69,0.36231884057971014,0.29850746268656714,0.20231511276602715,0.41655213743643765,-0.014441743170270832,-0.007159879450944482,0.01852125227143386,-0.03317071785305759,0.5583615149205045,0.31725086075028663,-0.01475645137523642,-0.005969697548972084,0.24600012120812498
transaction_cost,25bps,all,author_net_shift,7,20D,all,25,52,0.46153846153846156,0.47058823529411764,0.3405299020949959,0.6047669578990353,-0.0020445886638245053,-0.018267307097396043,0.11030800291046501,-0.09834681001321552,1.1216225813083534,0.9613907839785888,0.0019349336845091202,-0.004902874509185083,1.0425232807849063
transaction_cost,25bps,all,author_net_shift,7,5D,all,25,66,0.36363636363636365,0.36507936507936506,0.25715392865036535,0.4885129029847216,-0.022783201934124343,-0.01504563690900118,0.0613539128616872,-0.07086155324601665,0.8658279426740635,0.4947588243851791,-0.0175800544875117,-0.009633596783949648,0.5284885020155964
transaction_cost,25bps,all,author_net_shift,7,60D,all,25,25,0.4,0.4,0.23403302377747973,0.5926054264103301,-0.10655538663272435,-0.015637922009945123,0.1163443858856553,-0.2551552349783108,0.45597491227465914,0.3039832748497728,-0.09497328880715605,-0.023413617942693418,0.3082074050363238
transaction_cost,25bps,all,author_net_shift,7,90D,all,25,15,0.26666666666666666,0.3333333333333333,0.1517632443971473,0.5828645226148023,-0.10471915484815869,-0.05872598625466735,0.18349131753724032,-0.20952296298830378,0.8757575538270875,0.31845729230075914,-0.09405345754035906,-0.09322199251096525,0.3476296308869488
transaction_cost,25bps,all,author_net_shift,90,1D,all,25,134,0.3880597014925373,0.39552238805970147,0.31675513296250324,0.48011294838577423,-0.005678791637104101,-0.0048263925206721275,0.023617472167478212,-0.024256910147327032,0.9736389352161869,0.6174295686736796,-0.005397531703565794,-0.004229325998677478,0.6018698979031316
transaction_cost,25bps,all,author_net_shift,90,20D,all,25,110,0.5272727272727272,0.5272727272727272,0.43463694346238685,0.6180679327940769,0.014319602983270226,0.005719690048114458,0.16801561843410392,-0.15711056809650584,1.0694100369549908,1.19280350275749,0.013954785661162757,0.005914535229250674,1.2046990938383912
transaction_cost,25bps,all,author_net_shift,90,5D,all,25,126,0.4603174603174603,0.464,0.3789550647918743,0.5511916435551254,-0.010123614626496061,-0.008931009076524497,0.06667525515684236,-0.07562853297110825,0.8816150801485699,0.7519658036561332,-0.007476305621268755,-0.0036157960757712804,0.7904495235435357
transaction_cost,25bps,all,author_net_shift,90,60D,all,25,59,0.6271186440677966,0.5932203389830508,0.4659340125533739,0.7091096641280723,0.21044705374149425,0.09724700498549005,0.4575905618237739,-0.20520339166961243,2.2299366404260863,3.7503479861711453,0.18213092478416668,0.05773002500853436,3.2739333675207902
transaction_cost,25bps,all,author_net_shift,90,90D,all,25,30,0.7333333333333333,0.6333333333333333,0.4551356365479487,0.7812607919389929,0.3669835896275122,0.14484432845186918,0.5563260747286178,-0.1537082444005285,3.619363924806528,9.953250793217952,0.3046892530122904,0.07097923427925351,5.463733206088913
transaction_cost,25bps,all,high_low_divergence,1,1D,all,25,9,0.2222222222222222,0.125,0.02241749145005667,0.4708881822128535,-0.013370682037073372,-0.010813990293310814,0.0012700624779551383,-0.01755375189851009,0.07235276454277205,0.020672218440792017,-0.011495553131614445,-0.008308734054291554,0.08972094260384077
transaction_cost,25bps,all,high_low_divergence,1,20D,all,25,1,0.0,0.0,0.0,0.7934506856227626,-0.42189302406269774,-0.42189302406269774,,-0.42189302406269774,,,-0.41475706016387887,-0.41475706016387887,
transaction_cost,25bps,all,high_low_divergence,1,5D,all,25,4,0.25,0.5,0.09453120573423074,0.9054687942657693,-0.0726001067574226,-0.030261952343991483,0.035843674813220316,-0.1087480339476369,0.32960296855094734,0.1098676561836491,-0.11742563348653734,-0.11742563348653734,0.04404364400761834
transaction_cost,25bps,all,high_low_divergence,3,1D,all,25,40,0.375,0.3333333333333333,0.20632956189598373,0.4902260560065401,-0.00582523921104155,-0.00871621179781473,0.028336957368351692,-0.026322557158677498,1.0765275272281107,0.6459165163368665,-0.004575813346407909,-0.004547187479727209,0.699159694641795
transaction_cost,25bps,all,high_low_divergence,3,20D,all,25,20,0.4,0.47368421052631576,0.2732980516117956,0.6829219075488682,0.004461541266380629,-0.008477319748418309,0.1367770353986387,-0.08374878815512475,1.6331822634291937,1.0887881756194626,0.010566783003753362,-0.013918755424061789,1.2512412013499492
transaction_cost,25bps,all,high_low_divergence,3,5D,all,25,30,0.36666666666666664,0.39285714285714285,0.2356568654157959,0.5759095570340281,-0.013765114187297933,-0.01582810073604129,0.08218020644008289,-0.0693124050768342,1.1856493271151747,0.6864285578035223,-0.005036551045087955,-0.008455190306825953,0.8470258914477637
transaction_cost,25bps,all,high_low_divergence,3,60D,all,25,9,0.6666666666666666,0.5555555555555556,0.26665129349549305,0.8112214789023355,0.24704511548910674,0.05036521388216303,0.43826192996960556,-0.13538851347189088,3.2370687788118504,6.474137557623702,0.21896878679469897,0.04687735789008046,5.914734276864121
transaction_cost,25bps,all,high_low_divergence,3,90D,all,25,6,1.0,1.0,0.6096657120978346,1.0,0.16576334925964695,0.15049778228072408,0.16576334925964695,,,,0.13837747852670854,0.11001474028970809,
transaction_cost,25bps,all,high_low_divergence,30,1D,all,25,98,0.3979591836734694,0.37755102040816324,0.28790545146922036,0.47643413794833406,-0.006378261500789954,-0.0051820931830896515,0.02130863008633819,-0.024679766109230592,0.863404863402188,0.5707252486895819,-0.0055843954810224855,-0.005251037499901577,0.574826473966097
transaction_cost,25bps,all,high_low_divergence,30,20D,all,25,72,0.4027777777777778,0.4788732394366197,0.36677523911181087,0.5931400264739731,-0.005600583228763494,-0.011877521430101344,0.12109101295324473,-0.09104375274686206,1.3300309938884662,0.8969976470410587,0.0014726828546391753,-0.0027488070142654398,1.031078629323946
transaction_cost,25bps,all,high_low_divergence,30,5D,all,25,88,0.45454545454545453,0.45977011494252873,0.358970941640143,0.5639717313323724,-0.005748980223456568,-0.0015926717150862003,0.05273428546296026,-0.05448503496213725,0.9678673327383633,0.8065561106153029,-0.0016500885602395135,-0.0035171598981039143,0.9301462545740014
transaction_cost,25bps,all,high_low_divergence,30,60D,all,25,59,0.6440677966101694,0.559322033898305,0.43289354829158677,0.678497882323879,0.09095557986799399,0.04516803039158385,0.2383939358445908,-0.17583763570870498,1.3557617223625404,2.4532831166560256,0.07362829642944245,0.03863600116806437,2.1522294843054897
transaction_cost,25bps,all,high_low_divergence,30,90D,all,25,45,0.6222222222222222,0.5777777777777777,0.4330078870920313,0.710312975327297,-0.016281864819960818,0.032547707703048656,0.1657229131303999,-0.31605444026761376,0.5243492639751457,0.8636340818414164,-0.01743680419610487,0.04624206045530127,0.8559171576264489
transaction_cost,25bps,all,high_low_divergence,7,1D,all,25,70,0.5142857142857142,0.45714285714285713,0.3457274259756359,0.5730174079452441,-0.000784771150741148,0.0007560745774523058,0.027125899737513,-0.0303372462088926,0.8941450898586084,0.9467418598502912,-0.0006399210990754038,-0.0035867272441721366,0.9503569738308953
transaction_cost,25bps,all,high_low_divergence,7,20D,all,25,47,0.48936170212765956,0.5434782608695652,0.4018018105980127,0.6784526621771542,0.0474080098643358,-0.0005070086861205781,0.16038233631733775,-0.060859052986457746,2.6353077881942357,2.5255032970194757,0.04902365365709004,0.00430523611169892,3.1657027351998033
transaction_cost,25bps,all,high_low_divergence,7,5D,all,25,63,0.49206349206349204,0.49206349206349204,0.37266808813984664,0.6123711372504527,0.024191262608786925,-0.00010432336063309405,0.09217929384115443,-0.041672142647569105,2.212012341691569,2.1428869560137076,0.02442199622813862,-0.0014714242883144247,2.5255604185215303
transaction_cost,25bps,all,high_low_divergence,7,60D,all,25,32,0.65625,0.625,0.4525440735307745,0.7706611269054578,0.1790617467683893,0.048675518720638355,0.3627809644399449,-0.17167494151367135,2.1131853096396993,4.034262863857608,0.16330107095969654,0.06036282500710821,4.104836379237518
transaction_cost,25bps,all,high_low_divergence,7,90D,all,25,24,0.625,0.5416666666666666,0.3507486535891948,0.72108666268789,0.1722343856411901,0.10852404870375937,0.3428684371999866,-0.11215570029013744,3.0570754434506187,5.095125739084365,0.14218224092806772,0.07077122236875194,3.631127008626284
transaction_cost,25bps,all,high_low_divergence,90,1D,all,25,86,0.5116279069767442,0.5,0.3966097232742094,0.6033902767257906,-0.003300076709967484,0.000756002651038814,0.01627741608801641,-0.023809831069760132,0.6836426533361538,0.7161970653997801,-0.003565981658623181,2.4269900493258893e-05,0.6712857499865025
transaction_cost,25bps,all,high_low_divergence,90,20D,all,25,61,0.5573770491803278,0.5409836065573771,0.41724048130756475,0.6598706770614424,0.032472412446485834,0.02137079598899633,0.14170489802552375,-0.10507960643082113,1.3485480469401527,1.6981716146653771,0.027632809147667265,0.013153709238113266,1.6466308887054177
transaction_cost,25bps,all,high_low_divergence,90,5D,all,25,77,0.5324675324675324,0.5194805194805194,0.4096400507720929,0.6274696209701498,-0.0037003557098929402,0.004002520640023323,0.04386768929460028,-0.05787507363167689,0.757972068835349,0.8632459672847029,-0.003059802745553176,0.0009434708813531056,0.8705741930514872
transaction_cost,25bps,all,high_low_divergence,90,60D,all,25,53,0.4339622641509434,0.49056603773584906,0.3612424984784323,0.6211647088532004,-0.019189582237557436,-0.031105482717520835,0.199258794798693,-0.18666667129868275,1.0674578027904176,0.8183843154726533,-0.010611539908011862,-0.00010932286134296204,0.8864112246577746
transaction_cost,25bps,all,high_low_divergence,90,90D,all,25,44,0.6590909090909091,0.75,0.6055943364104086,0.8542578617103511,-0.09764929718363337,0.05553664220244908,0.1796696596152394,-0.6337992803281207,0.2834803780815649,0.5480620642910256,-0.06413180169150541,0.10494619067624783,0.6846965541960714
transaction_cost,25bps,all,weighted_net,1,1D,all,25,260,0.4,0.38372093023255816,0.32650079204802973,0.44435291358654183,-0.006949547575858113,-0.007347595967348406,0.026554164991553577,-0.029285355954132574,0.9067386796712782,0.6044924531141855,-0.0064502431405777305,-0.00568971139044616,0.6036357430031616
transaction_cost,25bps,all,weighted_net,1,20D,all,25,188,0.4627659574468085,0.44385026737967914,0.3744817197008504,0.515479297523763,0.02831023921541707,-0.011647322313313389,0.18734498656681406,-0.10868008771103381,1.7238207155752392,1.4848752698519387,0.018517333062963732,-0.01227677292161161,1.3244272393343277
transaction_cost,25bps,all,weighted_net,1,5D,all,25,218,0.41284403669724773,0.39622641509433965,0.3327958638673034,0.46335080674729756,-0.00809318711397053,-0.01204271974204679,0.08356909006336924,-0.07254322575428755,1.1519902677946467,0.809993157043111,-0.0069418346050734245,-0.012963038986623042,0.8180302134472681
transaction_cost,25bps,all,weighted_net,1,60D,all,25,104,0.5288461538461539,0.46153846153846156,0.3688100475176425,0.5570069797417769,0.13012658299881186,0.027487799472449503,0.36683048122912126,-0.1355614660352089,2.7060085137604344,3.037356495037222,0.0946628640226649,-0.01505673926897699,2.3089662611205326
transaction_cost,25bps,all,weighted_net,1,90D,all,25,76,0.5789473684210527,0.5263157894736842,0.41552028690262677,0.6345789980939448,0.18290614390265922,0.04167420722089671,0.42471889559859816,-0.14958638967925678,2.8392883637962028,3.9040215002197787,0.14064042581151742,0.01356481147717459,2.804766227087532
transaction_cost,25bps,all,weighted_net,3,1D,all,25,505,0.42178217821782177,0.38966202783300197,0.3480338533474047,0.43296275206393625,-0.004829946974065159,-0.005083649644349429,0.02508188982228609,-0.026649197787841927,0.9411874241756394,0.6865511005116821,-0.004929699154412129,-0.0044276784067160384,0.6565826914500983
transaction_cost,25bps,all,weighted_net,3,20D,all,25,412,0.49271844660194175,0.4585365853658537,0.41091313640425764,0.5069297977065773,0.02243195665805585,-0.0015484110146133912,0.15459786320843963,-0.10593971334064228,1.4593003731409033,1.4174065825244182,0.011698687144892103,-0.004299222438248483,1.2210242034864496
transaction_cost,25bps,all,weighted_net,3,5D,all,25,451,0.47671840354767187,0.45861297539149887,0.4129689885226734,0.504962250328376,0.0006895474069112073,-0.002310498389236413,0.07374554389895224,-0.06586570363456686,1.119634951569089,1.0200064177430261,-0.0018718619646186329,-0.004389159288990916,0.9424490601442007
transaction_cost,25bps,all,weighted_net,3,60D,all,25,240,0.49166666666666664,0.4375,0.37621174699248483,0.50075749300021,0.1138126686111192,-0.0004837684462382619,0.3663019291046282,-0.13039825547276654,2.8091014544372475,2.716999767406518,0.08017573449318158,-0.014597185032142633,2.044666587589228
transaction_cost,25bps,all,weighted_net,3,90D,all,25,171,0.5789473684210527,0.5384615384615384,0.4632818498192179,0.6119315861740886,0.19568035813462786,0.025556671994537653,0.4399535837949385,-0.1401953271482993,3.138147274548983,4.314952502504852,0.1525594023717425,0.01049285615677348,3.085275231674355
transaction_cost,25bps,all,weighted_net,30,1D,all,25,516,0.4806201550387597,0.4601941747572815,0.4176014312257892,0.5033763562987632,-0.0040351211938122605,-0.0008548420833798787,0.023236938294596627,-0.029271952362190636,0.7938294653899073,0.7345884605100635,-0.0041722842193840076,-0.0015569814479037803,0.7115003993203537
transaction_cost,25bps,all,weighted_net,30,20D,all,25,435,0.4735632183908046,0.4459770114942529,0.39994092576549883,0.49295889248252217,-0.013751868016541612,-0.006928251121076144,0.121715851960786,-0.13561365978653936,0.8975191153484908,0.8073752740689479,-0.023090284131799296,-0.015417740956593593,0.6838519514922126
transaction_cost,25bps,all,weighted_net,30,5D,all,25,481,0.46153846153846156,0.4509394572025052,0.4069452276314115,0.4957143324759701,-0.001157162402555267,-0.00546547341664899,0.07564193993586645,-0.06698496440691673,1.129237592429859,0.9679179363684505,-0.0034921627356115674,-0.008294369611112682,0.9003942674549335
transaction_cost,25bps,all,weighted_net,30,60D,all,25,292,0.4863013698630137,0.4280821917808219,0.3726251995592904,0.4854068688079234,0.02790151444979906,-0.007315790340969018,0.2698501547985296,-0.20114319841366585,1.3415823002056615,1.2700312441946928,-0.0024188499805809986,-0.040375477036060536,0.9789469021758271
transaction_cost,25bps,all,weighted_net,30,90D,all,25,215,0.5348837209302325,0.4883720930232558,0.42234877742992,0.5548036322325619,0.05889568245752796,0.02062746386333764,0.35051057183891854,-0.27646144033107123,1.2678461467146056,1.4580230687217968,0.03070064053010265,-0.01579409174040119,1.2198749553582826
transaction_cost,25bps,all,weighted_net,7,1D,all,25,597,0.4288107202680067,0.40268456375838924,0.3640551360240681,0.4425604316493312,-0.004814448580143057,-0.004338482579256562,0.024853867889183253,-0.02708743689729125,0.9175422533856884,0.688829374975766,-0.005132485158002344,-0.004041099949755543,0.6532298122721485
transaction_cost,25bps,all,weighted_net,7,20D,all,25,503,0.5248508946322068,0.48111332007952284,0.4377579615123281,0.5247549709454689,0.017532964134766862,0.007720254686560625,0.148658738102682,-0.12730889497623563,1.167701110990176,1.289845578666973,0.006086364412315504,-0.0036863147734505475,1.0999326903969708
transaction_cost,25bps,all,weighted_net,7,5D,all,25,545,0.48623853211009177,0.4724264705882353,0.430814270034458,0.5144253617659917,0.005879639516805443,-0.001584734332096991,0.08002243092997668,-0.06429121664208876,1.2446868345245992,1.178007182675067,0.002929958416933697,-0.0032246020464639625,1.092937252767306
transaction_cost,25bps,all,weighted_net,7,60D,all,25,317,0.5331230283911672,0.4416403785488959,0.3879978075521435,0.4966804377843549,0.1179327826974881,0.011498035363457672,0.3705282438498767,-0.17050392632111785,2.1731361373581737,2.4814865352265634,0.08202463493529952,-0.017160588921823868,1.9087847757142011
transaction_cost,25bps,all,weighted_net,7,90D,all,25,226,0.588495575221239,0.5377777777777778,0.4725442166629705,0.6017430217054939,0.1444791109639407,0.04391714116788131,0.3949141413611845,-0.21366991100201005,1.8482440485383524,2.6431877253290414,0.10956626126522497,0.014728835628688488,2.117598238549539
transaction_cost,25bps,all,weighted_net,90,1D,all,25,464,0.47413793103448276,0.4827586206896552,0.43761955492141724,0.5281808253177949,-1.077573781487829e-05,-0.0008636980628205482,0.02656354173860223,-0.023971225921469646,1.1081428136226774,0.9991451598237254,-0.00021345751793552434,-0.0014153254775463565,0.9827364277155024
transaction_cost,25bps,all,weighted_net,90,20D,all,25,413,0.5036319612590799,0.4915254237288136,0.443611303725424,0.5395957409389814,-0.001225419060256222,0.0017699061823430195,0.1274573566301184,-0.1317913573217095,0.9671146820272017,0.9812675798129656,-0.00994631519428439,-0.0036041956609745274,0.8522267519719116
transaction_cost,25bps,all,weighted_net,90,5D,all,25,432,0.5115740740740741,0.5046296296296297,0.4576496582482721,0.5515279909153097,0.0023487536413385715,0.0028712758883536215,0.07312592341875744,-0.07178278437197692,1.0187111583721857,1.0669913080580713,0.00017082628336826167,0.0003791241335286432,1.0049863945561726
transaction_cost,25bps,all,weighted_net,90,60D,all,25,285,0.5157894736842106,0.4631578947368421,0.4061407189502399,0.5211550367015266,0.039305046497295805,0.009804250559284302,0.2720453882129739,-0.2086140131563613,1.3040609501580762,1.3891084034292551,0.007032111827596338,-0.029605971653959447,1.0589222345810978
transaction_cost,25bps,all,weighted_net,90,90D,all,25,211,0.5165876777251185,0.4928909952606635,0.42616587208629125,0.5598703426347054,0.03246219650775748,0.01442680869014973,0.37963091095587786,-0.33853182187307707,1.121403916640397,1.1983630089588557,0.00531907473113968,-0.025709129445495024,1.0301939690505932
