top_percentile,min_same_authors,min_consensus,window_days,horizon_days,split_day,split,raw_events,n_events,n_tickers,n_months,max_ticker_share,excess_hit_rate,excess_hit_ci_low,excess_hit_ci_high,avg_directional_excess_pct,median_directional_excess_pct,excess_payoff_ratio,excess_profit_factor,positive_month_rate,avg_monthly_excess_pct,monthly_lcb_score
5,2,0.55,7,20,2026-03-12,all,236,149,75,10,0.053691275167785234,0.4899328859060403,0.4109336453613852,0.569438172448078,0.01455032338556641,-0.0012388553861852891,1.3123400883030438,1.260537190080555,0.6,0.006527300849425301,-0.0182733145716834
5,2,0.55,7,20,2026-03-12,train,98,62,37,6,0.08064516129032258,0.43548387096774194,0.31942588902489055,0.5590701202785123,-0.02441459839981597,-0.01553929334162113,0.8252944914661596,0.6366557505596089,0.5,-0.014555405938434995,-0.037984136166983845
5,2,0.55,7,20,2026-03-12,test,123,76,52,4,0.039473684210526314,0.5263157894736842,0.41552028690262677,0.6345789980939448,0.04503449239177765,0.007978935153018396,1.6598606056730407,1.844289561858934,0.75,0.0457840638913513,-0.009101797759381879
5,2,0.6,7,20,2026-03-12,all,236,149,75,10,0.053691275167785234,0.4899328859060403,0.4109336453613852,0.569438172448078,0.01455032338556641,-0.0012388553861852891,1.3123400883030438,1.260537190080555,0.6,0.006527300849425301,-0.0182733145716834
5,2,0.6,7,20,2026-03-12,train,98,62,37,6,0.08064516129032258,0.43548387096774194,0.31942588902489055,0.5590701202785123,-0.02441459839981597,-0.01553929334162113,0.8252944914661596,0.6366557505596089,0.5,-0.014555405938434995,-0.037984136166983845
5,2,0.6,7,20,2026-03-12,test,123,76,52,4,0.039473684210526314,0.5263157894736842,0.41552028690262677,0.6345789980939448,0.04503449239177765,0.007978935153018396,1.6598606056730407,1.844289561858934,0.75,0.0457840638913513,-0.009101797759381879
5,2,0.67,7,20,2026-03-12,all,218,146,74,10,0.0547945205479452,0.4657534246575342,0.3867570668607269,0.54650572917247,0.010284094236322976,-0.005788611873391081,1.3448742398650628,1.1724544655233882,0.6,0.0044524891116996005,-0.020246990099399554
5,2,0.67,7,20,2026-03-12,train,90,60,36,6,0.08333333333333333,0.4166666666666667,0.30064278558341617,0.5427191897735989,-0.023552315336331103,-0.01553929334162113,0.9084616373863934,0.6489011695617096,0.5,-0.014725369233454062,-0.038024144528394394
5,2,0.67,7,20,2026-03-12,test,114,75,51,4,0.04,0.49333333333333335,0.38330010247790747,0.6040162154218635,0.03540713086960183,-0.0038199312046720557,1.6224781071778906,1.5797813148837356,0.75,0.04085197948956565,-0.014924822983029495
5,2,0.75,7,20,2026-03-12,all,218,146,74,10,0.0547945205479452,0.4657534246575342,0.3867570668607269,0.54650572917247,0.010284094236322976,-0.005788611873391081,1.3448742398650628,1.1724544655233882,0.6,0.0044524891116996005,-0.020246990099399554
5,2,0.75,7,20,2026-03-12,train,90,60,36,6,0.08333333333333333,0.4166666666666667,0.30064278558341617,0.5427191897735989,-0.023552315336331103,-0.01553929334162113,0.9084616373863934,0.6489011695617096,0.5,-0.014725369233454062,-0.038024144528394394
5,2,0.75,7,20,2026-03-12,test,114,75,51,4,0.04,0.49333333333333335,0.38330010247790747,0.6040162154218635,0.03540713086960183,-0.0038199312046720557,1.6224781071778906,1.5797813148837356,0.75,0.04085197948956565,-0.014924822983029495
5,2,0.8,7,20,2026-03-12,all,216,145,74,10,0.04827586206896552,0.46206896551724136,0.38294742207205956,0.5431484379984101,0.010145641588384647,-0.006315276643272583,1.3589112520290634,1.1672699216147082,0.6,0.004197188952845889,-0.020580235162432764
5,2,0.8,7,20,2026-03-12,train,90,59,36,6,0.06779661016949153,0.4067796610169492,0.29089033587192775,0.5340659874466261,-0.02436716280196854,-0.018059632221876232,0.9478940224628729,0.64998447254597,0.5,-0.015108579331173268,-0.03855164533086578
5,2,0.8,7,20,2026-03-12,test,112,75,51,4,0.04,0.49333333333333335,0.38330010247790747,0.6040162154218635,0.03532931696225378,-0.0038199312046720557,1.620413409208826,1.5777709510717517,0.75,0.040788544239010176,-0.015044098050657373
5,3,0.55,7,20,2026-03-12,all,53,38,23,10,0.13157894736842105,0.6052631578947368,0.4471786799604255,0.744019242518399,0.04004407051197759,0.017768973469206584,1.1374370846378206,1.7440701964446583,0.7,0.0203893338319412,-0.00784843363752927
5,3,0.55,7,20,2026-03-12,train,13,11,7,6,0.2727272727272727,0.6363636363636364,0.35380117450784887,0.8483352890463243,-0.0006882312528424326,0.020954561767115187,0.5623639979691035,0.9841369964459311,0.6666666666666666,0.0053785424035529055,-0.015081463945816644
5,3,0.55,7,20,2026-03-12,test,39,26,20,4,0.11538461538461539,0.5769230769230769,0.3894861374659171,0.7445555668634343,0.05845429435600492,0.02531574663539038,1.4442096547309042,1.9693768019057785,0.75,0.0509446949264697,-0.01892678222260711
5,3,0.6,7,20,2026-03-12,all,53,38,23,10,0.13157894736842105,0.6052631578947368,0.4471786799604255,0.744019242518399,0.04004407051197759,0.017768973469206584,1.1374370846378206,1.7440701964446583,0.7,0.0203893338319412,-0.00784843363752927
5,3,0.6,7,20,2026-03-12,train,13,11,7,6,0.2727272727272727,0.6363636363636364,0.35380117450784887,0.8483352890463243,-0.0006882312528424326,0.020954561767115187,0.5623639979691035,0.9841369964459311,0.6666666666666666,0.0053785424035529055,-0.015081463945816644
5,3,0.6,7,20,2026-03-12,test,39,26,20,4,0.11538461538461539,0.5769230769230769,0.3894861374659171,0.7445555668634343,0.05845429435600492,0.02531574663539038,1.4442096547309042,1.9693768019057785,0.75,0.0509446949264697,-0.01892678222260711
5,3,0.67,7,20,2026-03-12,all,52,38,23,10,0.13157894736842105,0.6052631578947368,0.4471786799604255,0.744019242518399,0.04004407051197759,0.017768973469206584,1.1374370846378206,1.7440701964446583,0.7,0.0203893338319412,-0.00784843363752927
5,3,0.67,7,20,2026-03-12,train,13,11,7,6,0.2727272727272727,0.6363636363636364,0.35380117450784887,0.8483352890463243,-0.0006882312528424326,0.020954561767115187,0.5623639979691035,0.9841369964459311,0.6666666666666666,0.0053785424035529055,-0.015081463945816644
5,3,0.67,7,20,2026-03-12,test,38,26,20,4,0.11538461538461539,0.5769230769230769,0.3894861374659171,0.7445555668634343,0.05845429435600492,0.02531574663539038,1.4442096547309042,1.9693768019057785,0.75,0.0509446949264697,-0.01892678222260711
5,3,0.75,7,20,2026-03-12,all,52,38,23,10,0.13157894736842105,0.6052631578947368,0.4471786799604255,0.744019242518399,0.04004407051197759,0.017768973469206584,1.1374370846378206,1.7440701964446583,0.7,0.0203893338319412,-0.00784843363752927
5,3,0.75,7,20,2026-03-12,train,13,11,7,6,0.2727272727272727,0.6363636363636364,0.35380117450784887,0.8483352890463243,-0.0006882312528424326,0.020954561767115187,0.5623639979691035,0.9841369964459311,0.6666666666666666,0.0053785424035529055,-0.015081463945816644
5,3,0.75,7,20,2026-03-12,test,38,26,20,4,0.11538461538461539,0.5769230769230769,0.3894861374659171,0.7445555668634343,0.05845429435600492,0.02531574663539038,1.4442096547309042,1.9693768019057785,0.75,0.0509446949264697,-0.01892678222260711
5,3,0.8,7,20,2026-03-12,all,49,38,23,10,0.13157894736842105,0.6052631578947368,0.4471786799604255,0.744019242518399,0.03745847620785908,0.017768973469206584,1.0873043375404532,1.6671999842286949,0.7,0.01765214811931694,-0.010862231032055823
5,3,0.8,7,20,2026-03-12,train,13,11,7,6,0.2727272727272727,0.6363636363636364,0.35380117450784887,0.8483352890463243,-0.009089734935151578,0.020954561767115187,0.4693584640627422,0.8213773121097987,0.6666666666666666,0.0009786785228208881,-0.019693239434673614
5,3,0.8,7,20,2026-03-12,test,35,26,20,4,0.11538461538461539,0.5769230769230769,0.3894861374659171,0.7445555668634343,0.058229831161731735,0.02531574663539038,1.438853686736948,1.9620732091867472,0.75,0.05070152646600708,-0.019394280302878403
5,4,0.55,7,20,2026-03-12,all,11,10,7,6,0.3,0.3,0.10779126740630099,0.6032218525388546,-0.08353746262555459,-0.0585444709295897,0.31726769510724556,0.13597186933167668,0.5,-0.05083232270596331,-0.10033202355401254
5,4,0.55,7,20,2026-03-12,train,2,2,2,2,0.5,0.5,0.09453120573423074,0.9054687942657693,-0.036643000860452635,-0.036643000860452635,0.2360713565649507,0.2360713565649507,0.5,-0.036643000860452635,-0.09593304603865949
5,4,0.55,7,20,2026-03-12,test,8,7,7,3,0.14285714285714285,0.14285714285714285,0.02567962434474355,0.5131278292743189,-0.11021745635927542,-0.06315018371362524,0.68468188301612,0.11411364716935335,0.3333333333333333,-0.08038050149838731,-0.18023210511339738
5,4,0.6,7,20,2026-03-12,all,11,10,7,6,0.3,0.3,0.10779126740630099,0.6032218525388546,-0.08353746262555459,-0.0585444709295897,0.31726769510724556,0.13597186933167668,0.5,-0.05083232270596331,-0.10033202355401254
5,4,0.6,7,20,2026-03-12,train,2,2,2,2,0.5,0.5,0.09453120573423074,0.9054687942657693,-0.036643000860452635,-0.036643000860452635,0.2360713565649507,0.2360713565649507,0.5,-0.036643000860452635,-0.09593304603865949
5,4,0.6,7,20,2026-03-12,test,8,7,7,3,0.14285714285714285,0.14285714285714285,0.02567962434474355,0.5131278292743189,-0.11021745635927542,-0.06315018371362524,0.68468188301612,0.11411364716935335,0.3333333333333333,-0.08038050149838731,-0.18023210511339738
5,4,0.67,7,20,2026-03-12,all,11,10,7,6,0.3,0.3,0.10779126740630099,0.6032218525388546,-0.08353746262555459,-0.0585444709295897,0.31726769510724556,0.13597186933167668,0.5,-0.05083232270596331,-0.10033202355401254
5,4,0.67,7,20,2026-03-12,train,2,2,2,2,0.5,0.5,0.09453120573423074,0.9054687942657693,-0.036643000860452635,-0.036643000860452635,0.2360713565649507,0.2360713565649507,0.5,-0.036643000860452635,-0.09593304603865949
5,4,0.67,7,20,2026-03-12,test,8,7,7,3,0.14285714285714285,0.14285714285714285,0.02567962434474355,0.5131278292743189,-0.11021745635927542,-0.06315018371362524,0.68468188301612,0.11411364716935335,0.3333333333333333,-0.08038050149838731,-0.18023210511339738
5,4,0.75,7,20,2026-03-12,all,11,10,7,6,0.3,0.3,0.10779126740630099,0.6032218525388546,-0.08353746262555459,-0.0585444709295897,0.31726769510724556,0.13597186933167668,0.5,-0.05083232270596331,-0.10033202355401254
5,4,0.75,7,20,2026-03-12,train,2,2,2,2,0.5,0.5,0.09453120573423074,0.9054687942657693,-0.036643000860452635,-0.036643000860452635,0.2360713565649507,0.2360713565649507,0.5,-0.036643000860452635,-0.09593304603865949
5,4,0.75,7,20,2026-03-12,test,8,7,7,3,0.14285714285714285,0.14285714285714285,0.02567962434474355,0.5131278292743189,-0.11021745635927542,-0.06315018371362524,0.68468188301612,0.11411364716935335,0.3333333333333333,-0.08038050149838731,-0.18023210511339738
5,4,0.8,7,20,2026-03-12,all,11,10,7,6,0.3,0.3,0.10779126740630099,0.6032218525388546,-0.08353746262555459,-0.0585444709295897,0.31726769510724556,0.13597186933167668,0.5,-0.05083232270596331,-0.10033202355401254
5,4,0.8,7,20,2026-03-12,train,2,2,2,2,0.5,0.5,0.09453120573423074,0.9054687942657693,-0.036643000860452635,-0.036643000860452635,0.2360713565649507,0.2360713565649507,0.5,-0.036643000860452635,-0.09593304603865949
5,4,0.8,7,20,2026-03-12,test,8,7,7,3,0.14285714285714285,0.14285714285714285,0.02567962434474355,0.5131278292743189,-0.11021745635927542,-0.06315018371362524,0.68468188301612,0.11411364716935335,0.3333333333333333,-0.08038050149838731,-0.18023210511339738
5,5,0.55,7,20,2026-03-12,all,3,3,3,2,0.3333333333333333,0.0,5.551115123125783e-17,0.5614970317550454,-0.1345376466216461,-0.16715742401112288,,,0.0,-0.1465324243932999,-0.18251675770826126
5,5,0.55,7,20,2026-03-12,train,0,0,0,0,,,,,,,,,,,
5,5,0.55,7,20,2026-03-12,test,3,3,3,2,0.3333333333333333,0.0,5.551115123125783e-17,0.5614970317550454,-0.1345376466216461,-0.16715742401112288,,,0.0,-0.1465324243932999,-0.18251675770826126
5,5,0.6,7,20,2026-03-12,all,3,3,3,2,0.3333333333333333,0.0,5.551115123125783e-17,0.5614970317550454,-0.1345376466216461,-0.16715742401112288,,,0.0,-0.1465324243932999,-0.18251675770826126
5,5,0.6,7,20,2026-03-12,train,0,0,0,0,,,,,,,,,,,
5,5,0.6,7,20,2026-03-12,test,3,3,3,2,0.3333333333333333,0.0,5.551115123125783e-17,0.5614970317550454,-0.1345376466216461,-0.16715742401112288,,,0.0,-0.1465324243932999,-0.18251675770826126
5,5,0.67,7,20,2026-03-12,all,3,3,3,2,0.3333333333333333,0.0,5.551115123125783e-17,0.5614970317550454,-0.1345376466216461,-0.16715742401112288,,,0.0,-0.1465324243932999,-0.18251675770826126
5,5,0.67,7,20,2026-03-12,train,0,0,0,0,,,,,,,,,,,
5,5,0.67,7,20,2026-03-12,test,3,3,3,2,0.3333333333333333,0.0,5.551115123125783e-17,0.5614970317550454,-0.1345376466216461,-0.16715742401112288,,,0.0,-0.1465324243932999,-0.18251675770826126
5,5,0.75,7,20,2026-03-12,all,3,3,3,2,0.3333333333333333,0.0,5.551115123125783e-17,0.5614970317550454,-0.1345376466216461,-0.16715742401112288,,,0.0,-0.1465324243932999,-0.18251675770826126
5,5,0.75,7,20,2026-03-12,train,0,0,0,0,,,,,,,,,,,
5,5,0.75,7,20,2026-03-12,test,3,3,3,2,0.3333333333333333,0.0,5.551115123125783e-17,0.5614970317550454,-0.1345376466216461,-0.16715742401112288,,,0.0,-0.1465324243932999,-0.18251675770826126
5,5,0.8,7,20,2026-03-12,all,3,3,3,2,0.3333333333333333,0.0,5.551115123125783e-17,0.5614970317550454,-0.1345376466216461,-0.16715742401112288,,,0.0,-0.1465324243932999,-0.18251675770826126
5,5,0.8,7,20,2026-03-12,train,0,0,0,0,,,,,,,,,,,
5,5,0.8,7,20,2026-03-12,test,3,3,3,2,0.3333333333333333,0.0,5.551115123125783e-17,0.5614970317550454,-0.1345376466216461,-0.16715742401112288,,,0.0,-0.1465324243932999,-0.18251675770826126
5,6,0.55,7,20,2026-03-12,all,1,1,1,1,1.0,0.0,0.0,0.7934506856227626,-0.16715742401112288,-0.16715742401112288,,,0.0,-0.16715742401112288,
5,6,0.55,7,20,2026-03-12,train,0,0,0,0,,,,,,,,,,,
5,6,0.55,7,20,2026-03-12,test,1,1,1,1,1.0,0.0,0.0,0.7934506856227626,-0.16715742401112288,-0.16715742401112288,,,0.0,-0.16715742401112288,
5,6,0.6,7,20,2026-03-12,all,1,1,1,1,1.0,0.0,0.0,0.7934506856227626,-0.16715742401112288,-0.16715742401112288,,,0.0,-0.16715742401112288,
5,6,0.6,7,20,2026-03-12,train,0,0,0,0,,,,,,,,,,,
5,6,0.6,7,20,2026-03-12,test,1,1,1,1,1.0,0.0,0.0,0.7934506856227626,-0.16715742401112288,-0.16715742401112288,,,0.0,-0.16715742401112288,
5,6,0.67,7,20,2026-03-12,all,1,1,1,1,1.0,0.0,0.0,0.7934506856227626,-0.16715742401112288,-0.16715742401112288,,,0.0,-0.16715742401112288,
5,6,0.67,7,20,2026-03-12,train,0,0,0,0,,,,,,,,,,,
5,6,0.67,7,20,2026-03-12,test,1,1,1,1,1.0,0.0,0.0,0.7934506856227626,-0.16715742401112288,-0.16715742401112288,,,0.0,-0.16715742401112288,
5,6,0.75,7,20,2026-03-12,all,1,1,1,1,1.0,0.0,0.0,0.7934506856227626,-0.16715742401112288,-0.16715742401112288,,,0.0,-0.16715742401112288,
5,6,0.75,7,20,2026-03-12,train,0,0,0,0,,,,,,,,,,,
5,6,0.75,7,20,2026-03-12,test,1,1,1,1,1.0,0.0,0.0,0.7934506856227626,-0.16715742401112288,-0.16715742401112288,,,0.0,-0.16715742401112288,
5,6,0.8,7,20,2026-03-12,all,1,1,1,1,1.0,0.0,0.0,0.7934506856227626,-0.16715742401112288,-0.16715742401112288,,,0.0,-0.16715742401112288,
5,6,0.8,7,20,2026-03-12,train,0,0,0,0,,,,,,,,,,,
5,6,0.8,7,20,2026-03-12,test,1,1,1,1,1.0,0.0,0.0,0.7934506856227626,-0.16715742401112288,-0.16715742401112288,,,0.0,-0.16715742401112288,
5,8,0.55,7,20,2026-03-12,all,0,0,0,0,,,,,,,,,,,
5,8,0.55,7,20,2026-03-12,train,0,0,0,0,,,,,,,,,,,
5,8,0.55,7,20,2026-03-12,test,0,0,0,0,,,,,,,,,,,
5,8,0.6,7,20,2026-03-12,all,0,0,0,0,,,,,,,,,,,
5,8,0.6,7,20,2026-03-12,train,0,0,0,0,,,,,,,,,,,
5,8,0.6,7,20,2026-03-12,test,0,0,0,0,,,,,,,,,,,
5,8,0.67,7,20,2026-03-12,all,0,0,0,0,,,,,,,,,,,
5,8,0.67,7,20,2026-03-12,train,0,0,0,0,,,,,,,,,,,
5,8,0.67,7,20,2026-03-12,test,0,0,0,0,,,,,,,,,,,
5,8,0.75,7,20,2026-03-12,all,0,0,0,0,,,,,,,,,,,
5,8,0.75,7,20,2026-03-12,train,0,0,0,0,,,,,,,,,,,
5,8,0.75,7,20,2026-03-12,test,0,0,0,0,,,,,,,,,,,
5,8,0.8,7,20,2026-03-12,all,0,0,0,0,,,,,,,,,,,
5,8,0.8,7,20,2026-03-12,train,0,0,0,0,,,,,,,,,,,
5,8,0.8,7,20,2026-03-12,test,0,0,0,0,,,,,,,,,,,
5,10,0.55,7,20,2026-03-12,all,0,0,0,0,,,,,,,,,,,
5,10,0.55,7,20,2026-03-12,train,0,0,0,0,,,,,,,,,,,
5,10,0.55,7,20,2026-03-12,test,0,0,0,0,,,,,,,,,,,
5,10,0.6,7,20,2026-03-12,all,0,0,0,0,,,,,,,,,,,
5,10,0.6,7,20,2026-03-12,train,0,0,0,0,,,,,,,,,,,
5,10,0.6,7,20,2026-03-12,test,0,0,0,0,,,,,,,,,,,
5,10,0.67,7,20,2026-03-12,all,0,0,0,0,,,,,,,,,,,
5,10,0.67,7,20,2026-03-12,train,0,0,0,0,,,,,,,,,,,
5,10,0.67,7,20,2026-03-12,test,0,0,0,0,,,,,,,,,,,
5,10,0.75,7,20,2026-03-12,all,0,0,0,0,,,,,,,,,,,
5,10,0.75,7,20,2026-03-12,train,0,0,0,0,,,,,,,,,,,
5,10,0.75,7,20,2026-03-12,test,0,0,0,0,,,,,,,,,,,
5,10,0.8,7,20,2026-03-12,all,0,0,0,0,,,,,,,,,,,
5,10,0.8,7,20,2026-03-12,train,0,0,0,0,,,,,,,,,,,
5,10,0.8,7,20,2026-03-12,test,0,0,0,0,,,,,,,,,,,
10,2,0.55,7,20,2026-03-12,all,512,295,133,11,0.030508474576271188,0.488135593220339,0.4316150076374913,0.5449612009393783,0.005122807219285143,-0.001956657939990558,1.1315878357811622,1.0791301215396512,0.5454545454545454,0.01566521884046201,-0.006571600506437066
10,2,0.55,7,20,2026-03-12,train,204,117,59,7,0.05128205128205128,0.5213675213675214,0.43161942117123564,0.6097571067918954,0.004394162951275005,0.005659076138051167,0.9899464255877962,1.0783344993009922,0.5714285714285714,0.02824119399104461,8.983851207337509e-05
10,2,0.55,7,20,2026-03-12,test,264,155,111,4,0.01935483870967742,0.4774193548387097,0.400286462053026,0.5556444387837522,0.004738690504862195,-0.007065578107517956,1.1629158121615417,1.0624169148142482,0.5,-0.005512652142861508,-0.04440900390288311
10,2,0.6,7,20,2026-03-12,all,512,295,133,11,0.030508474576271188,0.488135593220339,0.4316150076374913,0.5449612009393783,0.005122807219285143,-0.001956657939990558,1.1315878357811622,1.0791301215396512,0.5454545454545454,0.01566521884046201,-0.006571600506437066
10,2,0.6,7,20,2026-03-12,train,204,117,59,7,0.05128205128205128,0.5213675213675214,0.43161942117123564,0.6097571067918954,0.004394162951275005,0.005659076138051167,0.9899464255877962,1.0783344993009922,0.5714285714285714,0.02824119399104461,8.983851207337509e-05
10,2,0.6,7,20,2026-03-12,test,264,155,111,4,0.01935483870967742,0.4774193548387097,0.400286462053026,0.5556444387837522,0.004738690504862195,-0.007065578107517956,1.1629158121615417,1.0624169148142482,0.5,-0.005512652142861508,-0.04440900390288311
10,2,0.67,7,20,2026-03-12,all,492,289,132,11,0.02768166089965398,0.5017301038062284,0.4444410920800055,0.5589737249477034,0.009084130271606383,0.0005565390717054974,1.1352455781474335,1.1431292279956797,0.6363636363636364,0.020099680930368482,-0.0035860110673875123
10,2,0.67,7,20,2026-03-12,train,194,113,58,7,0.05309734513274336,0.5309734513274337,0.43946269655912307,0.6204475448111277,0.007192605774048136,0.005659076138051167,0.996728750259493,1.1283721701050864,0.7142857142857143,0.03510621323209763,0.005390158467902223
10,2,0.67,7,20,2026-03-12,test,255,152,110,4,0.019736842105263157,0.4934210526315789,0.4150885967902005,0.5720778477802321,0.010193197548956095,-0.0029418252533367495,1.1681407848462055,1.137799465759291,0.5,-0.0043500367530688155,-0.04578932005652635
10,2,0.75,7,20,2026-03-12,all,490,289,132,11,0.02768166089965398,0.4982698961937716,0.44102627505229663,0.5555589079199945,0.00898562357229793,-1.2878687169259884e-05,1.149279992423644,1.1413539235103776,0.6363636363636364,0.020288997551802135,-0.0033738326225121774
10,2,0.75,7,20,2026-03-12,train,194,113,58,7,0.05309734513274336,0.5309734513274337,0.43946269655912307,0.6204475448111277,0.007192605774048136,0.005659076138051167,0.996728750259493,1.1283721701050864,0.7142857142857143,0.03510621323209763,0.005390158467902223
10,2,0.75,7,20,2026-03-12,test,253,152,110,4,0.019736842105263157,0.4868421052631579,0.4086917071593119,0.5656411819815536,0.010005905206191995,-0.004925289711233682,1.19626692604462,1.1349199041961777,0.5,-0.003161261161165596,-0.04485439263732407
10,2,0.8,7,20,2026-03-12,all,488,287,132,11,0.027874564459930314,0.5052264808362369,0.4476973296659891,0.5626175683962212,0.011726277386503685,0.0007976025420115551,1.1619347972397802,1.1864827154913247,0.7272727272727273,0.022460600510937425,-0.0014194275233467939
10,2,0.8,7,20,2026-03-12,train,189,112,58,7,0.05357142857142857,0.5267857142857143,0.4349725864921189,0.6168223413435806,0.008863546006402748,0.0036083418563523373,1.0425766455167573,1.1606041902922393,0.7142857142857143,0.03776702135890681,0.008050669255241769
10,2,0.8,7,20,2026-03-12,test,254,152,110,4,0.019736842105263157,0.5,0.4214987462633732,0.5785012537366268,0.01321757625905815,-0.0006330583799949441,1.1794141565825496,1.1794141565825496,0.75,-0.001744192457168128,-0.04439274050709342
10,3,0.55,7,20,2026-03-12,all,181,103,44,11,0.08737864077669903,0.5048543689320388,0.4098754392292435,0.5994842233122258,0.03567020742621875,0.000747793262859453,1.7000913908999484,1.7334265162117122,0.6363636363636364,0.021546129898789932,-0.009857231383351258
10,3,0.55,7,20,2026-03-12,train,71,40,24,7,0.125,0.475,0.329354701126789,0.6250263789330753,-0.010822493205931196,-9.19314761093637e-05,0.8855123279838861,0.8011778205568493,0.7142857142857143,0.00905085079342526,-0.027554506268514335
10,3,0.55,7,20,2026-03-12,test,100,56,37,4,0.05357142857142857,0.5178571428571429,0.39010383924176983,0.6433178058754173,0.06955850544991869,0.007007284956826676,2.273989096645697,2.4424327334342673,0.5,0.048596844959629085,-0.019133020800107606
10,3,0.6,7,20,2026-03-12,all,181,103,44,11,0.08737864077669903,0.5048543689320388,0.4098754392292435,0.5994842233122258,0.03567020742621875,0.000747793262859453,1.7000913908999484,1.7334265162117122,0.6363636363636364,0.021546129898789932,-0.009857231383351258
10,3,0.6,7,20,2026-03-12,train,71,40,24,7,0.125,0.475,0.329354701126789,0.6250263789330753,-0.010822493205931196,-9.19314761093637e-05,0.8855123279838861,0.8011778205568493,0.7142857142857143,0.00905085079342526,-0.027554506268514335
10,3,0.6,7,20,2026-03-12,test,100,56,37,4,0.05357142857142857,0.5178571428571429,0.39010383924176983,0.6433178058754173,0.06955850544991869,0.007007284956826676,2.273989096645697,2.4424327334342673,0.5,0.048596844959629085,-0.019133020800107606
10,3,0.67,7,20,2026-03-12,all,178,103,44,11,0.08737864077669903,0.5048543689320388,0.4098754392292435,0.5994842233122258,0.035801464363891214,0.000747793262859453,1.7027383063723074,1.7361253319874506,0.6363636363636364,0.021648550085004048,-0.009777697516404636
10,3,0.67,7,20,2026-03-12,train,69,40,24,7,0.125,0.475,0.329354701126789,0.6250263789330753,-0.010822493205931196,-9.19314761093637e-05,0.8855123279838861,0.8011778205568493,0.7142857142857143,0.00905085079342526,-0.027554506268514335
10,3,0.67,7,20,2026-03-12,test,99,56,37,4,0.05357142857142857,0.5178571428571429,0.39010383924176983,0.6433178058754173,0.06979992446028056,0.007007284956826676,2.278650133735962,2.4474390325312187,0.5,0.049019328227762324,-0.018877633852462647
10,3,0.75,7,20,2026-03-12,all,176,103,44,11,0.08737864077669903,0.49514563106796117,0.4005157766877741,0.5901245607707564,0.035292618863162976,-1.2878687169259884e-05,1.752535150336897,1.718832551291957,0.6363636363636364,0.02248088719039106,-0.009366783657534222
10,3,0.75,7,20,2026-03-12,train,69,40,24,7,0.125,0.475,0.329354701126789,0.6250263789330753,-0.010822493205931196,-9.19314761093637e-05,0.8855123279838861,0.8011778205568493,0.7142857142857143,0.00905085079342526,-0.027554506268514335
10,3,0.75,7,20,2026-03-12,test,97,56,37,4,0.05357142857142857,0.5,0.37331738801362335,0.6266826119863766,0.06886401220001255,-0.0039672781524554,2.403296631694447,2.4032966316944475,0.5,0.051913913299132884,-0.01791576256340436
10,3,0.8,7,20,2026-03-12,all,167,99,44,11,0.08080808080808081,0.494949494949495,0.39850799791397756,0.5917682971574147,0.04247944632225863,-1.2878687169259884e-05,1.9706552236832284,1.931242119209564,0.5454545454545454,0.025345068000263524,-0.004551433718768764
10,3,0.8,7,20,2026-03-12,train,59,39,23,7,0.1282051282051282,0.46153846153846156,0.31566885606727846,0.6143055172948425,-0.011635269696585003,-0.0001709842650494675,0.9143528953919612,0.7837310531931095,0.5714285714285714,0.0076428992807183755,-0.027571231381074625
10,3,0.8,7,20,2026-03-12,test,96,53,37,4,0.05660377358490566,0.5094339622641509,0.3788352911467995,0.6387575015215675,0.08391671539864314,0.000747793262859453,2.836333082424236,2.94542281636363,0.5,0.06686645439164601,0.0035297069119169244
10,4,0.55,7,20,2026-03-12,all,78,52,27,9,0.11538461538461539,0.5,0.36885862959780547,0.6311413704021945,0.02827999918303131,-0.002207815865241658,1.690808500561091,1.690808500561091,0.7777777777777778,0.0367057187294462,0.014775915081799144
10,4,0.55,7,20,2026-03-12,train,18,15,10,5,0.2,0.5333333333333333,0.30116980025498397,0.7519046463426261,0.014791630734426813,0.03186664211098589,1.2453335627569533,1.4232383574365182,0.8,0.02811110768707497,0.01324842173503275
10,4,0.55,7,20,2026-03-12,test,55,33,23,4,0.09090909090909091,0.48484848484848486,0.32504042108133696,0.6478162455108585,0.03780534462587244,-0.005007694483278646,1.9041924723197294,1.7921811504185687,0.75,0.06087725596731372,0.005189886667728197
10,4,0.6,7,20,2026-03-12,all,78,52,27,9,0.11538461538461539,0.5,0.36885862959780547,0.6311413704021945,0.02827999918303131,-0.002207815865241658,1.690808500561091,1.690808500561091,0.7777777777777778,0.0367057187294462,0.014775915081799144
10,4,0.6,7,20,2026-03-12,train,18,15,10,5,0.2,0.5333333333333333,0.30116980025498397,0.7519046463426261,0.014791630734426813,0.03186664211098589,1.2453335627569533,1.4232383574365182,0.8,0.02811110768707497,0.01324842173503275
10,4,0.6,7,20,2026-03-12,test,55,33,23,4,0.09090909090909091,0.48484848484848486,0.32504042108133696,0.6478162455108585,0.03780534462587244,-0.005007694483278646,1.9041924723197294,1.7921811504185687,0.75,0.06087725596731372,0.005189886667728197
10,4,0.67,7,20,2026-03-12,all,75,51,27,9,0.11764705882352941,0.5098039215686274,0.37680923894569696,0.6414251410562926,0.029400180049567327,0.0005920627527953304,1.6481129236060548,1.714037440550297,0.7777777777777778,0.0370605265123266,0.015195947435914212
10,4,0.67,7,20,2026-03-12,train,18,15,10,5,0.2,0.5333333333333333,0.30116980025498397,0.7519046463426261,0.014791630734426813,0.03186664211098589,1.2453335627569533,1.4232383574365182,0.8,0.02811110768707497,0.01324842173503275
10,4,0.67,7,20,2026-03-12,test,52,32,23,4,0.09375,0.5,0.33630882869327483,0.6636911713067252,0.039888299927003004,-0.002207815865241658,1.825623966667145,1.825623966667145,0.75,0.06167557347879461,0.006259313359019733
10,4,0.75,7,20,2026-03-12,all,73,51,27,9,0.11764705882352941,0.5098039215686274,0.37680923894569696,0.6414251410562926,0.029400180049567327,0.0005920627527953304,1.6481129236060548,1.714037440550297,0.7777777777777778,0.0370605265123266,0.015195947435914212
10,4,0.75,7,20,2026-03-12,train,18,15,10,5,0.2,0.5333333333333333,0.30116980025498397,0.7519046463426261,0.014791630734426813,0.03186664211098589,1.2453335627569533,1.4232383574365182,0.8,0.02811110768707497,0.01324842173503275
10,4,0.75,7,20,2026-03-12,test,50,32,23,4,0.09375,0.5,0.33630882869327483,0.6636911713067252,0.039888299927003004,-0.002207815865241658,1.825623966667145,1.825623966667145,0.75,0.06167557347879461,0.006259313359019733
10,4,0.8,7,20,2026-03-12,all,72,51,27,9,0.11764705882352941,0.5098039215686274,0.37680923894569696,0.6414251410562926,0.029400180049567327,0.0005920627527953304,1.6481129236060548,1.714037440550297,0.7777777777777778,0.0370605265123266,0.015195947435914212
10,4,0.8,7,20,2026-03-12,train,18,15,10,5,0.2,0.5333333333333333,0.30116980025498397,0.7519046463426261,0.014791630734426813,0.03186664211098589,1.2453335627569533,1.4232383574365182,0.8,0.02811110768707497,0.01324842173503275
10,4,0.8,7,20,2026-03-12,test,49,32,23,4,0.09375,0.5,0.33630882869327483,0.6636911713067252,0.039888299927003004,-0.002207815865241658,1.825623966667145,1.825623966667145,0.75,0.06167557347879461,0.006259313359019733
10,5,0.55,7,20,2026-03-12,all,33,23,13,8,0.17391304347826086,0.43478260869565216,0.25634635325674215,0.6318862491498354,0.009764477039771284,-0.014872436950194468,1.4589406003488177,1.1222620002683212,0.375,0.0005864556751099103,-0.043038524675863825
10,5,0.55,7,20,2026-03-12,train,5,5,4,4,0.4,0.2,0.03622410863243014,0.6244653702374747,-0.029109002005973793,-0.014872436950194468,0.5385996242354418,0.13464990605886046,0.25,-0.028194303112659913,-0.05345180343292359
10,5,0.55,7,20,2026-03-12,test,25,16,11,3,0.125,0.4375,0.23098652405492354,0.6682144360118811,0.02244588524570533,-0.07205093750753466,1.5624218691975822,1.2152170093758974,0.3333333333333333,0.037323982948285775,-0.0861899194660979
10,5,0.6,7,20,2026-03-12,all,33,23,13,8,0.17391304347826086,0.43478260869565216,0.25634635325674215,0.6318862491498354,0.009764477039771284,-0.014872436950194468,1.4589406003488177,1.1222620002683212,0.375,0.0005864556751099103,-0.043038524675863825
10,5,0.6,7,20,2026-03-12,train,5,5,4,4,0.4,0.2,0.03622410863243014,0.6244653702374747,-0.029109002005973793,-0.014872436950194468,0.5385996242354418,0.13464990605886046,0.25,-0.028194303112659913,-0.05345180343292359
10,5,0.6,7,20,2026-03-12,test,25,16,11,3,0.125,0.4375,0.23098652405492354,0.6682144360118811,0.02244588524570533,-0.07205093750753466,1.5624218691975822,1.2152170093758974,0.3333333333333333,0.037323982948285775,-0.0861899194660979
10,5,0.67,7,20,2026-03-12,all,33,23,13,8,0.17391304347826086,0.43478260869565216,0.25634635325674215,0.6318862491498354,0.009764477039771284,-0.014872436950194468,1.4589406003488177,1.1222620002683212,0.375,0.0005864556751099103,-0.043038524675863825
10,5,0.67,7,20,2026-03-12,train,5,5,4,4,0.4,0.2,0.03622410863243014,0.6244653702374747,-0.029109002005973793,-0.014872436950194468,0.5385996242354418,0.13464990605886046,0.25,-0.028194303112659913,-0.05345180343292359
10,5,0.67,7,20,2026-03-12,test,25,16,11,3,0.125,0.4375,0.23098652405492354,0.6682144360118811,0.02244588524570533,-0.07205093750753466,1.5624218691975822,1.2152170093758974,0.3333333333333333,0.037323982948285775,-0.0861899194660979
10,5,0.75,7,20,2026-03-12,all,31,22,13,8,0.18181818181818182,0.4090909090909091,0.2325581619647187,0.6126518152368488,0.0076460147989166035,-0.03276779757922932,1.5767180921312056,1.0915740637831424,0.375,0.007582418311308415,-0.042528157446149246
10,5,0.75,7,20,2026-03-12,train,5,5,4,4,0.4,0.2,0.03622410863243014,0.6244653702374747,-0.029109002005973793,-0.014872436950194468,0.5385996242354418,0.13464990605886046,0.25,-0.028194303112659913,-0.05345180343292359
10,5,0.75,7,20,2026-03-12,test,23,15,10,3,0.13333333333333333,0.4,0.1982449614134158,0.6425316987937539,0.020184234506180735,-0.09016311686951517,1.7721539692485124,1.1814359794990081,0.3333333333333333,0.05597988331148179,-0.08591997850236885
10,5,0.8,7,20,2026-03-12,all,30,22,13,8,0.18181818181818182,0.4090909090909091,0.2325581619647187,0.6126518152368488,0.0076460147989166035,-0.03276779757922932,1.5767180921312056,1.0915740637831424,0.375,0.007582418311308415,-0.042528157446149246
10,5,0.8,7,20,2026-03-12,train,5,5,4,4,0.4,0.2,0.03622410863243014,0.6244653702374747,-0.029109002005973793,-0.014872436950194468,0.5385996242354418,0.13464990605886046,0.25,-0.028194303112659913,-0.05345180343292359
10,5,0.8,7,20,2026-03-12,test,22,15,10,3,0.13333333333333333,0.4,0.1982449614134158,0.6425316987937539,0.020184234506180735,-0.09016311686951517,1.7721539692485124,1.1814359794990081,0.3333333333333333,0.05597988331148179,-0.08591997850236885
10,6,0.55,7,20,2026-03-12,all,10,6,6,3,0.16666666666666666,0.3333333333333333,0.09677141110578041,0.700006684861608,0.05130921441581856,-0.0770132142423553,3.3387685385291617,1.6693842692645808,0.3333333333333333,0.17997912557069165,-0.08511407017248987
10,6,0.55,7,20,2026-03-12,train,0,0,0,0,,,,,,,,,,,
10,6,0.55,7,20,2026-03-12,test,10,6,6,3,0.16666666666666666,0.3333333333333333,0.09677141110578041,0.700006684861608,0.05130921441581856,-0.0770132142423553,3.3387685385291617,1.6693842692645808,0.3333333333333333,0.17997912557069165,-0.08511407017248987
10,6,0.6,7,20,2026-03-12,all,10,6,6,3,0.16666666666666666,0.3333333333333333,0.09677141110578041,0.700006684861608,0.05130921441581856,-0.0770132142423553,3.3387685385291617,1.6693842692645808,0.3333333333333333,0.17997912557069165,-0.08511407017248987
10,6,0.6,7,20,2026-03-12,train,0,0,0,0,,,,,,,,,,,
10,6,0.6,7,20,2026-03-12,test,10,6,6,3,0.16666666666666666,0.3333333333333333,0.09677141110578041,0.700006684861608,0.05130921441581856,-0.0770132142423553,3.3387685385291617,1.6693842692645808,0.3333333333333333,0.17997912557069165,-0.08511407017248987
10,6,0.67,7,20,2026-03-12,all,10,6,6,3,0.16666666666666666,0.3333333333333333,0.09677141110578041,0.700006684861608,0.05130921441581856,-0.0770132142423553,3.3387685385291617,1.6693842692645808,0.3333333333333333,0.17997912557069165,-0.08511407017248987
10,6,0.67,7,20,2026-03-12,train,0,0,0,0,,,,,,,,,,,
10,6,0.67,7,20,2026-03-12,test,10,6,6,3,0.16666666666666666,0.3333333333333333,0.09677141110578041,0.700006684861608,0.05130921441581856,-0.0770132142423553,3.3387685385291617,1.6693842692645808,0.3333333333333333,0.17997912557069165,-0.08511407017248987
10,6,0.75,7,20,2026-03-12,all,10,6,6,3,0.16666666666666666,0.3333333333333333,0.09677141110578041,0.700006684861608,0.05130921441581856,-0.0770132142423553,3.3387685385291617,1.6693842692645808,0.3333333333333333,0.17997912557069165,-0.08511407017248987
10,6,0.75,7,20,2026-03-12,train,0,0,0,0,,,,,,,,,,,
10,6,0.75,7,20,2026-03-12,test,10,6,6,3,0.16666666666666666,0.3333333333333333,0.09677141110578041,0.700006684861608,0.05130921441581856,-0.0770132142423553,3.3387685385291617,1.6693842692645808,0.3333333333333333,0.17997912557069165,-0.08511407017248987
10,6,0.8,7,20,2026-03-12,all,9,6,6,3,0.16666666666666666,0.3333333333333333,0.09677141110578041,0.700006684861608,0.05130921441581856,-0.0770132142423553,3.3387685385291617,1.6693842692645808,0.3333333333333333,0.17997912557069165,-0.08511407017248987
10,6,0.8,7,20,2026-03-12,train,0,0,0,0,,,,,,,,,,,
10,6,0.8,7,20,2026-03-12,test,9,6,6,3,0.16666666666666666,0.3333333333333333,0.09677141110578041,0.700006684861608,0.05130921441581856,-0.0770132142423553,3.3387685385291617,1.6693842692645808,0.3333333333333333,0.17997912557069165,-0.08511407017248987
10,8,0.55,7,20,2026-03-12,all,3,3,3,2,0.3333333333333333,0.0,5.551115123125783e-17,0.5614970317550454,-0.16642476067822023,-0.16715742401112288,,,0.0,-0.1406061164370715,-0.21806204916051775
10,8,0.55,7,20,2026-03-12,train,0,0,0,0,,,,,,,,,,,
10,8,0.55,7,20,2026-03-12,test,3,3,3,2,0.3333333333333333,0.0,5.551115123125783e-17,0.5614970317550454,-0.16642476067822023,-0.16715742401112288,,,0.0,-0.1406061164370715,-0.21806204916051775
10,8,0.6,7,20,2026-03-12,all,3,3,3,2,0.3333333333333333,0.0,5.551115123125783e-17,0.5614970317550454,-0.16642476067822023,-0.16715742401112288,,,0.0,-0.1406061164370715,-0.21806204916051775
10,8,0.6,7,20,2026-03-12,train,0,0,0,0,,,,,,,,,,,
10,8,0.6,7,20,2026-03-12,test,3,3,3,2,0.3333333333333333,0.0,5.551115123125783e-17,0.5614970317550454,-0.16642476067822023,-0.16715742401112288,,,0.0,-0.1406061164370715,-0.21806204916051775
10,8,0.67,7,20,2026-03-12,all,3,3,3,2,0.3333333333333333,0.0,5.551115123125783e-17,0.5614970317550454,-0.16642476067822023,-0.16715742401112288,,,0.0,-0.1406061164370715,-0.21806204916051775
10,8,0.67,7,20,2026-03-12,train,0,0,0,0,,,,,,,,,,,
10,8,0.67,7,20,2026-03-12,test,3,3,3,2,0.3333333333333333,0.0,5.551115123125783e-17,0.5614970317550454,-0.16642476067822023,-0.16715742401112288,,,0.0,-0.1406061164370715,-0.21806204916051775
10,8,0.75,7,20,2026-03-12,all,3,3,3,2,0.3333333333333333,0.0,5.551115123125783e-17,0.5614970317550454,-0.16642476067822023,-0.16715742401112288,,,0.0,-0.1406061164370715,-0.21806204916051775
10,8,0.75,7,20,2026-03-12,train,0,0,0,0,,,,,,,,,,,
10,8,0.75,7,20,2026-03-12,test,3,3,3,2,0.3333333333333333,0.0,5.551115123125783e-17,0.5614970317550454,-0.16642476067822023,-0.16715742401112288,,,0.0,-0.1406061164370715,-0.21806204916051775
10,8,0.8,7,20,2026-03-12,all,3,3,3,2,0.3333333333333333,0.0,5.551115123125783e-17,0.5614970317550454,-0.16642476067822023,-0.16715742401112288,,,0.0,-0.1406061164370715,-0.21806204916051775
10,8,0.8,7,20,2026-03-12,train,0,0,0,0,,,,,,,,,,,
10,8,0.8,7,20,2026-03-12,test,3,3,3,2,0.3333333333333333,0.0,5.551115123125783e-17,0.5614970317550454,-0.16642476067822023,-0.16715742401112288,,,0.0,-0.1406061164370715,-0.21806204916051775
10,10,0.55,7,20,2026-03-12,all,0,0,0,0,,,,,,,,,,,
10,10,0.55,7,20,2026-03-12,train,0,0,0,0,,,,,,,,,,,
10,10,0.55,7,20,2026-03-12,test,0,0,0,0,,,,,,,,,,,
10,10,0.6,7,20,2026-03-12,all,0,0,0,0,,,,,,,,,,,
10,10,0.6,7,20,2026-03-12,train,0,0,0,0,,,,,,,,,,,
10,10,0.6,7,20,2026-03-12,test,0,0,0,0,,,,,,,,,,,
10,10,0.67,7,20,2026-03-12,all,0,0,0,0,,,,,,,,,,,
10,10,0.67,7,20,2026-03-12,train,0,0,0,0,,,,,,,,,,,
10,10,0.67,7,20,2026-03-12,test,0,0,0,0,,,,,,,,,,,
10,10,0.75,7,20,2026-03-12,all,0,0,0,0,,,,,,,,,,,
10,10,0.75,7,20,2026-03-12,train,0,0,0,0,,,,,,,,,,,
10,10,0.75,7,20,2026-03-12,test,0,0,0,0,,,,,,,,,,,
10,10,0.8,7,20,2026-03-12,all,0,0,0,0,,,,,,,,,,,
10,10,0.8,7,20,2026-03-12,train,0,0,0,0,,,,,,,,,,,
10,10,0.8,7,20,2026-03-12,test,0,0,0,0,,,,,,,,,,,
15,2,0.55,7,20,2026-03-12,all,658,367,166,11,0.021798365122615803,0.46321525885558584,0.41284377279346074,0.5143488337563512,-0.004499236257737907,-0.007065578107517956,1.0833939926372382,0.9349085215651294,0.45454545454545453,0.0008227743274017617,-0.01261088447717888
15,2,0.55,7,20,2026-03-12,train,273,146,73,7,0.0410958904109589,0.4794520547945205,0.39998722241497026,0.5599704552049478,-0.017175328695925873,-0.0015977566630879236,0.7910487603784361,0.7285975424538227,0.2857142857142857,0.003131266625119628,-0.014597879695211235
15,2,0.55,7,20,2026-03-12,test,329,185,138,4,0.016216216216216217,0.4540540540540541,0.38397115619218336,0.5260062390992735,0.00024331605488283193,-0.012997900382133887,1.2059732870514366,1.0029876842804029,0.75,0.0010576423906899926,-0.025475695772618337
15,2,0.6,7,20,2026-03-12,all,658,367,166,11,0.021798365122615803,0.46321525885558584,0.41284377279346074,0.5143488337563512,-0.004223554183926614,-0.007065578107517956,1.087732255582598,0.9386522002489424,0.45454545454545453,0.00117653419134842,-0.01222952824974821
15,2,0.6,7,20,2026-03-12,train,273,146,73,7,0.0410958904109589,0.4794520547945205,0.39998722241497026,0.5599704552049478,-0.016482347044633104,-0.0015977566630879236,0.7998069761828452,0.73666432016841,0.2857142857142857,0.003687174982750091,-0.01397454229105621
15,2,0.6,7,20,2026-03-12,test,329,185,138,4,0.016216216216216217,0.4540540540540541,0.38397115619218336,0.5260062390992735,0.00024331605488283193,-0.012997900382133887,1.2059732870514366,1.0029876842804029,0.75,0.0010576423906899926,-0.025475695772618337
15,2,0.67,7,20,2026-03-12,all,620,358,164,11,0.025139664804469275,0.46368715083798884,0.4126892695176532,0.5154560566571345,-0.003461303184913186,-0.007935780687036376,1.0970485693057221,0.9484899088789056,0.45454545454545453,0.003089990871910829,-0.01091846043088004
15,2,0.67,7,20,2026-03-12,train,238,138,73,7,0.043478260869565216,0.47101449275362317,0.389649920334871,0.5539490805037129,-0.013843031284440858,-0.0023514739533420093,0.8801189934911919,0.7836675969442121,0.42857142857142855,0.0077177585085853265,-0.01116725558095816
15,2,0.67,7,20,2026-03-12,test,328,184,136,4,0.016304347826086956,0.45652173913043476,0.38617350009861706,0.5286482857816078,-0.0006495046331993245,-0.012995395159946521,1.180408261099516,0.9915429393235933,0.5,-0.004221759064994262,-0.02724993811566253
15,2,0.75,7,20,2026-03-12,all,618,358,164,11,0.025139664804469275,0.46368715083798884,0.4126892695176532,0.5154560566571345,-0.00350466732321558,-0.007935780687036376,1.0963274335762998,0.947866426946176,0.45454545454545453,0.003069820410280438,-0.010937710607244085
15,2,0.75,7,20,2026-03-12,train,238,138,73,7,0.043478260869565216,0.47101449275362317,0.389649920334871,0.5539490805037129,-0.013843031284440858,-0.0023514739533420093,0.8801189934911919,0.7836675969442121,0.42857142857142855,0.0077177585085853265,-0.01116725558095816
15,2,0.75,7,20,2026-03-12,test,325,184,136,4,0.016304347826086956,0.45652173913043476,0.38617350009861706,0.5286482857816078,-0.0007338761631572442,-0.012995395159946521,1.1791085342254,0.9904511687493359,0.5,-0.004277227834477839,-0.027294387821021927
15,2,0.8,7,20,2026-03-12,all,613,358,164,11,0.0223463687150838,0.4692737430167598,0.4181782869816578,0.5210216043970086,7.201588900843118e-05,-0.007935780687036376,1.1321877210930502,1.00109230075596,0.5454545454545454,0.0052177797009626764,-0.010053860109864872
15,2,0.8,7,20,2026-03-12,train,236,139,73,7,0.04316546762589928,0.48201438848920863,0.40055403923543487,0.5644421177537177,-0.010621072881092248,-0.0012388553861852891,0.885613232283669,0.824112313375081,0.42857142857142855,0.010702145379291208,-0.00903254168705469
15,2,0.8,7,20,2026-03-12,test,322,183,136,4,0.01639344262295082,0.45901639344262296,0.3884015168252967,0.5313165152716642,0.004090478007956182,-0.011777208451576704,1.241223513550341,1.0531593448305925,0.75,-0.004372428690436976,-0.03125436364625188
15,3,0.55,7,20,2026-03-12,all,260,142,58,11,0.04929577464788732,0.49295774647887325,0.412003118411846,0.5742833599587598,0.0067993388101973504,-0.000984768313579909,1.135066521873729,1.1035368962661254,0.45454545454545453,0.009977024917074027,-0.01958235436846338
15,3,0.55,7,20,2026-03-12,train,102,56,30,7,0.08928571428571429,0.42857142857142855,0.3076896268393824,0.5586237926918696,-0.034822128921287575,-0.013632360968685031,0.7116272072780592,0.5337204054585444,0.42857142857142855,-0.0004906623076226913,-0.03688170141275278
15,3,0.55,7,20,2026-03-12,test,136,71,50,4,0.04225352112676056,0.5070422535211268,0.39341308325020075,0.6199484948878713,0.03048288257409187,0.000747793262859453,1.4055524847022498,1.445711127122314,0.5,0.036737219175610916,-0.024563457446627038
15,3,0.6,7,20,2026-03-12,all,260,142,58,11,0.04929577464788732,0.49295774647887325,0.412003118411846,0.5742833599587598,0.00690033615453723,-0.000984768313579909,1.136814870996367,1.1052366801353568,0.45454545454545453,0.01013999790453156,-0.019398123693291663
15,3,0.6,7,20,2026-03-12,train,102,56,30,7,0.08928571428571429,0.42857142857142855,0.3076896268393824,0.5586237926918696,-0.03456602851242573,-0.013632360968685031,0.7140759647728006,0.5355569735796003,0.42857142857142855,-0.0002345618987608529,-0.03659260224625265
15,3,0.6,7,20,2026-03-12,test,136,71,50,4,0.04225352112676056,0.5070422535211268,0.39341308325020075,0.6199484948878713,0.03048288257409187,0.000747793262859453,1.4055524847022498,1.445711127122314,0.5,0.036737219175610916,-0.024563457446627038
15,3,0.67,7,20,2026-03-12,all,262,143,58,11,0.055944055944055944,0.4825174825174825,0.4021518167756969,0.563797854113194,0.0066871338961710415,-0.0031494189221391578,1.1811469877051308,1.1013397588061355,0.45454545454545453,0.011849484506565013,-0.016859329722209476
15,3,0.67,7,20,2026-03-12,train,99,54,29,7,0.09259259259259259,0.4444444444444444,0.3200246417222966,0.5762435347322474,-0.03165849448143903,-0.007377351840538893,0.7255835489770149,0.5804668391816119,0.42857142857142855,0.0025672276366994823,-0.033139429405780046
15,3,0.67,7,20,2026-03-12,test,139,74,50,4,0.04054054054054054,0.47297297297297297,0.36338706920848024,0.5852264323805136,0.02587240785500759,-0.010301292100774961,1.5347392769947497,1.3773301203799035,0.5,0.040126281939142715,-0.02139646156906269
15,3,0.75,7,20,2026-03-12,all,260,143,58,11,0.055944055944055944,0.4825174825174825,0.4021518167756969,0.563797854113194,0.0065785719275538584,-0.0031494189221391578,1.1792684539662162,1.0995881530225529,0.45454545454545453,0.011798850462541642,-0.01690781242868515
15,3,0.75,7,20,2026-03-12,train,99,54,29,7,0.09259259259259259,0.4444444444444444,0.3200246417222966,0.5762435347322474,-0.03165849448143903,-0.007377351840538893,0.7255835489770149,0.5804668391816119,0.42857142857142855,0.0025672276366994823,-0.033139429405780046
15,3,0.75,7,20,2026-03-12,test,136,74,50,4,0.04054054054054054,0.47297297297297297,0.36338706920848024,0.5852264323805136,0.02566261918592303,-0.010301292100774961,1.530502918729143,1.373528260397949,0.5,0.03998703831807844,-0.021547801389118076
15,3,0.8,7,20,2026-03-12,all,247,134,58,11,0.05970149253731343,0.48507462686567165,0.4020571693250764,0.568923985153249,0.014878310782355419,-0.004401802481776351,1.3242028642814505,1.2474374808448445,0.45454545454545453,0.012898101904002547,-0.018021295918916352
15,3,0.8,7,20,2026-03-12,train,91,51,29,7,0.09803921568627451,0.43137254901960786,0.3050123610790954,0.5673469789069776,-0.027677473247637495,-0.01029434254734074,0.7574380022808382,0.5746081396613255,0.42857142857142855,0.002371489060897469,-0.03383991513497319
15,3,0.8,7,20,2026-03-12,test,131,69,49,4,0.043478260869565216,0.4927536231884058,0.3783242300928733,0.6079473243736349,0.041542904475268226,-0.008682349567770253,1.692235473448991,1.6438858884933059,0.5,0.05389776508847418,-0.024503534985956733
15,4,0.55,7,20,2026-03-12,all,118,70,33,10,0.1,0.4857142857142857,0.37245878383038566,0.6004561608099076,0.03279142873807621,-0.003097701543731013,1.7672287946789504,1.6690494171967865,0.4,0.008469601317442768,-0.018104123465686177
15,4,0.55,7,20,2026-03-12,train,41,24,16,6,0.16666666666666666,0.375,0.21159367559548778,0.5729003755732572,-0.01476143624121104,-0.013821911719305968,1.201988617354281,0.7211931704125687,0.16666666666666666,-0.013639465028510636,-0.02266000085704238
15,4,0.55,7,20,2026-03-12,test,71,43,29,4,0.06976744186046512,0.5348837209302325,0.38915640472313967,0.6748894229587816,0.06578645311183652,0.0005920627527953304,2.175933263665652,2.5023232532154998,0.75,0.05436149622146996,-0.014489294863386251
15,4,0.6,7,20,2026-03-12,all,117,70,33,10,0.1,0.5,0.3859571764530239,0.6140428235469761,0.03365968846793462,-0.0006874200185350565,1.692947931233327,1.692947931233327,0.4,0.008358736026077564,-0.018546916803580463
15,4,0.6,7,20,2026-03-12,train,41,24,16,6,0.16666666666666666,0.375,0.21159367559548778,0.5729003755732572,-0.014163868620533418,-0.013791331789689776,1.2157098071026566,0.7294258842615939,0.16666666666666666,-0.012842708200940472,-0.021513751772668538
15,4,0.6,7,20,2026-03-12,test,70,43,29,4,0.06976744186046512,0.5581395348837209,0.41107614452824104,0.6956669016082949,0.06686637306983247,0.007039850778335577,2.0110673416952474,2.5402955895097863,0.75,0.0528891977517017,-0.017471686999897054
15,4,0.67,7,20,2026-03-12,all,120,70,33,10,0.1,0.4857142857142857,0.37245878383038566,0.6004561608099076,0.032826790739878264,-0.003097701543731013,1.765144363076861,1.6670807873503688,0.3,0.007859819535112708,-0.01876343742186111
15,4,0.67,7,20,2026-03-12,train,41,23,15,6,0.17391304347826086,0.391304347826087,0.22157622792477952,0.592144776086183,-0.014018273130026604,-0.010070098677189443,1.1507025451279247,0.7397373504393802,0.16666666666666666,-0.013904291114335485,-0.023053407502888947
15,4,0.67,7,20,2026-03-12,test,72,44,29,4,0.06818181818181818,0.5227272727272727,0.3793546556062164,0.662450089677489,0.06362360536674229,0.00042950482611581187,2.238326482369671,2.4515004330715446,0.5,0.053234280894382084,-0.015923769155109062
15,4,0.75,7,20,2026-03-12,all,117,68,32,10,0.10294117647058823,0.5147058823529411,0.39834753306325144,0.6294915452743935,0.03876642391682039,0.00042950482611581187,1.7414424191848887,1.8469843839839728,0.3,0.009132747497793012,-0.016909913040413848
15,4,0.75,7,20,2026-03-12,train,41,23,15,6,0.17391304347826086,0.391304347826087,0.22157622792477952,0.592144776086183,-0.014018273130026604,-0.010070098677189443,1.1507025451279247,0.7397373504393802,0.16666666666666666,-0.013904291114335485,-0.023053407502888947
15,4,0.75,7,20,2026-03-12,test,68,42,28,4,0.07142857142857142,0.5714285714285714,0.4220623987810458,0.7088234882381393,0.0747066693021183,0.007420913960195397,2.2241650309983827,2.96555337466451,0.5,0.05641660080108284,-0.010330789388033064
15,4,0.8,7,20,2026-03-12,all,115,66,32,10,0.10606060606060606,0.48484848484848486,0.3684696267060676,0.6028940871428276,0.03931259750335507,-0.003097701543731013,1.9621783168511815,1.846756062918759,0.4,0.008545007050878257,-0.017629190168904203
15,4,0.8,7,20,2026-03-12,train,41,23,15,6,0.17391304347826086,0.391304347826087,0.22157622792477952,0.592144776086183,-0.014018273130026604,-0.010070098677189443,1.1507025451279247,0.7397373504393802,0.16666666666666666,-0.013904291114335485,-0.023053407502888947
15,4,0.8,7,20,2026-03-12,test,66,40,28,4,0.075,0.525,0.3749736210669248,0.670645298873211,0.07740486798916543,0.00042950482611581187,2.7141889831084893,2.9998930865935938,0.75,0.057838396663267594,-0.010650357568602442
15,5,0.55,7,20,2026-03-12,all,72,43,21,9,0.16279069767441862,0.4186046511627907,0.28384550927849195,0.5667142261303578,0.02822408459264494,-0.010070098677189443,2.2885758600951074,1.6477746192684775,0.6666666666666666,0.026411557572143578,0.005526235278094722
15,5,0.55,7,20,2026-03-12,train,21,15,10,5,0.26666666666666666,0.4,0.1982449614134158,0.6425316987937539,0.017446517136952687,-0.010070098677189443,2.1586020977652267,1.439068065176818,0.6,0.016026815582968056,-0.0006464087964017061
15,5,0.55,7,20,2026-03-12,test,46,26,18,4,0.11538461538461539,0.46153846153846156,0.2875585353039122,0.6454206125314121,0.03709220030791175,-0.010804123710844549,2.0560576424766555,1.7623351221228474,0.75,0.0451657574935331,-0.0007718461333800983
15,5,0.6,7,20,2026-03-12,all,72,43,21,9,0.16279069767441862,0.4186046511627907,0.28384550927849195,0.5667142261303578,0.02822408459264494,-0.010070098677189443,2.2885758600951074,1.6477746192684775,0.6666666666666666,0.026411557572143578,0.005526235278094722
15,5,0.6,7,20,2026-03-12,train,21,15,10,5,0.26666666666666666,0.4,0.1982449614134158,0.6425316987937539,0.017446517136952687,-0.010070098677189443,2.1586020977652267,1.439068065176818,0.6,0.016026815582968056,-0.0006464087964017061
15,5,0.6,7,20,2026-03-12,test,46,26,18,4,0.11538461538461539,0.46153846153846156,0.2875585353039122,0.6454206125314121,0.03709220030791175,-0.010804123710844549,2.0560576424766555,1.7623351221228474,0.75,0.0451657574935331,-0.0007718461333800983
15,5,0.67,7,20,2026-03-12,all,71,43,21,9,0.16279069767441862,0.4186046511627907,0.28384550927849195,0.5667142261303578,0.02822408459264494,-0.010070098677189443,2.2885758600951074,1.6477746192684775,0.6666666666666666,0.026411557572143578,0.005526235278094722
15,5,0.67,7,20,2026-03-12,train,21,15,10,5,0.26666666666666666,0.4,0.1982449614134158,0.6425316987937539,0.017446517136952687,-0.010070098677189443,2.1586020977652267,1.439068065176818,0.6,0.016026815582968056,-0.0006464087964017061
15,5,0.67,7,20,2026-03-12,test,45,26,18,4,0.11538461538461539,0.46153846153846156,0.2875585353039122,0.6454206125314121,0.03709220030791175,-0.010804123710844549,2.0560576424766555,1.7623351221228474,0.75,0.0451657574935331,-0.0007718461333800983
15,5,0.75,7,20,2026-03-12,all,64,41,20,9,0.17073170731707318,0.43902439024390244,0.2989013173655036,0.5895947277789392,0.029523653848510103,-0.010070098677189443,2.125913947965703,1.6637587418862025,0.6666666666666666,0.027943183569201065,0.005777508432189445
15,5,0.75,7,20,2026-03-12,train,21,15,10,5,0.26666666666666666,0.4,0.1982449614134158,0.6425316987937539,0.017446517136952687,-0.010070098677189443,2.1586020977652267,1.439068065176818,0.6,0.016026815582968056,-0.0006464087964017061
15,5,0.75,7,20,2026-03-12,test,40,24,17,4,0.125,0.5,0.3142742581957335,0.6857257418042665,0.0400513074296203,-0.003887811030919286,1.7910262981037681,1.7910262981037681,0.75,0.04861191598691244,-0.00033397595168369043
15,5,0.8,7,20,2026-03-12,all,62,39,20,9,0.1794871794871795,0.4358974358974359,0.2930475387568963,0.5902430835133052,0.03287374778856943,-0.010070098677189443,2.2311151932540834,1.72404355842361,0.6666666666666666,0.02944200505744682,0.005883372479277445
15,5,0.8,7,20,2026-03-12,train,21,15,10,5,0.26666666666666666,0.4,0.1982449614134158,0.6425316987937539,0.017446517136952687,-0.010070098677189443,2.1586020977652267,1.439068065176818,0.6,0.016026815582968056,-0.0006464087964017061
15,5,0.8,7,20,2026-03-12,test,38,22,16,4,0.13636363636363635,0.5,0.3072210627372502,0.6927789372627497,0.04694716973982638,0.001957213170040939,1.8886708570437614,1.8886708570437611,0.75,0.05977322904567134,0.005524072665399435
15,6,0.55,7,20,2026-03-12,all,33,21,11,6,0.19047619047619047,0.3333333333333333,0.17194752605083477,0.5462654802574476,0.009876436840642882,-0.020200439050804708,2.3711406858652158,1.1855703429326079,0.5,0.0032534308642156924,-0.042054587468973254
15,6,0.55,7,20,2026-03-12,train,2,2,2,2,0.5,0.0,0.0,0.6576197724933469,-0.09967174094478393,-0.09967174094478393,,,0.0,-0.09967174094478393,-0.11412482141208691
15,6,0.55,7,20,2026-03-12,test,29,17,11,4,0.17647058823529413,0.4117647058823529,0.2161105679021481,0.6399455735700021,0.025671037218285918,-0.018411846809785137,2.1301207733927794,1.4910845413749456,0.75,0.0429844881197847,-0.014581811211667364
15,6,0.6,7,20,2026-03-12,all,33,21,11,6,0.19047619047619047,0.3333333333333333,0.17194752605083477,0.5462654802574476,0.009876436840642882,-0.020200439050804708,2.3711406858652158,1.1855703429326079,0.5,0.0032534308642156924,-0.042054587468973254
15,6,0.6,7,20,2026-03-12,train,2,2,2,2,0.5,0.0,0.0,0.6576197724933469,-0.09967174094478393,-0.09967174094478393,,,0.0,-0.09967174094478393,-0.11412482141208691
15,6,0.6,7,20,2026-03-12,test,29,17,11,4,0.17647058823529413,0.4117647058823529,0.2161105679021481,0.6399455735700021,0.025671037218285918,-0.018411846809785137,2.1301207733927794,1.4910845413749456,0.75,0.0429844881197847,-0.014581811211667364
15,6,0.67,7,20,2026-03-12,all,33,21,11,6,0.19047619047619047,0.3333333333333333,0.17194752605083477,0.5462654802574476,0.009876436840642882,-0.020200439050804708,2.3711406858652158,1.1855703429326079,0.5,0.0032534308642156924,-0.042054587468973254
15,6,0.67,7,20,2026-03-12,train,2,2,2,2,0.5,0.0,0.0,0.6576197724933469,-0.09967174094478393,-0.09967174094478393,,,0.0,-0.09967174094478393,-0.11412482141208691
15,6,0.67,7,20,2026-03-12,test,29,17,11,4,0.17647058823529413,0.4117647058823529,0.2161105679021481,0.6399455735700021,0.025671037218285918,-0.018411846809785137,2.1301207733927794,1.4910845413749456,0.75,0.0429844881197847,-0.014581811211667364
15,6,0.75,7,20,2026-03-12,all,33,21,11,6,0.19047619047619047,0.3333333333333333,0.17194752605083477,0.5462654802574476,0.010499831824093711,-0.020200439050804708,2.399243244544484,1.199621622272242,0.5,0.0036170779378953423,-0.041526448834139945
15,6,0.75,7,20,2026-03-12,train,2,2,2,2,0.5,0.0,0.0,0.6576197724933469,-0.09967174094478393,-0.09967174094478393,,,0.0,-0.09967174094478393,-0.11412482141208691
15,6,0.75,7,20,2026-03-12,test,29,17,11,4,0.17647058823529413,0.4117647058823529,0.2161105679021481,0.6399455735700021,0.02644111337431341,-0.018411846809785137,2.1619697987324655,1.5133788591127262,0.75,0.04352995873030417,-0.013585725512789727
15,6,0.8,7,20,2026-03-12,all,30,18,10,6,0.2222222222222222,0.2777777777777778,0.12499753379553993,0.5087265656029746,0.011067970985148674,-0.03793311794251841,3.0756507553799826,1.1829425982230704,0.5,0.0053464996784603445,-0.04204646656342324
15,6,0.8,7,20,2026-03-12,train,2,2,2,2,0.5,0.0,0.0,0.6576197724933469,-0.09967174094478393,-0.09967174094478393,,,0.0,-0.09967174094478393,-0.11412482141208691
15,6,0.8,7,20,2026-03-12,test,26,14,9,4,0.21428571428571427,0.35714285714285715,0.1634473175355414,0.612355768960926,0.03058756691357401,-0.03793311794251841,2.6962951710092864,1.4979417616718258,0.75,0.04612409134115167,-0.014808786133687607
15,8,0.55,7,20,2026-03-12,all,7,6,5,3,0.3333333333333333,0.16666666666666666,0.030053369748306635,0.5635028221864702,-0.10591657989175562,-0.12984553572756224,0.41965322052187326,0.08393064410437465,0.0,-0.08537233392104986,-0.12280311735296302
15,8,0.55,7,20,2026-03-12,train,0,0,0,0,,,,,,,,,,,
15,8,0.55,7,20,2026-03-12,test,7,6,5,3,0.3333333333333333,0.16666666666666666,0.030053369748306635,0.5635028221864702,-0.10591657989175562,-0.12984553572756224,0.41965322052187326,0.08393064410437465,0.0,-0.08537233392104986,-0.12280311735296302
15,8,0.6,7,20,2026-03-12,all,7,6,5,3,0.3333333333333333,0.16666666666666666,0.030053369748306635,0.5635028221864702,-0.10591657989175562,-0.12984553572756224,0.41965322052187326,0.08393064410437465,0.0,-0.08537233392104986,-0.12280311735296302
15,8,0.6,7,20,2026-03-12,train,0,0,0,0,,,,,,,,,,,
15,8,0.6,7,20,2026-03-12,test,7,6,5,3,0.3333333333333333,0.16666666666666666,0.030053369748306635,0.5635028221864702,-0.10591657989175562,-0.12984553572756224,0.41965322052187326,0.08393064410437465,0.0,-0.08537233392104986,-0.12280311735296302
15,8,0.67,7,20,2026-03-12,all,7,6,5,3,0.3333333333333333,0.16666666666666666,0.030053369748306635,0.5635028221864702,-0.10591657989175562,-0.12984553572756224,0.41965322052187326,0.08393064410437465,0.0,-0.08537233392104986,-0.12280311735296302
15,8,0.67,7,20,2026-03-12,train,0,0,0,0,,,,,,,,,,,
15,8,0.67,7,20,2026-03-12,test,7,6,5,3,0.3333333333333333,0.16666666666666666,0.030053369748306635,0.5635028221864702,-0.10591657989175562,-0.12984553572756224,0.41965322052187326,0.08393064410437465,0.0,-0.08537233392104986,-0.12280311735296302
15,8,0.75,7,20,2026-03-12,all,7,6,5,3,0.3333333333333333,0.16666666666666666,0.030053369748306635,0.5635028221864702,-0.10373469744967773,-0.12329988840132855,0.4277248314205473,0.08554496628410946,0.0,-0.08391774562633125,-0.11992658834206281
15,8,0.75,7,20,2026-03-12,train,0,0,0,0,,,,,,,,,,,
15,8,0.75,7,20,2026-03-12,test,7,6,5,3,0.3333333333333333,0.16666666666666666,0.030053369748306635,0.5635028221864702,-0.10373469744967773,-0.12329988840132855,0.4277248314205473,0.08554496628410946,0.0,-0.08391774562633125,-0.11992658834206281
15,8,0.8,7,20,2026-03-12,all,7,6,5,3,0.3333333333333333,0.16666666666666666,0.030053369748306635,0.5635028221864702,-0.10373469744967773,-0.12329988840132855,0.4277248314205473,0.08554496628410946,0.0,-0.08391774562633125,-0.11992658834206281
15,8,0.8,7,20,2026-03-12,train,0,0,0,0,,,,,,,,,,,
15,8,0.8,7,20,2026-03-12,test,7,6,5,3,0.3333333333333333,0.16666666666666666,0.030053369748306635,0.5635028221864702,-0.10373469744967773,-0.12329988840132855,0.4277248314205473,0.08554496628410946,0.0,-0.08391774562633125,-0.11992658834206281
15,10,0.55,7,20,2026-03-12,all,2,2,2,2,0.5,0.0,0.0,0.6576197724933469,-0.1587294122708604,-0.1587294122708604,,,0.0,-0.1587294122708604,-0.25430864082809557
15,10,0.55,7,20,2026-03-12,train,0,0,0,0,,,,,,,,,,,
15,10,0.55,7,20,2026-03-12,test,2,2,2,2,0.5,0.0,0.0,0.6576197724933469,-0.1587294122708604,-0.1587294122708604,,,0.0,-0.1587294122708604,-0.25430864082809557
15,10,0.6,7,20,2026-03-12,all,2,2,2,2,0.5,0.0,0.0,0.6576197724933469,-0.1587294122708604,-0.1587294122708604,,,0.0,-0.1587294122708604,-0.25430864082809557
15,10,0.6,7,20,2026-03-12,train,0,0,0,0,,,,,,,,,,,
15,10,0.6,7,20,2026-03-12,test,2,2,2,2,0.5,0.0,0.0,0.6576197724933469,-0.1587294122708604,-0.1587294122708604,,,0.0,-0.1587294122708604,-0.25430864082809557
15,10,0.67,7,20,2026-03-12,all,2,2,2,2,0.5,0.0,0.0,0.6576197724933469,-0.1587294122708604,-0.1587294122708604,,,0.0,-0.1587294122708604,-0.25430864082809557
15,10,0.67,7,20,2026-03-12,train,0,0,0,0,,,,,,,,,,,
15,10,0.67,7,20,2026-03-12,test,2,2,2,2,0.5,0.0,0.0,0.6576197724933469,-0.1587294122708604,-0.1587294122708604,,,0.0,-0.1587294122708604,-0.25430864082809557
15,10,0.75,7,20,2026-03-12,all,2,2,2,2,0.5,0.0,0.0,0.6576197724933469,-0.1587294122708604,-0.1587294122708604,,,0.0,-0.1587294122708604,-0.25430864082809557
15,10,0.75,7,20,2026-03-12,train,0,0,0,0,,,,,,,,,,,
15,10,0.75,7,20,2026-03-12,test,2,2,2,2,0.5,0.0,0.0,0.6576197724933469,-0.1587294122708604,-0.1587294122708604,,,0.0,-0.1587294122708604,-0.25430864082809557
15,10,0.8,7,20,2026-03-12,all,2,2,2,2,0.5,0.0,0.0,0.6576197724933469,-0.1587294122708604,-0.1587294122708604,,,0.0,-0.1587294122708604,-0.25430864082809557
15,10,0.8,7,20,2026-03-12,train,0,0,0,0,,,,,,,,,,,
15,10,0.8,7,20,2026-03-12,test,2,2,2,2,0.5,0.0,0.0,0.6576197724933469,-0.1587294122708604,-0.1587294122708604,,,0.0,-0.1587294122708604,-0.25430864082809557
20,2,0.55,7,20,2026-03-12,all,772,438,190,11,0.0182648401826484,0.454337899543379,0.40830666642541696,0.5011631236962188,-0.004815748207426205,-0.008195381991261574,1.1185065738690627,0.9313088209202657,0.5454545454545454,-0.0016905809572691306,-0.01813441778362841
20,2,0.55,7,20,2026-03-12,train,330,182,94,7,0.03296703296703297,0.4725274725274725,0.40131528405441136,0.5448754095429289,-0.006374169297339426,-0.0029669074092636416,1.0000764172888583,0.8959017904879356,0.2857142857142857,0.0034250233682267353,-0.01631306217554789
20,2,0.55,7,20,2026-03-12,test,370,212,156,4,0.014150943396226415,0.4386792452830189,0.37356134331574037,0.5059798711383421,-0.010492582175419417,-0.025316751564651074,1.1233142954303308,0.8778842813026955,0.75,-0.019702747219449267,-0.05113915852803265
20,2,0.6,7,20,2026-03-12,all,772,438,190,11,0.0182648401826484,0.45662100456621,0.4105510568197298,0.5034452437958242,-0.004433380061355812,-0.007935780687036376,1.114510496365875,0.9365634423242647,0.5454545454545454,-0.0013195365885929082,-0.017877727762221178
20,2,0.6,7,20,2026-03-12,train,332,183,94,7,0.03278688524590164,0.47540983606557374,0.4043066017661542,0.5475242174920223,-0.005134789264486026,-0.0027462899666934604,1.0095549330310871,0.9149091580594225,0.2857142857142857,0.004851645166645289,-0.014941194855650035
20,2,0.6,7,20,2026-03-12,test,368,212,156,4,0.014150943396226415,0.44339622641509435,0.37812098279937806,0.5106862920813133,-0.0103557659241719,-0.023694967709658177,1.104062344940232,0.8795072917320492,0.75,-0.019888238233157666,-0.05128242604392823
20,2,0.67,7,20,2026-03-12,all,730,426,183,11,0.02112676056338028,0.4671361502347418,0.42026350633687515,0.5145961973389398,-0.0006821586302628927,-0.006817199003574914,1.1291514230819322,0.9898728334506807,0.6363636363636364,0.0037280689351904465,-0.014676584091508401
20,2,0.67,7,20,2026-03-12,train,293,175,91,7,0.03428571428571429,0.4742857142857143,0.4016531852951677,0.5480229129689189,-0.0019047981102767381,-0.0027462899666934604,1.073541916652467,0.9685215117625516,0.42857142857142855,0.00949381248698476,-0.013978141625100188
20,2,0.67,7,20,2026-03-12,test,364,211,151,4,0.014218009478672985,0.4549763033175355,0.38918922310629506,0.522373470126684,-0.0059059344659604315,-0.012731146398690107,1.1091732992559025,0.9259185802484057,0.75,-0.010169148812623924,-0.04402604127768041
20,2,0.75,7,20,2026-03-12,all,731,425,183,11,0.021176470588235293,0.47058823529411764,0.4236101867862113,0.5180932108546102,0.00035139929487206265,-0.006550540233391189,1.1309282487433698,1.0052695544385508,0.6363636363636364,0.004252005607660134,-0.01396822467994227
20,2,0.75,7,20,2026-03-12,train,293,175,91,7,0.03428571428571429,0.4742857142857143,0.4016531852951677,0.5480229129689189,-0.0019047981102767381,-0.0027462899666934604,1.073541916652467,0.9685215117625516,0.42857142857142855,0.00949381248698476,-0.013978141625100188
20,2,0.75,7,20,2026-03-12,test,364,209,151,4,0.014354066985645933,0.45933014354066987,0.39311046398867056,0.5270178789845776,-0.0039025907439488965,-0.01192023463377967,1.118781537678758,0.9504692709483252,0.75,-0.008515249275896749,-0.041733430505828534
20,2,0.8,7,20,2026-03-12,all,726,426,183,11,0.02112676056338028,0.47183098591549294,0.4248894886707515,0.519275971622804,0.0028362889074114916,-0.006832896507089681,1.167242917325039,1.0427370061437014,0.6363636363636364,0.005591050702368491,-0.013073719617684255
20,2,0.8,7,20,2026-03-12,train,288,173,91,7,0.03468208092485549,0.4797687861271676,0.4065743311059771,0.5538421908641477,-0.0022003903472240364,-0.0034224291053932543,1.0449719554304744,0.9636963588969931,0.42857142857142855,0.009173351036535948,-0.014523826462788995
20,2,0.8,7,20,2026-03-12,test,368,212,151,4,0.014150943396226415,0.4528301886792453,0.38725807252507494,0.5200813232088346,-0.0002783318617628085,-0.012325690516234888,1.2040271064119923,0.9964362259961316,0.75,-0.00697243759203047,-0.041395581052229964
20,3,0.55,7,20,2026-03-12,all,312,177,76,11,0.03954802259887006,0.4858757062146893,0.41333078977642923,0.5590206829853697,0.011024213387460163,-0.0016417869365064064,1.2293129469951112,1.1617682795777975,0.5454545454545454,0.008025469983466088,-0.012353009137100949
20,3,0.55,7,20,2026-03-12,train,121,67,33,7,0.07462686567164178,0.43283582089552236,0.3210431149754174,0.5519126350920708,-0.02869720603162197,-0.015659437178431435,0.8461983918823203,0.6457829832786128,0.5714285714285714,-0.009448353312768948,-0.032280599821246224
20,3,0.55,7,20,2026-03-12,test,160,90,66,4,0.03333333333333333,0.5,0.3988372282354734,0.6011627717645266,0.03158096407643513,0.00013841605739223217,1.4544727712842747,1.4544727712842744,0.5,0.03602563999619895,-0.0027777030466515154
20,3,0.6,7,20,2026-03-12,all,312,177,76,11,0.03954802259887006,0.4971751412429379,0.42436287522380706,0.5701074193285527,0.011689216698756118,-1.2878687169259884e-05,1.185935664752019,1.1726105449233446,0.5454545454545454,0.00906006741161268,-0.01136472807457322
20,3,0.6,7,20,2026-03-12,train,123,69,33,7,0.07246376811594203,0.43478260869565216,0.32432802635131497,0.5521159638472569,-0.02624107135946205,-0.015659437178431435,0.8669330233542079,0.6668715564263137,0.5714285714285714,-0.008103658327269853,-0.031164723844260493
20,3,0.6,7,20,2026-03-12,test,158,89,66,4,0.033707865168539325,0.5168539325842697,0.4145058525044388,0.6178072976561371,0.03248708605471151,0.0030964538494455685,1.375861993247272,1.4718523648691746,0.5,0.032551557142936054,-0.006219456209714973
20,3,0.67,7,20,2026-03-12,all,321,182,75,11,0.04395604395604396,0.489010989010989,0.4173687341425155,0.5611075432964205,0.008338293766220254,-0.002395602929322782,1.1688884347667896,1.118613663378971,0.5454545454545454,0.01028612707098608,-0.009845993851053576
20,3,0.67,7,20,2026-03-12,train,121,69,33,7,0.07246376811594203,0.42028985507246375,0.3110611534112484,0.5379259457203395,-0.02577231174660477,-0.01950492033762663,0.9372388671848558,0.6794981787090205,0.5714285714285714,-0.004382466252548127,-0.027604449027177694
20,3,0.67,7,20,2026-03-12,test,168,95,65,4,0.031578947368421054,0.5052631578947369,0.4064930002803157,0.6036242117876898,0.024120805445838514,0.000747793262859453,1.3072796972928589,1.335094158937388,0.5,0.04496887583773344,0.0001642000896078452
20,3,0.75,7,20,2026-03-12,all,321,181,75,11,0.04419889502762431,0.4972375690607735,0.42521545496941027,0.5693745033311784,0.010946866644832921,-1.2878687169259884e-05,1.1721347618535427,1.1592541600749324,0.5454545454545454,0.011321640115484801,-0.00856495234106071
20,3,0.75,7,20,2026-03-12,train,121,69,33,7,0.07246376811594203,0.42028985507246375,0.3110611534112484,0.5379259457203395,-0.02577231174660477,-0.01950492033762663,0.9372388671848558,0.6794981787090205,0.5714285714285714,-0.004382466252548127,-0.027604449027177694
20,3,0.75,7,20,2026-03-12,test,167,94,65,4,0.031914893617021274,0.5212765957446809,0.42145414630705824,0.6194283185315994,0.02931159483635459,0.0031647716923932645,1.3085116176020817,1.4248237613889334,0.5,0.04781653671010492,0.004806927529475945
20,3,0.8,7,20,2026-03-12,all,303,171,74,11,0.04678362573099415,0.49707602339181284,0.4230282513214485,0.5712522814152091,0.01795498225875146,-0.0031494189221391578,1.292493293846652,1.2774643020577374,0.5454545454545454,0.023913055913373057,-0.003977804691171791
20,3,0.8,7,20,2026-03-12,train,109,62,30,7,0.0967741935483871,0.4032258064516129,0.29024869095910666,0.5274953229959977,-0.022907533713538205,-0.010949813653139684,1.0267435515717667,0.6937456429538964,0.5714285714285714,0.011570289892003203,-0.025808331012653493
20,3,0.8,7,20,2026-03-12,test,165,90,65,4,0.03333333333333333,0.5333333333333333,0.4310218745393534,0.6329157504230247,0.040780265064491235,0.005136470156838269,1.407245974285263,1.6082811134688717,0.5,0.06343719475669407,0.008156065374052918
20,4,0.55,7,20,2026-03-12,all,161,89,39,10,0.06741573033707865,0.43820224719101125,0.33980052533459154,0.5417179240766308,0.032032789707577496,-0.011777208451576704,1.985316929539155,1.5485472050405409,0.4,0.004552784443874891,-0.026077934032318666
20,4,0.55,7,20,2026-03-12,train,59,30,19,6,0.13333333333333333,0.3,0.16664748268243793,0.47875787458714947,-0.04055589895594195,-0.05123413526080434,1.0875432605800772,0.46608996882003306,0.3333333333333333,-0.021542057116109348,-0.045914245107809774
20,4,0.55,7,20,2026-03-12,test,93,53,36,4,0.05660377358490566,0.5283018867924528,0.3966008127870629,0.6561775652180384,0.08014397748975148,0.005471067003220864,2.3292448135070347,2.6087541911278787,0.5,0.06388172463814777,-0.008462986310570367
20,4,0.6,7,20,2026-03-12,all,159,89,39,10,0.06741573033707865,0.43820224719101125,0.33980052533459154,0.5417179240766308,0.032213112119645844,-0.011777208451576704,1.9914664598778784,1.5533438387047451,0.4,0.00487375833735655,-0.025811811204298298
20,4,0.6,7,20,2026-03-12,train,60,30,19,6,0.13333333333333333,0.3,0.16664748268243793,0.47875787458714947,-0.040020942466805855,-0.050380599371894264,1.0952567063267924,0.4693957312829111,0.3333333333333333,-0.02100710062697325,-0.04569827893707205
20,4,0.6,7,20,2026-03-12,test,90,53,36,4,0.05660377358490566,0.5283018867924528,0.3966008127870629,0.6561775652180384,0.08014397748975148,0.005471067003220864,2.3292448135070347,2.6087541911278787,0.5,0.06388172463814777,-0.008462986310570367
20,4,0.67,7,20,2026-03-12,all,162,90,39,10,0.07777777777777778,0.43333333333333335,0.33576572531248783,0.5363590247627558,0.02351704795230422,-0.01121547510345694,1.8099552832558177,1.3840834519015077,0.4,-0.0007357588560050864,-0.03341990551668422
20,4,0.67,7,20,2026-03-12,train,59,30,18,6,0.13333333333333333,0.3333333333333333,0.19230498083676134,0.5121994835545616,-0.039295405197532184,-0.03277362985632232,0.9408139538714111,0.47040697693570555,0.3333333333333333,-0.022412556995928284,-0.049045847935541356
20,4,0.67,7,20,2026-03-12,test,94,55,36,4,0.05454545454545454,0.509090909090909,0.380762598469722,0.6362322215099672,0.06357757376313562,0.00026694689943629335,2.0857994843534526,2.163051317107284,0.5,0.05241780550865259,-0.02788659043281337
20,4,0.75,7,20,2026-03-12,all,162,88,39,10,0.07954545454545454,0.42045454545454547,0.3227709232506629,0.5247924737187518,0.026975428348454712,-0.01036192021626331,2.017675810499326,1.463804019381864,0.4,0.00022210947320775928,-0.03170176842200051
20,4,0.75,7,20,2026-03-12,train,59,30,18,6,0.13333333333333333,0.3333333333333333,0.19230498083676134,0.5121994835545616,-0.03937885425793355,-0.03277362985632232,0.9385646303208496,0.4692823151604248,0.3333333333333333,-0.022496006056329648,-0.049106083458567734
20,4,0.75,7,20,2026-03-12,test,93,52,36,4,0.057692307692307696,0.4807692307692308,0.35104114445455514,0.6131431723194395,0.07206038149540091,-0.005882228825957236,2.628093249783744,2.433419675725689,0.5,0.060998196409212876,-0.01865816256622853
20,4,0.8,7,20,2026-03-12,all,165,88,39,10,0.07954545454545454,0.4090909090909091,0.3122675920054905,0.5135191473881263,0.026786266066664767,-0.010661350293276639,2.108143430018702,1.4594839130898705,0.4,0.0001221407225761098,-0.03183802635543463
20,4,0.8,7,20,2026-03-12,train,59,30,18,6,0.13333333333333333,0.3333333333333333,0.19230498083676134,0.5121994835545616,-0.03937885425793355,-0.03277362985632232,0.9385646303208496,0.4692823151604248,0.3333333333333333,-0.022496006056329648,-0.049106083458567734
20,4,0.8,7,20,2026-03-12,test,96,52,36,4,0.057692307692307696,0.46153846153846156,0.3334047468175682,0.5949638867304212,0.07168162325291225,-0.006871740324848052,2.822665412920536,2.4194274967890315,0.5,0.06067897571872703,-0.01915085145015695
20,5,0.55,7,20,2026-03-12,all,109,61,28,9,0.11475409836065574,0.4918032786885246,0.37060395323711026,0.6139738150890883,0.026880017029612714,-0.0016417869365064064,1.6106955792791173,1.5587376573668879,0.6666666666666666,0.02701367588440981,-0.0002097068797696916
20,5,0.55,7,20,2026-03-12,train,29,18,11,5,0.2222222222222222,0.3333333333333333,0.1627877475083369,0.5625053270405489,0.017463040710181406,-0.01656479734248084,3.01123668513972,1.50561834256986,0.6,0.01638533794227898,0.002756018573676442
20,5,0.55,7,20,2026-03-12,test,71,39,25,4,0.07692307692307693,0.5641025641025641,0.40975691648669477,0.7069524612431037,0.03341407736011638,0.0017905298799216762,1.2319489523313285,1.5942868794876017,0.75,0.0498233119463674,-0.014551363584814507
20,5,0.6,7,20,2026-03-12,all,106,61,28,9,0.11475409836065574,0.4918032786885246,0.37060395323711026,0.6139738150890883,0.026880017029612714,-0.0016417869365064064,1.6106955792791173,1.5587376573668879,0.6666666666666666,0.02701367588440981,-0.0002097068797696916
20,5,0.6,7,20,2026-03-12,train,29,18,11,5,0.2222222222222222,0.3333333333333333,0.1627877475083369,0.5625053270405489,0.017463040710181406,-0.01656479734248084,3.01123668513972,1.50561834256986,0.6,0.01638533794227898,0.002756018573676442
20,5,0.6,7,20,2026-03-12,test,68,39,25,4,0.07692307692307693,0.5641025641025641,0.40975691648669477,0.7069524612431037,0.03341407736011638,0.0017905298799216762,1.2319489523313285,1.5942868794876017,0.75,0.0498233119463674,-0.014551363584814507
20,5,0.67,7,20,2026-03-12,all,106,60,27,9,0.11666666666666667,0.5,0.3773502424155577,0.6226497575844423,0.028226996615865495,-0.0006874200185350565,1.5879239690205584,1.5879239690205584,0.6666666666666666,0.02642584225221476,-0.0011909020268209385
20,5,0.67,7,20,2026-03-12,train,29,18,11,5,0.2222222222222222,0.3333333333333333,0.1627877475083369,0.5625053270405489,0.017463040710181406,-0.01656479734248084,3.01123668513972,1.50561834256986,0.6,0.01638533794227898,0.002756018573676442
20,5,0.67,7,20,2026-03-12,test,68,38,24,4,0.07894736842105263,0.5789473684210527,0.42192345343670545,0.7214749884224129,0.03571283618921298,0.0048386777777498224,1.1887217607230633,1.6344924209942122,0.75,0.04850068627392854,-0.01702273913755526
20,5,0.75,7,20,2026-03-12,all,102,59,27,9,0.11864406779661017,0.5084745762711864,0.3843514305938966,0.6315616309225984,0.033900696917779874,0.00026694689943629335,1.7288188983986628,1.7884333431710306,0.6666666666666666,0.02815404767827621,0.002177290504415088
20,5,0.75,7,20,2026-03-12,train,28,18,11,5,0.2222222222222222,0.3333333333333333,0.1627877475083369,0.5625053270405489,0.017463040710181406,-0.01656479734248084,3.01123668513972,1.50561834256986,0.6,0.01638533794227898,0.002756018573676442
20,5,0.75,7,20,2026-03-12,test,64,36,24,4,0.08333333333333333,0.5833333333333334,0.4220025157487166,0.7285943794855394,0.04594932017796913,0.004796253510988446,1.3725210950379174,1.9215295330530844,0.75,0.06039131941146385,-0.002183253572010116
20,5,0.8,7,20,2026-03-12,all,102,58,27,9,0.1206896551724138,0.4827586206896552,0.3592818542405501,0.6083773821659054,0.03351334224906364,-0.004855325462242377,1.8839716107255322,1.7583735033438301,0.6666666666666666,0.02856887313435545,0.002402778645756269
20,5,0.8,7,20,2026-03-12,train,28,18,11,5,0.2222222222222222,0.3333333333333333,0.1627877475083369,0.5625053270405489,0.017463040710181406,-0.01656479734248084,3.01123668513972,1.50561834256986,0.6,0.01638533794227898,0.002756018573676442
20,5,0.8,7,20,2026-03-12,test,65,36,24,4,0.08333333333333333,0.5555555555555556,0.395810617556973,0.7045873125991978,0.044645606352329295,0.0011912963163585033,1.5059911608346939,1.8824889510433676,0.75,0.0593840672378546,-0.003586054473942786
20,6,0.55,7,20,2026-03-12,all,54,33,16,7,0.18181818181818182,0.45454545454545453,0.29842938513876116,0.6201406146378254,0.02377879615443981,-0.009458538116987492,1.797221660474704,1.4976847170622534,0.5714285714285714,0.007102393087005733,-0.024706211921662814
20,6,0.55,7,20,2026-03-12,train,7,5,3,3,0.4,0.2,0.03622410863243014,0.6244653702374747,-0.025186477717065746,-0.058913171594521696,2.125197944931748,0.531299486232937,0.3333333333333333,-0.030807593363308405,-0.05359413625280844
20,6,0.55,7,20,2026-03-12,test,41,24,16,4,0.125,0.5416666666666666,0.3507486535891948,0.72108666268789,0.03888490034230061,0.020724318139022424,1.4650218991676622,1.7313895171981462,0.75,0.031508970590184524,-0.02189450942613609
20,6,0.6,7,20,2026-03-12,all,54,33,16,7,0.18181818181818182,0.45454545454545453,0.29842938513876116,0.6201406146378254,0.02377879615443981,-0.009458538116987492,1.797221660474704,1.4976847170622534,0.5714285714285714,0.007102393087005733,-0.024706211921662814
20,6,0.6,7,20,2026-03-12,train,7,5,3,3,0.4,0.2,0.03622410863243014,0.6244653702374747,-0.025186477717065746,-0.058913171594521696,2.125197944931748,0.531299486232937,0.3333333333333333,-0.030807593363308405,-0.05359413625280844
20,6,0.6,7,20,2026-03-12,test,41,24,16,4,0.125,0.5416666666666666,0.3507486535891948,0.72108666268789,0.03888490034230061,0.020724318139022424,1.4650218991676622,1.7313895171981462,0.75,0.031508970590184524,-0.02189450942613609
20,6,0.67,7,20,2026-03-12,all,53,32,16,7,0.1875,0.40625,0.2551963484266544,0.5773997512461713,0.0217237247581921,-0.009943006050472547,2.113831661306877,1.4463058735257581,0.5714285714285714,0.011844080365670657,-0.02045806668098327
20,6,0.67,7,20,2026-03-12,train,7,5,3,3,0.4,0.2,0.03622410863243014,0.6244653702374747,-0.025186477717065746,-0.058913171594521696,2.125197944931748,0.531299486232937,0.3333333333333333,-0.030807593363308405,-0.05359413625280844
20,6,0.67,7,20,2026-03-12,test,40,23,16,4,0.13043478260869565,0.4782608695652174,0.29237157416646653,0.6703726266357259,0.03668245771221079,-0.006289751669795507,1.8232060205367155,1.6712721854919892,0.75,0.039806923327848145,-0.01327625117379276
20,6,0.75,7,20,2026-03-12,all,54,32,16,7,0.1875,0.40625,0.2551963484266544,0.5773997512461713,0.0217237247581921,-0.009943006050472547,2.113831661306877,1.4463058735257581,0.5714285714285714,0.011844080365670657,-0.02045806668098327
20,6,0.75,7,20,2026-03-12,train,7,5,3,3,0.4,0.2,0.03622410863243014,0.6244653702374747,-0.025186477717065746,-0.058913171594521696,2.125197944931748,0.531299486232937,0.3333333333333333,-0.030807593363308405,-0.05359413625280844
20,6,0.75,7,20,2026-03-12,test,41,23,16,4,0.13043478260869565,0.4782608695652174,0.29237157416646653,0.6703726266357259,0.03668245771221079,-0.006289751669795507,1.8232060205367155,1.6712721854919892,0.75,0.039806923327848145,-0.01327625117379276
20,6,0.8,7,20,2026-03-12,all,50,28,15,7,0.21428571428571427,0.35714285714285715,0.2070582950773768,0.5416969348557219,0.02185501566457134,-0.019306142930294923,2.4964071242261587,1.3868928467923103,0.5714285714285714,0.012777844391771195,-0.020246113406706415
20,6,0.8,7,20,2026-03-12,train,7,5,3,3,0.4,0.2,0.03622410863243014,0.6244653702374747,-0.025186477717065746,-0.058913171594521696,2.125197944931748,0.531299486232937,0.3333333333333333,-0.030807593363308405,-0.05359413625280844
20,6,0.8,7,20,2026-03-12,test,38,20,15,4,0.15,0.45,0.2581978582556243,0.6579146575496577,0.03849556718534929,-0.019517789277872954,1.9568315387459558,1.6010439862466912,0.75,0.0497885985671849,-0.004707542243546546
20,8,0.55,7,20,2026-03-12,all,20,13,9,4,0.23076923076923078,0.46153846153846156,0.23206067809538303,0.7085620428549398,0.06031265800737916,-0.02062373174596077,2.7472645166939396,2.354798157166234,0.5,0.07638946890231836,-0.007287989845114473
20,8,0.55,7,20,2026-03-12,train,1,1,1,1,1.0,0.0,0.0,0.7934506856227626,-0.08521866047748095,-0.08521866047748095,,,0.0,-0.08521866047748095,
20,8,0.55,7,20,2026-03-12,test,18,11,8,3,0.18181818181818182,0.45454545454545453,0.21271271622459764,0.719908462590678,0.07898920319364539,-0.02062373174596077,3.312725568804569,2.760604640670474,0.6666666666666666,0.11598873870878619,0.01174081371051211
20,8,0.6,7,20,2026-03-12,all,20,13,9,4,0.23076923076923078,0.46153846153846156,0.23206067809538303,0.7085620428549398,0.06031265800737916,-0.02062373174596077,2.7472645166939396,2.354798157166234,0.5,0.07638946890231836,-0.007287989845114473
20,8,0.6,7,20,2026-03-12,train,1,1,1,1,1.0,0.0,0.0,0.7934506856227626,-0.08521866047748095,-0.08521866047748095,,,0.0,-0.08521866047748095,
20,8,0.6,7,20,2026-03-12,test,18,11,8,3,0.18181818181818182,0.45454545454545453,0.21271271622459764,0.719908462590678,0.07898920319364539,-0.02062373174596077,3.312725568804569,2.760604640670474,0.6666666666666666,0.11598873870878619,0.01174081371051211
20,8,0.67,7,20,2026-03-12,all,20,13,9,4,0.23076923076923078,0.46153846153846156,0.23206067809538303,0.7085620428549398,0.06031265800737916,-0.02062373174596077,2.7472645166939396,2.354798157166234,0.5,0.07638946890231836,-0.007287989845114473
20,8,0.67,7,20,2026-03-12,train,1,1,1,1,1.0,0.0,0.0,0.7934506856227626,-0.08521866047748095,-0.08521866047748095,,,0.0,-0.08521866047748095,
20,8,0.67,7,20,2026-03-12,test,18,11,8,3,0.18181818181818182,0.45454545454545453,0.21271271622459764,0.719908462590678,0.07898920319364539,-0.02062373174596077,3.312725568804569,2.760604640670474,0.6666666666666666,0.11598873870878619,0.01174081371051211
20,8,0.75,7,20,2026-03-12,all,20,13,9,4,0.23076923076923078,0.46153846153846156,0.23206067809538303,0.7085620428549398,0.06031265800737916,-0.02062373174596077,2.7472645166939396,2.354798157166234,0.5,0.07638946890231836,-0.007287989845114473
20,8,0.75,7,20,2026-03-12,train,1,1,1,1,1.0,0.0,0.0,0.7934506856227626,-0.08521866047748095,-0.08521866047748095,,,0.0,-0.08521866047748095,
20,8,0.75,7,20,2026-03-12,test,18,11,8,3,0.18181818181818182,0.45454545454545453,0.21271271622459764,0.719908462590678,0.07898920319364539,-0.02062373174596077,3.312725568804569,2.760604640670474,0.6666666666666666,0.11598873870878619,0.01174081371051211
20,8,0.8,7,20,2026-03-12,all,20,13,9,4,0.23076923076923078,0.46153846153846156,0.23206067809538303,0.7085620428549398,0.06131968067295357,-0.02062373174596077,2.8108477632205573,2.4092980827604777,0.5,0.07704403363494174,-0.006207538405010815
20,8,0.8,7,20,2026-03-12,train,1,1,1,1,1.0,0.0,0.0,0.7934506856227626,-0.08521866047748095,-0.08521866047748095,,,0.0,-0.08521866047748095,
20,8,0.8,7,20,2026-03-12,test,18,11,8,3,0.18181818181818182,0.45454545454545453,0.21271271622459764,0.719908462590678,0.08017932088932424,-0.02062373174596077,3.402995987981933,2.8358299899849437,0.6666666666666666,0.11686149168561737,0.013465222105848704
20,10,0.55,7,20,2026-03-12,all,4,3,3,2,0.3333333333333333,0.3333333333333333,0.06149194472039621,0.7923403991979522,-0.07369636022113735,-0.06315018371362524,0.4169125828793723,0.20845629143968614,0.0,-0.10931317409826874,-0.21616361572966292
20,10,0.55,7,20,2026-03-12,train,0,0,0,0,,,,,,,,,,,
20,10,0.55,7,20,2026-03-12,test,4,3,3,2,0.3333333333333333,0.3333333333333333,0.06149194472039621,0.7923403991979522,-0.07369636022113735,-0.06315018371362524,0.4169125828793723,0.20845629143968614,0.0,-0.10931317409826874,-0.21616361572966292
20,10,0.6,7,20,2026-03-12,all,4,3,3,2,0.3333333333333333,0.3333333333333333,0.06149194472039621,0.7923403991979522,-0.07369636022113735,-0.06315018371362524,0.4169125828793723,0.20845629143968614,0.0,-0.10931317409826874,-0.21616361572966292
20,10,0.6,7,20,2026-03-12,train,0,0,0,0,,,,,,,,,,,
20,10,0.6,7,20,2026-03-12,test,4,3,3,2,0.3333333333333333,0.3333333333333333,0.06149194472039621,0.7923403991979522,-0.07369636022113735,-0.06315018371362524,0.4169125828793723,0.20845629143968614,0.0,-0.10931317409826874,-0.21616361572966292
20,10,0.67,7,20,2026-03-12,all,4,3,3,2,0.3333333333333333,0.3333333333333333,0.06149194472039621,0.7923403991979522,-0.07369636022113735,-0.06315018371362524,0.4169125828793723,0.20845629143968614,0.0,-0.10931317409826874,-0.21616361572966292
20,10,0.67,7,20,2026-03-12,train,0,0,0,0,,,,,,,,,,,
20,10,0.67,7,20,2026-03-12,test,4,3,3,2,0.3333333333333333,0.3333333333333333,0.06149194472039621,0.7923403991979522,-0.07369636022113735,-0.06315018371362524,0.4169125828793723,0.20845629143968614,0.0,-0.10931317409826874,-0.21616361572966292
20,10,0.75,7,20,2026-03-12,all,4,3,3,2,0.3333333333333333,0.3333333333333333,0.06149194472039621,0.7923403991979522,-0.07369636022113735,-0.06315018371362524,0.4169125828793723,0.20845629143968614,0.0,-0.10931317409826874,-0.21616361572966292
20,10,0.75,7,20,2026-03-12,train,0,0,0,0,,,,,,,,,,,
20,10,0.75,7,20,2026-03-12,test,4,3,3,2,0.3333333333333333,0.3333333333333333,0.06149194472039621,0.7923403991979522,-0.07369636022113735,-0.06315018371362524,0.4169125828793723,0.20845629143968614,0.0,-0.10931317409826874,-0.21616361572966292
20,10,0.8,7,20,2026-03-12,all,4,3,3,2,0.3333333333333333,0.3333333333333333,0.06149194472039621,0.7923403991979522,-0.07369636022113735,-0.06315018371362524,0.4169125828793723,0.20845629143968614,0.0,-0.10931317409826874,-0.21616361572966292
20,10,0.8,7,20,2026-03-12,train,0,0,0,0,,,,,,,,,,,
20,10,0.8,7,20,2026-03-12,test,4,3,3,2,0.3333333333333333,0.3333333333333333,0.06149194472039621,0.7923403991979522,-0.07369636022113735,-0.06315018371362524,0.4169125828793723,0.20845629143968614,0.0,-0.10931317409826874,-0.21616361572966292
25,2,0.55,7,20,2026-03-12,all,860,486,209,11,0.01646090534979424,0.4588477366255144,0.41504127133947594,0.5032996545260051,0.0016866547050817925,-0.007662018679666316,1.208442795848827,1.0246492147311346,0.5454545454545454,-0.0019770362499703523,-0.01593518856694243
25,2,0.55,7,20,2026-03-12,train,375,209,109,7,0.028708133971291867,0.45933014354066987,0.39311046398867056,0.5270178789845776,-0.004658638986541771,-0.006955322474030745,1.0873757649208053,0.9237882604636931,0.2857142857142857,-0.0002535130608514469,-0.01607317114823748
25,2,0.55,7,20,2026-03-12,test,407,231,172,4,0.012987012987012988,0.4675324675324675,0.4042477633083824,0.5318793580469111,0.004460858048145891,-0.00829233127006157,1.2020239575025418,1.0554356700022318,0.75,-0.008906275013049775,-0.038953001565661796
25,2,0.6,7,20,2026-03-12,all,863,487,209,11,0.018480492813141684,0.45790554414784396,0.4141576814200403,0.502312292207478,0.0014528552923090984,-0.007773128661611173,1.2090854923220058,1.021310851468967,0.45454545454545453,-0.001956392607733117,-0.015858312937205937
25,2,0.6,7,20,2026-03-12,train,378,210,109,7,0.02857142857142857,0.46190476190476193,0.395765377827265,0.5294128355639185,-0.003586777007011415,-0.0064321397708332895,1.09571755858856,0.94057170958487,0.2857142857142857,0.001148459621675309,-0.014759630486218728
25,2,0.6,7,20,2026-03-12,test,407,232,172,4,0.01293103448275862,0.46551724137931033,0.4024155330784605,0.5297422814126527,0.004239296926760315,-0.01010628295192062,1.2087440597994732,1.0527770843414768,0.75,-0.008656819173227675,-0.03807481187867209
25,2,0.67,7,20,2026-03-12,all,819,478,203,11,0.01882845188284519,0.47280334728033474,0.4284414364927155,0.5175989061883919,0.008598022576534055,-0.006514937377065377,1.2673593794623284,1.1366000784066912,0.5454545454545454,0.005574840477145012,-0.010028637153461875
25,2,0.67,7,20,2026-03-12,train,339,203,105,7,0.029556650246305417,0.4630541871921182,0.3957835992150081,0.5316970901713342,0.00465887055065206,-0.007550908697721459,1.252718721171076,1.0803262366062492,0.42857142857142855,0.007416285621622714,-0.012115217663194122
25,2,0.67,7,20,2026-03-12,test,404,234,168,4,0.01282051282051282,0.49145299145299143,0.4280562060318434,0.555125868195949,0.011746660646180575,-0.0023920429270505306,1.2070626296095068,1.16648909584112,0.75,0.0048318885092657905,-0.027039463311969845
25,2,0.75,7,20,2026-03-12,all,822,478,203,11,0.01882845188284519,0.47489539748953974,0.43050710294105554,0.5196839826107358,0.01016102351785489,-0.006110621521852488,1.286916383919502,1.1638646181264019,0.5454545454545454,0.006558590594511813,-0.008700497684135782
25,2,0.75,7,20,2026-03-12,train,340,203,105,7,0.029556650246305417,0.4630541871921182,0.3957835992150081,0.5316970901713342,0.00465887055065206,-0.007550908697721459,1.252718721171076,1.0803262366062492,0.42857142857142855,0.007416285621622714,-0.012115217663194122
25,2,0.75,7,20,2026-03-12,test,406,234,168,4,0.01282051282051282,0.49572649572649574,0.43225383636128756,0.5593372007526087,0.014939457440844503,-0.00151160723200916,1.2386226066259498,1.217629003123815,0.75,0.007568869071432997,-0.022723592681307192
25,2,0.8,7,20,2026-03-12,all,812,479,203,11,0.018789144050104383,0.4822546972860125,0.4378257058916389,0.5269660498918821,0.011330608083263477,-0.0038869519848503398,1.2679542072529724,1.181037991433212,0.5454545454545454,0.007702940678538653,-0.008039435322047418
25,2,0.8,7,20,2026-03-12,train,330,202,105,7,0.0297029702970297,0.4801980198019802,0.41231528638213755,0.5488198510880613,0.004639567086348512,-0.006684328171586318,1.1692028112855195,1.0801206923304323,0.2857142857142857,0.008632582910326899,-0.011612402597669656
25,2,0.8,7,20,2026-03-12,test,407,236,168,4,0.012711864406779662,0.4872881355932203,0.4242333938118339,0.5507500805653561,0.01554484458119198,-0.0023920429270505306,1.2859902930852285,1.222222179378523,0.75,0.00266881616978926,-0.026358420096338535
25,3,0.55,7,20,2026-03-12,all,351,198,87,11,0.03535353535353535,0.5,0.43102163323431,0.56897836676569,0.012212475903342093,0.00036745728784509657,1.1987523412614225,1.1987523412614225,0.45454545454545453,0.007903965485125357,-0.008638506288187632
25,3,0.55,7,20,2026-03-12,train,147,80,39,7,0.0625,0.4375,0.33413860916143806,0.5465886570305026,-0.02592861459741643,-0.013632360968685031,0.82050158548165,0.6381678998190612,0.2857142857142857,-0.01400622282961044,-0.02928016242984658
25,3,0.55,7,20,2026-03-12,test,171,97,73,4,0.030927835051546393,0.5154639175257731,0.4173312640396685,0.6124184047481886,0.029196422480497974,0.0030964538494455685,1.3777339861034483,1.4656744533015407,0.5,0.03240342909638031,-3.686715333087176e-05
25,3,0.6,7,20,2026-03-12,all,353,200,87,11,0.04,0.5,0.43136085960389187,0.5686391403961082,0.011967138902861149,0.00036745728784509657,1.1962036374082434,1.1962036374082434,0.45454545454545453,0.007646424594051441,-0.008846343713734392
25,3,0.6,7,20,2026-03-12,train,150,81,39,7,0.06172839506172839,0.43209876543209874,0.3297207714134108,0.5406256352502503,-0.02587418476543056,-0.015659437178431435,0.8355982502481142,0.6357812773626956,0.2857142857142857,-0.014203656767343975,-0.029456338208634282
25,3,0.6,7,20,2026-03-12,test,170,98,73,4,0.030612244897959183,0.5204081632653061,0.42260806300816717,0.6166686720889072,0.028866636025768985,0.0054492154957503924,1.349477739342733,1.4643269086484976,0.5,0.03240413273346634,-7.641802558015776e-06
25,3,0.67,7,20,2026-03-12,all,357,201,85,11,0.03980099502487562,0.5024875621890548,0.4339703503253409,0.5709114739194052,0.010536863212266307,0.000747793262859453,1.1533734928372659,1.1649072277656383,0.45454545454545453,0.007351098413594857,-0.010687751372650555
25,3,0.67,7,20,2026-03-12,train,144,80,38,7,0.0625,0.4125,0.3110585761276188,0.5219595965410984,-0.028642082040042417,-0.020512359272093827,0.8841296893934874,0.6207719095741507,0.42857142857142855,-0.014607265620371651,-0.03152252862762482
25,3,0.67,7,20,2026-03-12,test,179,102,71,4,0.029411764705882353,0.5294117647058824,0.43324770610972513,0.623440854940483,0.026688314441834036,0.010901744696737992,1.2625524757685886,1.420371535239662,0.5,0.04120735075744267,0.002443514699282799
25,3,0.75,7,20,2026-03-12,all,360,201,85,11,0.03980099502487562,0.5024875621890548,0.4339703503253409,0.5709114739194052,0.013049164125993771,0.000747793262859453,1.1972385833866266,1.209210969220493,0.45454545454545453,0.008492627652549463,-0.008948476811839612
25,3,0.75,7,20,2026-03-12,train,145,80,38,7,0.0625,0.4125,0.3110585761276188,0.5219595965410984,-0.028642082040042417,-0.020512359272093827,0.8841296893934874,0.6207719095741507,0.42857142857142855,-0.014607265620371651,-0.03152252862762482
25,3,0.75,7,20,2026-03-12,test,181,102,71,4,0.029411764705882353,0.5294117647058824,0.43324770610972513,0.623440854940483,0.031639025065944036,0.006392070280637929,1.3538391738932267,1.52306907062988,0.5,0.045103391363246766,0.00947875428255223
25,3,0.8,7,20,2026-03-12,all,338,188,81,11,0.047872340425531915,0.5106382978723404,0.4396876448572595,0.5811629055117232,0.019581748374335482,0.002328350941240731,1.274411240278343,1.329820424638271,0.45454545454545453,0.01692877369676846,-0.006874913988508296
25,3,0.8,7,20,2026-03-12,train,130,73,35,7,0.0821917808219178,0.4246575342465753,0.31784191542578866,0.5390061953620611,-0.02518176254279832,-0.011605284758938628,0.8675315302861603,0.6403208914016897,0.2857142857142857,-0.004728811424972548,-0.03301202814503521
25,3,0.8,7,20,2026-03-12,test,176,97,68,4,0.030927835051546393,0.5360824742268041,0.43736420746636734,0.6320516863719662,0.04141313531501929,0.009494583104739052,1.4699470212780954,1.6986054468102436,0.5,0.05316835242462023,0.00537042216901043
25,4,0.55,7,20,2026-03-12,all,186,107,42,10,0.06542056074766354,0.4485981308411215,0.3577733502112806,0.5429858050990581,0.022401931153517757,-0.010653741755337176,1.6712329487887876,1.3596471447773186,0.5,-0.011799348267929484,-0.0465854371619008
25,4,0.55,7,20,2026-03-12,train,75,42,24,6,0.09523809523809523,0.35714285714285715,0.22989188315618772,0.5083363428054419,-0.03067547769689522,-0.027309103715776606,1.0928625884179126,0.6071458824543958,0.3333333333333333,-0.04434372065648382,-0.0885978366598191
25,4,0.55,7,20,2026-03-12,test,100,58,38,4,0.05172413793103448,0.5344827586206896,0.408001750439952,0.6566797767471373,0.0685564321363681,0.007523251315281476,2.026747592302931,2.3270064948663283,0.5,0.06185671432787283,0.0003554992989999381
25,4,0.6,7,20,2026-03-12,all,184,106,42,10,0.0660377358490566,0.4528301886792453,0.36137723199579247,0.5475824622092521,0.023862113473907647,-0.01036192021626331,1.680183309765443,1.3904965322196772,0.5,-0.009960064381574355,-0.045216361458515326
25,4,0.6,7,20,2026-03-12,train,76,42,24,6,0.09523809523809523,0.35714285714285715,0.22989188315618772,0.5083363428054419,-0.029600933682585023,-0.02242588660880307,1.1081118132958396,0.6156176740532441,0.3333333333333333,-0.04326917664217362,-0.08829312856087158
25,4,0.6,7,20,2026-03-12,test,97,57,38,4,0.05263157894736842,0.543859649122807,0.41590685979119335,0.6662739441690716,0.07128981772133564,0.007801977142055216,2.0328532247186555,2.4237865371645504,0.5,0.06481440643398494,0.003646399574408203
25,4,0.67,7,20,2026-03-12,all,188,108,42,10,0.07407407407407407,0.4537037037037037,0.36301303665106843,0.5475746818439831,0.020448436035366162,-0.01036192021626331,1.6166340229096319,1.3426282563147791,0.4,-0.010849003181371109,-0.04826033900311624
25,4,0.67,7,20,2026-03-12,train,73,41,23,6,0.0975609756097561,0.36585365853658536,0.23589831019689447,0.5187929891208799,-0.028261822591956216,-0.021519798206561025,1.0956978633369756,0.632133382694409,0.3333333333333333,-0.03970363425455816,-0.08741229590182754
25,4,0.67,7,20,2026-03-12,test,104,60,38,4,0.05,0.5333333333333333,0.4089342702715789,0.6537209395856151,0.060967703088385,0.0062554588907782205,1.9761684818847574,2.258478265011151,0.5,0.053972968538866364,-0.013870768012588033
25,4,0.75,7,20,2026-03-12,all,190,108,42,10,0.07407407407407407,0.4444444444444444,0.35424144424466086,0.5384638179494009,0.0265268450483838,-0.009582990931391033,1.8342237913490893,1.4673790330792713,0.4,-0.006767723411608219,-0.0442191557306609
25,4,0.75,7,20,2026-03-12,train,74,42,23,6,0.09523809523809523,0.38095238095238093,0.24999725763955144,0.5318595973284732,-0.027238749382799445,-0.021421510638713226,1.0348041168440048,0.6368025334424644,0.3333333333333333,-0.039262472083631095,-0.08703459625848055
25,4,0.75,7,20,2026-03-12,test,105,60,38,4,0.05,0.5166666666666667,0.39307810032592494,0.6382495046026722,0.07201929395918863,0.007523251315281476,2.49571140114241,2.6678294288074036,0.5,0.0680266731215471,0.002071699829987478
25,4,0.8,7,20,2026-03-12,all,193,108,42,10,0.07407407407407407,0.4537037037037037,0.36301303665106843,0.5475746818439831,0.02560152869638379,-0.009178819155522655,1.7346473591075189,1.4406393321401427,0.4,-0.0012112849197642521,-0.038345113692893354
25,4,0.8,7,20,2026-03-12,train,75,43,23,6,0.11627906976744186,0.3953488372093023,0.2636531475829744,0.5442093693712609,-0.026220421844794117,-0.021323223070865427,0.9873758422461706,0.6455918968532653,0.3333333333333333,-0.028081025787581013,-0.07621772506697397
25,4,0.8,7,20,2026-03-12,test,106,59,38,4,0.05084745762711865,0.5254237288135594,0.4003979517001709,0.6473412328493146,0.07126566333532011,0.008006651852227376,2.3073908723072067,2.5546113229115504,0.5,0.0651455999070819,-0.002326065658683263
25,5,0.55,7,20,2026-03-12,all,120,71,28,10,0.09859154929577464,0.5070422535211268,0.39341308325020075,0.6199484948878713,0.03171834958648349,0.00026694689943629335,1.6024078325972162,1.648190913528565,0.8,0.03278991108233202,0.008880486217573189
25,5,0.55,7,20,2026-03-12,train,34,23,14,6,0.21739130434782608,0.43478260869565216,0.25634635325674215,0.6318862491498354,0.022015422544002794,-0.010070098677189443,2.028527194739833,1.5604055344152563,0.8333333333333334,0.026421878219466247,0.011341316360856377
25,5,0.55,7,20,2026-03-12,test,75,44,26,4,0.06818181818181818,0.5454545454545454,0.40066183198961974,0.6829476585777909,0.039169336662493004,0.0011912963163585033,1.419397524504705,1.703277029405646,0.75,0.05003704982244022,-0.011082931149133148
25,5,0.6,7,20,2026-03-12,all,117,71,28,10,0.09859154929577464,0.5070422535211268,0.39341308325020075,0.6199484948878713,0.03192034427516325,0.00026694689943629335,1.6090498776035431,1.6550227312493586,0.8,0.03314845165473859,0.009139686710869
25,5,0.6,7,20,2026-03-12,train,34,23,14,6,0.21739130434782608,0.43478260869565216,0.25634635325674215,0.6318862491498354,0.022638971365579443,-0.010070098677189443,2.0612443344110662,1.5855725649315895,0.8333333333333334,0.02701944584014387,0.011424654998190897
25,5,0.6,7,20,2026-03-12,test,72,44,26,4,0.06818181818181818,0.5454545454545454,0.40066183198961974,0.6829476585777909,0.039169336662493004,0.0011912963163585033,1.419397524504705,1.703277029405646,0.75,0.05003704982244022,-0.011082931149133148
25,5,0.67,7,20,2026-03-12,all,118,69,27,10,0.10144927536231885,0.5217391304347826,0.4058725487361115,0.6353127878643645,0.03519550570079131,0.0005920627527953304,1.591696736401334,1.736396439710546,0.8,0.03580334273897507,0.010141370811385778
25,5,0.67,7,20,2026-03-12,train,33,22,13,6,0.22727272727272727,0.45454545454545453,0.2692029418081331,0.6534020467926505,0.024464041195932606,-0.007311857414072531,1.9409124658972505,1.6174270549143754,0.8333333333333334,0.033242729813227935,0.012031333775565554
25,5,0.67,7,20,2026-03-12,test,74,43,25,4,0.06976744186046512,0.5581395348837209,0.41107614452824104,0.6956669016082949,0.04344380693175609,0.0017905298799216762,1.4330025602876784,1.8101084972054882,0.75,0.04733935157340532,-0.015008919541039237
25,5,0.75,7,20,2026-03-12,all,113,67,27,10,0.11940298507462686,0.5223880597014925,0.4048519492604335,0.6374961340504036,0.04524705031802899,0.0015602480330358937,1.936636090719417,2.1181957242243623,0.8,0.04011591451309694,0.016596452790329955
25,5,0.75,7,20,2026-03-12,train,34,22,13,6,0.22727272727272727,0.45454545454545453,0.2692029418081331,0.6534020467926505,0.024464041195932606,-0.007311857414072531,1.9409124658972505,1.6174270549143754,0.8333333333333334,0.033242729813227935,0.012031333775565554
25,5,0.75,7,20,2026-03-12,test,68,41,25,4,0.07317073170731707,0.5609756097560976,0.4104052722210608,0.7010986826344964,0.06027185795167936,0.007886825675577969,1.9074664174292868,2.437318200048533,0.75,0.059984868636676666,0.005099315383026999
25,5,0.8,7,20,2026-03-12,all,114,65,27,10,0.12307692307692308,0.5384615384615384,0.4185339926647454,0.6540966587719579,0.044888341241645334,0.0017905298799216762,1.747374752895432,2.0386038783780043,0.8,0.03761624850731814,0.013354367742923291
25,5,0.8,7,20,2026-03-12,train,35,22,13,6,0.22727272727272727,0.45454545454545453,0.2692029418081331,0.6534020467926505,0.024464041195932606,-0.007311857414072531,1.9409124658972505,1.6174270549143754,0.8333333333333334,0.033242729813227935,0.012031333775565554
25,5,0.8,7,20,2026-03-12,test,67,39,25,4,0.07692307692307693,0.5897435897435898,0.43418622882896973,0.7292068999927483,0.06044451244661175,0.013974282891757506,1.5979488453249184,2.2970514651545706,0.75,0.05373570362222966,-0.004173217371572238
25,6,0.55,7,20,2026-03-12,all,68,36,17,8,0.16666666666666666,0.5277777777777778,0.37005938022987594,0.6801395848482095,0.06001601175366253,0.005311852842603604,2.4529852331411526,2.741571731157759,0.75,0.03008193266040209,0.00019826965776752886
25,6,0.55,7,20,2026-03-12,train,16,8,5,4,0.375,0.375,0.13684428582359742,0.6942576053973727,-0.006152155425894021,-0.03931570838354226,1.4274554120291876,0.8564732472175125,0.75,-0.006810731700879527,-0.022210096164394413
25,6,0.55,7,20,2026-03-12,test,47,25,17,4,0.12,0.64,0.44518497748164865,0.7975211922554178,0.08967328732210653,0.04185192051912434,2.0192642473526745,3.589803106404754,0.75,0.0661629200767985,0.008113325905111518
25,6,0.6,7,20,2026-03-12,all,68,36,17,8,0.16666666666666666,0.5277777777777778,0.37005938022987594,0.6801395848482095,0.06001601175366253,0.005311852842603604,2.4529852331411526,2.741571731157759,0.75,0.03008193266040209,0.00019826965776752886
25,6,0.6,7,20,2026-03-12,train,16,8,5,4,0.375,0.375,0.13684428582359742,0.6942576053973727,-0.006152155425894021,-0.03931570838354226,1.4274554120291876,0.8564732472175125,0.75,-0.006810731700879527,-0.022210096164394413
25,6,0.6,7,20,2026-03-12,test,47,25,17,4,0.12,0.64,0.44518497748164865,0.7975211922554178,0.08967328732210653,0.04185192051912434,2.0192642473526745,3.589803106404754,0.75,0.0661629200767985,0.008113325905111518
25,6,0.67,7,20,2026-03-12,all,69,35,17,8,0.17142857142857143,0.45714285714285713,0.3046601928840721,0.6181027493151624,0.05765342636690842,-0.002379539345867432,3.078999399331976,2.5928415994374534,0.75,0.034451284496281,0.00365255943533295
25,6,0.67,7,20,2026-03-12,train,16,8,5,4,0.375,0.375,0.13684428582359742,0.6942576053973727,-0.006152155425894021,-0.03931570838354226,1.4274554120291876,0.8564732472175125,0.75,-0.006810731700879527,-0.022210096164394413
25,6,0.67,7,20,2026-03-12,test,48,24,17,4,0.125,0.5416666666666666,0.3507486535891948,0.72108666268789,0.0874635701151086,0.035450266577127354,2.8376482598411754,3.353584307085025,0.75,0.07490162374855631,0.01654103294141316
25,6,0.75,7,20,2026-03-12,all,69,35,17,8,0.17142857142857143,0.45714285714285713,0.3046601928840721,0.6181027493151624,0.05765342636690842,-0.002379539345867432,3.078999399331976,2.5928415994374534,0.75,0.034451284496281,0.00365255943533295
25,6,0.75,7,20,2026-03-12,train,16,8,5,4,0.375,0.375,0.13684428582359742,0.6942576053973727,-0.006152155425894021,-0.03931570838354226,1.4274554120291876,0.8564732472175125,0.75,-0.006810731700879527,-0.022210096164394413
25,6,0.75,7,20,2026-03-12,test,48,24,17,4,0.125,0.5416666666666666,0.3507486535891948,0.72108666268789,0.0874635701151086,0.035450266577127354,2.8376482598411754,3.353584307085025,0.75,0.07490162374855631,0.01654103294141316
25,6,0.8,7,20,2026-03-12,all,65,31,15,8,0.1935483870967742,0.4838709677419355,0.31970251562417307,0.651596045519712,0.06579669555441407,-0.0016417869365064064,2.909240995235828,2.727413433033589,0.75,0.03331438113609343,-0.0008458325076676418
25,6,0.8,7,20,2026-03-12,train,15,8,5,4,0.375,0.375,0.13684428582359742,0.6942576053973727,-0.006152155425894021,-0.03931570838354226,1.4274554120291876,0.8564732472175125,0.75,-0.006810731700879527,-0.022210096164394413
25,6,0.8,7,20,2026-03-12,test,44,19,14,4,0.10526315789473684,0.5789473684210527,0.3627590353425504,0.7685810871754576,0.11113261853301899,0.07183267988795672,2.6329498144314454,3.6203059948432372,0.75,0.0888843448033039,0.017428559025924634
25,8,0.55,7,20,2026-03-12,all,29,14,10,4,0.21428571428571427,0.5,0.26799202452413634,0.7320079754758637,0.04592396648872448,-0.010110876151325054,1.9394731367233815,1.9394731367233815,0.5,0.044783466693587556,-0.031559209509162287
25,8,0.55,7,20,2026-03-12,train,1,1,1,1,1.0,0.0,0.0,0.7934506856227626,-0.08521866047748095,-0.08521866047748095,,,0.0,-0.08521866047748095,
25,8,0.55,7,20,2026-03-12,test,26,12,9,3,0.16666666666666666,0.5,0.2537815976337061,0.7462184023662939,0.060646017656359415,-0.005208366416563304,2.2146636261896515,2.2146636261896515,0.6666666666666666,0.07384740243047845,-0.025987379577394776
25,8,0.6,7,20,2026-03-12,all,29,14,10,4,0.21428571428571427,0.5,0.26799202452413634,0.7320079754758637,0.04592396648872448,-0.010110876151325054,1.9394731367233815,1.9394731367233815,0.5,0.044783466693587556,-0.031559209509162287
25,8,0.6,7,20,2026-03-12,train,1,1,1,1,1.0,0.0,0.0,0.7934506856227626,-0.08521866047748095,-0.08521866047748095,,,0.0,-0.08521866047748095,
25,8,0.6,7,20,2026-03-12,test,26,12,9,3,0.16666666666666666,0.5,0.2537815976337061,0.7462184023662939,0.060646017656359415,-0.005208366416563304,2.2146636261896515,2.2146636261896515,0.6666666666666666,0.07384740243047845,-0.025987379577394776
25,8,0.67,7,20,2026-03-12,all,29,14,10,4,0.21428571428571427,0.5,0.26799202452413634,0.7320079754758637,0.04592396648872448,-0.010110876151325054,1.9394731367233815,1.9394731367233815,0.5,0.044783466693587556,-0.031559209509162287
25,8,0.67,7,20,2026-03-12,train,1,1,1,1,1.0,0.0,0.0,0.7934506856227626,-0.08521866047748095,-0.08521866047748095,,,0.0,-0.08521866047748095,
25,8,0.67,7,20,2026-03-12,test,26,12,9,3,0.16666666666666666,0.5,0.2537815976337061,0.7462184023662939,0.060646017656359415,-0.005208366416563304,2.2146636261896515,2.2146636261896515,0.6666666666666666,0.07384740243047845,-0.025987379577394776
25,8,0.75,7,20,2026-03-12,all,28,13,9,4,0.23076923076923078,0.5384615384615384,0.29143795714506004,0.7679393219046169,0.05104302019908488,0.0004019794433106627,1.714060298416996,1.9997370148198286,0.5,0.0378652373082549,-0.04313247433692149
25,8,0.75,7,20,2026-03-12,train,1,1,1,1,1.0,0.0,0.0,0.7934506856227626,-0.08521866047748095,-0.08521866047748095,,,0.0,-0.08521866047748095,
25,8,0.75,7,20,2026-03-12,test,25,11,8,3,0.18181818181818182,0.5454545454545454,0.280091537409322,0.7872872837754024,0.06803417669293398,0.010206998912834164,1.9113459231243386,2.2936151077492064,0.6666666666666666,0.06462309658336825,-0.04349393499601219
25,8,0.8,7,20,2026-03-12,all,28,13,9,4,0.23076923076923078,0.5384615384615384,0.29143795714506004,0.7679393219046169,0.05104302019908488,0.0004019794433106627,1.714060298416996,1.9997370148198286,0.5,0.0378652373082549,-0.04313247433692149
25,8,0.8,7,20,2026-03-12,train,1,1,1,1,1.0,0.0,0.0,0.7934506856227626,-0.08521866047748095,-0.08521866047748095,,,0.0,-0.08521866047748095,
25,8,0.8,7,20,2026-03-12,test,25,11,8,3,0.18181818181818182,0.5454545454545454,0.280091537409322,0.7872872837754024,0.06803417669293398,0.010206998912834164,1.9113459231243386,2.2936151077492064,0.6666666666666666,0.06462309658336825,-0.04349393499601219
25,10,0.55,7,20,2026-03-12,all,5,4,4,2,0.25,0.25,0.04558726080970055,0.6993581574175981,-0.07658450580589934,-0.09325757792709338,0.4791333183958883,0.15971110613196277,0.0,-0.07658450580589934,-0.15070627914492413
25,10,0.55,7,20,2026-03-12,train,0,0,0,0,,,,,,,,,,,
25,10,0.55,7,20,2026-03-12,test,5,4,4,2,0.25,0.25,0.04558726080970055,0.6993581574175981,-0.07658450580589934,-0.09325757792709338,0.4791333183958883,0.15971110613196277,0.0,-0.07658450580589934,-0.15070627914492413
25,10,0.6,7,20,2026-03-12,all,5,4,4,2,0.25,0.25,0.04558726080970055,0.6993581574175981,-0.07658450580589934,-0.09325757792709338,0.4791333183958883,0.15971110613196277,0.0,-0.07658450580589934,-0.15070627914492413
25,10,0.6,7,20,2026-03-12,train,0,0,0,0,,,,,,,,,,,
25,10,0.6,7,20,2026-03-12,test,5,4,4,2,0.25,0.25,0.04558726080970055,0.6993581574175981,-0.07658450580589934,-0.09325757792709338,0.4791333183958883,0.15971110613196277,0.0,-0.07658450580589934,-0.15070627914492413
25,10,0.67,7,20,2026-03-12,all,5,4,4,2,0.25,0.25,0.04558726080970055,0.6993581574175981,-0.07658450580589934,-0.09325757792709338,0.4791333183958883,0.15971110613196277,0.0,-0.07658450580589934,-0.15070627914492413
25,10,0.67,7,20,2026-03-12,train,0,0,0,0,,,,,,,,,,,
25,10,0.67,7,20,2026-03-12,test,5,4,4,2,0.25,0.25,0.04558726080970055,0.6993581574175981,-0.07658450580589934,-0.09325757792709338,0.4791333183958883,0.15971110613196277,0.0,-0.07658450580589934,-0.15070627914492413
25,10,0.75,7,20,2026-03-12,all,5,4,4,2,0.25,0.25,0.04558726080970055,0.6993581574175981,-0.07658450580589934,-0.09325757792709338,0.4791333183958883,0.15971110613196277,0.0,-0.07658450580589934,-0.15070627914492413
25,10,0.75,7,20,2026-03-12,train,0,0,0,0,,,,,,,,,,,
25,10,0.75,7,20,2026-03-12,test,5,4,4,2,0.25,0.25,0.04558726080970055,0.6993581574175981,-0.07658450580589934,-0.09325757792709338,0.4791333183958883,0.15971110613196277,0.0,-0.07658450580589934,-0.15070627914492413
25,10,0.8,7,20,2026-03-12,all,5,4,4,2,0.25,0.25,0.04558726080970055,0.6993581574175981,-0.07658450580589934,-0.09325757792709338,0.4791333183958883,0.15971110613196277,0.0,-0.07658450580589934,-0.15070627914492413
25,10,0.8,7,20,2026-03-12,train,0,0,0,0,,,,,,,,,,,
25,10,0.8,7,20,2026-03-12,test,5,4,4,2,0.25,0.25,0.04558726080970055,0.6993581574175981,-0.07658450580589934,-0.09325757792709338,0.4791333183958883,0.15971110613196277,0.0,-0.07658450580589934,-0.15070627914492413
30,2,0.55,7,20,2026-03-12,all,933,513,220,11,0.017543859649122806,0.442495126705653,0.40010027074468374,0.4857448003248401,-0.0013618027879572154,-0.011598273278407678,1.2355595429162096,0.980671385461467,0.45454545454545453,-0.006841422932234703,-0.020803323812821378
30,2,0.55,7,20,2026-03-12,train,410,224,115,7,0.026785714285714284,0.4419642857142857,0.3784507145527557,0.5074348475632181,-0.007354967753860215,-0.010434468616514203,1.1130195271908574,0.8815114655351589,0.2857142857142857,-0.0045161828628835585,-0.018517459575897545
30,2,0.55,7,20,2026-03-12,test,439,243,182,4,0.012345679012345678,0.448559670781893,0.38731124071474055,0.5114091763519888,0.0014797524663520715,-0.021777429605261522,1.2511980036821482,1.017765540308613,0.5,-0.019538033054137656,-0.05288426837016216
30,2,0.6,7,20,2026-03-12,all,934,515,220,11,0.019417475728155338,0.45048543689320386,0.40803894022376047,0.4936651369409267,-0.00038599758337353585,-0.008767223563172166,1.213088943000655,0.9944757412584875,0.45454545454545453,-0.005252199609924603,-0.01863169234186063
30,2,0.6,7,20,2026-03-12,train,411,224,115,7,0.026785714285714284,0.44642857142857145,0.3827757327248902,0.5118878630744703,-0.006494762901467445,-0.009495193712349526,1.1095692122553757,0.8948138808511094,0.2857142857142857,-0.002745665536371706,-0.015896262240967428
30,2,0.6,7,20,2026-03-12,test,439,245,182,4,0.012244897959183673,0.46122448979591835,0.3998836658750066,0.5237624978710004,0.002721265457845932,-0.012043686066097292,1.2067829661292402,1.0330793573682133,0.75,-0.015355094329736996,-0.04722596512173579
30,2,0.67,7,20,2026-03-12,all,891,510,217,11,0.0196078431372549,0.44901960784313727,0.4063925321340403,0.4924089384219867,0.002965673603139761,-0.009676534768082612,1.2812876872395218,1.044181068960322,0.45454545454545453,-0.0011006222169396682,-0.016233770279551276
30,2,0.67,7,20,2026-03-12,train,370,218,112,7,0.027522935779816515,0.4541284403669725,0.3893998444647054,0.5204456816767123,0.0009013994970769876,-0.00903934355320668,1.2202992155626025,1.0152069104260306,0.2857142857142857,0.002672433366286514,-0.013977422782808911
30,2,0.67,7,20,2026-03-12,test,441,247,179,4,0.012145748987854251,0.4574898785425101,0.39648603152463385,0.5197957502082208,0.003995603211869034,-0.011777208451576704,1.2469086077770994,1.051497557304569,0.75,-0.008428473459423574,-0.043805607852969275
30,2,0.75,7,20,2026-03-12,all,896,513,217,11,0.017543859649122806,0.44834307992202727,0.4058498051752363,0.49160424171772577,0.0013289441941791783,-0.009394310224967617,1.2545441460202957,1.0195941822779788,0.45454545454545453,-0.002298485278702116,-0.01810492542260751
30,2,0.75,7,20,2026-03-12,train,371,218,112,7,0.027522935779816515,0.4541284403669725,0.3893998444647054,0.5204456816767123,0.000962078618685382,-0.00903934355320668,1.2215296960423647,1.016230587463816,0.2857142857142857,0.002726425401023779,-0.01392166416425107
30,2,0.75,7,20,2026-03-12,test,445,250,179,4,0.012,0.456,0.39539213359180114,0.5179395967637979,0.0005717631153346461,-0.0104288685625748,1.2016281794595973,1.0072471504293683,0.75,-0.011857633584192213,-0.04953679534282853
30,2,0.8,7,20,2026-03-12,all,880,518,216,11,0.017374517374517374,0.4575289575289575,0.415096339048286,0.5005868646215884,0.003643045180487029,-0.008488354075753657,1.2501819280435669,1.0544239037235776,0.45454545454545453,-8.139737015390695e-05,-0.015116055472696892
30,2,0.8,7,20,2026-03-12,train,358,218,112,7,0.027522935779816515,0.463302752293578,0.39831700217124033,0.5295594187418938,0.00053296661353721,-0.008117642789583601,1.1688787576690574,1.0090320899536307,0.2857142857142857,0.003061508134786401,-0.013920091020675651
30,2,0.8,7,20,2026-03-12,test,442,254,178,4,0.011811023622047244,0.46062992125984253,0.4003733687814804,0.5220595863705915,0.005161618303786469,-0.008686429971817233,1.248761721417529,1.0664607401886927,0.75,-0.010868431540333463,-0.043513027136773914
30,3,0.55,7,20,2026-03-12,all,392,223,94,11,0.03139013452914798,0.49327354260089684,0.4283268254817142,0.5584480788254771,0.007170449551840053,-0.0004709611480749887,1.1380810687353897,1.1078665270875474,0.45454545454545453,0.0012142424352163624,-0.01657021272679841
30,3,0.55,7,20,2026-03-12,train,163,90,43,7,0.05555555555555555,0.4222222222222222,0.3254240646742608,0.5253881437468566,-0.025465086957968053,-0.008809404316938663,0.8861194702782038,0.6475488436648413,0.42857142857142855,-0.015623006678141513,-0.03613301212324447
30,3,0.55,7,20,2026-03-12,test,192,110,82,4,0.02727272727272727,0.5272727272727272,0.43463694346238685,0.6180679327940769,0.022138538978900075,0.010901744696737992,1.1732228532353859,1.308594720916392,0.5,0.027659729610504395,-0.005051076977639863
30,3,0.6,7,20,2026-03-12,all,392,226,94,11,0.035398230088495575,0.49557522123893805,0.4310112822841586,0.5602870674119237,0.007008544966176652,-0.00024191991762212428,1.1256319042430887,1.105883976098473,0.45454545454545453,0.000951147700098958,-0.016927056856565252
30,3,0.6,7,20,2026-03-12,train,164,91,43,7,0.054945054945054944,0.4175824175824176,0.3216129812076078,0.5202283381213286,-0.026533548851784945,-0.009394310224967617,0.8864344946984108,0.6355568075196153,0.42857142857142855,-0.016858578132540856,-0.036920298689277216
30,3,0.6,7,20,2026-03-12,test,191,112,82,4,0.026785714285714284,0.5357142857142857,0.44370351423722987,0.6253563895437027,0.022704065350624154,0.010901744696737992,1.1454942330695557,1.3217241150802566,0.5,0.031372678198770286,-0.0034275243846589587
30,3,0.67,7,20,2026-03-12,all,395,226,92,11,0.035398230088495575,0.48672566371681414,0.4223295465401691,0.5515655025480776,0.013552141902014933,-0.0031684718869864903,1.285439162773766,1.2189509302165022,0.5454545454545454,0.005699331338197233,-0.013755867017526794
30,3,0.67,7,20,2026-03-12,train,158,90,43,7,0.05555555555555555,0.4,0.3048901987533748,0.5032969263594906,-0.029030779614066197,-0.01374874101864132,0.9333995823596062,0.6222663882397375,0.2857142857142857,-0.017379941243210375,-0.03776102689668048
30,3,0.67,7,20,2026-03-12,test,199,113,79,4,0.02654867256637168,0.5309734513274337,0.43946269655912307,0.6204475448111277,0.03734447297807862,0.009494583104739052,1.444590286338268,1.6353852298169074,0.75,0.05103508391590509,0.009588086021551236
30,3,0.75,7,20,2026-03-12,all,400,227,92,11,0.03524229074889868,0.4889867841409692,0.42468522519831536,0.5536548874246787,0.011369354456795568,-0.0030627881031355386,1.2349938150981274,1.181761323068036,0.5454545454545454,0.004576302853870195,-0.015129855349389567
30,3,0.75,7,20,2026-03-12,train,159,90,43,7,0.05555555555555555,0.4,0.3048901987533748,0.5032969263594906,-0.029018636396729934,-0.01374874101864132,0.9346284750434982,0.6230856500289987,0.2857142857142857,-0.017387313223882397,-0.037741019138246526
30,3,0.75,7,20,2026-03-12,test,203,114,79,4,0.02631578947368421,0.5350877192982456,0.44388388545852037,0.6240039367057715,0.032779753936840704,0.010901744696737992,1.3435307545869266,1.5463278496189157,0.75,0.04919870910271789,0.004535308157620363
30,3,0.8,7,20,2026-03-12,all,369,210,87,11,0.04285714285714286,0.49523809523809526,0.428311604646329,0.562335672027569,0.013995997844339938,-0.0015012942500838289,1.2492592115291123,1.225688283009695,0.5454545454545454,0.0064119669254644514,-0.016641715278608832
30,3,0.8,7,20,2026-03-12,train,142,83,40,7,0.07228915662650602,0.40963855421686746,0.31012912673980514,0.5171423147617564,-0.0298090005437764,-0.011605284758938628,0.8760637261304338,0.6078809528251989,0.2857142857142857,-0.015692107361784557,-0.04189274787017758
30,3,0.8,7,20,2026-03-12,test,193,107,75,4,0.028037383177570093,0.5420560747663551,0.4478346592618962,0.6333623954841904,0.040073710210625356,0.011851842549884029,1.4307980128881395,1.69359764790841,0.75,0.04800523238563356,0.001012226609229283
30,4,0.55,7,20,2026-03-12,all,218,116,45,10,0.0603448275862069,0.4827586206896552,0.39384395327057964,0.5727786159190631,0.032855507481254556,-0.0022137812681258806,1.6989903043345056,1.5857242840455386,0.6,0.0023788781083534656,-0.025651407531886397
30,4,0.55,7,20,2026-03-12,train,86,50,26,6,0.1,0.42,0.2937500335471198,0.5576655823142176,-0.01907364912674569,-0.009923435799400526,0.9840569824374507,0.7125929872822918,0.3333333333333333,-0.03139342343694193,-0.062450320480336066
30,4,0.55,7,20,2026-03-12,test,116,58,39,4,0.05172413793103448,0.5517241379310345,0.42452083125844636,0.6725014595221879,0.08463303431003662,0.016187029280477605,2.2226841324722417,2.735611239965836,0.75,0.07212557818911168,0.02305542362266831
30,4,0.6,7,20,2026-03-12,all,213,117,45,10,0.05982905982905983,0.47863247863247865,0.39024289320810457,0.5683805788287645,0.031551066484309755,-0.005007694483278646,1.7050581379259107,1.5652992741614917,0.6,-0.0019090209320908914,-0.03213991553115883
30,4,0.6,7,20,2026-03-12,train,85,49,26,6,0.08163265306122448,0.40816326530612246,0.28215238520386865,0.5475268060815286,-0.02329812049178228,-0.010070098677189443,0.9578403302257193,0.660579538086703,0.3333333333333333,-0.03896244103995592,-0.07518169080920364
30,4,0.6,7,20,2026-03-12,test,112,59,39,4,0.05084745762711865,0.559322033898305,0.43289354829158677,0.678497882323879,0.0846268675691636,0.02052221601107118,2.19776804881031,2.789474831182316,0.75,0.08277872405324523,0.030348482840810202
30,4,0.67,7,20,2026-03-12,all,219,121,45,10,0.06611570247933884,0.4793388429752066,0.39233931620924595,0.5676098861852781,0.03216254515414124,-0.0030627881031355386,1.7431803250623308,1.604832680216114,0.6,0.0033733728679712603,-0.025001798921222902
30,4,0.67,7,20,2026-03-12,train,86,50,26,6,0.1,0.42,0.2937500335471198,0.5576655823142176,-0.02264385628998706,-0.009519264023532148,0.9217009455453592,0.667438615739743,0.3333333333333333,-0.031686110636640764,-0.06498647469871044
30,4,0.67,7,20,2026-03-12,test,117,62,39,4,0.04838709677419355,0.5483870967741935,0.4253251246984431,0.6658028683240047,0.0836090851930568,0.016187029280477605,2.4324621223967813,2.95370400576752,0.75,0.07865223438307097,0.03145532368422849
30,4,0.75,7,20,2026-03-12,all,223,122,45,10,0.06557377049180328,0.45901639344262296,0.3731937257293989,0.5473412069254382,0.0238593458284954,-0.006205474605024686,1.6700010283254525,1.4169705694882626,0.5,-0.0015821583383615462,-0.03113394512301055
30,4,0.75,7,20,2026-03-12,train,87,50,26,6,0.1,0.42,0.2937500335471198,0.5576655823142176,-0.02262199849878179,-0.009519264023532148,0.9237738607624363,0.6689396922762469,0.3333333333333333,-0.03160759720063993,-0.06463713816027598
30,4,0.75,7,20,2026-03-12,test,120,63,39,4,0.047619047619047616,0.5079365079365079,0.38762886274954733,0.6273319118601534,0.06669591460054931,0.007039850778335577,2.24565987401169,2.318100515108841,0.5,0.07146090180976426,0.01121528812218256
30,4,0.8,7,20,2026-03-12,all,226,122,45,10,0.06557377049180328,0.47540983606557374,0.3889042501571566,0.5634167094357456,0.028114915655572094,-0.004062545318837374,1.6587498651951365,1.5032420653330925,0.6,0.0012140176411915764,-0.028044255085970457
30,4,0.8,7,20,2026-03-12,train,87,50,26,6,0.1,0.42,0.2937500335471198,0.5576655823142176,-0.02262199849878179,-0.009519264023532148,0.9237738607624363,0.6689396922762469,0.3333333333333333,-0.03160759720063993,-0.06463713816027598
30,4,0.8,7,20,2026-03-12,test,122,63,39,4,0.047619047619047616,0.5396825396825397,0.4178925188089537,0.6569113542395502,0.07493685934504704,0.01381754681299352,2.185103150211064,2.5618450726612476,0.75,0.07845134175864707,0.02232740042538514
30,5,0.55,7,20,2026-03-12,all,136,78,32,10,0.08974358974358974,0.5384615384615384,0.4286364394039756,0.6446760367720094,0.03932403639789104,0.001675388956478785,1.6390565187810833,1.912232605244597,0.9,0.03688166325167724,0.011325477908297788
30,5,0.55,7,20,2026-03-12,train,42,27,15,6,0.18518518518518517,0.48148148148148145,0.3074322697621846,0.6601438424504771,0.033588079743130175,-0.0045536161509556194,2.1201617834205426,1.9687216560333611,0.8333333333333334,0.03259198337972849,0.003887855368456379
30,5,0.55,7,20,2026-03-12,test,83,47,30,4,0.06382978723404255,0.5531914893617021,0.41245459838218734,0.6858903373450472,0.04333197551735901,0.0017905298799216762,1.5126520628901248,1.872807315959202,0.75,0.0422594854172194,-0.01143905160068457
30,5,0.6,7,20,2026-03-12,all,131,78,32,10,0.08974358974358974,0.5384615384615384,0.4286364394039756,0.6446760367720094,0.03802691689675329,0.001675388956478785,1.5911774060752577,1.8563736404211337,0.9,0.034858156829902356,0.01046753398302527
30,5,0.6,7,20,2026-03-12,train,41,27,15,6,0.18518518518518517,0.48148148148148145,0.3074322697621846,0.6601438424504771,0.029840845628732238,-0.0045536161509556194,1.9133741502095287,1.776704568051705,0.8333333333333334,0.029219472676770344,0.0038702738184173135
30,5,0.6,7,20,2026-03-12,test,79,47,30,4,0.06382978723404255,0.5531914893617021,0.41245459838218734,0.6858903373450472,0.04333197551735901,0.0017905298799216762,1.5126520628901248,1.872807315959202,0.75,0.0422594854172194,-0.01143905160068457
30,5,0.67,7,20,2026-03-12,all,133,77,31,10,0.09090909090909091,0.5454545454545454,0.43473084293295094,0.6518583911322823,0.039221276312887146,0.0017905298799216762,1.5714505848382163,1.8857407018058596,0.9,0.03456642335052417,0.010002382907679814
30,5,0.67,7,20,2026-03-12,train,42,27,15,6,0.18518518518518517,0.48148148148148145,0.3074322697621846,0.6601438424504771,0.029840845628732238,-0.0045536161509556194,1.9133741502095287,1.776704568051705,0.8333333333333334,0.029219472676770344,0.0038702738184173135
30,5,0.67,7,20,2026-03-12,test,80,46,29,4,0.06521739130434782,0.5652173913043478,0.4224743369429499,0.6979073722198005,0.04544655668394408,0.004898590866074526,1.4747104414757735,1.9171235739185055,0.75,0.041530151718773944,-0.012790168463569507
30,5,0.75,7,20,2026-03-12,all,133,76,31,10,0.09210526315789473,0.5394736842105263,0.4282262398210874,0.6469226876737701,0.030572057109106564,0.002177284434044857,1.395037341265913,1.634186599768641,0.9,0.030009134536467523,0.004672489989150801
30,5,0.75,7,20,2026-03-12,train,43,27,15,6,0.18518518518518517,0.48148148148148145,0.3074322697621846,0.6601438424504771,0.02939139529723718,-0.0045536161509556194,1.8912495578346877,1.7561603037036386,0.8333333333333334,0.028966656865304374,0.0035398728310821748
30,5,0.75,7,20,2026-03-12,test,79,45,29,4,0.06666666666666667,0.5555555555555556,0.4117613449352105,0.6906106996500243,0.031246996235812938,0.004949517454557739,1.2461357833171192,1.557669729146399,0.75,0.02930954100998895,-0.027763455743386692
30,5,0.8,7,20,2026-03-12,all,135,76,31,10,0.10526315789473684,0.5394736842105263,0.4282262398210874,0.6469226876737701,0.03131379603573408,0.002177284434044857,1.4178950913366593,1.6609628212800864,0.9,0.030508648830561796,0.006334489381859605
30,5,0.8,7,20,2026-03-12,train,43,27,15,6,0.18518518518518517,0.48148148148148145,0.3074322697621846,0.6601438424504771,0.02939139529723718,-0.0045536161509556194,1.8912495578346877,1.7561603037036386,0.8333333333333334,0.028966656865304374,0.0035398728310821748
30,5,0.8,7,20,2026-03-12,test,80,45,29,4,0.06666666666666667,0.5555555555555556,0.4117613449352105,0.6906106996500243,0.03249971086745052,0.008006651852227376,1.2759384838944459,1.5949231048680574,0.75,0.030558326745224622,-0.022601156929209214
30,6,0.55,7,20,2026-03-12,all,83,46,19,8,0.13043478260869565,0.4782608695652174,0.34124689434045685,0.6186258692719597,0.025253157980225354,-0.0023522875198209725,1.6617072380206712,1.523231634852282,0.5,0.01304745624561253,-0.01452958164001348
30,6,0.55,7,20,2026-03-12,train,22,11,8,4,0.2727272727272727,0.2727272727272727,0.09746059290024889,0.5656453011761291,-0.04130933040635993,-0.058913171594521696,1.1087971984483949,0.41579894941814804,0.25,-0.03471379869933137,-0.051955321947502575
30,6,0.55,7,20,2026-03-12,test,56,32,19,4,0.09375,0.59375,0.42260024875382873,0.7448036515733456,0.051561981079502425,0.028363966692957043,1.4857945640474581,2.171545901300131,0.75,0.06273539202404038,0.018172433554357735
30,6,0.6,7,20,2026-03-12,all,82,45,18,8,0.13333333333333333,0.4666666666666667,0.32935132065011297,0.6092254525987463,0.02571864913401203,-0.0030627881031355386,1.7386195298013374,1.5212920885761705,0.5,0.012186672082058057,-0.015717202209417653
30,6,0.6,7,20,2026-03-12,train,22,11,8,4,0.2727272727272727,0.2727272727272727,0.09746059290024889,0.5656453011761291,-0.04130933040635993,-0.058913171594521696,1.1087971984483949,0.41579894941814804,0.25,-0.03471379869933137,-0.051955321947502575
30,6,0.6,7,20,2026-03-12,test,55,31,18,4,0.0967741935483871,0.5806451612903226,0.4076626249536972,0.7358445693268778,0.053086365757556535,0.029048612635130366,1.5661305478994492,2.1684884509376987,0.75,0.06101382369693144,0.014894280464443993
30,6,0.67,7,20,2026-03-12,all,83,44,18,8,0.13636363636363635,0.45454545454545453,0.31705234142220895,0.5993381680103802,0.02656695879896415,-0.0036696519595476595,1.851782592656411,1.543152160547009,0.5,0.011639820847602879,-0.01577903549244158
30,6,0.67,7,20,2026-03-12,train,22,11,8,4,0.2727272727272727,0.2727272727272727,0.09746059290024889,0.5656453011761291,-0.04130933040635993,-0.058913171594521696,1.1087971984483949,0.41579894941814804,0.25,-0.03471379869933137,-0.051955321947502575
30,6,0.67,7,20,2026-03-12,test,56,30,18,4,0.1,0.5666666666666667,0.3919730700081361,0.7262251442353347,0.05524281048693779,0.018467719155354168,1.7101975577200361,2.2364121908646624,0.75,0.059920121228021074,0.014784812731538623
30,6,0.75,7,20,2026-03-12,all,84,44,18,8,0.13636363636363635,0.45454545454545453,0.31705234142220895,0.5993381680103802,0.027083110803831623,-0.0036696519595476595,1.8715320219447575,1.5596100182872983,0.5,0.01192370445027999,-0.015557891635699542
30,6,0.75,7,20,2026-03-12,train,22,11,8,4,0.2727272727272727,0.2727272727272727,0.09746059290024889,0.5656453011761291,-0.04130933040635993,-0.058913171594521696,1.1087971984483949,0.41579894941814804,0.25,-0.03471379869933137,-0.051955321947502575
30,6,0.75,7,20,2026-03-12,test,57,30,18,4,0.1,0.5666666666666667,0.3919730700081361,0.7262251442353347,0.05599983342741009,0.018467719155354168,1.7396732655524871,2.2749573472609446,0.75,0.0604878884333753,0.015377559745095602
30,6,0.8,7,20,2026-03-12,all,78,41,18,8,0.14634146341463414,0.43902439024390244,0.2989013173655036,0.5895947277789392,0.03176406805040039,-0.009458538116987492,2.1313317292671914,1.6679987446438889,0.5,0.016309054335326104,-0.010528606180589886
30,6,0.8,7,20,2026-03-12,train,21,11,8,4,0.2727272727272727,0.2727272727272727,0.09746059290024889,0.5656453011761291,-0.04130933040635993,-0.058913171594521696,1.1087971984483949,0.41579894941814804,0.25,-0.03471379869933137,-0.051955321947502575
30,6,0.8,7,20,2026-03-12,test,51,26,17,4,0.11538461538461539,0.5384615384615384,0.35457938746858797,0.7124414646960878,0.06850889798230153,0.039859752781767344,2.1989566406935843,2.565449414142515,0.75,0.0754516436730984,0.03450321142202045
30,8,0.55,7,20,2026-03-12,all,35,17,11,5,0.23529411764705882,0.5294117647058824,0.30963235060004424,0.7383489355759056,0.020225643074239685,0.0004019794433106627,1.2138257659865785,1.365553986734901,0.6,0.02310812471811103,-0.03534384043685336
30,8,0.55,7,20,2026-03-12,train,2,2,2,2,0.5,0.5,0.09453120573423074,0.9054687942657693,-0.04119846596716448,-0.04119846596716448,0.03311162751610762,0.03311162751610762,0.5,-0.04119846596716448,-0.08521866047748095
30,8,0.55,7,20,2026-03-12,test,31,14,11,3,0.14285714285714285,0.5,0.26799202452413634,0.7320079754758637,0.030416491768078067,-0.003887811030919286,1.4978323860947627,1.4978323860947627,0.6666666666666666,0.05170907852149611,-0.0492650566546892
30,8,0.6,7,20,2026-03-12,all,35,17,11,5,0.23529411764705882,0.5294117647058824,0.30963235060004424,0.7383489355759056,0.020225643074239685,0.0004019794433106627,1.2138257659865785,1.365553986734901,0.6,0.02310812471811103,-0.03534384043685336
30,8,0.6,7,20,2026-03-12,train,2,2,2,2,0.5,0.5,0.09453120573423074,0.9054687942657693,-0.04119846596716448,-0.04119846596716448,0.03311162751610762,0.03311162751610762,0.5,-0.04119846596716448,-0.08521866047748095
30,8,0.6,7,20,2026-03-12,test,31,14,11,3,0.14285714285714285,0.5,0.26799202452413634,0.7320079754758637,0.030416491768078067,-0.003887811030919286,1.4978323860947627,1.4978323860947627,0.6666666666666666,0.05170907852149611,-0.0492650566546892
30,8,0.67,7,20,2026-03-12,all,35,17,11,5,0.23529411764705882,0.47058823529411764,0.26165106442409436,0.6903676493999558,0.017803194592625554,-0.015577599203893788,1.4745864252461067,1.3107434891076506,0.6,0.021931506884184167,-0.03656952297427933
30,8,0.67,7,20,2026-03-12,train,2,2,2,2,0.5,0.5,0.09453120573423074,0.9054687942657693,-0.04119846596716448,-0.04119846596716448,0.03311162751610762,0.03311162751610762,0.5,-0.04119846596716448,-0.08521866047748095
30,8,0.67,7,20,2026-03-12,test,31,14,11,3,0.14285714285714285,0.42857142857142855,0.21380798904474121,0.6740935542034926,0.02747494718326091,-0.024478623124639387,1.9103976239709597,1.43279821797822,0.6666666666666666,0.04974804879828467,-0.051594053579402714
30,8,0.75,7,20,2026-03-12,all,34,17,11,5,0.23529411764705882,0.47058823529411764,0.26165106442409436,0.6903676493999558,0.013886476741335415,-0.015577599203893788,1.3802287045436006,1.2268699595943116,0.6,0.023468327252844465,-0.03492393927304788
30,8,0.75,7,20,2026-03-12,train,2,2,2,2,0.5,0.5,0.09453120573423074,0.9054687942657693,-0.04119846596716448,-0.04119846596716448,0.03311162751610762,0.03311162751610762,0.5,-0.04119846596716448,-0.08521866047748095
30,8,0.75,7,20,2026-03-12,test,30,14,11,3,0.14285714285714285,0.42857142857142855,0.21380798904474121,0.6740935542034926,0.022718932649551455,-0.035773520857097174,1.7772480397377415,1.3329360298033062,0.6666666666666666,0.052309416079385156,-0.04846400402049945
30,8,0.8,7,20,2026-03-12,all,34,17,11,5,0.23529411764705882,0.47058823529411764,0.26165106442409436,0.6903676493999558,0.013886476741335415,-0.015577599203893788,1.3802287045436006,1.2268699595943116,0.6,0.023468327252844465,-0.03492393927304788
30,8,0.8,7,20,2026-03-12,train,2,2,2,2,0.5,0.5,0.09453120573423074,0.9054687942657693,-0.04119846596716448,-0.04119846596716448,0.03311162751610762,0.03311162751610762,0.5,-0.04119846596716448,-0.08521866047748095
30,8,0.8,7,20,2026-03-12,test,30,14,11,3,0.14285714285714285,0.42857142857142855,0.21380798904474121,0.6740935542034926,0.022718932649551455,-0.035773520857097174,1.7772480397377415,1.3329360298033062,0.6666666666666666,0.052309416079385156,-0.04846400402049945
30,10,0.55,7,20,2026-03-12,all,10,8,7,3,0.25,0.25,0.071479212752109,0.5907245696898311,-0.09518193003218048,-0.09051968082030026,0.2144664374661471,0.07148881248871569,0.0,-0.08495735079011567,-0.12595368500813103
30,10,0.55,7,20,2026-03-12,train,1,1,1,1,1.0,0.0,0.0,0.7934506856227626,-0.006723413150505064,-0.006723413150505064,,,0.0,-0.006723413150505064,
30,10,0.55,7,20,2026-03-12,test,8,6,6,2,0.16666666666666666,0.16666666666666666,0.030053369748306635,0.5635028221864702,-0.1258556677583749,-0.10712060845582344,0.35792767057514446,0.0715855341150289,0.0,-0.1258556677583749,-0.13076293435364453
30,10,0.6,7,20,2026-03-12,all,10,8,7,3,0.25,0.25,0.071479212752109,0.5907245696898311,-0.09518193003218048,-0.09051968082030026,0.2144664374661471,0.07148881248871569,0.0,-0.08495735079011567,-0.12595368500813103
30,10,0.6,7,20,2026-03-12,train,1,1,1,1,1.0,0.0,0.0,0.7934506856227626,-0.006723413150505064,-0.006723413150505064,,,0.0,-0.006723413150505064,
30,10,0.6,7,20,2026-03-12,test,8,6,6,2,0.16666666666666666,0.16666666666666666,0.030053369748306635,0.5635028221864702,-0.1258556677583749,-0.10712060845582344,0.35792767057514446,0.0715855341150289,0.0,-0.1258556677583749,-0.13076293435364453
30,10,0.67,7,20,2026-03-12,all,10,8,7,3,0.25,0.25,0.071479212752109,0.5907245696898311,-0.09518193003218048,-0.09051968082030026,0.2144664374661471,0.07148881248871569,0.0,-0.08495735079011567,-0.12595368500813103
30,10,0.67,7,20,2026-03-12,train,1,1,1,1,1.0,0.0,0.0,0.7934506856227626,-0.006723413150505064,-0.006723413150505064,,,0.0,-0.006723413150505064,
30,10,0.67,7,20,2026-03-12,test,8,6,6,2,0.16666666666666666,0.16666666666666666,0.030053369748306635,0.5635028221864702,-0.1258556677583749,-0.10712060845582344,0.35792767057514446,0.0715855341150289,0.0,-0.1258556677583749,-0.13076293435364453
30,10,0.75,7,20,2026-03-12,all,10,8,7,3,0.25,0.25,0.071479212752109,0.5907245696898311,-0.09518193003218048,-0.09051968082030026,0.2144664374661471,0.07148881248871569,0.0,-0.08495735079011567,-0.12595368500813103
30,10,0.75,7,20,2026-03-12,train,1,1,1,1,1.0,0.0,0.0,0.7934506856227626,-0.006723413150505064,-0.006723413150505064,,,0.0,-0.006723413150505064,
30,10,0.75,7,20,2026-03-12,test,8,6,6,2,0.16666666666666666,0.16666666666666666,0.030053369748306635,0.5635028221864702,-0.1258556677583749,-0.10712060845582344,0.35792767057514446,0.0715855341150289,0.0,-0.1258556677583749,-0.13076293435364453
30,10,0.8,7,20,2026-03-12,all,9,7,6,3,0.2857142857142857,0.2857142857142857,0.08221892400405678,0.6410655481673808,-0.10395987056443555,-0.09087624477108536,0.18638968633978678,0.07455587453591472,0.3333333333333333,-0.08076834834049194,-0.12171548421531378
30,10,0.8,7,20,2026-03-12,train,0,0,0,0,,,,,,,,,,,
30,10,0.8,7,20,2026-03-12,test,8,6,6,2,0.16666666666666666,0.16666666666666666,0.030053369748306635,0.5635028221864702,-0.12135351223239325,-0.10712060845582344,0.37022337602192507,0.07404467520438501,0.0,-0.12135351223239324,-0.13076293435364453
